"","Hex_ID","Rep","Rep_year","Station_num","Visit_num","Visit_date","Species","Date_Time","cat1","cat2","cat3","Start_Date","Start_Time","End_Date","Stop_Time","Pic_Start","Pic_Stop","Num.pics","Individual_Count","Young_Count","Collar_Present_yn","Tree_bait_taken_yn","Cubby_bait_taken_yn","Snare_Count","Diagnostic_Photo","Photo_Description"
"1519",21,1,2016,1,3,"12/31/2016","Bobcat",2016-10-28 21:13:36,"","","","10/28/2016","9:13:36 PM","10/28/2016","9:15:56 PM",58,66,9,1,0,"","","",NA,"",""
"1520",39,1,2015,3,3,"8/19/2015","Bobcat",2015-08-07 09:28:47,"","","","8/7/2015","9:28:47 AM","8/7/2015","9:29:42 AM",289,297,9,1,NA,"","","",NA,"",""
"1521",41,1,2015,3,2,"6/19/2015","Bobcat",2015-06-10 19:29:31,"","","","6/10/2015","7:29:31 PM","6/10/2015","7:30:02 PM",2,7,6,1,0,"N","","",NA,"",""
"1522",82,1,2016,2,2,"9/19/2016","Bobcat",2016-09-11 18:43:12,"","","","9/11/2016","6:43:12 PM","9/11/2016","6:43:22 PM",24,29,6,1,0,"N","","",NA,"",""
"1523",82,1,2016,3,2,"9/19/2016","Bobcat",2016-09-15 20:23:49,"","","","9/15/2016","8:23:49 PM","9/15/2016","8:24:14 PM",34,39,6,1,0,"N","","",NA,"",""
"1524",83,1,2015,2,1,"10/2/2015","Bobcat",2015-09-22 15:23:36,"","","","9/22/2015","3:23:36 PM","9/22/2015","3:23:55 PM",4,12,9,1,0,"N","","",NA,"",""
"1525",84,1,2014,3,1,"9/17/2014","Bobcat",2014-09-05 14:24:29,"","","","9/5/2014","2:24:29 PM","9/5/2014","2:28:17 PM",10,27,18,1,0,"N","","",NA,"",""
"1526",84,1,2014,3,1,"9/17/2014","Bobcat",2014-09-05 16:28:32,"","","","9/5/2014","4:28:32 PM","9/5/2014","4:29:11 PM",28,33,6,1,0,"N","","",NA,"",""
"1527",87,1,2015,1,3,"10/20/2015","Bobcat",2015-10-16 07:11:26,"","","","10/16/2015","7:11:26 AM","10/16/2015","7:11:28 AM",10,12,3,1,0,"N","","",NA,"",""
"1528",106,1,2016,2,2,"10/5/2016","Bobcat",2016-09-24 23:18:25,"","","","9/24/2016","11:18:25 PM","9/24/2016","11:18:38 PM",7,12,6,1,0,"N","","",NA,"",""
"1529",107,1,2015,3,1,"10/6/2015","Bobcat",2015-09-29 17:55:45,"","","","9/29/2015","5:55:45 PM","9/29/2015","5:56:19 PM",139,144,6,1,0,"N","","",NA,"",""
"1530",107,1,2015,3,1,"10/6/2015","Bobcat",2015-09-29 05:14:33,"","","","9/29/2015","5:14:33 AM","9/29/2015","5:20:14 AM",130,138,9,1,0,"N","","",NA,"",""
"1531",109,1,2016,1.1,3,"8/22/2016","Bobcat",2016-08-20 22:22:10,"","","","8/20/2016","10:22:10 PM","8/20/2016","10:22:11 PM",31,33,3,1,0,"N","","",NA,"",""
"1532",109,1,2016,1.1,3,"8/22/2016","Bobcat",2016-08-14 00:15:38,"","","","8/14/2016","12:15:38 AM","8/14/2016","12:15:39 AM",4,6,3,1,0,"N","","",NA,"",""
"1533",109,1,2016,1.1,3,"8/22/2016","Bobcat",2016-08-20 19:46:47,"","","","8/20/2016","7:46:47 PM","8/20/2016","7:46:49 PM",28,30,3,1,0,"N","","",NA,"",""
"1534",109,1,2016,1.1,3,"8/22/2016","Bobcat",2016-08-16 22:59:36,"","","","8/16/2016","10:59:36 PM","8/16/2016","11:02:13 PM",10,27,18,1,0,"N","","",NA,"",""
"1535",136,2,2015,3,2,"10/17/2015","Bobcat",2015-10-08 19:57:57,"","","","10/8/2015","7:57:57 PM","10/8/2015","7:57:58 PM",10,12,3,1,0,"N","","",NA,"",""
"1536",137,2,2016,1,2,"10/13/2016","Bobcat",2016-10-04 19:19:12,"","","","10/4/2016","7:19:12 PM","10/4/2016","7:21:11 PM",49,57,9,1,0,"N","","",NA,"",""
"1537",138,1,2013,3,3,"11/4/2013","Bobcat",2013-11-01 10:55:10,"","","","11/1/2013","10:55:10 AM","11/1/2013","10:56:02 AM",289,300,12,1,0,"N","","",0,"2013_H138_s3_v3_e24_bobcat_EK000296","bobcat"
"1538",138,2,2015,1,1,"10/5/2015","Bobcat",2015-09-30 09:02:21,"","","","9/30/2015","9:02:21 AM","9/30/2015","9:02:45 AM",7,12,6,1,NA,"N","","",NA,"",""
"1539",138,2,2015,1,1,"10/5/2015","Bobcat",2015-09-29 01:44:34,"","","","9/29/2015","1:44:34 AM","9/29/2015","1:44:36 AM",4,6,3,1,NA,"N","","",NA,"",""
"1540",138,2,2015,3,1,"10/5/2015","Bobcat",2015-09-26 07:28:18,"","","","9/26/2015","7:28:18 AM","9/26/2015","7:31:12 AM",34,66,33,1,NA,"N","","",NA,"",""
"1541",138,2,2015,3,2,"10/19/2015","Bobcat",2015-10-16 18:44:22,"","","","10/16/2015","6:44:22 PM","10/16/2015","6:46:14 PM",121,144,24,1,0,"N","","",NA,"",""
"1542",139,1,2013,1,2,"6/25/2013","Bobcat",2013-06-21 08:20:01,"","","","6/21/2013","8:20:01 AM","6/21/2013","8:20:02 AM",10,12,3,1,0,"N","","",0,"2013_h139_s1_v2_e1_bobcat_EK000010",""
"1543",139,1,2013,3,2,"6/25/2013","Bobcat",2013-06-23 00:05:33,"","","","6/23/2013","12:05:33 AM","6/23/2013","12:05:34 AM",16,18,3,1,0,"N","","",0,"2013_h139_s3_v2_e2_bobcat_EK000018",""
"1544",139,2,2015,1,2,"10/18/2015","Bobcat",2015-10-18 01:20:53,"","","","10/18/2015","1:20:53 AM","10/18/2015","1:20:54 AM",31,33,3,1,0,"N","","",NA,"",""
"1545",139,2,2015,2,1,"10/5/2015","Bobcat",2015-09-22 17:22:13,"","","","9/22/2015","5:22:13 PM","9/22/2015","5:22:15 PM",37,39,3,1,NA,"","","",NA,"",""
"1546",140,2,2016,3,3,"10/28/2016","Bobcat",2016-10-23 04:59:14,"","","","10/23/2016","4:59:14 AM","10/23/2016","5:00:01 AM",22,30,9,1,0,"N","","",NA,"",""
"1548",167,2,2016,1,3,"10/29/2016","Bobcat",2016-10-24 19:35:47,"","","","10/24/2016","7:35:47 PM","10/24/2016","7:35:48 PM",100,102,3,1,0,"N","","",NA,"",""
"1549",169,2,2015,1.1,3,"11/1/2015","Bobcat",2015-10-26 23:04:24,"","","","10/26/2015","11:04:24 PM","10/26/2015","11:05:30 PM",232,237,6,1,0,"N","","",NA,"",""
"1550",170,1,2014,1,2,"10/19/2014","Bobcat",2014-10-11 07:15:09,"","","","10/11/2014","7:15:09 AM","10/11/2014","7:15:25 AM",28,33,6,1,0,"N","","",NA,"",""
"1551",170,1,2014,1,3,"11/2/2014","Bobcat",2014-10-31 16:42:14,"","","","10/31/2014","4:42:14 PM","10/31/2014","4:50:07 PM",10,27,18,2,1,"N","","",NA,"2014_H170_V3_S1_E3.1_Bobcats_EK000022    2014_H170_V3_S1_E3.2_Bobcats_EK000019","Bobcat and kit"
"1552",170,1,2014,2,3,"11/2/2014","Bobcat",2014-10-24 04:17:06,"","","","10/24/2014","4:17:06 AM","10/24/2014","4:17:10 AM",4,6,3,1,0,"N","","",NA,"",""
"1553",170,1,2014,3,1,"10/5/2014","Bobcat",2014-09-30 23:42:30,"","","","9/30/2014","11:42:30 PM","9/30/2014","11:43:54 PM",31,42,12,1,0,"N","","",NA,"","camera reads 2013"
"1554",170,2,2016,1,1,"9/30/2016","Bobcat",2016-09-29 09:29:20,"","","","9/29/2016","9:29:20 AM","9/29/2016","9:29:21 AM",16,18,3,1,0,"N","","",NA,"",""
"1555",170,2,2016,1,2,"10/17/2016","Bobcat",2016-10-09 06:53:12,"","","","10/9/2016","6:53:12 AM","10/9/2016","6:53:16 AM",97,99,3,1,0,"N","","",NA,"",""
"1556",170,2,2016,1,3,"10/27/2016","Bobcat",2016-10-24 19:37:05,"","","","10/24/2016","7:37:05 PM","10/24/2016","7:38:03 PM",211,216,6,1,0,"N","","",NA,"",""
"1557",170,2,2016,2,2,"10/17/2016","Bobcat",2016-10-12 00:16:11,"","","","10/12/2016","12:16:11 AM","10/12/2016","12:18:46 AM",34,39,6,1,0,"N","","",NA,"",""
"1558",170,2,2016,3,2,"10/17/2016","Bobcat",2016-10-09 22:47:02,"","","","10/9/2016","10:47:02 PM","10/9/2016","10:48:48 PM",427,435,9,1,0,"N","","",NA,"",""
"1560",171,2,2015,3,3,"11/3/2015","Bobcat",2015-11-01 19:03:33,"","","","11/1/2015","7:03:33 PM","11/1/2015","7:04:03 PM",10,15,6,1,0,"N","","",NA,"",""
"1561",172,1,2013,3,2,"7/1/2013","Bobcat",2013-06-19 20:27:17,"","","","6/19/2013","8:27:17 PM","6/19/2013","8:27:19 PM",1,3,3,1,0,"N","","",0,"2013_H172_S3_V2_E1_bobcat_EK00002",""
"1562",172,2,2015,1,3,"11/3/2015","Bobcat",2015-10-30 16:40:24,"","","","10/30/2015","4:40:24 PM","10/30/2015","4:41:20 PM",67,75,9,1,0,"N","","",NA,"",""
"1563",172,2,2015,2,2,"10/20/2015","Bobcat",2015-10-12 10:01:46,"","","","10/12/2015","10:01:46 AM","10/12/2015","10:02:17 AM",91,99,9,1,NA,"","","",NA,"2015-h172-s2-v2-bobcat-EK000095",""
"1564",173,2,2015,2,1,"10/2/2015","Bobcat",2015-09-26 04:32:36,"","","","9/26/2015","4:32:36 AM","9/26/2015","4:33:02 AM",16,24,9,1,0,"N","","",NA,"",""
"1580",199,1,2014,3,1,"10/8/2014","Bobcat",2014-10-01 12:04:59,"","","","10/1/2014","12:04:59 PM","10/1/2014","12:09:17 PM",148,186,39,1,0,"N","","",NA,"2014_H199_S3_V1_EK000173_BOBCAT; 2014_H199_S3_V1_EK000180_BOBCAT; 2014_H199_S3_V1_EK000172_ADULT_BOBCAT","BOBCAT MARKING AND SIZE FOR COMPARISON WITH SECOND BOBCAT"
"1581",199,1,2014,3,1,"10/8/2014","Bobcat",2014-10-04 00:50:47,"","","","10/4/2014","12:50:47 AM","10/4/2014","12:53:57 AM",313,333,21,1,0,"N","","",NA,"2014_H199_S3_V1_EK000329_JUVENILE_BOBCAT; 2014_H199_S3_V1_EK000323_JUVENILE_BOBCAT; 2014_H199_S3_V1_EK000330_JUVENILE_BOBCAT","JUVENILE BOBCAT"
"1582",199,1,2014,3,1,"10/8/2014","Bobcat",2014-10-01 09:56:50,"","","","10/1/2014","9:56:50 AM","10/1/2014","9:59:30 AM",133,147,15,1,0,"N","","",NA,"",""
"1583",199,2,2016,3,2,"10/14/2016","Bobcat",2016-10-09 10:46:11,"","","","10/9/2016","10:46:11 AM","10/9/2016","11:03:09 AM",19,30,12,1,0,"N","","",NA,"",""
"1584",203,1,2014,3,2,"6/28/2014","Bobcat",2014-06-19 07:59:09,"","","","6/19/2014","7:59:09 AM","6/19/2014","8:01:42 AM",19,24,6,1,0,"N","","",NA,"",""
"1585",204,2,2016,1,2,"6/26/2016","Bobcat",2016-06-22 03:32:13,"","","","6/22/2016","3:32:13 AM","6/22/2016","3:33:37 AM",328,339,12,1,0,"N","","",NA,"",""
"1586",233,1,2015,1,1,"6/12/2015","Bobcat",2015-06-05 20:36:06,"","","","6/5/2015","8:36:06 PM","6/5/2015","8:36:20 PM",13,18,6,1,0,"N","","",NA,"","Possibly bobcat"
"1587",236,1,2014,2,2,"8/25/2014","Bobcat",2014-08-14 18:05:20,"","","","8/14/2014","6:05:20 PM","8/14/2014","6:05:46 PM",7,12,6,1,0,"","","",NA,"",""
"1588",237,1,2014,1,1,"8/12/2014","Bobcat",2014-08-07 18:51:00,"","","","8/7/2014","6:51:00 PM","8/7/2014","6:51:02 PM",466,468,3,1,0,"N","","",NA,"",""
"1589",237,1,2014,1,1,"8/12/2014","Bobcat",2014-07-27 02:26:26,"","","","7/27/2014","2:26:26 AM","7/27/2014","2:26:28 AM",70,72,3,1,0,"N","","",NA,"",""
"1590",237,1,2014,1,2,"8/26/2014","Bobcat",2014-08-25 20:01:14,"","","","8/25/2014","8:01:14 PM","8/25/2014","8:01:16 PM",334,336,3,1,1,"","","",NA,"",""
"1591",238,2,2016,1.1,2,"8/17/2016","Bobcat",2016-08-08 21:22:09,"","","","8/8/2016","9:22:09 PM","8/8/2016","9:22:32 PM",7,15,9,1,0,"N","","",NA,"",""
"1592",239,1,2013,3,2,"8/17/2013","Bobcat",2013-08-14 03:50:35,"","","","8/14/2013","3:50:35 AM","8/14/2013","3:50:37 AM",61,63,3,1,0,"N","","",0,"2013_H239_S3_V2_E3_bobcat_PICT0063",""
"1593",241,1,2014,1,1,"6/15/2014","Bobcat",2014-06-08 20:37:04,"","","","6/8/2014","8:37:04 PM","6/8/2014","8:39:59 PM",7,33,27,1,0,"N","","",NA,"2014_H241_S1_V1_E2_Bobcat_EK000011","good bobcat"
"1594",241,2,2016,2,3,"10/29/2016","Bobcat",2016-10-27 23:47:23,"","","","10/27/2016","11:47:23 PM","10/27/2016","11:47:25 PM",16,18,3,1,0,"N","","",NA,"",""
"1595",269,1,2013,1,3,"10/30/2013","Bobcat",2013-10-26 17:29:32,"","","","10/26/2013","5:29:32 PM","10/26/2013","5:29:34 PM",199,201,3,1,0,"N","","",0,"2013_h269_s1_v3_e7_bobcat_EK000201","bobcat"
"1596",271,1,2014,1,2,"8/21/2014","Bobcat",2014-08-15 21:30:45,"","","","8/15/2014","9:30:45 PM","8/15/2014","9:30:47 PM",4,6,3,1,0,"N","","",NA,"",""
"1597",271,1,2014,3,1,"8/7/2014","Bobcat",2014-08-05 01:23:10,"","","","8/5/2014","1:23:10 AM","8/5/2014","1:23:31 AM",13,18,6,1,0,"N","","",NA,"",""
"1598",271,2,2016,3,2,"8/18/2016","Bobcat",2016-08-17 04:09:57,"","","","8/17/2016","4:09:57 AM","8/17/2016","4:10:01 AM",964,966,3,1,0,"N","","",NA,"",""
"1599",272,1,2014,2,2,"8/22/2014","Bobcat",2014-08-20 04:36:44,"","","","8/20/2014","4:36:44 AM","8/20/2014","4:37:04 AM",46,54,9,1,0,"N","","",NA,"",""
"1600",273,1,2015,2,2,"8/21/2015","Bobcat",2015-08-11 02:46:06,"","","","8/11/2015","2:46:06 AM","8/11/2015","2:46:17 AM",7,12,6,NA,NA,"","","",NA,"",""
"1601",274,1,2015,3,2,"8/21/2015","Bobcat",2015-08-16 07:11:23,"","","","8/16/2015","7:11:23 AM","8/16/2015","7:11:24 AM",4,6,3,1,0,"","","",NA,"",""
"1602",275,1,2014,1,1,"6/12/2014","Bobcat",2014-06-06 20:30:12,"","","","6/6/2014","8:30:12 PM","6/6/2014","8:30:39 PM",76,81,6,1,0,"N","","",NA,"",""
"1603",275,1,2014,1,3,"7/10/2014","Bobcat",2014-07-03 22:32:12,"","","","7/3/2014","10:32:12 PM","7/3/2014","10:32:55 PM",187,195,9,1,0,"N","","",NA,"",""
"1604",276,1,2015,3,1,"8/10/2015","Bobcat",2015-08-09 09:22:32,"","","","8/9/2015","9:22:32 AM","8/9/2015","9:28:08 AM",151,171,21,1,NA,"","","",NA,"2015-h276-s3-v1-bobcat-EK000165",""
"1605",277,1,2015,3,3,"9/7/2015","Bobcat",2015-09-05 14:48:27,"","","","9/5/2015","2:48:27 PM","9/5/2015","2:49:17 PM",7,21,15,1,NA,"","","",NA,"2015-h277-s3-v3-bobcat-EK000018",""
"1606",278,1,2014,2.1,2,"6/30/2014","Bobcat",2014-06-28 22:39:19,"","","","6/28/2014","10:39:19 PM","6/28/2014","10:40:12 PM",31,42,12,1,0,"N","","",NA,"",""
"1608",310,1,2015,1,3,"10/22/2015","Bobcat",2015-10-11 15:44:07,"","","","10/11/2015","3:44:07 PM","10/11/2015","3:44:34 PM",22,27,6,1,0,"N","","",NA,"",""
"1609",311,1,2015,1,1,"8/4/2015","Bobcat",2015-08-01 20:33:47,"","","","8/1/2015","8:33:47 PM","8/1/2015","8:33:48 PM",64,66,3,1,0,"N","","",NA,"","lower right"
"1610",312,2,2015,2,1,"6/11/2015","Bobcat",2015-06-01 05:50:35,"","","","6/1/2015","5:50:35 AM","6/1/2015","5:50:36 AM",7,9,3,1,0,"N","","",NA,"",""
"1611",312,2,2015,2,2,"6/25/2015","Bobcat",2015-06-23 08:37:20,"","","","6/23/2015","8:37:20 AM","6/23/2015","8:39:32 AM",7,24,18,1,0,"N","","",NA,"2015-h312-s2-v2-bobcat-EK000007; 2015-h312-s2-v2-bobcat-EK000011",""
"1612",313,2,2015,1,2,"6/25/2015","Bobcat",2015-06-17 01:33:52,"","","","6/17/2015","1:33:52 AM","6/17/2015","1:34:17 AM",301,306,6,1,0,"N","","",NA,"",""
"1613",314,1,2014,2,3,"9/6/2014","Bobcat",2014-08-28 17:01:00,"","","","8/28/2014","5:01:00 PM","8/28/2014","5:01:02 PM",4,6,3,1,0,"N","","",NA,"",""
"1614",316,2,2016,2,1,"6/11/2016","Bobcat",2016-05-31 15:48:35,"","","","5/31/2016","3:48:35 PM","5/31/2016","3:49:02 PM",166,174,9,1,0,"N","","",NA,"",""
"1615",319,2,2016,1,3,"9/4/2016","Bobcat",2016-08-22 19:02:51,"","","","8/22/2016","7:02:51 PM","8/22/2016","7:06:40 PM",28,36,9,1,0,"N","","",NA,"",""
"1616",319,2,2016,1,3,"9/4/2016","Bobcat",2016-08-22 04:15:59,"","","","8/22/2016","4:15:59 AM","8/22/2016","4:18:22 AM",16,27,12,1,0,"N","","",NA,"",""
"1617",319,2,2016,2.1,3,"9/4/2016","Bobcat",2016-08-24 02:28:27,"","","","8/24/2016","2:28:27 AM","8/24/2016","2:29:36 AM",7,18,12,1,0,"N","","",NA,"",""
"1618",353,2,2016,3,2,"8/8/2016","Bobcat",2016-07-29 20:00:50,"","","","7/29/2016","8:00:50 PM","7/29/2016","8:00:52 PM",7,9,3,1,0,"N","","",NA,"",""
"1619",356,1,2013,1,3,"10/30/2013","Bobcat",2013-10-15 21:56:56,"","","","10/15/2013","9:56:56 PM","10/15/2013","9:56:58 PM",4,6,3,1,0,"N","","",0,"",""
"1620",356,1,2013,2,1,"9/30/2013","Bobcat",2013-09-21 08:00:12,"","","","9/21/2013","8:00:12 AM","9/21/2013","8:00:13 AM",10,12,3,1,0,"N","","",0,"",""
"1621",356,1,2013,2,2,"10/14/2013","Bobcat",2013-10-08 20:37:40,"","","","10/8/2013","8:37:40 PM","10/8/2013","8:38:06 PM",28,33,6,1,0,"N","","",0,"",""
"1622",356,1,2013,3,1,"9/30/2013","Bobcat",2013-09-25 22:51:59,"","","","9/25/2013","10:51:59 PM","9/25/2013","10:54:10 PM",13,21,9,1,0,"N","","",0,"",""
"1623",356,2,2015,3,1,"10/5/2015","Bobcat",2015-09-27 02:57:50,"","","","9/27/2015","2:57:50 AM","9/27/2015","2:58:42 AM",22,33,12,1,0,"N","","",NA,"",""
"1624",361,1,2015,3,3,"9/5/2015","Bobcat",2015-09-04 03:44:52,"","","","9/4/2015","3:44:52 AM","9/4/2015","3:44:54 AM",325,327,3,1,NA,"","","",NA,"",""
"1625",364,1,2013,2,1,"7/26/2013","Bobcat",2013-07-26 07:30:19,"","","","7/26/2013","7:30:19 AM","7/26/2013","7:30:21 AM",16,18,3,2,1,"N","","",0,"2013_H364_S2_V1_E1_bobcat_kitten_EK000017","also adult in far low left"
"1626",365,1,2014,1.1,3,"10/30/2014","Bobcat",2014-10-29 22:36:21,"","","","10/29/2014","10:36:21 PM","10/29/2014","10:36:40 PM",25,30,6,1,0,"N","","",NA,"",""
"1627",400,1,2013,1,1,"9/27/2013","Bobcat",2013-09-18 03:14:40,"","","","9/18/2013","3:14:40 AM","9/18/2013","3:15:27 AM",58,69,12,1,0,"N","","",0,"none",""
"1628",400,2,2015,2,2,"10/20/2015","Bobcat",2015-10-10 07:19:21,"","","","10/10/2015","7:19:21 AM","10/10/2015","7:19:22 AM",16,18,3,1,0,"N","","",NA,"",""
"1629",401,2,2015,3,3,"11/3/2015","Bobcat",2015-10-23 19:46:40,"","","","10/23/2015","7:46:40 PM","10/23/2015","7:47:48 PM",271,288,18,1,0,"N","","",NA,"",""
"1630",401,2,2015,3,3,"11/3/2015","Bobcat",2015-10-31 19:23:11,"","","","10/31/2015","7:23:11 PM","10/31/2015","7:23:19 PM",361,366,6,1,0,"N","","",NA,"",""
"1631",402,1,2014,1,1,"8/7/2014","Bobcat",2014-07-27 05:39:09,"","","","7/27/2014","5:39:09 AM","7/27/2014","5:45:01 AM",40,54,15,1,0,"N","","",NA,"",""
"1632",402,1,2014,1,1,"8/7/2014","Bobcat",2014-07-31 17:22:02,"","","","7/31/2014","5:22:02 PM","7/31/2014","5:24:04 PM",76,84,9,1,0,"N","","",NA,"",""
"1633",402,1,2014,1,1,"8/7/2014","Bobcat",2014-07-30 06:32:40,"","","","7/30/2014","6:32:40 AM","7/30/2014","6:33:35 AM",61,75,15,1,0,"N","","",NA,"",""
"1634",403,1,2014,2,2,"6/27/2014","Bobcat",2014-06-24 14:13:14,"","","","6/24/2014","2:13:14 PM","6/24/2014","2:13:15 PM",106,108,3,1,0,"N","","",NA,"",""
"1635",403,1,2014,2,2,"6/27/2014","Bobcat",2014-06-26 11:51:33,"","","","6/26/2014","11:51:33 AM","6/26/2014","11:52:03 AM",136,141,6,1,0,"N","","",NA,"2014_H403_S2_V2_E8_Bobcat_EK000140","Good bobcat picture"
"1636",404,1,2013,1,3,"9/18/2013","Bobcat",2013-09-14 05:59:01,"","","","9/14/2013","5:59:01 AM","9/14/2013","6:02:03 AM",13,21,9,1,0,"N","","",0,"2013_H404_s1_v3_e3_bobcat_EK000016",""
"1637",405,1,2014,1,2,"10/16/2014","Bobcat",2014-10-13 01:50:56,"","","","10/13/2014","1:50:56 AM","10/13/2014","1:50:58 AM",106,111,6,1,0,"N","","",NA,"",""
"1638",405,1,2014,2,3,"10/30/2014","Bobcat",2014-10-30 10:22:50,"","","","10/30/2014","10:22:50 AM","10/30/2014","10:23:14 AM",10,15,6,1,0,"","","",NA,"",""
"1639",405,1,2014,3,1,"10/2/2014","Bobcat",2014-09-30 18:57:02,"","","","9/30/2014","6:57:02 PM","9/30/2014","6:59:59 PM",13,36,24,1,0,"N","","",NA,"",""
"1640",405,2,2016,2,1,"6/14/2016","Bobcat",2016-06-08 21:15:37,"","","","6/8/2016","9:15:37 PM","6/8/2016","9:15:39 PM",19,21,3,1,0,"N","","",NA,"",""
"1641",407,2,2015,2,1,"6/12/2015","Bobcat",2015-06-11 04:27:01,"","","","6/11/2015","4:27:01 AM","6/11/2015","4:27:28 AM",103,111,9,1,0,"N","","",NA,"",""
"1642",410,2,2015,3,2,"8/21/2015","Bobcat",2015-08-10 11:11:55,"","","","8/10/2015","11:11:55 AM","8/10/2015","11:12:17 AM",88,96,9,1,NA,"","","",NA,"",""
"1643",410,2,2015,3,2,"8/21/2015","Bobcat",2015-08-16 05:16:40,"","","","8/16/2015","5:16:40 AM","8/16/2015","5:17:07 AM",190,198,9,1,NA,"","","",NA,"",""
"1644",412,1,2013,3,2,"10/19/2013","Bobcat",2013-10-07 22:26:23,"","","","10/7/2013","10:26:23 PM","10/7/2013","10:27:49 PM",73,81,9,1,0,"N","","",0,"none",""
"1645",412,1,2013,3,2,"10/19/2013","Bobcat",2013-10-16 06:42:05,"","","","10/16/2013","6:42:05 AM","10/16/2013","6:42:19 AM",82,87,6,1,0,"N","","",0,"none",""
"1646",412,1,2013,3,2,"10/19/2013","Bobcat",2013-10-05 05:49:20,"","","","10/5/2013","5:49:20 AM","10/5/2013","5:50:41 AM",61,72,12,1,0,"N","","",0,"none",""
"1647",413,1,2014,2,3,"11/3/2014","Bobcat",2014-10-23 05:27:00,"","","","10/23/2014","5:27:00 AM","10/23/2014","5:29:52 AM",7,24,18,1,0,"N","","",NA,"",""
"1648",450,1,2013,2,1,"10/1/2013","Bobcat",2013-09-27 21:35:12,"","","","9/27/2013","9:35:12 PM","9/27/2013","9:35:54 PM",58,63,6,1,0,"N","","",NA,"",""
"1649",450,1,2013,2,1,"10/1/2013","Bobcat",2013-09-27 15:29:49,"","","","9/27/2013","3:29:49 PM","9/27/2013","3:33:23 PM",43,57,15,1,0,"N","","",NA,"",""
"1650",450,1,2013,2,3,"10/29/2013","Bobcat",2013-10-15 18:25:58,"","","","10/15/2013","6:25:58 PM","10/15/2013","6:26:00 PM",7,9,3,1,0,"N","","",NA,"",""
"1651",450,2,2015,1,2,"9/23/2015","Bobcat",2015-09-22 06:11:14,"","","","9/22/2015","6:11:14 AM","9/22/2015","6:23:44 AM",295,306,12,1,0,"N","","",NA,"",""
"1652",450,2,2015,1,2,"9/23/2015","Bobcat",2015-09-22 03:33:53,"","","","9/22/2015","3:33:53 AM","9/22/2015","3:45:20 AM",271,279,9,1,0,"N","","",NA,"",""
"1653",452,1,2013,1,3,"10/29/2013","Bobcat",2013-10-20 10:15:44,"","","","10/20/2013","10:15:44 AM","10/20/2013","10:15:46 AM",25,27,3,1,NA,"","","",NA,"",""
"1654",452,1,2013,2,3,"10/29/2013","Bobcat",2013-10-23 07:06:14,"","","","10/23/2013","7:06:14 AM","10/23/2013","7:06:33 AM",28,33,6,1,NA,"","","",NA,"",""
"1655",454,1,2014,1,2,"10/19/2014","Bobcat",2014-10-13 04:16:00,"","","","10/13/2014","4:16:00 AM","10/13/2014","4:17:00 AM",7,15,9,1,0,"N","","",NA,"",""
"1656",454,2,2016,1,2,"6/24/2016","Bobcat",2016-06-16 04:32:45,"","","","6/16/2016","4:32:45 AM","6/16/2016","4:32:47 AM",25,27,3,1,0,"N","","",NA,"",""
"1657",454,2,2016,2,1,"6/10/2016","Bobcat",2016-06-03 07:03:45,"","","","6/3/2016","7:03:45 AM","6/3/2016","7:05:21 AM",10,21,12,1,0,"N","","",NA,"",""
"1658",455,1,2013,2,3,"9/3/2013","Bobcat",2013-08-20 06:13:03,"","","","8/20/2013","6:13:03 AM","8/20/2013","6:13:04 AM",7,9,3,1,0,"N","","",0,"2013_H455_S2_V3_E1_bobcat_EK000008","was misidentified, needs to be relabeled"
"1659",456,1,2014,3,1,"6/14/2014","Bobcat",2014-06-12 00:32:56,"","","","6/12/2014","12:32:56 AM","6/12/2014","12:33:40 AM",241,249,9,1,0,"N","","",NA,"",""
"1660",456,2,2016,1,3,"9/5/2016","Bobcat",2016-09-02 14:02:17,"","","","9/2/2016","2:02:17 PM","9/2/2016","2:02:29 PM",88,93,6,1,0,"N","","",NA,"",""
"1661",459,1,2015,2,2,"6/16/2015","Bobcat",2015-06-14 09:49:40,"","","","6/14/2015","9:49:40 AM","6/14/2015","9:50:22 AM",139,147,9,1,0,"N","","",NA,"",""
"1662",459,1,2015,3,1,"6/3/2015","Bobcat",2015-05-27 15:28:53,"","","","5/27/2015","3:28:53 PM","5/27/2015","3:29:40 PM",478,486,9,1,0,"N","","",NA,"2015_H459_S3_V1_E3_Bobcat_05270482",""
"1663",460,2,2015,2,1,"8/12/2015","Bobcat",2015-08-06 19:21:49,"","","","8/6/2015","7:21:49 PM","8/6/2015","7:23:15 PM",67,81,15,1,NA,"","","",NA,"",""
"1664",460,2,2015,2,1,"8/12/2015","Bobcat",2015-08-10 06:06:49,"","","","8/10/2015","6:06:49 AM","8/10/2015","6:09:08 AM",112,120,9,1,NA,"","","",NA,"",""
"1665",460,2,2015,3,2,"8/25/2015","Bobcat",2015-08-23 06:57:49,"","","","8/23/2015","6:57:49 AM","8/23/2015","6:58:26 AM",145,156,12,1,NA,"","","",NA,"",""
"1666",461,2,2015,2,1,"8/5/2015","Bobcat",2015-07-28 07:43:57,"","","","7/28/2015","7:43:57 AM","7/28/2015","7:44:03 AM",4,12,9,NA,NA,"","","",NA,"",""
"1667",463,2,2016,2,1,"8/7/2016","Bobcat",2016-08-05 20:35:00,"","","","8/5/2016","8:35:00 PM","8/5/2016","8:35:02 PM",10,12,3,1,0,"N","","",NA,"best guesshare?",""
"1675",501,1,2014,1,1,"10/9/2014","Bobcat",2014-09-26 20:25:17,"","","","9/26/2014","8:25:17 PM","9/26/2014","8:26:00 PM",13,21,9,1,0,"N","","",NA,"",""
"1676",501,2,2016,1,2,"9/1/2016","Bobcat",2016-08-30 13:29:11,"","","","8/30/2016","1:29:11 PM","8/30/2016","1:30:27 PM",193,204,12,1,0,"N","","",NA,"",""
"1677",501,2,2016,2,2,"9/1/2016","Bobcat",2016-08-20 06:28:42,"","","","8/20/2016","6:28:42 AM","8/20/2016","6:30:01 AM",52,60,9,1,0,"N","","",NA,"",""
"1678",502,2,2015,1,3,"11/1/2015","Bobcat",2015-10-26 23:10:41,"","","","10/26/2015","11:10:41 PM","10/26/2015","11:11:49 PM",256,276,21,1,0,"N","","",NA,"",""
"1679",503,1,2013,1,3,"7/15/2013","Bobcat",2013-07-08 03:09:23,"","","","7/8/2013","3:09:23 AM","7/8/2013","3:11:46 AM",88,96,9,1,0,"N","","",NA,"",""
"1680",503,2,2015,1,1,"9/9/2015","Bobcat",2015-09-02 04:54:25,"","","","9/2/2015","4:54:25 AM","9/2/2015","5:33:18 AM",34,39,6,1,0,"N","","",NA,"",""
"1681",503,2,2015,1,2,"9/23/2015","Bobcat",2015-09-15 13:26:08,"","","","9/15/2015","1:26:08 PM","9/15/2015","1:28:41 PM",70,87,18,1,0,"N","","",NA,"83",""
"1682",503,2,2015,1,3,"10/7/2015","Bobcat",2015-09-29 00:08:29,"","","","9/29/2015","12:08:29 AM","9/29/2015","12:11:00 AM",280,288,9,1,1,"N","","",NA,"",""
"1683",503,2,2015,1,3,"10/7/2015","Bobcat",2015-09-28 10:18:31,"","","","9/28/2015","10:18:31 AM","9/28/2015","10:27:28 AM",238,279,42,1,0,"N","","",NA,"",""
"1684",504,1,2014,2,1,"6/12/2014","Bobcat",2014-06-06 18:06:38,"","","","6/6/2014","6:06:38 PM","6/6/2014","6:06:39 PM",13,15,3,1,0,"N","","",NA,"",""
"1685",504,2,2016,1,3,"7/12/2016","Bobcat",2016-07-01 07:51:49,"","","","7/1/2016","7:51:49 AM","7/1/2016","7:51:51 AM",10,12,3,1,0,"N","","",NA,"",""
"1686",504,2,2016,2,2,"6/30/2016","Bobcat",2016-06-29 19:36:12,"","","","6/29/2016","7:36:12 PM","6/29/2016","7:36:25 PM",88,93,6,1,0,"N","","",NA,"",""
"1687",504,2,2016,2,2,"6/30/2016","Bobcat",2016-06-24 15:43:03,"","","","6/24/2016","3:43:03 PM","6/24/2016","3:43:14 PM",79,84,6,1,0,"N","","",NA,"",""
"1688",504,2,2016,2,3,"7/12/2016","Bobcat",2016-07-02 15:56:19,"","","","7/2/2016","3:56:19 PM","7/2/2016","3:57:30 PM",67,84,18,1,0,"N","","",NA,"",""
"1689",505,1,2014,1,2,"6/25/2014","Bobcat",2014-06-15 00:33:16,"","","","6/15/2014","12:33:16 AM","6/15/2014","12:35:03 AM",10,15,6,1,0,"N","","",NA,"",""
"1690",505,1,2014,2,1,"6/11/2014","Bobcat",2014-06-10 08:48:01,"","","","6/10/2014","8:48:01 AM","6/10/2014","8:49:12 AM",16,21,6,1,0,"N","","",NA,"",""
"1691",505,1,2014,3,1,"6/12/2014","Bobcat",2014-06-06 16:20:10,"","","","6/6/2014","4:20:10 PM","6/6/2014","4:20:12 PM",193,195,3,1,0,"N","","",NA,"",""
"1692",506,2,2015,1,1,"6/14/2015","Bobcat",2015-06-08 21:18:18,"","","","6/8/2015","9:18:18 PM","6/8/2015","9:18:20 PM",16,18,3,1,0,"N","","",NA,"",""
"1693",506,2,2015,1,1,"6/14/2015","Bobcat",2015-06-10 21:58:00,"","","","6/10/2015","9:58:00 PM","6/10/2015","9:58:01 PM",52,54,3,1,0,"N","","",NA,"",""
"1694",508,2,2016,3,1,"6/13/2016","Bobcat",2016-06-13 09:00:34,"","","","6/13/2016","9:00:34 AM","6/13/2016","9:00:34 AM",349,351,3,1,0,"N","","",NA,"",""
"1695",510,1,2014,2,1,"8/13/2014","Bobcat",2014-08-01 21:16:16,"","","","8/1/2014","9:16:16 PM","8/1/2014","9:16:18 PM",33,35,3,1,0,"N","","",NA,"",""
"1696",510,2,2016,2,1,"8/6/2016","Bobcat",2016-08-04 03:03:11,"","","","8/4/2016","3:03:11 AM","8/4/2016","3:03:13 AM",16,18,3,1,1,"N","","",NA,"",""
"1697",510,2,2016,2,1,"8/6/2016","Bobcat",2016-08-01 08:23:26,"","","","8/1/2016","8:23:26 AM","8/1/2016","8:23:27 AM",10,12,3,1,1,"N","","",NA,"",""
"1698",511,1,2013,3,2,"10/18/2013","Bobcat",2013-10-07 14:09:16,"","","","10/7/2013","2:09:16 PM","10/7/2013","2:09:56 PM",16,24,9,1,0,"N","","",NA,"",""
"1699",511,1,2013,3,3,"10/31/2013","Bobcat",2013-10-28 20:10:19,"","","","10/28/2013","8:10:19 PM","10/28/2013","8:10:20 PM",16,18,3,1,0,"N","","",NA,"",""
"1700",511,1,2013,3,3,"10/31/2013","Bobcat",2013-10-20 02:04:45,"","","","10/20/2013","2:04:45 AM","10/20/2013","2:04:46 AM",13,15,3,1,0,"N","","",NA,"",""
"1701",511,2,2015,1,3,"7/5/2015","Bobcat",2015-07-03 00:22:31,"","","","7/3/2015","12:22:31 AM","7/3/2015","12:22:49 AM",19,24,6,1,0,"N","","",NA,"",""
"1702",511,2,2015,2,2,"6/20/2015","Bobcat",2015-06-17 12:28:37,"","","","6/17/2015","12:28:37 PM","6/17/2015","12:28:39 PM",13,15,3,1,0,"N","","",NA,"",""
"1703",511,2,2015,3,1,"6/7/2015","Bobcat",2015-05-26 07:48:18,"","","","5/26/2015","7:48:18 AM","5/26/2015","7:48:19 AM",13,15,3,1,0,"N","","",NA,"15",""
"1704",512,1,2014,2,3,"11/5/2014","Bobcat",2014-11-05 09:07:25,"","","","11/5/2014","9:07:25 AM","11/5/2014","9:07:27 AM",7,9,3,1,0,"N","","",NA,"",""
"1705",513,1,2014,3,4,"11/12/2014","Bobcat",2014-11-06 08:05:07,"","","","11/6/2014","8:05:07 AM","11/6/2014","8:07:00 AM",10,15,6,1,0,"N","","",NA,"",""
"1706",514,1,2014,1,3,"11/4/2014","Bobcat",2014-10-28 14:42:04,"","","","10/28/2014","2:42:04 PM","10/28/2014","2:42:57 PM",79,96,18,1,0,"N","","",NA,"",""
"1707",514,2,2016,1,3,"9/21/2016","Bobcat",2016-09-19 23:57:47,"","","","9/19/2016","11:57:47 PM","9/19/2016","11:58:53 PM",19,24,6,1,0,"N","","",NA,"",""
"1708",515,1,2014,1,1,"10/7/2014","Bobcat",2014-10-01 11:24:54,"","","","10/1/2014","11:24:54 AM","10/1/2014","11:26:25 AM",103,120,18,1,0,"N","","",NA,"",""
"1709",515,1,2014,1,3,"11/4/2014","Bobcat",2014-11-03 18:13:01,"","","","11/3/2014","6:13:01 PM","11/3/2014","6:18:19 PM",58,81,24,1,0,"N","","",NA,"",""
"1710",515,1,2014,2,1,"10/7/2014","Bobcat",2014-09-29 13:52:27,"","","","9/29/2014","1:52:27 PM","9/29/2014","1:52:38 PM",85,90,6,1,0,"N","","",NA,"",""
"1711",515,2,2016,1,1,"8/24/2016","Bobcat",2016-08-16 17:18:54,"","","","8/16/2016","5:18:54 PM","8/16/2016","5:18:54 PM",35,37,3,1,0,"N","","",NA,"",""
"1712",515,2,2016,3,2,"9/7/2016","Bobcat",2016-08-26 20:31:48,"","","","8/26/2016","8:31:48 PM","8/26/2016","8:31:48 PM",10,12,3,1,0,"N","","",NA,"",""
"1715",552,1,2014,1,1,"6/23/2014","Bobcat",2014-06-10 01:51:41,"","","","6/10/2014","1:51:41 AM","6/10/2014","1:51:42 AM",13,15,3,1,0,"","","",NA,"",""
"1716",552,1,2014,2,1,"6/23/2014","Bobcat",2014-06-20 15:02:13,"","","","6/20/2014","3:02:13 PM","6/20/2014","3:04:53 PM",25,39,15,1,0,"","","",NA,"",""
"1717",552,1,2014,3,1,"6/23/2014","Bobcat",2014-06-20 11:30:27,"","","","6/20/2014","11:30:27 AM","6/20/2014","11:30:28 AM",151,153,3,1,0,"","","",NA,"",""
"1718",552,2,2016,3,3,"9/15/2016","Bobcat",2016-09-14 04:30:24,"","","","9/14/2016","4:30:24 AM","9/14/2016","4:30:55 AM",70,75,6,1,0,"N","","",NA,"",""
"1719",554,1,2014,1,2,"7/7/2014","Bobcat",2014-07-01 00:49:45,"","","","7/1/2014","12:49:45 AM","7/1/2014","12:54:57 AM",66,83,18,1,0,"N","","",NA,"",""
"1720",554,1,2014,1,2,"7/7/2014","Bobcat",2014-06-29 22:48:28,"","","","6/29/2014","10:48:28 PM","6/29/2014","10:55:17 PM",36,41,6,1,0,"N","","",NA,"",""
"1721",554,1,2014,3,1,"6/23/2014","Bobcat",2014-06-13 10:06:07,"","","","6/13/2014","10:06:07 AM","6/13/2014","10:06:09 AM",19,21,3,1,0,"N","","",NA,"",""
"1722",554,1,2014,3,1,"6/23/2014","Bobcat",2014-06-11 18:34:11,"","","","6/11/2014","6:34:11 PM","6/11/2014","6:34:46 PM",13,18,6,1,0,"N","","",NA,"",""
"1723",554,2,2016,2,1,"10/1/2016","Bobcat",2016-09-19 03:57:37,"","","","9/19/2016","3:57:37 AM","9/19/2016","3:58:50 AM",7,24,18,1,0,"N","","",NA,"",""
"1724",554,2,2016,3,1,"10/1/2016","Bobcat",2016-09-26 06:59:11,"","","","9/26/2016","6:59:11 AM","9/26/2016","7:00:47 AM",181,198,18,1,0,"N","","",NA,"",""
"1725",554,2,2016,3.1,3,"10/29/2016","Bobcat",2016-10-27 11:12:24,"","","","10/27/2016","11:12:24 AM","10/27/2016","11:13:47 AM",25,33,9,1,0,"N","","",NA,"",""
"1726",554,2,2016,3.1,3,"10/29/2016","Bobcat",2016-10-15 22:17:03,"","","","10/15/2016","10:17:03 PM","10/15/2016","10:18:31 PM",1,9,9,1,0,"N","","",NA,"",""
"1727",555,1,2014,2,1,"10/9/2014","Bobcat",2014-09-30 13:28:34,"","","","9/30/2014","1:28:34 PM","9/30/2014","1:32:16 PM",16,39,24,1,0,"N","","",NA,"2014-h555-s2-v1-e4-bobcat-EK000018, 2014-h555-s2-v1-e4-bobcat-EK000027","good bobcat pics"
"1728",555,1,2014,2,1,"10/9/2014","Bobcat",2014-09-30 17:50:09,"","","","9/30/2014","5:50:09 PM","9/30/2014","5:50:11 PM",40,42,3,1,0,"N","","",NA,"",""
"1729",555,1,2014,2,1,"10/9/2014","Bobcat",2014-10-02 22:22:46,"","","","10/2/2014","10:22:46 PM","10/2/2014","10:25:44 PM",61,66,6,1,0,"N","","",NA,"",""
"1730",555,1,2014,2,2,"10/23/2014","Bobcat",2014-10-10 16:59:41,"","","","10/10/2014","4:59:41 PM","10/10/2014","4:59:43 PM",4,6,3,1,0,"N","","",NA,"",""
"1731",555,1,2014,2,3,"11/6/2014","Bobcat",2014-10-27 11:27:36,"","","","10/27/2014","11:27:36 AM","10/27/2014","11:28:03 AM",16,21,6,1,0,"N","","",NA,"",""
"1732",557,1,2015,3,1,"6/16/2015","Bobcat",2015-06-07 14:48:10,"","","","6/7/2015","2:48:10 PM","6/7/2015","2:48:11 PM",22,24,3,1,0,"N","","",NA,"",""
"1733",559,2,2016,1,2,"6/26/2016","Bobcat",2016-06-24 22:25:20,"","","","6/24/2016","10:25:20 PM","6/24/2016","10:25:22 PM",28,30,3,1,0,"N","","",NA,"",""
"1734",559,2,2016,3,2,"6/26/2016","Bobcat",2016-06-24 08:26:18,"","","","6/24/2016","8:26:18 AM","6/24/2016","8:31:31 AM",172,192,21,1,0,"N","","",NA,"",""
"1735",560,1,2013,3,3,"9/19/2013","Bobcat",2013-09-06 02:51:52,"","","","9/6/2013","2:51:52 AM","9/6/2013","2:54:31 AM",28,36,9,1,0,"N","","",NA,"",""
"1736",563,2,2015,2,2,"7/30/2015","Bobcat",2015-07-28 12:44:09,"","","","7/28/2015","12:44:09 PM","7/28/2015","12:45:07 PM",70,75,6,1,0,"N","","",NA,"",""
"1737",563,2,2015,3,3,"8/13/2015","Bobcat",2015-08-04 21:31:20,"","","","8/4/2015","9:31:20 PM","8/4/2015","9:31:46 PM",16,21,6,1,0,"N","","",NA,"",""
"1738",600,2,2015,1,2,"10/17/2015","Bobcat",2015-10-16 13:22:03,"","","","10/16/2015","1:22:03 PM","10/16/2015","1:22:05 PM",10,12,3,1,0,"N","","",NA,"",""
"1739",600,2,2015,3,3,"10/31/2015","Bobcat",2015-10-23 14:42:29,"","","","10/23/2015","2:42:29 PM","10/23/2015","2:44:24 PM",25,36,12,1,0,"N","","",NA,"",""
"1740",601,1,2014,1,1,"7/18/2014","Bobcat",2014-07-06 04:24:11,"","","","7/6/2014","4:24:11 AM","7/6/2014","4:27:10 AM",4,18,15,1,0,"N","","",NA,"",""
"1741",601,1,2014,3.1,2,"8/2/2014","Bobcat",2014-07-29 13:18:54,"","","","7/29/2014","1:18:54 PM","7/29/2014","1:20:08 PM",19,30,12,1,0,"N","","",NA,"",""
"1742",603,1,2013,2,3,"11/1/2013","Bobcat",2013-10-25 23:14:47,"","","","10/25/2013","11:14:47 PM","10/25/2013","11:14:49 PM",145,147,3,1,0,"N","","",NA,"",""
"1743",603,2,2015,3,2,"10/16/2015","Bobcat",2015-10-14 14:35:07,"","","","10/14/2015","2:35:07 PM","10/14/2015","2:35:09 PM",277,279,3,1,0,"N","","",NA,"",""
"1744",603,2,2015,3,3,"10/30/2015","Bobcat",2015-10-25 12:31:04,"","","","10/25/2015","12:31:04 PM","10/25/2015","12:32:15 PM",241,252,12,1,0,"N","","",NA,"42, 44",""
"1745",604,1,2015,1,1,"10/2/2015","Bobcat",2015-09-20 19:58:49,"","","","9/20/2015","7:58:49 PM","9/20/2015","7:59:21 PM",7,12,6,1,0,"N","","",NA,"",""
"1746",604,1,2015,1,1,"10/2/2015","Bobcat",2015-09-21 06:17:57,"","","","9/21/2015","6:17:57 AM","9/21/2015","6:17:59 AM",13,15,3,1,0,"N","","",NA,"",""
"1747",604,1,2015,2,2,"10/21/2015","Bobcat",2015-10-11 04:17:03,"","","","10/11/2015","4:17:03 AM","10/11/2015","4:21:38 AM",31,48,18,1,0,"N","","",NA,"",""
"1748",604,1,2015,2,2,"10/21/2015","Bobcat",2015-10-19 19:16:43,"","","","10/19/2015","7:16:43 PM","10/19/2015","7:18:12 PM",385,408,24,1,0,"N","","",NA,"",""
"1749",604,1,2015,2,3,"11/4/2015","Bobcat",2015-10-30 00:19:25,"","","","10/30/2015","12:19:25 AM","10/30/2015","12:19:39 AM",562,567,6,1,0,"N","","",NA,"",""
"1750",606,1,2014,1,2,"8/20/2014","Bobcat",2014-08-09 03:31:48,"","","","8/9/2014","3:31:48 AM","8/9/2014","3:32:18 AM",25,33,9,1,0,"N","","",NA,"",""
"1751",606,1,2014,3,1,"8/6/2014","Bobcat",2014-07-28 22:45:27,"","","","7/28/2014","10:45:27 PM","7/28/2014","10:45:28 PM",105,107,3,1,0,"N","","",NA,"",""
"1752",606,2,2016,3,2,"8/10/2016","Bobcat",2016-07-28 03:21:44,"","","","7/28/2016","3:21:44 AM","7/28/2016","3:22:37 AM",31,42,12,1,0,"N","","",NA,"",""
"1753",607,1,2013,3,1,"6/28/2013","Bobcat",2013-06-25 13:37:23,"","","","6/25/2013","1:37:23 PM","6/25/2013","1:37:45 PM",82,87,6,1,0,"N","","",0,"2013_H607_S3_V1_E6_Bobcat_Pict0083",""
"1754",607,2,2015,1,2,"10/14/2015","Bobcat",2015-10-06 05:11:04,"","","","10/6/2015","5:11:04 AM","10/6/2015","5:11:36 AM",90,98,9,1,0,"N","","",NA,"",""
"1756",609,3,2016,2,1,"9/15/2016","Bobcat",2016-09-07 19:51:19,"","","","9/7/2016","7:51:19 PM","9/7/2016","7:51:20 PM",163,165,3,1,0,"N","","",NA,"",""
"1757",630,2,2014,3,3,"10/28/2014","Bobcat",2014-10-18 16:52:10,"","","","10/18/2014","4:52:10 PM","10/18/2014","4:52:12 PM",7,9,3,1,0,"N","","",NA,"",""
"1758",630,3,2016,1,1,"8/28/2016","Bobcat",2016-08-28 09:17:10,"","","","8/28/2016","9:17:10 AM","8/28/2016","9:17:31 AM",163,168,6,1,0,"N","","",NA,"",""
"1759",632,1,2014,2,1,"9/28/2014","Bobcat",2014-09-27 02:18:22,"","","","9/27/2014","2:18:22 AM","9/27/2014","2:18:24 AM",16,18,3,1,0,"N","","",NA,"",""
"1760",632,2,2016,2,1,"6/25/2016","Bobcat",2016-06-19 00:50:29,"","","","6/19/2016","12:50:29 AM","6/19/2016","12:50:31 AM",7,9,3,1,0,"N","","",NA,"7","bobcat with mountain beaver in mouth"
"1761",656,2,2015,2,1,"9/20/2015","Bobcat",2015-09-15 08:23:55,"","","","9/15/2015","8:23:55 AM","9/15/2015","8:24:16 AM",4,9,6,1,0,"N","","",NA,"",""
"1762",656,2,2015,3,1,"9/20/2015","Bobcat",2015-09-08 19:53:43,"","","","9/8/2015","7:53:43 PM","9/8/2015","7:53:44 PM",7,9,3,1,0,"N","","",NA,"",""
"1763",735,1,2016,3,2,"7/6/2016","Bobcat",2016-06-28 15:13:34,"","","","6/28/2016","3:13:34 PM","6/28/2016","3:13:59 PM",13,18,6,1,0,"N","","",NA,"",""
"1764",735,1,2016,3,3,"7/19/2016","Bobcat",2016-07-11 15:29:51,"","","","7/11/2016","3:29:51 PM","7/11/2016","3:32:43 PM",13,21,9,1,0,"N","","",NA,"",""
"1765",745,1,2016,1,1,"9/26/2016","Bobcat",2016-09-15 23:12:12,"","","","9/15/2016","11:12:12 PM","9/15/2016","11:13:19 PM",19,33,15,1,0,"N","","",NA,"",""
"1766",757,1,2016,2,1,"8/4/2016","Bobcat",2016-07-28 05:02:41,"","","","7/28/2016","5:02:41 AM","7/28/2016","5:04:32 AM",94,102,9,1,0,"N","","",NA,"peak of bobcat opossum face-off",""
"1767",775,1,2014,2,2,"6/30/2014","Bobcat",2014-06-27 15:26:22,"","","","6/27/2014","3:26:22 PM","6/27/2014","3:26:24 PM",61,63,3,1,0,"N","","",NA,"",""
"2523",21,1,2016,2,2,"10/19/2016","Coyote",2016-10-11 02:28:06,"","","","10/11/2016","2:28:06 AM","10/11/2016","2:28:35 AM",184,189,6,2,0,"N","","",NA,"",""
"2524",21,1,2016,2,2,"10/19/2016","Coyote",2016-10-18 06:19:00,"","","","10/18/2016","6:19:00 AM","10/18/2016","6:19:01 AM",304,306,3,1,0,"N","","",NA,"",""
"2525",21,1,2016,3,3,"11/2/2016","Coyote",2016-11-02 01:42:02,"","","","11/2/2016","1:42:02 AM","11/2/2016","1:44:37 AM",77,82,6,1,0,"N","","",NA,"one photo per event",""
"2526",41,1,2015,1,1,"6/5/2015","Coyote",2015-05-26 00:29:10,"","","","5/26/2015","12:29:10 AM","5/26/2015","12:39:10 AM",19,126,108,1,0,"N","","",NA,"",""
"2527",65,1,2014,1,1,"6/25/2014","Coyote",2014-06-22 23:04:45,"","","","6/22/2014","11:04:45 PM","6/22/2014","11:04:47 PM",13,15,3,1,0,"N","","",NA,"",""
"2528",65,1,2014,2,2,"7/9/2014","Coyote",2014-07-07 22:54:25,"","","","7/7/2014","10:54:25 PM","7/7/2014","10:55:50 PM",73,78,6,1,0,"N","","",NA,"",""
"2529",83,1,2015,2,1,"10/2/2015","Coyote",2015-09-29 12:18:06,"","","","9/29/2015","12:18:06 PM","9/29/2015","12:22:36 PM",130,141,12,1,0,"N","","",NA,"",""
"2530",83,1,2015,2,1,"10/2/2015","Coyote",2015-09-30 08:45:55,"","","","9/30/2015","8:45:55 AM","9/30/2015","9:09:27 AM",184,189,6,1,0,"N","","",NA,"",""
"2531",83,1,2015,2,2,"10/18/2015","Coyote",2015-10-08 00:37:43,"","","","10/8/2015","12:37:43 AM","10/8/2015","12:44:24 AM",97,132,36,1,0,"N","","",NA,"",""
"2532",83,1,2015,2,3,"11/2/2015","Coyote",2015-10-29 19:25:18,"","","","10/29/2015","7:25:18 PM","10/29/2015","7:25:47 PM",316,324,9,1,0,"N","","",NA,"",""
"2533",87,1,2015,2,2,"10/6/2015","Coyote",2015-10-01 07:20:33,"","","","10/1/2015","7:20:33 AM","10/1/2015","7:24:28 AM",328,342,15,1,0,"N","","",NA,"",""
"2534",106,1,2016,3,2,"10/5/2016","Coyote",2016-09-30 13:02:57,"","","","9/30/2016","1:02:57 PM","9/30/2016","1:49:12 PM",235,267,33,1,0,"N","","",NA,"",""
"2535",106,1,2016,3,2,"10/5/2016","Coyote",2016-09-24 18:39:58,"","","","9/24/2016","6:39:58 PM","9/24/2016","6:49:19 PM",67,183,117,1,0,"N","","",NA,"",""
"2536",106,1,2016,3,3,"10/21/2016","Coyote",2016-10-06 18:57:59,"","","","10/6/2016","6:57:59 PM","10/6/2016","6:58:24 PM",7,15,9,1,0,"N","","",NA,"",""
"2537",107,1,2015,2,2,"10/20/2015","Coyote",2015-10-12 01:00:19,"","","","10/12/2015","1:00:19 AM","10/12/2015","1:10:10 AM",40,54,15,1,0,"N","","",NA,"",""
"2538",108,1,2015,3,2,"10/18/2015","Coyote",2015-10-14 04:47:00,"","","","10/14/2015","4:47:00 AM","10/14/2015","4:47:10 AM",5,6,2,1,0,"N","","",NA,"this is a video",""
"2539",109,1,2016,1.1,3,"8/22/2016","Coyote",2016-08-16 13:32:39,"","","","8/16/2016","1:32:39 PM","8/16/2016","1:32:41 PM",7,9,3,1,0,"N","","",NA,"",""
"2540",109,1,2016,2,3,"8/22/2016","Coyote",2016-08-17 04:26:25,"","","","8/17/2016","4:26:25 AM","8/17/2016","4:31:22 AM",85,93,9,1,0,"N","","",NA,"",""
"2541",109,1,2016,3,3,"8/22/2016","Coyote",2016-08-15 03:50:36,"","","","8/15/2016","3:50:36 AM","8/15/2016","3:52:07 AM",33,36,4,1,0,"N","","",NA,"",""
"2542",109,1,2016,3,3,"8/22/2016","Coyote",2016-08-16 08:34:19,"","","","8/16/2016","8:34:19 AM","8/16/2016","6:36:05 PM",37,38,2,1,0,"N","","",NA,"",""
"2543",109,1,2016,3,3,"8/22/2016","Coyote",2016-08-13 19:42:49,"","","","8/13/2016","7:42:49 PM","8/13/2016","7:45:37 PM",23,28,6,1,0,"N","","",NA,"",""
"2544",135,2,2016,1,1,"9/30/2016","Coyote",2016-09-25 06:00:01,"","","","9/25/2016","6:00:01 AM","9/25/2016","6:00:03 AM",52,54,3,1,0,"N","","",NA,"",""
"2545",135,2,2016,1,2,"10/17/2016","Coyote",2016-10-12 00:52:33,"","","","10/12/2016","12:52:33 AM","10/12/2016","12:53:10 AM",133,138,6,1,0,"N","","",NA,"",""
"2546",135,2,2016,1,3,"10/29/2016","Coyote",2016-10-18 03:21:46,"","","","10/18/2016","3:21:46 AM","10/18/2016","3:21:48 AM",10,12,3,1,0,"N","","",NA,"",""
"2547",138,2,2015,2,1,"10/5/2015","Coyote",2015-09-29 21:02:25,"","","","9/29/2015","9:02:25 PM","9/29/2015","10:17:59 PM",4,81,78,1,NA,"","","",NA,"",""
"2548",138,2,2015,2,1,"10/5/2015","Coyote",2015-09-30 01:05:49,"","","","9/30/2015","1:05:49 AM","9/30/2015","1:05:51 AM",82,84,3,1,NA,"","","",NA,"",""
"2549",139,1,2013,1,1,"6/11/2013","Coyote",2013-06-10 03:08:20,"","","","6/10/2013","3:08:20 AM","6/10/2013","3:08:40 AM",12,17,6,1,0,"N","","",0,"2013_H139_S1_V1_E1_coyote_EK000012",""
"2550",139,1,2013,1,3,"7/11/2013","Coyote",2013-07-07 05:21:20,"","","","7/7/2013","5:21:20 AM","7/7/2013","5:42:49 AM",28,84,57,1,0,"N","","",0,"",""
"2551",139,1,2013,3,3,"7/11/2013","Coyote",2013-07-07 09:37:25,"","","","7/7/2013","9:37:25 AM","7/7/2013","9:55:35 AM",19,129,111,1,0,"N","","",0,"2013_h139_s3_v3_e5_coyote_EK000051, 2013_h139_s3_v3_e5_bait_gone_EK000099","coyote, bait gone"
"2552",139,2,2015,2,1,"10/5/2015","Coyote",2015-09-26 21:16:50,"","","","9/26/2015","9:16:50 PM","9/26/2015","9:16:52 PM",49,51,3,1,NA,"","","",NA,"",""
"2553",139,2,2015,2,1,"10/5/2015","Coyote",2015-10-01 21:41:54,"","","","10/1/2015","9:41:54 PM","10/1/2015","9:42:31 PM",112,120,9,1,NA,"","","",NA,"",""
"2554",139,2,2015,2,1,"10/5/2015","Coyote",2015-09-28 00:46:27,"","","","9/28/2015","12:46:27 AM","9/28/2015","12:50:30 AM",85,102,18,1,NA,"","","",NA,"",""
"2555",139,2,2015,2,1,"10/5/2015","Coyote",2015-09-26 23:29:42,"","","","9/26/2015","11:29:42 PM","9/26/2015","11:35:34 PM",52,78,27,1,NA,"","","",NA,"",""
"2556",167,1,2014,2,2,"10/21/2014","Coyote",2014-10-20 23:44:45,"","","","10/20/2014","11:44:45 PM","10/20/2014","11:44:47 PM",7,9,3,1,0,"N","","",NA,"",""
"2557",167,1,2014,3,1,"10/7/2014","Coyote",2014-09-28 21:09:35,"","","","9/28/2014","9:09:35 PM","9/28/2014","9:09:36 PM",7,9,3,1,0,"N","","",NA,"",""
"2558",167,1,2014,3,1,"10/7/2014","Coyote",2014-10-02 23:27:29,"","","","10/2/2014","11:27:29 PM","10/2/2014","11:48:35 PM",13,42,30,1,0,"N","","",NA,"",""
"2559",167,1,2014,3,1,"10/7/2014","Coyote",2014-10-03 06:40:24,"","","","10/3/2014","6:40:24 AM","10/3/2014","6:40:46 AM",43,48,6,1,0,"N","","",NA,"",""
"2560",167,2,2016,2,2,"10/17/2016","Coyote",2016-10-14 02:16:21,"","","","10/14/2016","2:16:21 AM","10/14/2016","2:16:23 AM",67,69,3,1,0,"N","","",NA,"",""
"2561",167,2,2016,2,3,"10/29/2016","Coyote",2016-10-23 02:01:13,"","","","10/23/2016","2:01:13 AM","10/23/2016","2:01:26 AM",34,39,6,1,0,"N","","",NA,"",""
"2562",167,2,2016,2,3,"10/29/2016","Coyote",2016-10-22 06:19:08,"","","","10/22/2016","6:19:08 AM","10/22/2016","6:24:30 AM",4,33,30,1,0,"N","","",NA,"",""
"2563",167,2,2016,2,3,"10/29/2016","Coyote",2016-10-23 03:24:57,"","","","10/23/2016","3:24:57 AM","10/23/2016","3:47:15 AM",40,57,18,1,0,"N","","",NA,"",""
"2564",168,1,2014,3,1,"10/6/2014","Coyote",2014-09-29 09:47:20,"","","","9/29/2014","9:47:20 AM","9/29/2014","9:47:22 AM",7,9,3,1,0,"N","","",NA,"",""
"2565",168,1,2014,3,2,"10/20/2014","Coyote",2014-10-18 21:20:03,"","","","10/18/2014","9:20:03 PM","10/18/2014","9:20:05 PM",7,9,3,1,0,"N","","",NA,"",""
"2566",171,1,2013,3,2,"10/21/2013","Coyote",2013-10-08 04:43:48,"","","","10/8/2013","4:43:48 AM","10/8/2013","4:46:05 AM",34,48,15,1,0,"N","","",0,"none",""
"2567",171,1,2013,3,2,"10/21/2013","Coyote",2013-10-09 21:13:38,"","","","10/9/2013","9:13:38 PM","10/9/2013","9:14:40 PM",49,54,6,1,0,"N","","",0,"none",""
"2568",171,1,2013,3,2,"10/21/2013","Coyote",2013-10-07 23:16:15,"","","","10/7/2013","11:16:15 PM","10/7/2013","11:19:06 PM",25,33,9,1,0,"N","","",0,"none",""
"2569",171,2,2015,3,2,"10/20/2015","Coyote",2015-10-19 04:38:13,"","","","10/19/2015","4:38:13 AM","10/19/2015","4:51:30 AM",7,45,39,1,0,"N","","",NA,"",""
"2570",172,2,2015,3,3,"11/3/2015","Coyote",2015-10-29 01:08:10,"","","","10/29/2015","1:08:10 AM","10/29/2015","1:08:11 AM",10,12,3,1,0,"N","","",NA,"",""
"2571",173,1,2013,2,2,"7/2/2013","Coyote",2013-06-29 07:30:00,"","","","6/29/2013","7:30:00 AM","6/29/2013","7:32:03 AM",19,33,15,1,0,"N","","",0,"2013_H173_S2_V2_E2_Coyote_EK23",""
"2580",199,1,2014,1,2,"10/8/2014","Coyote",2014-10-02 07:00:49,"","","","10/2/2014","7:00:49 AM","10/2/2014","7:00:50 AM",100,102,3,1,0,"N","","",NA,"",""
"2581",199,1,2014,1,2,"10/8/2014","Coyote",2014-09-24 19:07:00,"","","","9/24/2014","7:07:00 PM","9/24/2014","7:07:02 PM",97,99,3,1,0,"N","","",NA,"",""
"2582",199,1,2014,1,3,"10/21/2014","Coyote",2014-10-15 03:30:07,"","","","10/15/2014","3:30:07 AM","10/15/2014","3:33:56 AM",10,24,15,1,0,"N","","",NA,"",""
"2583",199,1,2014,1,4,"11/4/2014","Coyote",2014-11-02 01:50:09,"","","","11/2/2014","1:50:09 AM","11/2/2014","1:50:11 AM",73,75,3,1,0,"N","","",NA,"","one hour fast on camera due to daylight savings- adjusted in ACCESS"
"2584",199,1,2014,1,4,"11/4/2014","Coyote",2014-10-31 23:51:23,"","","","10/31/2014","11:51:23 PM","10/31/2014","11:52:04 PM",61,69,9,1,0,"N","","",NA,"",""
"2585",199,1,2014,1,4,"11/4/2014","Coyote",2014-10-22 08:39:27,"","","","10/22/2014","8:39:27 AM","10/22/2014","8:44:58 AM",4,42,39,1,0,"N","","",NA,"2014_H199_V4_S1_E1_Coyote_in_TCB_EK000023","coyote getting bait in TCB"
"2588",199,1,2014,2,4,"11/4/2014","Coyote",2014-10-30 07:13:25,"","","","10/30/2014","7:13:25 AM","10/30/2014","7:32:47 AM",13,135,123,1,0,"N","","",NA,"",""
"2589",199,1,2014,3,1,"10/8/2014","Coyote",2014-10-03 07:45:49,"","","","10/3/2014","7:45:49 AM","10/3/2014","7:51:03 AM",232,294,63,1,0,"N","","",NA,"2014_H199_S3_V1_E25_EK000274_BAIT_GONE","COYOTE REMOVES TREE BAIT"
"2590",199,1,2014,3,1,"10/8/2014","Coyote",2014-10-03 16:55:40,"","","","10/3/2014","4:55:40 PM","10/3/2014","4:56:43 PM",295,300,6,1,0,"N","","",NA,"",""
"2591",199,1,2014,3,2,"10/21/2014","Coyote",2014-10-16 07:30:29,"","","","10/16/2014","7:30:29 AM","10/16/2014","7:35:45 AM",253,297,45,1,0,"N","","",NA,"",""
"2592",199,1,2014,3,2,"10/21/2014","Coyote",2014-10-15 19:32:15,"","","","10/15/2014","7:32:15 PM","10/15/2014","11:22:17 PM",205,252,48,1,0,"N","","",NA,"",""
"2593",199,1,2014,3,2,"10/21/2014","Coyote",2014-10-15 12:31:07,"","","","10/15/2014","12:31:07 PM","10/15/2014","12:43:35 PM",88,204,117,1,0,"N","","",NA,"2014_h199_s3_v2_ek000141_coyote_with_stick","Coyote plays with stick"
"2594",199,1,2014,3,3,"11/4/2014","Coyote",2014-10-26 21:03:21,"","","","10/26/2014","9:03:21 PM","10/26/2014","9:05:55 PM",58,99,42,1,0,"N","","",NA,"",""
"2595",199,1,2014,3,3,"11/4/2014","Coyote",2014-10-27 03:05:33,"","","","10/27/2014","3:05:33 AM","10/27/2014","3:12:07 AM",106,135,30,1,0,"N","","",NA,"",""
"2596",199,1,2014,3,3,"11/4/2014","Coyote",2014-10-24 05:56:10,"","","","10/24/2014","5:56:10 AM","10/24/2014","5:56:25 AM",19,24,6,1,0,"N","","",NA,"",""
"2597",232,2,2016,3.1,3,"9/1/2016","Coyote",2016-08-28 18:18:28,"","","","8/28/2016","6:18:28 PM","8/28/2016","6:18:29 PM",196,198,3,1,0,"N","","",NA,"",""
"2598",234,1,2013,1,2,"10/20/2013","Coyote",2013-10-10 08:45:13,"","","","10/10/2013","8:45:13 AM","10/10/2013","8:46:06 AM",7,12,6,1,0,"N","","",0,"none",""
"2599",234,1,2013,3,1,"9/28/2013","Coyote",2013-09-25 23:51:16,"","","","9/25/2013","11:51:16 PM","9/25/2013","11:52:07 PM",58,69,12,1,0,"N","","",0,"none",""
"2600",235,1,2015,3,1,"6/12/2015","Coyote",2015-06-09 23:26:41,"","","","6/9/2015","11:26:41 PM","6/9/2015","11:27:53 PM",25,36,12,1,0,"N","","",NA,"",""
"2601",235,1,2015,3,2,"6/26/2015","Coyote",2015-06-17 04:35:00,"","","","6/17/2015","4:35:00 AM","6/17/2015","4:37:13 AM",7,12,6,1,0,"N","","",NA,"",""
"2602",235,1,2015,3,3,"7/10/2015","Coyote",2015-07-08 20:49:00,"","","","7/8/2015","8:49:00 PM","7/8/2015","8:53:06 PM",7,15,9,1,0,"N","","",NA,"",""
"2603",236,1,2014,1,2,"8/25/2014","Coyote",2014-08-19 00:58:55,"","","","8/19/2014","12:58:55 AM","8/19/2014","12:58:56 AM",7,9,3,1,0,"","","",NA,"",""
"2604",236,1,2014,1,3,"9/8/2014","Coyote",2014-09-01 09:30:24,"","","","9/1/2014","9:30:24 AM","9/1/2014","9:32:54 AM",4,18,15,1,NA,"","","",NA,"",""
"2605",237,1,2014,1,1,"8/12/2014","Coyote",2014-08-08 11:32:16,"","","","8/8/2014","11:32:16 AM","8/8/2014","11:32:19 AM",526,528,3,1,0,"N","","",NA,"",""
"2606",237,1,2014,1,3,"9/9/2014","Coyote",2014-09-06 04:21:48,"","","","9/6/2014","4:21:48 AM","9/6/2014","4:21:49 AM",103,105,3,1,0,"N","","",NA,"",""
"2607",237,1,2014,2,3,"9/9/2014","Coyote",2014-08-30 14:41:33,"","","","8/30/2014","2:41:33 PM","8/30/2014","2:51:03 PM",7,30,24,1,0,"N","","",NA,"",""
"2608",237,1,2014,2,3,"9/9/2014","Coyote",2014-09-04 14:21:02,"","","","9/4/2014","2:21:02 PM","9/4/2014","2:21:21 PM",43,48,6,1,0,"N","","",NA,"",""
"2609",238,1,2014,1,1,"6/11/2014","Coyote",2014-05-29 22:03:07,"","","","5/29/2014","10:03:07 PM","5/29/2014","10:06:31 PM",22,33,12,1,0,"N","","",NA,"","Time off: add 14 hrs and 19 days, change to May/June 2014"
"2610",240,2,2015,2,2,"8/20/2015","Coyote",2015-08-17 11:24:02,"","","","8/17/2015","11:24:02 AM","8/17/2015","11:37:01 AM",100,204,105,1,NA,"","","",NA,"2015-h240-s2-v2-coyote-EK000162",""
"2611",240,2,2015,2,3,"9/3/2015","Coyote",2015-08-25 05:36:12,"","","","8/25/2015","5:36:12 AM","8/25/2015","5:49:11 AM",259,390,132,1,0,"N","","",NA,"",""
"2612",240,2,2015,2,3,"9/3/2015","Coyote",2015-08-25 01:14:14,"","","","8/25/2015","1:14:14 AM","8/25/2015","1:41:17 AM",40,258,219,1,0,"N","","",NA,"",""
"2614",268,1,2014,3,3,"10/9/2014","Coyote",2014-09-27 19:15:58,"","","","9/27/2014","7:15:58 PM","9/27/2014","7:16:00 PM",1,3,3,1,0,"N","","",NA,"",""
"2615",269,1,2013,1,2,"10/16/2013","Coyote",2013-10-05 13:14:12,"","","","10/5/2013","1:14:12 PM","10/5/2013","1:22:55 PM",1,12,12,1,0,"N","","",0,"none",""
"2617",273,1,2015,1,3,"9/8/2015","Coyote",2015-09-04 04:20:34,"","","","9/4/2015","4:20:34 AM","9/4/2015","4:21:49 AM",139,150,12,1,NA,"N","","",NA,"",""
"2618",273,1,2015,2,3,"9/8/2015","Coyote",2015-09-04 02:07:03,"","","","9/4/2015","2:07:03 AM","9/4/2015","2:08:54 AM",238,258,21,1,0,"N","","",NA,"",""
"2619",309,1,2013,1,1,"9/28/2013","Coyote",2013-09-26 23:14:48,"","","","9/26/2013","11:14:48 PM","9/27/2013","12:28:11 AM",58,276,219,1,0,"N","","",0,"none",""
"2620",309,1,2013,1,1,"9/28/2013","Coyote",2013-09-26 14:32:08,"","","","9/26/2013","2:32:08 PM","9/26/2013","2:43:30 PM",7,57,51,1,0,"N","","",0,"none",""
"2621",309,1,2013,1,1,"9/28/2013","Coyote",2013-09-27 02:21:25,"","","","9/27/2013","2:21:25 AM","9/27/2013","2:43:05 AM",277,390,114,1,0,"N","","",0,"none",""
"2622",309,1,2013,1,1,"9/28/2013","Coyote",2013-09-27 04:25:44,"","","","9/27/2013","4:25:44 AM","9/27/2013","4:27:56 AM",391,402,12,1,0,"N","","",0,"none",""
"2623",309,1,2013,1,2,"10/20/2013","Coyote",2013-10-10 06:12:36,"","","","10/10/2013","6:12:36 AM","10/10/2013","6:41:00 AM",10,57,48,1,0,"N","","",0,"none",""
"2624",309,1,2013,2,2,"10/20/2013","Coyote",2013-10-16 03:48:15,"","","","10/16/2013","3:48:15 AM","10/16/2013","3:49:55 AM",67,87,21,1,0,"N","","",0,"none",""
"2625",309,2,2015,2,3,"7/8/2015","Coyote",2015-07-02 16:44:13,"","","","7/2/2015","4:44:13 PM","7/2/2015","4:45:44 PM",4,9,6,NA,NA,"","","",NA,"",""
"2626",310,1,2015,1,1,"9/24/2015","Coyote",2015-09-21 16:41:30,"","","","9/21/2015","4:41:30 PM","9/21/2015","4:43:16 PM",25,42,18,1,0,"N","","",NA,"",""
"2627",311,1,2015,3,1,"8/4/2015","Coyote",2015-08-01 03:10:03,"","","","8/1/2015","3:10:03 AM","8/1/2015","3:10:05 AM",10,12,3,1,0,"N","","",NA,"","back left"
"2628",313,2,2015,3,1,"6/11/2015","Coyote",2015-06-08 19:00:23,"","","","6/8/2015","7:00:23 PM","6/8/2015","7:00:43 PM",10,15,6,1,0,"N","","",NA,"",""
"2629",321,1,2014,1,1,"10/3/2014","Coyote",2014-09-28 07:18:04,"","","","9/28/2014","7:18:04 AM","9/28/2014","7:28:55 AM",10,72,63,1,0,"N","","",NA,"",""
"2630",321,1,2014,1,1,"10/3/2014","Coyote",2014-09-30 06:38:46,"","","","9/30/2014","6:38:46 AM","9/30/2014","6:39:21 AM",73,78,6,1,0,"N","","",NA,"",""
"2631",353,1,2014,1,2,"7/24/2014","Coyote",2014-07-16 23:41:24,"","","","7/16/2014","11:41:24 PM","7/17/2014","12:46:35 AM",4,69,66,1,0,"N","","",NA,"","changed to 7/2014, added 8 days and 10 hrs"
"2632",353,1,2014,3,1,"7/10/2014","Coyote",2014-07-06 01:17:39,"","","","7/6/2014","1:17:39 AM","7/6/2014","1:38:53 AM",10,21,12,1,0,"N","","",NA,"",""
"2633",353,2,2016,1,1,"7/25/2016","Coyote",2016-07-17 19:41:22,"","","","7/17/2016","7:41:22 PM","7/17/2016","7:41:23 PM",16,18,3,1,0,"N","","",NA,"",""
"2634",354,1,2015,3,1,"7/23/2015","Coyote",2015-07-18 04:56:44,"","","","7/18/2015","4:56:44 AM","7/18/2015","4:57:00 AM",22,27,6,1,NA,"","","",NA,"",""
"2635",354,1,2015,3,2,"8/6/2015","Coyote",2015-08-01 08:40:46,"","","","8/1/2015","8:40:46 AM","8/1/2015","8:40:47 AM",64,66,3,1,NA,"","","",NA,"","moving in back"
"2636",355,1,2015,2,3,"11/2/2015","Coyote",2015-10-23 13:01:51,"","","","10/23/2015","1:01:51 PM","10/23/2015","1:09:47 PM",49,57,9,1,0,"N","","",NA,"",""
"2637",355,1,2015,2,3,"11/2/2015","Coyote",2015-10-24 00:51:01,"","","","10/24/2015","12:51:01 AM","10/24/2015","12:54:06 AM",67,75,9,1,0,"N","","",NA,"",""
"2638",355,1,2015,2,3,"11/2/2015","Coyote",2015-10-22 21:10:15,"","","","10/22/2015","9:10:15 PM","10/22/2015","9:10:17 PM",46,48,3,1,0,"N","","",NA,"",""
"2639",355,1,2015,3,3,"11/2/2015","Coyote",2015-10-29 20:42:10,"","","","10/29/2015","8:42:10 PM","10/29/2015","8:42:11 PM",145,147,3,1,0,"N","","",NA,"",""
"2640",356,2,2015,3,3,"11/2/2015","Coyote",2015-10-26 00:59:30,"","","","10/26/2015","12:59:30 AM","10/26/2015","12:59:31 AM",46,48,3,1,0,"N","","",NA,"",""
"2641",356,2,2015,3,3,"11/2/2015","Coyote",2015-10-26 04:04:28,"","","","10/26/2015","4:04:28 AM","10/26/2015","4:17:52 AM",49,108,60,1,0,"N","","",NA,"",""
"2642",357,1,2014,1,3,"10/31/2014","Coyote",2014-10-22 06:12:01,"","","","10/22/2014","6:12:01 AM","10/22/2014","6:12:32 AM",37,42,6,1,0,"N","","",NA,"",""
"2643",357,1,2014,1,3,"10/31/2014","Coyote",2014-10-21 00:35:01,"","","","10/21/2014","12:35:01 AM","10/21/2014","12:40:00 AM",22,36,15,1,0,"N","","",NA,"",""
"2644",357,1,2014,2,1,"10/3/2014","Coyote",2014-09-30 01:28:21,"","","","9/30/2014","1:28:21 AM","9/30/2014","1:34:19 AM",250,267,18,1,0,"N","","",NA,"",""
"2645",357,1,2014,2,1,"10/3/2014","Coyote",2014-09-24 21:53:36,"","","","9/24/2014","9:53:36 PM","9/24/2014","10:35:55 PM",25,117,93,1,0,"N","","",NA,"2014_H357_S2_V2_E3_Coyote_bait_gone_EK000115","bait gone"
"2646",357,1,2014,2,1,"10/3/2014","Coyote",2014-09-25 00:18:44,"","","","9/25/2014","12:18:44 AM","9/25/2014","12:20:56 AM",118,129,12,1,0,"N","","",NA,"",""
"2647",357,1,2014,2,1,"10/3/2014","Coyote",2014-09-30 12:00:19,"","","","9/30/2014","12:00:19 PM","9/30/2014","12:00:38 PM",268,273,6,1,0,"N","","",NA,"",""
"2648",357,1,2014,2,1,"10/3/2014","Coyote",2014-09-25 19:48:58,"","","","9/25/2014","7:48:58 PM","9/25/2014","10:29:49 PM",181,219,39,1,0,"N","","",NA,"",""
"2649",357,1,2014,2,1,"10/3/2014","Coyote",2014-09-27 22:32:45,"","","","9/27/2014","10:32:45 PM","9/27/2014","11:48:15 PM",232,246,15,1,0,"N","","",NA,"",""
"2650",357,1,2014,2,1,"10/3/2014","Coyote",2014-09-26 00:34:50,"","","","9/26/2014","12:34:50 AM","9/26/2014","12:34:52 AM",220,222,3,1,0,"N","","",NA,"",""
"2651",357,1,2014,2,1,"10/3/2014","Coyote",2014-09-26 08:30:58,"","","","9/26/2014","8:30:58 AM","9/26/2014","8:31:17 AM",223,228,6,1,0,"N","","",NA,"",""
"2652",357,1,2014,2,1,"10/3/2014","Coyote",2014-09-25 12:12:11,"","","","9/25/2014","12:12:11 PM","9/25/2014","12:17:58 PM",163,180,18,1,0,"N","","",NA,"",""
"2653",357,1,2014,2,1,"10/3/2014","Coyote",2014-09-25 06:07:23,"","","","9/25/2014","6:07:23 AM","9/25/2014","6:12:01 AM",130,162,33,1,0,"N","","",NA,"",""
"2654",357,1,2014,2,2,"10/17/2014","Coyote",2014-10-13 22:09:48,"","","","10/13/2014","10:09:48 PM","10/13/2014","10:12:36 PM",43,54,12,1,0,"N","","",NA,"",""
"2655",357,1,2014,2,2,"10/17/2014","Coyote",2014-10-12 09:07:13,"","","","10/12/2014","9:07:13 AM","10/12/2014","9:22:48 AM",13,30,18,1,0,"N","","",NA,"2014_H357_S2_V2_E3_Coyote_BaitGone_EK000022","bait gone"
"2656",357,1,2014,2,2,"10/17/2014","Coyote",2014-10-13 00:16:49,"","","","10/13/2014","12:16:49 AM","10/13/2014","12:17:37 AM",31,39,9,1,0,"N","","",NA,"",""
"2657",357,1,2014,3,2,"10/17/2014","Coyote",2014-10-12 20:57:39,"","","","10/12/2014","8:57:39 PM","10/12/2014","8:59:44 PM",46,69,24,1,0,"N","","",NA,"",""
"2658",357,1,2014,3,2,"10/17/2014","Coyote",2014-10-16 20:56:31,"","","","10/16/2014","8:56:31 PM","10/16/2014","9:01:08 PM",73,102,30,1,0,"N","","",NA,"",""
"2659",357,1,2014,3,2,"10/17/2014","Coyote",2014-10-08 23:11:18,"","","","10/8/2014","11:11:18 PM","10/8/2014","11:14:12 PM",16,42,27,1,0,"N","","",NA,"",""
"2660",357,1,2014,3,3,"10/31/2014","Coyote",2014-10-31 02:19:47,"","","","10/31/2014","2:19:47 AM","10/31/2014","2:20:45 AM",25,39,15,1,0,"N","","",NA,"",""
"2661",357,1,2014,3,3,"10/31/2014","Coyote",2014-10-30 20:49:03,"","","","10/30/2014","8:49:03 PM","10/30/2014","8:49:04 PM",22,24,3,1,0,"N","","",NA,"",""
"2662",357,1,2014,3,3,"10/31/2014","Coyote",2014-10-28 07:33:13,"","","","10/28/2014","7:33:13 AM","10/28/2014","7:33:14 AM",19,21,3,1,0,"N","","",NA,"",""
"2663",357,1,2014,3,3,"10/31/2014","Coyote",2014-10-26 13:25:04,"","","","10/26/2014","1:25:04 PM","10/26/2014","1:26:10 PM",10,18,9,1,0,"N","","",NA,"2014_H357_S3_V3_EK000011_WET_COYOTE; 2014_H357_S3_V3_EK000015_COYOTE","Good daylight photos of wet coyote"
"2664",361,1,2015,1,3,"9/4/2015","Coyote",2015-08-31 02:35:20,"","","","8/31/2015","2:35:20 AM","8/31/2015","2:36:55 AM",19,30,12,1,NA,"","","",NA,"",""
"2665",361,1,2015,1,3,"9/4/2015","Coyote",2015-09-02 03:30:29,"","","","9/2/2015","3:30:29 AM","9/2/2015","3:34:03 AM",34,42,9,1,NA,"","","",NA,"",""
"2666",365,2,2016,2.1,3,"10/30/2016","Coyote",2016-10-22 05:16:16,"","","","10/22/2016","5:16:16 AM","10/22/2016","5:35:17 AM",25,189,165,1,0,"N","","",NA,"",""
"2667",365,2,2016,2.1,3,"10/30/2016","Coyote",2016-10-22 07:34:49,"","","","10/22/2016","7:34:49 AM","10/22/2016","7:38:11 AM",190,207,18,1,0,"N","","",NA,"",""
"2668",400,1,2013,2,1,"9/27/2013","Coyote",2013-09-27 04:16:55,"","","","9/27/2013","4:16:55 AM","9/27/2013","4:19:46 AM",4,27,24,1,0,"N","","",0,"none",""
"2669",400,1,2013,2,2,"10/19/2013","Coyote",2013-10-03 05:59:08,"","","","10/3/2013","5:59:08 AM","10/3/2013","6:01:19 AM",7,27,21,1,0,"N","","",0,"none",""
"2670",400,1,2013,2,3,"11/2/2013","Coyote",2013-10-30 05:29:05,"","","","10/30/2013","5:29:05 AM","10/30/2013","5:55:55 AM",265,345,81,1,0,"N","","",0,"none",""
"2671",400,1,2013,2,3,"11/2/2013","Coyote",2013-10-30 07:07:48,"","","","10/30/2013","7:07:48 AM","10/30/2013","7:08:57 AM",346,354,9,1,0,"N","","",0,"none",""
"2672",400,1,2013,2,3,"11/2/2013","Coyote",2013-10-31 16:10:13,"","","","10/31/2013","4:10:13 PM","10/31/2013","4:10:15 PM",367,369,3,1,0,"N","","",0,"none",""
"2673",400,1,2013,2,3,"11/2/2013","Coyote",2013-10-22 04:26:55,"","","","10/22/2013","4:26:55 AM","10/22/2013","4:29:34 AM",10,33,24,1,0,"N","","",0,"none",""
"2674",400,1,2013,2,3,"11/2/2013","Coyote",2013-10-29 02:03:59,"","","","10/29/2013","2:03:59 AM","10/29/2013","3:03:34 AM",58,255,198,1,0,"N","","",0,"none","bait gone by now"
"2675",401,1,2013,2,3,"9/4/2013","Coyote",2013-09-01 00:48:27,"","","","9/1/2013","12:48:27 AM","9/1/2013","12:49:40 AM",43,51,9,1,NA,"","","",NA,"",""
"2676",401,2,2015,1,2,"10/20/2015","Coyote",2015-10-17 19:33:57,"","","","10/17/2015","7:33:57 PM","10/17/2015","7:33:57 PM",160,162,3,1,0,"N","","",NA,"",""
"2677",402,2,2016,3,1,"9/28/2016","Coyote",2016-09-25 07:13:35,"","","","9/25/2016","7:13:35 AM","9/25/2016","7:13:37 AM",64,66,3,1,0,"N","","",NA,"",""
"2678",403,2,2016,2,3,"7/12/2016","Coyote",2016-07-07 06:34:16,"","","","7/7/2016","6:34:16 AM","7/7/2016","6:34:18 AM",100,102,3,1,0,"N","","",NA,"",""
"2679",405,2,2016,3,3,"7/12/2016","Coyote",2016-07-05 19:51:37,"","","","7/5/2016","7:51:37 PM","7/5/2016","7:52:29 PM",37,54,18,1,0,"N","","",NA,"",""
"2680",406,1,2013,1,1,"8/4/2013","Coyote",2013-07-22 00:37:52,"","","","7/22/2013","12:37:52 AM","7/22/2013","1:04:07 AM",10,66,57,1,0,"N","","",0,"none",""
"2681",406,1,2013,1,2,"8/18/2013","Coyote",2013-08-15 11:06:29,"","","","8/15/2013","11:06:29 AM","8/15/2013","11:07:39 AM",13,21,9,1,0,"N","","",0,"2013_H406_S2_V2_E4_Coyote_EK000016",""
"2682",406,1,2013,1,3,"9/4/2013","Coyote",2013-08-19 15:16:39,"","","","8/19/2013","3:16:39 PM","8/19/2013","3:16:41 PM",4,6,3,1,0,"N","","",0,"none",""
"2683",406,1,2013,1,3,"9/4/2013","Coyote",2013-08-27 01:39:11,"","","","8/27/2013","1:39:11 AM","8/27/2013","1:59:17 AM",10,69,60,1,0,"N","","",0,"none",""
"2684",406,1,2013,1,3,"9/4/2013","Coyote",2013-08-27 06:05:56,"","","","8/27/2013","6:05:56 AM","8/27/2013","6:10:05 AM",70,90,21,1,0,"N","","",0,"none",""
"2685",406,1,2013,1,3,"9/4/2013","Coyote",2013-08-27 21:52:37,"","","","8/27/2013","9:52:37 PM","8/27/2013","9:52:50 PM",91,96,6,1,0,"N","","",0,"none",""
"2686",406,1,2013,1,3,"9/4/2013","Coyote",2013-09-02 03:59:01,"","","","9/2/2013","3:59:01 AM","9/2/2013","4:02:07 AM",97,114,18,1,0,"N","","",0,"none",""
"2687",406,1,2013,1,3,"9/4/2013","Coyote",2013-09-02 13:58:13,"","","","9/2/2013","1:58:13 PM","9/2/2013","2:03:33 PM",115,162,48,1,0,"N","","",0,"2013_H406_S1_V3_E7_Coyote_EK000135",""
"2688",406,2,2015,1,1,"6/11/2015","Coyote",2015-06-07 17:08:48,"","","","6/7/2015","5:08:48 PM","6/7/2015","5:59:45 PM",25,153,129,1,NA,"","","",NA,"38, 40, 117",""
"2689",406,2,2015,1,2,"6/25/2015","Coyote",2015-06-14 08:02:26,"","","","6/14/2015","8:02:26 AM","6/14/2015","8:11:17 AM",4,42,39,1,0,"N","","",NA,"",""
"2690",406,2,2015,1,2,"6/25/2015","Coyote",2015-06-19 00:42:21,"","","","6/19/2015","12:42:21 AM","6/19/2015","12:45:53 AM",85,123,39,1,0,"N","","",NA,"",""
"2691",406,2,2015,1,2,"6/25/2015","Coyote",2015-06-25 04:18:31,"","","","6/25/2015","4:18:31 AM","6/25/2015","4:19:50 AM",190,201,12,1,0,"N","","",NA,"",""
"2692",406,2,2015,1,2,"6/25/2015","Coyote",2015-06-15 12:12:56,"","","","6/15/2015","12:12:56 PM","6/15/2015","12:17:55 PM",52,81,30,1,0,"N","","",NA,"",""
"2693",406,2,2015,1,2,"6/25/2015","Coyote",2015-06-19 02:23:20,"","","","6/19/2015","2:23:20 AM","6/19/2015","2:23:49 AM",124,132,9,1,0,"N","","",NA,"",""
"2694",406,2,2015,1,2,"6/25/2015","Coyote",2015-06-14 09:14:47,"","","","6/14/2015","9:14:47 AM","6/14/2015","9:15:41 AM",43,51,9,1,0,"N","","",NA,"",""
"2695",406,2,2015,1,2,"6/25/2015","Coyote",2015-06-25 00:18:53,"","","","6/25/2015","12:18:53 AM","6/25/2015","12:19:51 AM",172,189,18,1,0,"N","","",NA,"",""
"2696",406,2,2015,1,3,"7/9/2015","Coyote",2015-06-30 17:51:54,"","","","6/30/2015","5:51:54 PM","6/30/2015","5:51:56 PM",43,45,3,1,0,"N","","",NA,"",""
"2697",406,2,2015,1,3,"7/9/2015","Coyote",2015-07-06 17:13:32,"","","","7/6/2015","5:13:32 PM","7/6/2015","5:14:08 PM",73,84,12,1,0,"N","","",NA,"",""
"2698",406,2,2015,1,3,"7/9/2015","Coyote",2015-07-08 05:12:56,"","","","7/8/2015","5:12:56 AM","7/8/2015","5:13:51 AM",85,96,12,1,0,"N","","",NA,"",""
"2699",406,2,2015,1,3,"7/9/2015","Coyote",2015-06-27 03:06:51,"","","","6/27/2015","3:06:51 AM","6/27/2015","3:10:08 AM",7,42,36,1,0,"N","","",NA,"",""
"2700",406,2,2015,2,1,"6/11/2015","Coyote",2015-06-07 19:21:14,"","","","6/7/2015","7:21:14 PM","6/7/2015","7:27:14 PM",46,78,33,1,NA,"","","",NA,"",""
"2701",406,2,2015,2,2,"6/25/2015","Coyote",2015-06-24 23:26:01,"","","","6/24/2015","11:26:01 PM","6/24/2015","11:26:56 PM",235,246,12,1,0,"N","","",NA,"",""
"2702",406,2,2015,2,2,"6/25/2015","Coyote",2015-06-18 23:52:46,"","","","6/18/2015","11:52:46 PM","6/18/2015","11:53:41 PM",202,219,18,1,0,"N","","",NA,"",""
"2703",406,2,2015,2,2,"6/25/2015","Coyote",2015-06-15 23:25:22,"","","","6/15/2015","11:25:22 PM","6/15/2015","11:30:30 PM",151,192,42,1,0,"N","","",NA,"140,141",""
"2704",406,2,2015,2,2,"6/25/2015","Coyote",2015-06-15 11:32:55,"","","","6/15/2015","11:32:55 AM","6/15/2015","11:51:07 AM",136,150,15,1,0,"N","","",NA,"",""
"2705",406,2,2015,2,2,"6/25/2015","Coyote",2015-06-14 07:20:10,"","","","6/14/2015","7:20:10 AM","6/14/2015","7:23:56 AM",91,132,42,1,0,"N","","",NA,"",""
"2706",406,2,2015,2,2,"6/25/2015","Coyote",2015-06-12 23:32:31,"","","","6/12/2015","11:32:31 PM","6/12/2015","11:42:31 PM",16,75,60,1,0,"N","","",NA,"",""
"2707",406,2,2015,2,3,"7/9/2015","Coyote",2015-06-28 14:46:16,"","","","6/28/2015","2:46:16 PM","6/28/2015","2:48:24 PM",22,33,12,1,0,"N","","",NA,"",""
"2708",406,2,2015,2,3,"7/9/2015","Coyote",2015-07-05 00:14:26,"","","","7/5/2015","12:14:26 AM","7/5/2015","12:15:24 AM",106,123,18,1,0,"N","","",NA,"",""
"2709",406,2,2015,2,3,"7/9/2015","Coyote",2015-06-30 18:50:11,"","","","6/30/2015","6:50:11 PM","6/30/2015","6:50:12 PM",61,63,3,1,0,"N","","",NA,"",""
"2710",406,2,2015,3,1,"6/11/2015","Coyote",2015-05-29 15:01:21,"","","","5/29/2015","3:01:21 PM","5/29/2015","3:03:38 PM",157,171,15,1,NA,"","","",NA,"",""
"2711",406,2,2015,3,1,"6/11/2015","Coyote",2015-05-29 18:01:03,"","","","5/29/2015","6:01:03 PM","5/29/2015","6:04:26 PM",172,195,24,1,NA,"","","",NA,"",""
"2712",406,2,2015,3,1,"6/11/2015","Coyote",2015-05-29 22:48:10,"","","","5/29/2015","10:48:10 PM","5/29/2015","10:50:17 PM",196,216,21,1,NA,"","","",NA,"",""
"2713",406,2,2015,3,1,"6/11/2015","Coyote",2015-05-30 10:23:10,"","","","5/30/2015","10:23:10 AM","5/30/2015","10:41:46 AM",217,324,108,1,NA,"","","",NA,"",""
"2714",406,2,2015,3,1,"6/11/2015","Coyote",2015-06-02 21:57:59,"","","","6/2/2015","9:57:59 PM","6/2/2015","9:59:51 PM",538,552,15,1,NA,"","","",NA,"",""
"2715",406,2,2015,3,1,"6/11/2015","Coyote",2015-06-01 20:52:41,"","","","6/1/2015","8:52:41 PM","6/1/2015","8:54:10 PM",520,531,12,1,NA,"","","",NA,"",""
"2716",406,2,2015,3,1,"6/11/2015","Coyote",2015-06-01 16:01:28,"","","","6/1/2015","4:01:28 PM","6/1/2015","4:02:53 PM",505,519,15,1,NA,"","","",NA,"",""
"2717",406,2,2015,3,1,"6/11/2015","Coyote",2015-05-30 20:59:56,"","","","5/30/2015","8:59:56 PM","5/30/2015","9:14:57 PM",340,462,123,1,NA,"","","",NA,"",""
"2718",406,2,2015,3,1,"6/11/2015","Coyote",2015-05-31 00:09:47,"","","","5/31/2015","12:09:47 AM","5/31/2015","12:11:17 AM",463,480,18,1,0,"N","","",NA,"",""
"2719",406,2,2015,3,1,"6/11/2015","Coyote",2015-05-29 09:01:52,"","","","5/29/2015","9:01:52 AM","5/29/2015","9:29:43 AM",73,156,84,1,NA,"","","",NA,"",""
"2720",406,2,2015,3,1,"6/11/2015","Coyote",2015-05-29 04:26:27,"","","","5/29/2015","4:26:27 AM","5/29/2015","4:46:20 AM",25,72,48,1,NA,"","Y","Y",NA,"48","bait gone"
"2721",406,2,2015,3.1,2,"6/25/2015","Coyote",2015-06-18 21:58:17,"","","","6/18/2015","9:58:17 PM","6/18/2015","9:58:19 PM",193,195,3,1,0,"N","","",NA,"",""
"2722",406,2,2015,3.1,2,"6/25/2015","Coyote",2015-06-18 05:36:38,"","","","6/18/2015","5:36:38 AM","6/18/2015","5:36:59 AM",178,186,9,1,0,"N","","",NA,"",""
"2723",406,2,2015,3.1,2,"6/25/2015","Coyote",2015-06-14 05:05:48,"","","","6/14/2015","5:05:48 AM","6/14/2015","5:09:50 AM",76,126,51,1,0,"N","","",NA,"",""
"2724",406,2,2015,3.1,2,"6/25/2015","Coyote",2015-06-17 09:09:19,"","","","6/17/2015","9:09:19 AM","6/17/2015","9:09:42 AM",145,153,9,1,0,"N","","",NA,"",""
"2725",406,2,2015,3.1,2,"6/25/2015","Coyote",2015-06-15 10:59:20,"","","","6/15/2015","10:59:20 AM","6/15/2015","11:00:22 AM",127,144,18,1,0,"N","","",NA,"",""
"2726",406,2,2015,3.1,2,"6/25/2015","Coyote",2015-06-22 13:27:31,"","","","6/22/2015","1:27:31 PM","6/22/2015","1:27:46 PM",217,222,6,1,0,"N","","",NA,"",""
"2727",406,2,2015,3.1,2,"6/25/2015","Coyote",2015-06-13 06:40:02,"","","","6/13/2015","6:40:02 AM","6/13/2015","6:44:16 AM",13,75,63,1,0,"N","","",NA,"",""
"2728",406,2,2015,3.1,2,"6/25/2015","Coyote",2015-06-24 21:18:09,"","","","6/24/2015","9:18:09 PM","6/24/2015","9:18:10 PM",253,255,3,1,0,"N","","",NA,"",""
"2729",406,2,2015,3.2,3,"7/9/2015","Coyote",2015-06-28 18:51:38,"","","","6/28/2015","6:51:38 PM","6/28/2015","6:54:43 PM",55,75,21,1,0,"N","","",NA,"",""
"2730",406,2,2015,3.2,3,"7/9/2015","Coyote",2015-06-30 04:07:01,"","","","6/30/2015","4:07:01 AM","6/30/2015","4:08:08 AM",76,90,15,1,0,"N","","",NA,"",""
"2731",406,2,2015,3.2,3,"7/9/2015","Coyote",2015-06-28 13:36:42,"","","","6/28/2015","1:36:42 PM","6/28/2015","1:45:01 PM",19,54,36,1,0,"N","","",NA,"",""
"2732",411,1,2015,2,3,"7/14/2015","Coyote",2015-07-11 04:40:18,"","","","7/11/2015","4:40:18 AM","7/11/2015","4:46:18 AM",64,99,36,1,NA,"","","",NA,"",""
"2733",412,1,2013,3,3,"10/31/2013","Coyote",2013-10-28 20:37:16,"","","","10/28/2013","8:37:16 PM","10/28/2013","8:39:00 PM",16,24,9,1,0,"N","","",0,"none",""
"2734",412,1,2013,3,3,"10/31/2013","Coyote",2013-10-22 08:25:55,"","","","10/22/2013","8:25:55 AM","10/22/2013","8:26:00 AM",13,15,3,1,0,"N","","",0,"none",""
"2735",412,1,2013,3,3,"10/31/2013","Coyote",2013-10-30 05:07:49,"","","","10/30/2013","5:07:49 AM","10/30/2013","5:07:49 AM",28,30,3,1,0,"N","","",0,"none",""
"2736",414,2,2016,1,3,"10/24/2016","Coyote",2016-10-24 10:08:12,"","","","10/24/2016","10:08:12 AM","10/24/2016","10:14:06 AM",382,402,21,1,0,"N","","",NA,"",""
"2737",414,2,2016,1,3,"10/24/2016","Coyote",2016-10-23 10:51:58,"","","","10/23/2016","10:51:58 AM","10/23/2016","10:52:58 AM",346,360,15,1,0,"N","","",NA,"",""
"2738",414,2,2016,1,3,"10/24/2016","Coyote",2016-10-20 22:35:58,"","","","10/20/2016","10:35:58 PM","10/20/2016","11:17:46 PM",253,294,42,1,0,"N","","",NA,"",""
"2739",414,2,2016,1,3,"10/24/2016","Coyote",2016-10-21 12:40:07,"","","","10/21/2016","12:40:07 PM","10/21/2016","12:47:01 PM",295,315,21,1,0,"N","","",NA,"",""
"2740",414,2,2016,1,3,"10/24/2016","Coyote",2016-10-20 10:53:08,"","","","10/20/2016","10:53:08 AM","10/20/2016","10:58:19 AM",169,204,36,1,0,"N","","",NA,"",""
"2741",414,2,2016,1,3,"10/24/2016","Coyote",2016-10-20 18:55:51,"","","","10/20/2016","6:55:51 PM","10/20/2016","7:00:41 PM",205,249,45,1,0,"N","","",NA,"",""
"2742",450,1,2013,1,1,"10/1/2013","Coyote",2013-09-27 14:08:46,"","","","9/27/2013","2:08:46 PM","9/27/2013","2:17:35 PM",28,39,12,1,0,"N","","",NA,"",""
"2743",450,1,2013,1,1,"10/1/2013","Coyote",2013-09-17 19:31:33,"","","","9/17/2013","7:31:33 PM","9/17/2013","7:31:35 PM",16,18,3,1,0,"N","","",NA,"",""
"2744",450,1,2013,1,2,"10/15/2013","Coyote",2013-10-12 08:01:03,"","","","10/12/2013","8:01:03 AM","10/12/2013","8:08:45 AM",142,183,42,1,0,"N","","",NA,"",""
"2745",450,1,2013,1,2,"10/15/2013","Coyote",2013-10-13 21:54:00,"","","","10/13/2013","9:54:00 PM","10/13/2013","10:02:45 PM",190,252,63,1,0,"N","","",NA,"",""
"2746",450,1,2013,1,3,"10/29/2013","Coyote",2013-10-28 19:09:44,"","","","10/28/2013","7:09:44 PM","10/28/2013","7:12:39 PM",100,114,15,1,0,"N","","",NA,"",""
"2747",450,1,2013,1,3,"10/29/2013","Coyote",2013-10-21 20:39:19,"","","","10/21/2013","8:39:19 PM","10/21/2013","8:40:10 PM",16,21,6,2,0,"N","","",NA,"",""
"2748",450,1,2013,1,3,"10/29/2013","Coyote",2013-10-23 07:54:52,"","","","10/23/2013","7:54:52 AM","10/23/2013","7:55:01 AM",25,27,3,1,0,"N","","",NA,"",""
"2749",450,1,2013,3,2,"10/15/2013","Coyote",2013-10-05 05:21:01,"","","","10/5/2013","5:21:01 AM","10/5/2013","5:25:33 AM",73,96,24,1,0,"N","","",NA,"",""
"2750",450,1,2013,3,2,"10/15/2013","Coyote",2013-10-04 17:08:40,"","","","10/4/2013","5:08:40 PM","10/4/2013","5:12:13 PM",34,54,21,1,0,"N","","",NA,"",""
"2751",450,1,2013,3,2,"10/15/2013","Coyote",2013-10-04 18:42:35,"","","","10/4/2013","6:42:35 PM","10/4/2013","6:43:42 PM",55,63,9,1,0,"N","","",NA,"",""
"2752",450,1,2013,3,2,"10/15/2013","Coyote",2013-10-08 20:05:02,"","","","10/8/2013","8:05:02 PM","10/8/2013","8:14:14 PM",103,117,15,1,0,"N","","",NA,"",""
"2753",450,1,2013,3,2,"10/15/2013","Coyote",2013-10-12 17:40:11,"","","","10/12/2013","5:40:11 PM","10/12/2013","5:40:13 PM",121,123,3,1,0,"N","","",NA,"",""
"2754",450,2,2015,2,1,"9/9/2015","Coyote",2015-09-05 15:27:06,"","","","9/5/2015","3:27:06 PM","9/5/2015","3:27:08 PM",49,51,3,1,0,"N","","",NA,"",""
"2755",450,2,2015,2,2,"9/23/2015","Coyote",2015-09-21 23:23:27,"","","","9/21/2015","11:23:27 PM","9/21/2015","11:24:10 PM",46,51,6,1,0,"N","","",NA,"",""
"2756",450,2,2015,2,3,"10/7/2015","Coyote",2015-09-29 09:19:53,"","","","9/29/2015","9:19:53 AM","9/29/2015","9:58:06 AM",169,177,9,1,0,"N","","",NA,"",""
"2757",451,2,2016,1,2,"10/12/2016","Coyote",2016-10-09 20:19:46,"","","","10/9/2016","8:19:46 PM","10/9/2016","8:19:48 PM",19,21,3,1,0,"N","","",NA,"",""
"2758",451,2,2016,1,2,"10/12/2016","Coyote",2016-10-09 07:38:14,"","","","10/9/2016","7:38:14 AM","10/9/2016","7:38:15 AM",16,18,3,1,0,"N","","",NA,"",""
"2759",451,2,2016,1,2,"10/12/2016","Coyote",2016-10-09 04:31:14,"","","","10/9/2016","4:31:14 AM","10/9/2016","4:35:35 AM",10,15,6,1,0,"N","","",NA,"",""
"2760",451,2,2016,2,1,"9/28/2016","Coyote",2016-09-25 16:13:14,"","","","9/25/2016","4:13:14 PM","9/25/2016","4:38:33 PM",124,246,123,1,0,"N","","",NA,"",""
"2761",452,1,2013,2,1,"10/1/2013","Coyote",2013-10-01 08:44:04,"","","","10/1/2013","8:44:04 AM","10/1/2013","8:51:16 AM",31,42,12,1,0,"N","","",NA,"",""
"2762",452,1,2013,3,1,"10/1/2013","Coyote",2013-09-29 23:26:11,"","","","9/29/2013","11:26:11 PM","9/29/2013","11:26:32 PM",49,54,6,1,0,"N","","",NA,"",""
"2763",452,1,2013,3,2,"10/15/2013","Coyote",2013-10-03 05:45:14,"","","","10/3/2013","5:45:14 AM","10/3/2013","6:59:01 AM",19,33,15,1,0,"N","","",NA,"",""
"2764",452,1,2013,3,2,"10/15/2013","Coyote",2013-10-03 19:45:49,"","","","10/3/2013","7:45:49 PM","10/3/2013","7:45:51 PM",43,45,3,1,0,"N","","",NA,"",""
"2765",452,2,2015,1,2,"8/12/2015","Coyote",2015-08-08 10:14:09,"","","","8/8/2015","10:14:09 AM","8/8/2015","10:14:27 AM",25,30,6,1,0,"N","","",NA,"",""
"2766",452,2,2015,1,3,"8/26/2015","Coyote",2015-08-16 04:47:14,"","","","8/16/2015","4:47:14 AM","8/16/2015","4:48:52 AM",10,18,9,1,0,"N","","",NA,"",""
"2767",454,1,2014,1,3,"11/1/2014","Coyote",2014-10-29 23:58:43,"","","","10/29/2014","11:58:43 PM","10/29/2014","11:59:04 PM",37,42,6,1,0,"N","","",NA,"",""
"2768",454,2,2016,1,3,"7/8/2016","Coyote",2016-06-26 01:32:22,"","","","6/26/2016","1:32:22 AM","6/26/2016","1:32:49 AM",13,21,9,1,0,"N","","",NA,"",""
"2769",455,1,2013,3,2,"8/19/2013","Coyote",2013-08-16 20:03:35,"","","","8/16/2013","8:03:35 PM","8/16/2013","8:03:37 PM",19,21,3,1,0,"N","","",0,"none",""
"2770",463,2,2016,1,2,"8/18/2016","Coyote",2016-08-17 09:00:24,"","","","8/17/2016","9:00:24 AM","8/17/2016","9:20:21 AM",4,45,42,2,0,"N","","",NA,"",""
"2771",463,2,2016,1,2,"8/18/2016","Coyote",2016-08-18 06:33:56,"","","","8/18/2016","6:33:56 AM","8/18/2016","6:38:31 AM",127,138,12,1,0,"N","","",NA,"",""
"2772",463,2,2016,1,2,"8/18/2016","Coyote",2016-08-17 11:52:44,"","","","8/17/2016","11:52:44 AM","8/17/2016","11:58:03 AM",46,84,39,1,0,"N","","",NA,"",""
"2773",463,2,2016,1,2,"8/18/2016","Coyote",2016-08-18 04:31:00,"","","","8/18/2016","4:31:00 AM","8/18/2016","4:41:59 AM",85,126,42,1,0,"N","","",NA,"",""
"2774",463,2,2016,1,3,"9/2/2016","Coyote",2016-08-23 04:54:54,"","","","8/23/2016","4:54:54 AM","8/23/2016","4:57:57 AM",91,114,24,1,0,"N","","",NA,"",""
"2775",463,2,2016,1,3,"9/2/2016","Coyote",2016-08-30 20:20:59,"","","","8/30/2016","8:20:59 PM","8/30/2016","8:22:42 PM",895,912,18,1,0,"N","","",NA,"",""
"2776",463,2,2016,1,3,"9/2/2016","Coyote",2016-08-31 13:01:39,"","","","8/31/2016","1:01:39 PM","8/31/2016","1:13:33 PM",913,1029,117,1,0,"N","","",NA,"",""
"2777",463,2,2016,1,3,"9/2/2016","Coyote",2016-08-31 15:34:05,"","","","8/31/2016","3:34:05 PM","8/31/2016","3:39:08 PM",1030,1074,45,1,0,"N","","",NA,"",""
"2778",463,2,2016,1,3,"9/2/2016","Coyote",2016-08-24 18:58:26,"","","","8/24/2016","6:58:26 PM","8/24/2016","7:55:52 PM",403,450,48,1,0,"N","","",NA,"",""
"2779",463,2,2016,1,3,"9/2/2016","Coyote",2016-08-24 08:25:34,"","","","8/24/2016","8:25:34 AM","8/24/2016","9:15:20 AM",304,351,48,1,0,"N","","",NA,"",""
"2780",463,2,2016,1,3,"9/2/2016","Coyote",2016-08-24 05:57:04,"","","","8/24/2016","5:57:04 AM","8/24/2016","6:17:31 AM",115,303,189,1,0,"N","","",NA,"",""
"2781",463,2,2016,1,3,"9/2/2016","Coyote",2016-08-24 16:45:12,"","","","8/24/2016","4:45:12 PM","8/24/2016","4:48:57 PM",352,402,51,1,0,"N","","",NA,"",""
"2782",463,2,2016,1,3,"9/2/2016","Coyote",2016-08-30 09:55:00,"","","","8/30/2016","9:55:00 AM","8/30/2016","9:55:50 AM",883,894,12,1,0,"N","","",NA,"",""
"2783",463,2,2016,1,3,"9/2/2016","Coyote",2016-08-26 09:11:36,"","","","8/26/2016","9:11:36 AM","8/26/2016","9:12:25 AM",616,627,12,1,0,"N","","",NA,"",""
"2784",463,2,2016,1,3,"9/2/2016","Coyote",2016-08-21 22:51:08,"","","","8/21/2016","10:51:08 PM","8/21/2016","11:02:25 PM",49,90,42,1,0,"N","","",NA,"",""
"2785",463,2,2016,1,3,"9/2/2016","Coyote",2016-08-25 05:49:41,"","","","8/25/2016","5:49:41 AM","8/25/2016","5:49:43 AM",508,510,3,1,0,"N","","",NA,"",""
"2786",463,2,2016,1,3,"9/2/2016","Coyote",2016-08-20 20:36:23,"","","","8/20/2016","8:36:23 PM","8/20/2016","8:36:25 PM",31,33,3,1,0,"N","","",NA,"",""
"2787",463,2,2016,1,3,"9/2/2016","Coyote",2016-08-19 18:37:37,"","","","8/19/2016","6:37:37 PM","8/19/2016","6:37:39 PM",28,30,3,1,0,"N","","",NA,"",""
"2788",463,2,2016,1,3,"9/2/2016","Coyote",2016-08-19 07:44:17,"","","","8/19/2016","7:44:17 AM","8/19/2016","8:00:31 AM",7,27,21,1,0,"N","","",NA,"",""
"2789",463,2,2016,1,3,"9/2/2016","Coyote",2016-08-27 09:22:38,"","","","8/27/2016","9:22:38 AM","8/27/2016","9:24:04 AM",655,666,12,1,0,"N","","",NA,"",""
"2790",463,2,2016,1,3,"9/2/2016","Coyote",2016-08-25 04:07:59,"","","","8/25/2016","4:07:59 AM","8/25/2016","4:12:14 AM",451,507,57,1,0,"N","","",NA,"",""
"2791",463,2,2016,1,3,"9/2/2016","Coyote",2016-08-29 20:02:31,"","","","8/29/2016","8:02:31 PM","8/29/2016","8:04:28 PM",856,882,27,1,0,"N","","",NA,"",""
"2792",463,2,2016,1,3,"9/2/2016","Coyote",2016-08-25 08:14:34,"","","","8/25/2016","8:14:34 AM","8/25/2016","8:30:10 AM",511,564,54,1,0,"N","","",NA,"",""
"2793",463,2,2016,1,3,"9/2/2016","Coyote",2016-08-25 16:24:54,"","","","8/25/2016","4:24:54 PM","8/25/2016","4:29:55 PM",565,615,51,1,0,"N","","",NA,"",""
"2794",463,2,2016,1,3,"9/2/2016","Coyote",2016-08-21 20:41:24,"","","","8/21/2016","8:41:24 PM","8/21/2016","8:49:24 PM",37,48,12,1,0,"N","","",NA,"",""
"2795",463,2,2016,1,3,"9/2/2016","Coyote",2016-08-26 14:17:08,"","","","8/26/2016","2:17:08 PM","8/26/2016","2:19:40 PM",628,654,27,1,0,"N","","",NA,"",""
"2796",463,2,2016,1,3,"9/2/2016","Coyote",2016-08-27 20:33:38,"","","","8/27/2016","8:33:38 PM","8/27/2016","8:54:31 PM",826,852,27,1,0,"N","","",NA,"",""
"2797",463,2,2016,1,3,"9/2/2016","Coyote",2016-08-27 17:04:35,"","","","8/27/2016","5:04:35 PM","8/27/2016","5:56:25 PM",667,825,159,2,0,"N","","",NA,"",""
"2798",465,1,2015,1,1,"7/6/2015","Coyote",2015-07-03 07:00:54,"","","","7/3/2015","7:00:54 AM","7/3/2015","7:00:56 AM",13,15,3,1,0,"N","","",NA,"",""
"2799",465,1,2015,2,1,"7/6/2015","Coyote",2015-06-28 01:29:29,"","","","6/28/2015","1:29:29 AM","6/28/2015","1:29:30 AM",1,3,3,1,0,"N","","",NA,"",""
"2800",465,1,2015,2,1,"7/6/2015","Coyote",2015-06-29 02:56:03,"","","","6/29/2015","2:56:03 AM","6/29/2015","2:58:29 AM",4,21,18,1,0,"N","","",NA,"",""
"2801",465,1,2015,3,1,"7/6/2015","Coyote",2015-06-30 07:50:20,"","","","6/30/2015","7:50:20 AM","6/30/2015","7:50:24 AM",58,60,3,1,0,"N","","",NA,"",""
"2802",465,1,2015,3,1,"7/6/2015","Coyote",2015-07-01 05:32:09,"","","","7/1/2015","5:32:09 AM","7/1/2015","5:32:27 AM",61,66,6,1,0,"N","","",NA,"",""
"2810",501,1,2014,3,1,"10/9/2014","Coyote",2014-10-06 22:17:31,"","","","10/6/2014","10:17:31 PM","10/6/2014","10:17:56 PM",31,36,6,1,0,"N","","",NA,"",""
"2811",501,1,2014,3,1,"10/9/2014","Coyote",2014-10-06 20:04:34,"","","","10/6/2014","8:04:34 PM","10/6/2014","8:18:51 PM",4,30,27,1,0,"N","","",NA,"",""
"2812",501,2,2016,1,1,"8/18/2016","Coyote",2016-08-14 21:39:04,"","","","8/14/2016","9:39:04 PM","8/14/2016","9:39:22 PM",265,270,6,1,0,"N","","",NA,"",""
"2813",501,2,2016,1,1,"8/18/2016","Coyote",2016-08-13 05:05:54,"","","","8/13/2016","5:05:54 AM","8/13/2016","5:05:56 AM",262,264,3,1,0,"N","","",NA,"",""
"2814",501,2,2016,1,1,"8/18/2016","Coyote",2016-08-11 05:37:12,"","","","8/11/2016","5:37:12 AM","8/11/2016","6:29:55 AM",91,261,171,1,0,"N","","",NA,"",""
"2815",501,2,2016,1,1,"8/18/2016","Coyote",2016-08-16 21:12:00,"","","","8/16/2016","9:12:00 PM","8/16/2016","9:14:30 PM",283,291,9,1,0,"N","","",NA,"",""
"2816",501,2,2016,2,2,"9/1/2016","Coyote",2016-08-23 02:35:28,"","","","8/23/2016","2:35:28 AM","8/23/2016","2:36:40 AM",73,81,9,1,0,"N","","",NA,"",""
"2817",502,1,2013,1,1,"6/17/2013","Coyote",2013-06-16 21:23:40,"","","","6/16/2013","9:23:40 PM","6/16/2013","9:23:42 PM",32,34,3,1,0,"N","","",0,"none",""
"2818",502,1,2013,3,3,"7/15/2013","Coyote",2013-07-07 14:03:21,"","","","7/7/2013","2:03:21 PM","7/7/2013","2:03:55 PM",19,24,6,1,0,"N","","",0,"none",""
"2819",503,1,2013,1,1,"6/17/2013","Coyote",2013-06-01 23:04:37,"","","","6/1/2013","11:04:37 PM","6/1/2013","11:05:00 PM",169,174,6,1,0,"N","","",NA,"",""
"2820",503,1,2013,2,3,"7/15/2013","Coyote",2013-07-04 13:53:46,"","","","7/4/2013","1:53:46 PM","7/4/2013","1:54:25 PM",7,12,6,1,0,"N","","",NA,"",""
"2821",503,1,2013,2,3,"7/15/2013","Coyote",2013-07-05 23:21:30,"","","","7/5/2013","11:21:30 PM","7/5/2013","11:25:39 PM",31,39,9,1,0,"N","","",NA,"",""
"2822",503,1,2013,2,3,"7/15/2013","Coyote",2013-07-05 02:49:13,"","","","7/5/2013","2:49:13 AM","7/5/2013","2:58:44 AM",13,30,18,1,0,"N","","",NA,"",""
"2823",503,1,2013,3,3,"7/15/2013","Coyote",2013-07-15 07:20:26,"","","","7/15/2013","7:20:26 AM","7/15/2013","7:28:53 AM",7,51,45,1,0,"N","","",NA,"",""
"2824",503,2,2015,3,3,"10/7/2015","Coyote",2015-09-28 12:54:15,"","","","9/28/2015","12:54:15 PM","9/28/2015","1:08:54 PM",31,48,18,1,0,"N","","",NA,"",""
"2825",503,2,2015,3,3,"10/7/2015","Coyote",2015-09-27 20:48:35,"","","","9/27/2015","8:48:35 PM","9/27/2015","8:48:39 PM",28,30,3,1,0,"N","","",NA,"",""
"2826",505,1,2014,1,2,"6/25/2014","Coyote",2014-06-25 07:02:26,"","","","6/25/2014","7:02:26 AM","6/25/2014","7:05:22 AM",19,33,15,2,0,"N","","",NA,"2014-h505-s1-v2-2 coyotes-EK000029",""
"2827",505,1,2014,2,2,"6/25/2014","Coyote",2014-06-16 01:25:37,"","","","6/16/2014","1:25:37 AM","6/16/2014","1:31:43 AM",10,63,54,1,0,"N","","",NA,"",""
"2828",507,1,2014,1,1,"10/5/2014","Coyote",2014-10-05 05:20:06,"","","","10/5/2014","5:20:06 AM","10/5/2014","5:20:08 AM",28,30,3,1,0,"N","","",NA,"",""
"2829",514,1,2014,1,1,"10/7/2014","Coyote",2014-10-01 08:21:06,"","","","10/1/2014","8:21:06 AM","10/1/2014","8:21:07 AM",82,84,3,1,0,"N","","",NA,"",""
"2830",516,1,2014,3,1,"8/20/2014","Coyote",2014-08-20 00:06:43,"","","","8/20/2014","12:06:43 AM","8/20/2014","12:06:45 AM",43,45,3,1,0,"N","","",NA,"",""
"2831",516,1,2014,3,3,"9/17/2014","Coyote",2014-09-13 09:20:34,"","","","9/13/2014","9:20:34 AM","9/13/2014","9:20:35 AM",13,15,3,1,0,"N","","",NA,"",""
"2833",552,2,2016,1,1,"8/18/2016","Coyote",2016-08-18 04:13:01,"","","","8/18/2016","4:13:01 AM","8/18/2016","4:15:28 AM",40,45,6,1,0,"N","","",NA,"",""
"2834",552,2,2016,1,1,"8/18/2016","Coyote",2016-08-16 15:30:13,"","","","8/16/2016","3:30:13 PM","8/16/2016","3:31:23 PM",13,18,6,1,0,"N","","",NA,"",""
"2835",554,1,2014,1,1,"6/23/2014","Coyote",2014-06-20 08:00:02,"","","","6/20/2014","8:00:02 AM","6/20/2014","8:06:09 AM",70,102,33,1,0,"N","","",NA,"",""
"2836",554,1,2014,1,1,"6/23/2014","Coyote",2014-06-20 11:00:53,"","","","6/20/2014","11:00:53 AM","6/20/2014","11:01:53 AM",103,111,9,1,0,"N","","",NA,"",""
"2837",554,1,2014,1,2,"7/7/2014","Coyote",2014-06-29 00:37:24,"","","","6/29/2014","12:37:24 AM","6/29/2014","12:41:01 AM",24,32,9,1,0,"N","","",NA,"",""
"2838",554,1,2014,1,2,"7/7/2014","Coyote",2014-06-30 23:27:21,"","","","6/30/2014","11:27:21 PM","6/30/2014","11:31:38 PM",42,65,24,1,0,"N","","",NA,"",""
"2839",554,1,2014,1,2,"7/7/2014","Coyote",2014-07-05 00:52:14,"","","","7/5/2014","12:52:14 AM","7/5/2014","12:53:23 AM",90,98,9,1,0,"N","","",NA,"",""
"2840",554,1,2014,1,3,"7/21/2014","Coyote",2014-07-20 14:58:01,"","","","7/20/2014","2:58:01 PM","7/20/2014","2:58:37 PM",130,135,6,1,0,"N","","",NA,"",""
"2841",554,1,2014,1,3,"7/21/2014","Coyote",2014-07-21 05:35:31,"","","","7/21/2014","5:35:31 AM","7/21/2014","5:35:54 AM",139,144,6,1,0,"N","","",NA,"",""
"2842",554,1,2014,1,3,"7/21/2014","Coyote",2014-07-19 22:00:46,"","","","7/19/2014","10:00:46 PM","7/19/2014","10:02:17 PM",124,129,6,1,0,"N","","",NA,"",""
"2843",554,1,2014,1,3,"7/21/2014","Coyote",2014-07-20 16:18:45,"","","","7/20/2014","4:18:45 PM","7/20/2014","4:19:00 PM",136,138,3,1,0,"N","","",NA,"",""
"2844",554,1,2014,1,3,"7/21/2014","Coyote",2014-07-17 19:07:36,"","","","7/17/2014","7:07:36 PM","7/17/2014","7:17:01 PM",82,120,39,1,0,"N","","",NA,"",""
"2845",554,1,2014,1,3,"7/21/2014","Coyote",2014-07-13 07:37:16,"","","","7/13/2014","7:37:16 AM","7/13/2014","7:42:58 AM",7,15,9,1,0,"N","","",NA,"",""
"2846",554,1,2014,2,3,"7/21/2014","Coyote",2014-07-11 14:55:57,"","","","7/11/2014","2:55:57 PM","7/11/2014","2:58:58 PM",130,156,27,3,2,"N","","",NA,"140,142,144,151,152","Photos of coyote pack with pups"
"2847",554,1,2014,3,1,"6/23/2014","Coyote",2014-06-20 23:11:32,"","","","6/20/2014","11:11:32 PM","6/20/2014","11:15:11 PM",70,81,12,1,0,"N","","",NA,"",""
"2848",554,1,2014,3,1,"6/23/2014","Coyote",2014-06-17 01:45:38,"","","","6/17/2014","1:45:38 AM","6/17/2014","1:45:40 AM",67,69,3,1,0,"N","","",NA,"",""
"2849",554,1,2014,3,2,"7/7/2014","Coyote",2014-07-04 07:05:17,"","","","7/4/2014","7:05:17 AM","7/4/2014","7:10:59 AM",142,159,18,1,0,"N","","",NA,"",""
"2850",554,1,2014,3,2,"7/7/2014","Coyote",2014-07-07 09:17:00,"","","","7/7/2014","9:17:00 AM","7/7/2014","9:17:02 AM",169,171,3,1,0,"N","","",NA,"",""
"2851",554,1,2014,3,2,"7/7/2014","Coyote",2014-06-30 14:17:53,"","","","6/30/2014","2:17:53 PM","6/30/2014","2:22:32 PM",121,141,21,1,0,"N","","",NA,"",""
"2852",554,1,2014,3,2,"7/7/2014","Coyote",2014-06-29 12:36:28,"","","","6/29/2014","12:36:28 PM","6/29/2014","12:43:08 PM",91,108,18,1,0,"N","","",NA,"",""
"2853",554,1,2014,3,3,"7/21/2014","Coyote",2014-07-18 06:53:16,"","","","7/18/2014","6:53:16 AM","7/18/2014","6:53:18 AM",10,12,3,1,0,"N","","",NA,"",""
"2854",554,2,2016,2,1,"10/1/2016","Coyote",2016-09-26 03:21:29,"","","","9/26/2016","3:21:29 AM","9/26/2016","3:23:49 AM",112,135,24,1,0,"N","","",NA,"",""
"2855",554,2,2016,2,1,"10/1/2016","Coyote",2016-09-29 19:18:19,"","","","9/29/2016","7:18:19 PM","9/29/2016","7:20:42 PM",223,255,33,1,0,"N","","",NA,"",""
"2856",554,2,2016,2,1,"10/1/2016","Coyote",2016-09-25 18:02:21,"","","","9/25/2016","6:02:21 PM","9/25/2016","6:05:33 PM",76,111,36,1,0,"N","","",NA,"",""
"2857",554,2,2016,2,3,"10/29/2016","Coyote",2016-10-29 03:40:59,"","","","10/29/2016","3:40:59 AM","10/29/2016","3:41:00 AM",148,150,3,1,0,"N","","",NA,"",""
"2858",555,1,2014,2,1,"10/9/2014","Coyote",2014-10-03 21:27:35,"","","","10/3/2014","9:27:35 PM","10/3/2014","9:32:21 PM",67,102,36,1,0,"N","","",NA,"","#102 coyote gets last of bait"
"2859",555,1,2014,2,2,"10/23/2014","Coyote",2014-10-20 01:03:02,"","","","10/20/2014","1:03:02 AM","10/20/2014","1:07:15 AM",13,18,6,1,0,"N","","",NA,"","#013-cubby already gone, tree bait 1/3 gone.  Rest of tree bait gone #16"
"2860",555,1,2014,2,2,"10/23/2014","Coyote",2014-10-20 08:26:34,"","","","10/20/2014","8:26:34 AM","10/20/2014","8:26:35 AM",19,21,3,1,0,"N","","",NA,"",""
"2861",555,1,2014,2,3,"11/6/2014","Coyote",2014-10-30 02:38:05,"","","","10/30/2014","2:38:05 AM","10/30/2014","2:38:09 AM",22,24,3,1,0,"N","","",NA,"",""
"2862",555,1,2014,3,2,"10/23/2014","Coyote",2014-10-23 10:10:48,"","","","10/23/2014","10:10:48 AM","10/23/2014","10:12:38 AM",16,30,15,1,0,"N","","",NA,"","#16- cubby gone"
"2863",555,1,2014,3,3,"11/6/2014","Coyote",2014-11-02 11:20:27,"","","","11/2/2014","11:20:27 AM","11/2/2014","11:20:31 AM",64,66,3,1,0,"N","","",NA,"",""
"2864",555,2,2016,2.1,3,"10/29/2016","Coyote",2016-10-17 07:03:40,"","","","10/17/2016","7:03:40 AM","10/17/2016","7:06:40 AM",157,204,48,1,0,"N","","",NA,"",""
"2865",555,2,2016,2.1,3,"10/29/2016","Coyote",2016-10-18 05:06:15,"","","","10/18/2016","5:06:15 AM","10/18/2016","5:07:32 AM",205,222,18,1,0,"N","","",NA,"",""
"2866",555,2,2016,2.1,3,"10/29/2016","Coyote",2016-10-16 21:54:36,"","","","10/16/2016","9:54:36 PM","10/16/2016","10:04:48 PM",28,147,120,1,0,"N","Y","",NA,"92","coyote takes bait"
"2867",555,2,2016,2.1,3,"10/29/2016","Coyote",2016-10-19 23:00:19,"","","","10/19/2016","11:00:19 PM","10/19/2016","11:01:05 PM",241,252,12,1,0,"N","","",NA,"",""
"2868",555,2,2016,2.1,3,"10/29/2016","Coyote",2016-10-20 12:33:25,"","","","10/20/2016","12:33:25 PM","10/20/2016","12:33:26 PM",253,255,3,1,0,"N","","",NA,"",""
"2869",555,2,2016,2.1,3,"10/29/2016","Coyote",2016-10-22 06:06:14,"","","","10/22/2016","6:06:14 AM","10/22/2016","6:06:26 AM",256,261,6,1,0,"N","","",NA,"",""
"2870",556,1,2015,1,1,"6/13/2015","Coyote",2015-06-09 05:16:30,"","","","6/9/2015","5:16:30 AM","6/9/2015","5:46:17 AM",10,30,21,1,0,"N","","",NA,"",""
"2871",557,1,2015,1,2,"6/30/2015","Coyote",2015-06-30 08:57:59,"","","","6/30/2015","8:57:59 AM","6/30/2015","8:57:59 AM",13,15,3,1,0,"N","","",NA,"",""
"2872",557,1,2015,3,3,"7/14/2015","Coyote",2015-07-06 10:11:04,"","","","7/6/2015","10:11:04 AM","7/6/2015","10:11:20 AM",10,15,6,1,0,"N","","",NA,"",""
"2873",560,1,2013,3,1,"8/22/2013","Coyote",2013-08-21 19:51:06,"","","","8/21/2013","7:51:06 PM","8/21/2013","7:53:49 PM",22,27,6,1,0,"N","","",NA,"",""
"2874",560,1,2013,3,3,"9/19/2013","Coyote",2013-09-18 22:32:25,"","","","9/18/2013","10:32:25 PM","9/18/2013","10:35:34 PM",157,174,18,1,0,"N","","",NA,"",""
"2875",560,1,2013,3,3,"9/19/2013","Coyote",2013-09-10 01:27:41,"","","","9/10/2013","1:27:41 AM","9/10/2013","2:14:48 AM",37,156,120,1,0,"N","","",NA,"",""
"2876",561,1,2014,2,3,"10/30/2014","Coyote",2014-10-24 02:37:20,"","","","10/24/2014","2:37:20 AM","10/24/2014","3:04:54 AM",10,24,15,1,0,"N","","",NA,"","change to Oct 2014, subtract 4 days and 8 hrs"
"2877",562,1,2013,2,2,"7/5/2013","Coyote",2013-06-27 06:40:50,"","","","6/27/2013","6:40:50 AM","6/27/2013","6:41:57 AM",85,96,12,1,0,"N","","",0,"2013_h562_s2_v2_e6_coyote_PICT0090",""
"2878",562,1,2013,2,2,"7/5/2013","Coyote",2013-06-29 03:35:21,"","","","6/29/2013","3:35:21 AM","6/29/2013","3:36:09 AM",124,132,9,1,0,"N","","",0,"2013_h562_s2_v2_e9_coyote_PICT0130",""
"2879",562,2,2015,1,1,"9/30/2015","Coyote",2015-09-29 02:23:24,"","","","9/29/2015","2:23:24 AM","9/29/2015","2:34:44 AM",322,351,30,1,0,"N","","",NA,"",""
"2880",562,2,2015,1,1,"9/30/2015","Coyote",2015-09-30 08:56:26,"","","","9/30/2015","8:56:26 AM","9/30/2015","8:57:04 AM",373,378,6,1,0,"N","","",NA,"",""
"2881",562,2,2015,1,1,"9/30/2015","Coyote",2015-09-24 07:14:26,"","","","9/24/2015","7:14:26 AM","9/24/2015","7:14:55 AM",277,282,6,1,0,"N","","",NA,"",""
"2882",562,2,2015,1,3,"10/26/2015","Coyote",2015-10-21 13:45:28,"","","","10/21/2015","1:45:28 PM","10/21/2015","1:47:52 PM",169,177,9,1,0,"N","","",NA,"",""
"2883",562,2,2015,3,1,"9/30/2015","Coyote",2015-09-27 03:56:17,"","","","9/27/2015","3:56:17 AM","9/27/2015","3:59:13 AM",22,54,33,1,0,"N","","",NA,"",""
"2884",562,2,2015,3,1,"9/30/2015","Coyote",2015-09-30 05:49:36,"","","","9/30/2015","5:49:36 AM","9/30/2015","5:50:20 AM",55,66,12,1,0,"N","","",NA,"",""
"2885",562,2,2015,3,1,"9/30/2015","Coyote",2015-09-24 10:12:12,"","","","9/24/2015","10:12:12 AM","9/24/2015","10:12:43 AM",13,18,6,1,0,"N","","",NA,"",""
"2886",562,2,2015,3,2,"10/12/2015","Coyote",2015-10-07 09:26:12,"","","","10/7/2015","9:26:12 AM","10/7/2015","9:27:32 AM",13,27,15,1,0,"N","","",NA,"",""
"2887",562,2,2015,3,3,"10/26/2015","Coyote",2015-10-13 08:27:33,"","","","10/13/2015","8:27:33 AM","10/13/2015","8:27:35 AM",7,9,3,1,0,"N","","",NA,"",""
"2888",563,1,2013,1,2,"9/13/2013","Coyote",2013-09-11 08:40:05,"","","","9/11/2013","8:40:05 AM","9/11/2013","8:45:22 AM",52,63,12,1,0,"N","","",0,"none",""
"2889",565,1,2013,2,4,"11/5/2013","Coyote",2013-11-05 03:24:47,"","","","11/5/2013","3:24:47 AM","11/5/2013","3:56:05 AM",115,291,177,0,0,"N","Y","",NA,"243-coyote getting chicken",""
"2890",565,1,2013,2,4,"11/5/2013","Coyote",2013-10-29 08:16:21,"","","","10/29/2013","8:16:21 AM","10/29/2013","8:28:28 AM",13,51,39,2,0,"N","","",NA,"",""
"2891",565,1,2013,2,4,"11/5/2013","Coyote",2013-11-04 08:00:19,"","","","11/4/2013","8:00:19 AM","11/4/2013","8:02:56 AM",67,81,15,1,0,"N","","",NA,"",""
"2892",565,1,2013,2,4,"11/5/2013","Coyote",2013-11-04 23:33:20,"","","","11/4/2013","11:33:20 PM","11/4/2013","11:38:34 PM",85,114,30,1,0,"N","","",NA,"",""
"2893",565,1,2013,3,1,"9/24/2013","Coyote",2013-09-24 11:39:04,"","","","9/24/2013","11:39:04 AM","9/24/2013","11:39:05 AM",10,12,3,1,0,"N","","",NA,"",""
"2894",565,1,2013,3,3,"10/22/2013","Coyote",2013-10-15 06:39:43,"","","","10/15/2013","6:39:43 AM","10/15/2013","7:16:12 AM",10,18,9,1,0,"N","","",NA,"",""
"2895",565,1,2013,3,3,"10/22/2013","Coyote",2013-10-18 00:20:33,"","","","10/18/2013","12:20:33 AM","10/18/2013","12:22:14 AM",22,30,9,1,0,"N","","",NA,"",""
"2896",565,1,2013,3,3,"10/22/2013","Coyote",2013-10-18 18:28:58,"","","","10/18/2013","6:28:58 PM","10/18/2013","6:29:02 PM",31,33,3,1,0,"N","","",NA,"",""
"2897",565,1,2013,3,3,"10/22/2013","Coyote",2013-10-14 23:47:02,"","","","10/14/2013","11:47:02 PM","10/14/2013","11:47:05 PM",7,9,3,1,0,"N","","",NA,"",""
"2898",565,1,2013,3,4,"11/5/2013","Coyote",2013-10-26 03:07:47,"","","","10/26/2013","3:07:47 AM","10/26/2013","3:10:28 AM",10,18,9,1,0,"N","","",NA,"",""
"2899",565,1,2013,3,4,"11/5/2013","Coyote",2013-10-25 11:34:11,"","","","10/25/2013","11:34:11 AM","10/25/2013","11:34:38 AM",4,9,6,1,0,"N","","",NA,"",""
"2900",565,1,2013,3,4,"11/5/2013","Coyote",2013-11-03 08:44:42,"","","","11/3/2013","8:44:42 AM","11/3/2013","8:45:12 AM",22,27,6,1,0,"N","","",NA,"",""
"2901",565,1,2013,3,4,"11/5/2013","Coyote",2013-10-25 07:49:29,"","","","10/25/2013","7:49:29 AM","10/25/2013","7:49:33 AM",1,3,3,1,0,"N","","",NA,"",""
"2902",565,1,2013,3,4,"11/5/2013","Coyote",2013-10-30 08:17:03,"","","","10/30/2013","8:17:03 AM","10/30/2013","8:17:06 AM",19,21,3,1,0,"N","","",NA,"",""
"2903",565,2,2015,1,1,"8/6/2015","Coyote",2015-08-05 11:43:04,"","","","8/5/2015","11:43:04 AM","8/5/2015","11:46:22 AM",40,63,24,2,0,"N","","",NA,"2015-h565-s1-v1-coyotes-EK000053",""
"2904",565,2,2015,1,2,"8/20/2015","Coyote",2015-08-11 09:38:58,"","","","8/11/2015","9:38:58 AM","8/11/2015","9:57:26 AM",19,138,120,1,0,"N","","",NA,"",""
"2905",565,2,2015,2,1,"8/6/2015","Coyote",2015-07-27 04:27:31,"","","","7/27/2015","4:27:31 AM","7/27/2015","4:27:33 AM",61,63,3,1,0,"N","","",NA,"",""
"2906",565,2,2015,3,3,"9/3/2015","Coyote",2015-08-26 19:37:03,"","","","8/26/2015","7:37:03 PM","8/26/2015","7:38:19 PM",10,21,12,1,NA,"","","",NA,"",""
"2907",600,2,2015,2,1,"10/3/2015","Coyote",2015-09-28 07:48:40,"","","","9/28/2015","7:48:40 AM","9/28/2015","7:48:53 AM",154,159,6,1,0,"N","","",NA,"",""
"2908",602,1,2015,3,2,"6/25/2015","Coyote",2015-06-14 06:50:59,"","","","6/14/2015","6:50:59 AM","6/14/2015","6:59:24 AM",7,54,48,1,NA,"","","",NA,"",""
"2909",605,2,2015,2.1,1,"10/3/2015","Coyote",2015-09-23 23:37:34,"","","","9/23/2015","11:37:34 PM","9/24/2015","12:47:24 AM",55,153,99,1,NA,"","","",NA,"80 skunk and coyote, skunk sprays quite a bit",""
"2910",605,2,2015,2.1,3,"10/31/2015","Coyote",2015-10-20 05:03:34,"","","","10/20/2015","5:03:34 AM","10/20/2015","5:05:23 AM",85,90,6,1,0,"N","","",NA,"",""
"2911",607,2,2015,1,2,"10/14/2015","Coyote",2015-10-03 05:49:31,"","","","10/3/2015","5:49:31 AM","10/3/2015","5:49:40 AM",60,65,6,1,0,"N","","",NA,"",""
"2912",607,2,2015,1,2,"10/14/2015","Coyote",2015-10-02 21:26:35,"","","","10/2/2015","9:26:35 PM","10/2/2015","10:02:09 PM",42,59,18,1,0,"N","","",NA,"",""
"2913",607,2,2015,1,2,"10/14/2015","Coyote",2015-10-04 05:17:35,"","","","10/4/2015","5:17:35 AM","10/4/2015","5:19:11 AM",69,86,18,1,0,"N","","",NA,"",""
"2914",607,2,2015,1,2,"10/14/2015","Coyote",2015-10-02 06:03:23,"","","","10/2/2015","6:03:23 AM","10/2/2015","6:03:24 AM",39,41,3,1,0,"N","","",NA,"",""
"2917",609,2,2014,1,1,"9/10/2014","Coyote",2014-09-06 06:21:09,"","","","9/6/2014","6:21:09 AM","9/6/2014","6:22:23 AM",64,87,24,1,0,"N","","",NA,"",""
"2918",609,2,2014,1,1,"9/10/2014","Coyote",2014-09-07 07:35:17,"","","","9/7/2014","7:35:17 AM","9/7/2014","7:38:02 AM",94,111,18,1,0,"N","","",NA,"",""
"2919",609,2,2014,1,2,"9/24/2014","Coyote",2014-09-22 01:11:31,"","","","9/22/2014","1:11:31 AM","9/22/2014","1:13:40 AM",28,42,15,1,0,"N","","",NA,"",""
"2920",609,2,2014,1,2,"9/24/2014","Coyote",2014-09-22 07:34:33,"","","","9/22/2014","7:34:33 AM","9/22/2014","7:35:32 AM",43,60,18,1,0,"N","","",NA,"",""
"2921",609,2,2014,1,2,"9/24/2014","Coyote",2014-09-19 06:34:09,"","","","9/19/2014","6:34:09 AM","9/19/2014","6:38:23 AM",10,21,12,1,0,"N","","",NA,"",""
"2922",609,2,2014,1,3,"10/8/2014","Coyote",2014-10-02 06:49:41,"","","","10/2/2014","6:49:41 AM","10/2/2014","6:54:20 AM",16,45,30,1,0,"N","","",NA,"",""
"2923",609,2,2014,1,3,"10/8/2014","Coyote",2014-09-30 13:22:08,"","","","9/30/2014","1:22:08 PM","9/30/2014","1:22:11 PM",13,15,3,1,0,"N","","",NA,"",""
"2924",609,2,2014,3,2,"9/24/2014","Coyote",2014-09-13 05:46:01,"","","","9/13/2014","5:46:01 AM","9/13/2014","5:49:06 AM",16,30,15,1,0,"N","","",NA,"",""
"2925",609,2,2014,3,2,"9/24/2014","Coyote",2014-09-10 18:39:50,"","","","9/10/2014","6:39:50 PM","9/10/2014","6:40:35 PM",4,12,9,1,0,"N","","",NA,"",""
"2926",609,2,2014,3,4,"10/23/2014","Coyote",2014-10-13 03:11:55,"","","","10/13/2014","3:11:55 AM","10/13/2014","3:18:48 AM",7,24,18,1,0,"N","","",NA,"",""
"2927",609,3,2016,2,3,"10/13/2016","Coyote",2016-10-11 14:38:26,"","","","10/11/2016","2:38:26 PM","10/11/2016","2:50:50 PM",511,627,117,1,0,"N","","",NA,"",""
"2928",609,3,2016,2,3,"10/13/2016","Coyote",2016-10-03 04:01:45,"","","","10/3/2016","4:01:45 AM","10/3/2016","4:37:53 AM",322,372,51,1,0,"N","","",NA,"",""
"2929",609,3,2016,2,3,"10/13/2016","Coyote",2016-10-04 01:11:59,"","","","10/4/2016","1:11:59 AM","10/4/2016","1:18:55 AM",433,447,15,1,0,"N","","",NA,"",""
"2930",609,3,2016,3,3,"10/13/2016","Coyote",2016-10-06 06:51:40,"","","","10/6/2016","6:51:40 AM","10/6/2016","6:56:43 AM",25,72,48,1,0,"N","","",NA,"",""
"2936",633,2,2015,3,4,"9/25/2015","Coyote",2015-09-21 00:10:51,"","","","9/21/2015","12:10:51 AM","9/21/2015","12:19:10 AM",64,84,21,1,0,"N","","",NA,"",""
"2937",645,2,2015,2,3,"10/20/2015","Coyote",2015-10-09 07:05:16,"","","","10/9/2015","7:05:16 AM","10/9/2015","7:05:41 AM",58,63,6,1,0,"N","","",NA,"",""
"2938",647,1,2014,3,2,"7/31/2014","Coyote",2014-07-27 10:58:06,"","","","7/27/2014","10:58:06 AM","7/27/2014","11:01:01 AM",29,55,27,1,0,"N","","",NA,"",""
"2939",656,1,2013,3.1,3,"8/1/2013","Coyote",2013-07-24 03:21:52,"","","","7/24/2013","3:21:52 AM","7/24/2013","3:23:26 AM",25,39,15,1,0,"N","","",0,"2013_H656_S3.2_V3_E2_Coyote_EK000032",""
"2940",656,1,2013,3.1,3,"8/1/2013","Coyote",2013-07-25 01:03:31,"","","","7/25/2013","1:03:31 AM","7/25/2013","1:03:32 AM",106,108,3,1,0,"N","","",0,"none",""
"2941",656,1,2013,3.1,3,"8/1/2013","Coyote",2013-07-25 03:13:22,"","","","7/25/2013","3:13:22 AM","7/25/2013","3:13:53 AM",109,114,6,1,0,"N","","",0,"none",""
"2942",656,2,2015,2,1,"9/20/2015","Coyote",2015-09-19 20:56:31,"","","","9/19/2015","8:56:31 PM","9/19/2015","8:59:06 PM",19,33,15,1,0,"N","","",NA,"",""
"2943",656,2,2015,2,1,"9/20/2015","Coyote",2015-09-16 07:38:16,"","","","9/16/2015","7:38:16 AM","9/16/2015","7:39:14 AM",10,18,9,1,0,"N","","",NA,"",""
"2944",656,2,2015,2,2,"10/5/2015","Coyote",2015-09-26 12:14:31,"","","","9/26/2015","12:14:31 PM","9/26/2015","12:15:54 PM",196,204,9,1,0,"N","","",NA,"",""
"2945",656,2,2015,2,2,"10/5/2015","Coyote",2015-10-03 00:44:37,"","","","10/3/2015","12:44:37 AM","10/3/2015","12:44:54 AM",217,222,6,1,0,"N","","",NA,"",""
"2946",734,1,2014,2,2,"8/28/2014","Coyote",2014-08-25 20:27:40,"","","","8/25/2014","8:27:40 PM","8/25/2014","8:27:42 PM",43,45,3,1,0,"N","","",NA,"",""
"2947",734,1,2014,2,3,"9/11/2014","Coyote",2014-09-05 21:58:41,"","","","9/5/2014","9:58:41 PM","9/5/2014","10:19:40 PM",31,48,18,1,0,"N","","",NA,"",""
"2948",735,1,2016,2,3,"7/19/2016","Coyote",2016-07-17 00:50:16,"","","","7/17/2016","12:50:16 AM","7/17/2016","12:50:47 AM",13,21,9,1,0,"N","","",NA,"",""
"2949",735,1,2016,2,3,"7/19/2016","Coyote",2016-07-18 00:16:03,"","","","7/18/2016","12:16:03 AM","7/18/2016","12:16:05 AM",22,24,3,1,0,"N","","",NA,"",""
"2950",736,1,2015,1,3,"7/27/2015","Coyote",2015-07-25 22:10:37,"","","","7/25/2015","10:10:37 PM","7/25/2015","10:10:39 PM",19,21,3,1,NA,"","","",NA,"",""
"2951",736,1,2015,2,2,"7/13/2015","Coyote",2015-07-12 16:40:59,"","","","7/12/2015","4:40:59 PM","7/12/2015","4:49:08 PM",49,63,15,1,NA,"","","",NA,"",""
"2952",736,1,2015,2,3,"7/27/2015","Coyote",2015-07-20 01:50:23,"","","","7/20/2015","1:50:23 AM","7/20/2015","1:59:45 AM",127,144,18,1,NA,"","","",NA,"",""
"2953",746,1,2015,2,3,"7/13/2015","Coyote",2015-07-10 02:13:39,"","","","7/10/2015","2:13:39 AM","7/10/2015","2:14:08 AM",10,15,6,1,0,"N","","",NA,"",""
"2954",746,1,2015,3,3,"7/13/2015","Coyote",2015-07-02 23:12:53,"","","","7/2/2015","11:12:53 PM","7/2/2015","11:12:55 PM",4,6,3,1,0,"N","","",NA,"",""
"2955",746,1,2015,3,3,"7/13/2015","Coyote",2015-07-12 11:53:59,"","","","7/12/2015","11:53:59 AM","7/12/2015","11:54:01 AM",7,9,3,1,0,"N","","",NA,"9",""
"2956",756,1,2015,2,2,"8/17/2015","Coyote",2015-08-16 18:19:20,"","","","8/16/2015","6:19:20 PM","8/16/2015","6:20:22 PM",4,12,9,2,0,"N","","",NA,"",""
"2957",756,1,2015,2,3,"8/31/2015","Coyote",2015-08-27 18:26:07,"","","","8/27/2015","6:26:07 PM","8/27/2015","6:31:02 PM",13,33,21,1,0,"N","","",NA,"",""
"2958",756,1,2015,2,3,"8/31/2015","Coyote",2015-08-18 03:14:24,"","","","8/18/2015","3:14:24 AM","8/18/2015","3:14:46 AM",4,9,6,1,0,"N","","",NA,"",""
"2959",765,1,2014,2,3,"10/20/2014","Coyote",2014-10-09 22:17:33,"","","","10/9/2014","10:17:33 PM","10/9/2014","10:17:35 PM",4,6,3,1,0,"N","","",NA,"",""
"2960",775,1,2014,3,1,"6/16/2014","Coyote",2014-06-15 11:51:50,"","","","6/15/2014","11:51:50 AM","6/15/2014","11:51:52 AM",106,108,3,1,0,"N","","",NA,"",""
"2961",775,1,2014,3,1,"6/16/2014","Coyote",2014-06-15 22:24:31,"","","","6/15/2014","10:24:31 PM","6/15/2014","10:27:01 PM",109,117,9,1,0,"N","","",NA,"",""
"2962",775,1,2014,3,1,"6/16/2014","Coyote",2014-06-13 02:20:46,"","","","6/13/2014","2:20:46 AM","6/13/2014","2:22:15 AM",49,60,12,1,0,"N","","",NA,"",""
"2963",775,1,2014,3,2,"6/30/2014","Coyote",2014-06-20 04:44:06,"","","","6/20/2014","4:44:06 AM","6/20/2014","4:45:16 AM",7,12,6,1,0,"N","","",NA,"",""
"2964",775,1,2014,3,2,"6/30/2014","Coyote",2014-06-25 08:09:09,"","","","6/25/2014","8:09:09 AM","6/25/2014","8:09:30 AM",13,18,6,1,0,"N","","",NA,"",""
"2965",775,1,2014,3,3,"7/14/2014","Coyote",2014-07-07 09:03:18,"","","","7/7/2014","9:03:18 AM","7/7/2014","9:09:48 AM",108,120,13,1,0,"N","","",NA,"",""
"12068",21,1,2016,1,1,"10/4/2016","Spotted_skunk",2016-10-02 23:45:28,"","","","10/2/2016","11:45:28 PM","10/2/2016","11:45:30 PM",46,48,3,1,0,"N","","",NA,"",""
"12069",21,1,2016,1,3,"12/31/2016","Spotted_skunk",2016-10-24 22:49:47,"","","","10/24/2016","10:49:47 PM","10/24/2016","10:49:49 PM",49,51,3,1,0,"","","",NA,"",""
"12070",21,1,2016,1,3,"12/31/2016","Spotted_skunk",2016-10-23 01:35:54,"","","","10/23/2016","1:35:54 AM","10/23/2016","1:35:56 AM",43,45,3,1,0,"N","","",NA,"",""
"12071",21,1,2016,1,3,"12/31/2016","Spotted_skunk",2016-10-21 19:48:43,"","","","10/21/2016","7:48:43 PM","10/21/2016","8:00:05 PM",4,12,9,1,0,"N","","",NA,"",""
"12072",21,1,2016,1,3,"12/31/2016","Spotted_skunk",2016-10-29 03:01:25,"","","","10/29/2016","3:01:25 AM","10/29/2016","3:03:41 AM",67,81,15,1,0,"","","",NA,"",""
"12073",40,1,2014,2,1,"6/9/2014","Spotted_skunk",2014-06-05 01:48:03,"","","","6/5/2014","1:48:03 AM","6/5/2014","1:55:13 AM",28,36,9,1,0,"N","","",NA,"",""
"12074",40,1,2014,3,3,"7/7/2014","Spotted_skunk",2014-06-28 00:04:15,"","","","6/28/2014","12:04:15 AM","6/28/2014","12:04:17 AM",19,21,3,1,0,"N","","",NA,"",""
"12075",63,1,2014,3,1,"7/29/2014","Spotted_skunk",2014-07-27 23:58:26,"","","","7/27/2014","11:58:26 PM","7/27/2014","11:58:28 PM",217,219,3,1,0,"N","","",NA,"",""
"12076",63,1,2014,3,1,"7/29/2014","Spotted_skunk",2014-07-25 01:19:53,"","","","7/25/2014","1:19:53 AM","7/25/2014","1:19:55 AM",196,198,3,1,0,"N","","",NA,"",""
"12077",82,1,2016,1,1,"9/7/2016","Spotted_skunk",2016-09-03 03:23:18,"","","","9/3/2016","3:23:18 AM","9/3/2016","4:02:18 AM",22,39,18,1,0,"N","","",NA,"",""
"12078",82,1,2016,1,2,"9/19/2016","Spotted_skunk",2016-09-11 04:30:42,"","","","9/11/2016","4:30:42 AM","9/11/2016","4:30:44 AM",31,33,3,1,0,"N","","",NA,"",""
"12079",82,1,2016,1,2,"9/19/2016","Spotted_skunk",2016-09-10 23:11:02,"","","","9/10/2016","11:11:02 PM","9/10/2016","11:32:09 PM",16,30,15,1,0,"N","","",NA,"",""
"12080",82,1,2016,1,2,"9/19/2016","Spotted_skunk",2016-09-17 03:06:26,"","","","9/17/2016","3:06:26 AM","9/17/2016","3:06:27 AM",55,57,3,1,0,"N","","Y",NA,"57","skunk in TCB"
"12081",82,1,2016,1,2,"9/19/2016","Spotted_skunk",2016-09-13 03:31:52,"","","","9/13/2016","3:31:52 AM","9/13/2016","4:31:22 AM",34,42,9,1,0,"N","","",NA,"",""
"12082",82,1,2016,1,2,"9/19/2016","Spotted_skunk",2016-09-14 01:47:29,"","","","9/14/2016","1:47:29 AM","9/14/2016","1:54:14 AM",43,54,12,1,0,"N","","",NA,"",""
"12083",82,1,2016,1,3,"10/5/2016","Spotted_skunk",2016-09-23 02:57:59,"","","","9/23/2016","2:57:59 AM","9/23/2016","3:46:45 AM",13,24,12,1,0,"N","","",NA,"",""
"12084",82,1,2016,1,3,"10/5/2016","Spotted_skunk",2016-09-26 20:31:00,"","","","9/26/2016","8:31:00 PM","9/26/2016","9:00:47 PM",31,39,9,1,0,"N","","",NA,"",""
"12085",82,1,2016,1,3,"10/5/2016","Spotted_skunk",2016-09-27 01:44:35,"","","","9/27/2016","1:44:35 AM","9/27/2016","1:54:50 AM",43,51,9,1,0,"N","","",NA,"",""
"12086",82,1,2016,1,3,"10/5/2016","Spotted_skunk",2016-09-29 05:12:29,"","","","9/29/2016","5:12:29 AM","9/29/2016","5:15:08 AM",52,60,9,1,0,"N","","",NA,"",""
"12087",82,1,2016,1,3,"10/5/2016","Spotted_skunk",2016-09-29 23:36:40,"","","","9/29/2016","11:36:40 PM","9/29/2016","11:43:40 PM",61,69,9,1,0,"N","","",NA,"",""
"12088",82,1,2016,1,3,"10/5/2016","Spotted_skunk",2016-09-23 00:01:54,"","","","9/23/2016","12:01:54 AM","9/23/2016","12:02:24 AM",7,12,6,1,0,"N","","",NA,"",""
"12089",82,1,2016,1,3,"10/5/2016","Spotted_skunk",2016-09-27 00:23:37,"","","","9/27/2016","12:23:37 AM","9/27/2016","12:23:39 AM",40,42,3,1,0,"N","","",NA,"",""
"12090",82,1,2016,1,3,"10/5/2016","Spotted_skunk",2016-09-30 01:56:20,"","","","9/30/2016","1:56:20 AM","9/30/2016","1:56:21 AM",70,72,3,1,0,"N","","",NA,"",""
"12091",82,1,2016,1,3,"10/5/2016","Spotted_skunk",2016-09-23 23:45:57,"","","","9/23/2016","11:45:57 PM","9/23/2016","11:56:50 PM",25,30,6,1,0,"N","","",NA,"",""
"12092",82,1,2016,2,1,"9/7/2016","Spotted_skunk",2016-09-03 21:46:20,"","","","9/3/2016","9:46:20 PM","9/3/2016","9:46:20 PM",4,6,3,1,0,"N","","",NA,"",""
"12093",82,1,2016,2,2,"9/19/2016","Spotted_skunk",2016-09-12 02:07:42,"","","","9/12/2016","2:07:42 AM","9/12/2016","2:07:42 AM",45,47,3,1,0,"N","","",NA,"",""
"12094",82,1,2016,2,3,"10/5/2016","Spotted_skunk",2016-09-27 22:55:58,"","","","9/27/2016","10:55:58 PM","9/27/2016","10:59:51 PM",61,69,9,1,0,"N","","",NA,"",""
"12095",82,1,2016,3,1,"9/7/2016","Spotted_skunk",2016-09-03 21:45:27,"","","","9/3/2016","9:45:27 PM","9/3/2016","9:46:15 PM",1,9,9,1,0,"N","","",NA,"",""
"12096",82,1,2016,3,1,"9/7/2016","Spotted_skunk",2016-09-04 00:22:56,"","","","9/4/2016","12:22:56 AM","9/4/2016","12:36:34 AM",10,21,12,1,0,"N","","",NA,"",""
"12097",83,1,2015,1,3,"11/2/2015","Spotted_skunk",2015-11-01 22:02:28,"","","","11/1/2015","10:02:28 PM","11/1/2015","10:02:29 PM",58,60,3,1,0,"N","","",NA,"",""
"12098",83,1,2015,1,3,"11/2/2015","Spotted_skunk",2015-10-20 04:32:00,"","","","10/20/2015","4:32:00 AM","10/20/2015","4:42:00 AM",11,12,2,1,0,"N","","",NA,"videos",""
"12099",84,1,2014,1,2,"10/2/2014","Spotted_skunk",2014-09-28 21:59:03,"","","","9/28/2014","9:59:03 PM","9/28/2014","9:59:04 PM",109,111,3,1,0,"N","","",NA,"",""
"12100",84,1,2014,1,2,"10/2/2014","Spotted_skunk",2014-09-17 01:08:20,"","","","9/17/2014","1:08:20 AM","9/17/2014","1:08:24 AM",22,24,3,1,0,"N","","",NA,"",""
"12101",84,1,2014,1,2,"10/2/2014","Spotted_skunk",2014-09-24 23:13:35,"","","","9/24/2014","11:13:35 PM","9/24/2014","11:25:34 PM",73,78,6,1,0,"N","","",NA,"",""
"12102",84,1,2014,1,2,"10/2/2014","Spotted_skunk",2014-09-26 02:38:42,"","","","9/26/2014","2:38:42 AM","9/26/2014","2:43:21 AM",94,102,9,1,0,"N","","",NA,"",""
"12103",84,1,2014,1,2,"10/2/2014","Spotted_skunk",2014-09-25 04:19:06,"","","","9/25/2014","4:19:06 AM","9/25/2014","4:25:32 AM",79,90,12,1,0,"N","","",NA,"",""
"12104",84,1,2014,1,3,"10/16/2014","Spotted_skunk",2014-10-12 22:28:08,"","","","10/12/2014","10:28:08 PM","10/12/2014","10:28:12 PM",16,18,3,1,0,"N","","",NA,"",""
"12105",84,1,2014,1,3,"10/16/2014","Spotted_skunk",2014-10-13 00:19:58,"","","","10/13/2014","12:19:58 AM","10/13/2014","12:56:36 AM",19,27,9,1,0,"N","","",NA,"",""
"12106",84,1,2014,1,3,"10/16/2014","Spotted_skunk",2014-10-15 05:32:11,"","","","10/15/2014","5:32:11 AM","10/15/2014","5:32:33 AM",31,36,6,1,0,"N","","",NA,"",""
"12107",84,1,2014,2,1,"9/17/2014","Spotted_skunk",2014-09-16 05:28:30,"","","","9/16/2014","5:28:30 AM","9/16/2014","5:40:16 AM",35,40,6,1,0,"N","","",NA,"",""
"12108",84,1,2014,2,1,"9/17/2014","Spotted_skunk",2014-09-15 00:30:47,"","","","9/15/2014","12:30:47 AM","9/15/2014","12:44:35 AM",29,34,6,1,0,"N","","",NA,"",""
"12109",84,1,2014,2,1,"9/17/2014","Spotted_skunk",2014-09-13 22:35:17,"","","","9/13/2014","10:35:17 PM","9/13/2014","10:42:16 PM",23,28,6,1,0,"N","","",NA,"",""
"12110",84,1,2014,2,2,"10/2/2014","Spotted_skunk",2014-09-28 22:45:13,"","","","9/28/2014","10:45:13 PM","9/28/2014","10:45:14 PM",292,294,3,1,0,"N","","",NA,"",""
"12111",84,1,2014,2,2,"10/2/2014","Spotted_skunk",2014-09-23 05:01:00,"","","","9/23/2014","5:01:00 AM","9/23/2014","5:01:02 AM",268,270,3,1,0,"N","","",NA,"","#270 last of the bait"
"12112",84,1,2014,2,2,"10/2/2014","Spotted_skunk",2014-10-02 03:55:40,"","","","10/2/2014","3:55:40 AM","10/2/2014","4:54:58 AM",307,324,18,1,0,"N","","",NA,"",""
"12113",84,1,2014,2,2,"10/2/2014","Spotted_skunk",2014-09-29 06:36:47,"","","","9/29/2014","6:36:47 AM","9/29/2014","6:36:48 AM",295,297,3,1,0,"N","","",NA,"",""
"12114",84,1,2014,2,2,"10/2/2014","Spotted_skunk",2014-09-26 22:01:02,"","","","9/26/2014","10:01:02 PM","9/26/2014","10:01:04 PM",289,291,3,1,0,"N","","",NA,"",""
"12115",84,1,2014,2,2,"10/2/2014","Spotted_skunk",2014-09-26 04:04:22,"","","","9/26/2014","4:04:22 AM","9/26/2014","4:04:43 AM",283,288,6,1,0,"N","","",NA,"",""
"12116",84,1,2014,2,2,"10/2/2014","Spotted_skunk",2014-09-24 23:07:20,"","","","9/24/2014","11:07:20 PM","9/24/2014","11:07:22 PM",280,282,3,1,0,"N","","",NA,"",""
"12117",84,1,2014,2,2,"10/2/2014","Spotted_skunk",2014-09-24 21:34:31,"","","","9/24/2014","9:34:31 PM","9/24/2014","9:35:02 PM",271,279,9,1,0,"N","","",NA,"",""
"12118",84,1,2014,2,2,"10/2/2014","Spotted_skunk",2014-09-17 03:54:15,"","","","9/17/2014","3:54:15 AM","9/17/2014","4:30:59 AM",145,168,24,1,0,"N","","",NA,"",""
"12119",84,1,2014,2,2,"10/2/2014","Spotted_skunk",2014-09-17 06:11:35,"","","","9/17/2014","6:11:35 AM","9/17/2014","6:11:37 AM",169,171,3,1,0,"N","","",NA,"",""
"12120",84,1,2014,2,2,"10/2/2014","Spotted_skunk",2014-09-20 19:56:19,"","","","9/20/2014","7:56:19 PM","9/20/2014","7:57:37 PM",226,231,6,1,0,"N","","",NA,"",""
"12121",84,1,2014,2,2,"10/2/2014","Spotted_skunk",2014-09-22 22:18:37,"","","","9/22/2014","10:18:37 PM","9/22/2014","10:18:39 PM",265,267,3,1,0,"N","","",NA,"",""
"12122",84,1,2014,2,2,"10/2/2014","Spotted_skunk",2014-09-22 04:22:29,"","","","9/22/2014","4:22:29 AM","9/22/2014","4:25:15 AM",253,264,12,1,0,"N","","",NA,"",""
"12123",84,1,2014,2,2,"10/2/2014","Spotted_skunk",2014-09-21 04:55:22,"","","","9/21/2014","4:55:22 AM","9/21/2014","5:04:42 AM",232,252,21,1,0,"N","","",NA,"",""
"12124",84,1,2014,2,2,"10/2/2014","Spotted_skunk",2014-09-20 05:21:00,"","","","9/20/2014","5:21:00 AM","9/20/2014","5:42:41 AM",199,225,27,1,0,"N","","",NA,"",""
"12125",84,1,2014,2,2,"10/2/2014","Spotted_skunk",2014-09-20 03:09:08,"","","","9/20/2014","3:09:08 AM","9/20/2014","3:17:23 AM",193,198,6,1,0,"N","","",NA,"",""
"12126",84,1,2014,2,2,"10/2/2014","Spotted_skunk",2014-09-19 04:33:14,"","","","9/19/2014","4:33:14 AM","9/19/2014","4:33:16 AM",190,192,3,1,0,"N","","",NA,"",""
"12127",84,1,2014,2,2,"10/2/2014","Spotted_skunk",2014-09-18 06:17:47,"","","","9/18/2014","6:17:47 AM","9/18/2014","6:17:48 AM",187,189,3,1,0,"N","","",NA,"",""
"12128",84,1,2014,2,2,"10/2/2014","Spotted_skunk",2014-09-18 04:10:08,"","","","9/18/2014","4:10:08 AM","9/18/2014","4:13:47 AM",181,186,6,1,0,"N","","",NA,"",""
"12129",84,1,2014,2,2,"10/2/2014","Spotted_skunk",2014-09-17 20:50:05,"","","","9/17/2014","8:50:05 PM","9/17/2014","8:51:01 PM",175,180,6,1,0,"N","","",NA,"",""
"12130",84,1,2014,2,3,"10/16/2014","Spotted_skunk",2014-10-06 21:40:05,"","","","10/6/2014","9:40:05 PM","10/6/2014","9:42:36 PM",211,216,6,1,0,"N","","",NA,"",""
"12131",84,1,2014,2,3,"10/16/2014","Spotted_skunk",2014-10-05 00:24:20,"","","","10/5/2014","12:24:20 AM","10/5/2014","1:01:41 AM",163,174,12,1,0,"N","","",NA,"",""
"12132",84,1,2014,2,3,"10/16/2014","Spotted_skunk",2014-10-06 05:50:27,"","","","10/6/2014","5:50:27 AM","10/6/2014","5:53:58 AM",199,207,9,1,0,"N","","",NA,"",""
"12133",84,1,2014,2,3,"10/16/2014","Spotted_skunk",2014-10-05 19:01:30,"","","","10/5/2014","7:01:30 PM","10/5/2014","7:01:31 PM",196,198,3,1,0,"N","","",NA,"",""
"12134",84,1,2014,2,3,"10/16/2014","Spotted_skunk",2014-10-05 03:51:40,"","","","10/5/2014","3:51:40 AM","10/5/2014","4:24:56 AM",175,195,21,1,0,"N","","",NA,"","#189 last of bait"
"12135",84,1,2014,2,3,"10/16/2014","Spotted_skunk",2014-10-04 05:38:20,"","","","10/4/2014","5:38:20 AM","10/4/2014","6:26:36 AM",52,147,96,1,0,"N","","",NA,"",""
"12136",84,1,2014,2,3,"10/16/2014","Spotted_skunk",2014-10-04 03:16:55,"","","","10/4/2014","3:16:55 AM","10/4/2014","3:16:57 AM",49,51,3,1,0,"N","","",NA,"",""
"12137",84,1,2014,2,3,"10/16/2014","Spotted_skunk",2014-10-04 01:13:30,"","","","10/4/2014","1:13:30 AM","10/4/2014","1:52:28 AM",25,48,24,1,0,"N","","",NA,"",""
"12138",84,1,2014,2,3,"10/16/2014","Spotted_skunk",2014-10-03 03:52:58,"","","","10/3/2014","3:52:58 AM","10/3/2014","3:53:53 AM",13,18,6,1,0,"N","","",NA,"",""
"12139",84,1,2014,2,3,"10/16/2014","Spotted_skunk",2014-10-09 00:45:23,"","","","10/9/2014","12:45:23 AM","10/9/2014","12:45:42 AM",217,222,6,1,0,"N","","",NA,"",""
"12140",84,1,2014,2,3,"10/16/2014","Spotted_skunk",2014-10-04 19:18:14,"","","","10/4/2014","7:18:14 PM","10/4/2014","7:37:30 PM",148,162,15,1,0,"N","","",NA,"",""
"12141",84,1,2014,2,3,"10/16/2014","Spotted_skunk",2014-10-03 21:29:05,"","","","10/3/2014","9:29:05 PM","10/3/2014","9:29:29 PM",19,24,6,1,0,"N","","",NA,"",""
"12142",84,1,2014,3,1,"9/17/2014","Spotted_skunk",2014-09-15 20:54:23,"","","","9/15/2014","8:54:23 PM","9/15/2014","8:54:25 PM",34,36,3,1,0,"N","","",NA,"",""
"12143",84,1,2014,3,1,"9/17/2014","Spotted_skunk",2014-09-16 02:36:14,"","","","9/16/2014","2:36:14 AM","9/16/2014","2:36:36 AM",37,42,6,1,0,"N","","",NA,"",""
"12144",84,1,2014,3,2,"10/2/2014","Spotted_skunk",2014-10-01 04:10:05,"","","","10/1/2014","4:10:05 AM","10/1/2014","4:10:06 AM",10,12,3,1,0,"N","","",NA,"",""
"12145",84,1,2014,3,2,"10/2/2014","Spotted_skunk",2014-09-19 03:10:00,"","","","9/19/2014","3:10:00 AM","9/19/2014","3:10:02 AM",7,9,3,1,0,"N","","",NA,"",""
"12146",85,1,2016,2,2,"6/23/2016","Spotted_skunk",2016-06-13 03:29:42,"","","","6/13/2016","3:29:42 AM","6/13/2016","3:31:14 AM",196,204,9,1,0,"N","","",NA,"",""
"12147",85,1,2016,2,2,"6/23/2016","Spotted_skunk",2016-06-16 23:00:19,"","","","6/16/2016","11:00:19 PM","6/16/2016","11:00:20 PM",298,300,3,1,0,"N","","",NA,"",""
"12148",85,1,2016,2,2,"6/23/2016","Spotted_skunk",2016-06-08 01:46:15,"","","","6/8/2016","1:46:15 AM","6/8/2016","2:49:57 AM",22,39,18,1,0,"N","","",NA,"",""
"12149",85,1,2016,2,2,"6/23/2016","Spotted_skunk",2016-06-10 22:24:10,"","","","6/10/2016","10:24:10 PM","6/10/2016","10:24:57 PM",73,78,6,1,0,"N","","",NA,"",""
"12150",86,1,2014,1,1,"9/26/2014","Spotted_skunk",2014-09-23 01:00:32,"","","","9/23/2014","1:00:32 AM","9/23/2014","1:00:33 AM",37,39,3,1,0,"N","","",NA,"",""
"12151",86,1,2014,1,1,"9/26/2014","Spotted_skunk",2014-09-23 02:59:35,"","","","9/23/2014","2:59:35 AM","9/23/2014","3:02:42 AM",40,48,9,1,0,"N","","",NA,"",""
"12152",86,1,2014,1,1,"9/26/2014","Spotted_skunk",2014-09-22 22:27:50,"","","","9/22/2014","10:27:50 PM","9/22/2014","10:27:51 PM",34,36,3,1,0,"N","","",NA,"",""
"12153",86,1,2014,1,2,"10/10/2014","Spotted_skunk",2014-10-10 06:13:51,"","","","10/10/2014","6:13:51 AM","10/10/2014","6:13:53 AM",28,30,3,1,0,"N","","",NA,"",""
"12154",86,1,2014,1,2,"10/10/2014","Spotted_skunk",2014-10-08 06:07:30,"","","","10/8/2014","6:07:30 AM","10/8/2014","6:07:32 AM",25,27,3,1,0,"N","","",NA,"",""
"12155",86,1,2014,1,2,"10/10/2014","Spotted_skunk",2014-09-30 00:46:19,"","","","9/30/2014","12:46:19 AM","9/30/2014","12:46:21 AM",16,18,3,1,0,"N","","",NA,"",""
"12156",86,1,2014,1,2,"10/10/2014","Spotted_skunk",2014-09-28 21:04:20,"","","","9/28/2014","9:04:20 PM","9/28/2014","9:04:22 PM",13,15,3,1,0,"N","","",NA,"",""
"12157",86,1,2014,1,2,"10/10/2014","Spotted_skunk",2014-10-03 02:31:49,"","","","10/3/2014","2:31:49 AM","10/3/2014","2:31:50 AM",22,24,3,1,0,"N","","",NA,"",""
"12158",86,1,2014,1,3,"10/24/2014","Spotted_skunk",2014-10-14 04:29:49,"","","","10/14/2014","4:29:49 AM","10/14/2014","4:29:50 AM",13,15,3,1,0,"N","","",NA,"",""
"12159",86,1,2014,1,3,"10/24/2014","Spotted_skunk",2014-10-14 19:46:25,"","","","10/14/2014","7:46:25 PM","10/14/2014","7:46:26 PM",16,18,3,1,0,"N","","",NA,"",""
"12160",86,1,2014,1,3,"10/24/2014","Spotted_skunk",2014-10-15 04:58:30,"","","","10/15/2014","4:58:30 AM","10/15/2014","4:58:32 AM",19,21,3,1,0,"N","","",NA,"",""
"12161",86,1,2014,1,3,"10/24/2014","Spotted_skunk",2014-10-15 06:43:05,"","","","10/15/2014","6:43:05 AM","10/15/2014","6:43:09 AM",22,24,3,1,0,"N","","",NA,"",""
"12162",86,1,2014,1,3,"10/24/2014","Spotted_skunk",2014-10-23 02:14:32,"","","","10/23/2014","2:14:32 AM","10/23/2014","2:16:05 AM",25,33,9,1,0,"N","","",NA,"",""
"12163",86,1,2014,2,1,"9/26/2014","Spotted_skunk",2014-09-14 02:17:28,"","","","9/14/2014","2:17:28 AM","9/14/2014","2:17:29 AM",22,24,3,1,0,"N","","",NA,"",""
"12164",86,1,2014,2,1,"9/26/2014","Spotted_skunk",2014-09-19 03:42:58,"","","","9/19/2014","3:42:58 AM","9/19/2014","4:32:35 AM",28,36,9,1,0,"N","","",NA,"",""
"12165",86,1,2014,2,1,"9/26/2014","Spotted_skunk",2014-09-21 23:59:29,"","","","9/21/2014","11:59:29 PM","9/21/2014","11:59:30 PM",37,39,3,1,0,"N","","",NA,"",""
"12166",86,1,2014,2,1,"9/26/2014","Spotted_skunk",2014-09-22 03:30:46,"","","","9/22/2014","3:30:46 AM","9/22/2014","3:30:48 AM",40,42,3,1,0,"N","","",NA,"",""
"12167",86,1,2014,2,1,"9/26/2014","Spotted_skunk",2014-09-25 05:22:59,"","","","9/25/2014","5:22:59 AM","9/25/2014","5:28:39 AM",46,51,6,1,0,"N","","",NA,"",""
"12168",86,1,2014,2,2,"10/10/2014","Spotted_skunk",2014-10-02 01:37:54,"","","","10/2/2014","1:37:54 AM","10/2/2014","2:30:32 AM",34,42,9,1,0,"N","","",NA,"",""
"12169",86,1,2014,2,2,"10/10/2014","Spotted_skunk",2014-10-02 04:28:40,"","","","10/2/2014","4:28:40 AM","10/2/2014","6:18:37 AM",43,84,42,1,0,"N","","",NA,"",""
"12170",86,1,2014,2,2,"10/10/2014","Spotted_skunk",2014-09-27 04:37:32,"","","","9/27/2014","4:37:32 AM","9/27/2014","5:50:53 AM",13,24,12,1,0,"N","","",NA,"",""
"12171",86,1,2014,2,2,"10/10/2014","Spotted_skunk",2014-10-03 03:38:15,"","","","10/3/2014","3:38:15 AM","10/3/2014","5:11:17 AM",88,99,12,1,0,"N","","",NA,"2014_H86_S2_V2_E9_Skunk_Bait_Gone_EK000094","bait gone"
"12172",86,1,2014,2,2,"10/10/2014","Spotted_skunk",2014-10-03 00:40:51,"","","","10/3/2014","12:40:51 AM","10/3/2014","12:40:53 AM",85,87,3,1,0,"N","","",NA,"",""
"12173",86,1,2014,2,2,"10/10/2014","Spotted_skunk",2014-09-28 04:34:56,"","","","9/28/2014","4:34:56 AM","9/28/2014","4:34:57 AM",25,27,3,1,0,"N","","",NA,"",""
"12174",86,1,2014,2,2,"10/10/2014","Spotted_skunk",2014-09-27 02:01:58,"","","","9/27/2014","2:01:58 AM","9/27/2014","2:33:43 AM",7,12,6,1,0,"N","","",NA,"",""
"12175",86,1,2014,3,1,"9/26/2014","Spotted_skunk",2014-09-17 05:18:30,"","","","9/17/2014","5:18:30 AM","9/17/2014","5:18:31 AM",85,87,3,1,0,"N","","",NA,"",""
"12176",86,1,2014,3,1,"9/26/2014","Spotted_skunk",2014-09-17 20:27:25,"","","","9/17/2014","8:27:25 PM","9/17/2014","8:27:27 PM",88,90,3,1,0,"N","","",NA,"2014_H86_S3_V1_E9_skunk_BaitGone_EK000089","bait gone"
"12177",86,1,2014,3,1,"9/26/2014","Spotted_skunk",2014-09-25 02:31:43,"","","","9/25/2014","2:31:43 AM","9/25/2014","2:32:40 AM",130,135,6,1,0,"N","","",NA,"",""
"12178",86,1,2014,3,1,"9/26/2014","Spotted_skunk",2014-09-15 21:33:33,"","","","9/15/2014","9:33:33 PM","9/15/2014","11:16:50 PM",43,54,12,1,0,"N","","",NA,"",""
"12179",86,1,2014,3,1,"9/26/2014","Spotted_skunk",2014-09-20 03:10:56,"","","","9/20/2014","3:10:56 AM","9/20/2014","3:12:00 AM",121,126,6,1,0,"N","","",NA,"",""
"12180",86,1,2014,3,1,"9/26/2014","Spotted_skunk",2014-09-16 00:24:09,"","","","9/16/2014","12:24:09 AM","9/16/2014","12:29:18 AM",55,60,6,1,0,"N","","",NA,"",""
"12181",86,1,2014,3,1,"9/26/2014","Spotted_skunk",2014-09-16 03:54:25,"","","","9/16/2014","3:54:25 AM","9/16/2014","4:26:32 AM",61,72,12,1,0,"N","","",NA,"",""
"12182",86,1,2014,3,1,"9/26/2014","Spotted_skunk",2014-09-19 03:33:55,"","","","9/19/2014","3:33:55 AM","9/19/2014","3:33:57 AM",115,117,3,1,0,"N","","",NA,"",""
"12183",86,1,2014,3,1,"9/26/2014","Spotted_skunk",2014-09-16 20:51:16,"","","","9/16/2014","8:51:16 PM","9/16/2014","9:49:25 PM",73,84,12,1,0,"N","","",NA,"",""
"12184",86,1,2014,3,1,"9/26/2014","Spotted_skunk",2014-09-17 23:25:58,"","","","9/17/2014","11:25:58 PM","9/17/2014","11:25:59 PM",97,99,3,1,0,"N","","",NA,"",""
"12185",86,1,2014,3,2,"10/10/2014","Spotted_skunk",2014-10-02 06:33:25,"","","","10/2/2014","6:33:25 AM","10/2/2014","6:33:26 AM",124,126,3,1,0,"N","","",NA,"",""
"12186",86,1,2014,3,2,"10/10/2014","Spotted_skunk",2014-10-02 03:07:07,"","","","10/2/2014","3:07:07 AM","10/2/2014","3:07:09 AM",109,111,3,1,0,"N","","",NA,"",""
"12187",86,1,2014,3,2,"10/10/2014","Spotted_skunk",2014-10-01 15:08:54,"","","","10/1/2014","3:08:54 PM","10/1/2014","3:08:55 PM",94,96,3,1,0,"N","","",NA,"",""
"12188",86,1,2014,3,2,"10/10/2014","Spotted_skunk",2014-10-01 01:56:11,"","","","10/1/2014","1:56:11 AM","10/1/2014","2:23:14 AM",70,78,9,1,0,"N","","",NA,"2014_H86_S3_V2_E7_Skunk_Bait_Gone_EK000073","bait gone"
"12189",86,1,2014,3,2,"10/10/2014","Spotted_skunk",2014-10-01 00:12:49,"","","","10/1/2014","12:12:49 AM","10/1/2014","12:12:51 AM",61,63,3,1,0,"N","","",NA,"",""
"12190",86,1,2014,3,2,"10/10/2014","Spotted_skunk",2014-09-30 20:49:58,"","","","9/30/2014","8:49:58 PM","9/30/2014","8:59:29 PM",55,60,6,1,0,"N","","",NA,"",""
"12191",86,1,2014,3,2,"10/10/2014","Spotted_skunk",2014-10-08 02:00:46,"","","","10/8/2014","2:00:46 AM","10/8/2014","2:00:48 AM",130,132,3,1,0,"N","","",NA,"",""
"12192",86,1,2014,3,3,"10/24/2014","Spotted_skunk",2014-10-15 02:40:51,"","","","10/15/2014","2:40:51 AM","10/15/2014","2:40:52 AM",61,63,3,1,0,"N","","",NA,"",""
"12193",87,1,2015,3,1,"9/22/2015","Spotted_skunk",2015-09-09 04:35:59,"","","","9/9/2015","4:35:59 AM","9/9/2015","4:36:01 AM",4,6,3,1,0,"N","","",NA,"",""
"12194",87,1,2015,3,1,"9/22/2015","Spotted_skunk",2015-09-09 06:06:59,"","","","9/9/2015","6:06:59 AM","9/9/2015","6:40:48 AM",7,12,6,1,0,"N","","",NA,"",""
"12195",87,1,2015,3,1,"9/22/2015","Spotted_skunk",2015-09-10 04:59:36,"","","","9/10/2015","4:59:36 AM","9/10/2015","5:14:40 AM",13,21,9,2,0,"N","Y","",NA,"13","bait gone"
"12196",87,1,2015,3,1,"9/22/2015","Spotted_skunk",2015-09-10 18:00:33,"","","","9/10/2015","6:00:33 PM","9/10/2015","6:00:36 PM",22,24,3,1,0,"N","","",NA,"",""
"12197",87,1,2015,3,3,"10/20/2015","Spotted_skunk",2015-10-08 06:03:57,"","","","10/8/2015","6:03:57 AM","10/8/2015","6:03:59 AM",19,21,3,1,0,"N","","",NA,"",""
"12198",88,1,2016,1,3,"9/7/2016","Spotted_skunk",2016-08-26 23:10:31,"","","","8/26/2016","11:10:31 PM","8/26/2016","11:12:47 PM",127,138,12,1,0,"N","","",NA,"",""
"12199",88,1,2016,1,3,"9/7/2016","Spotted_skunk",2016-08-25 22:26:39,"","","","8/25/2016","10:26:39 PM","8/25/2016","10:33:11 PM",73,78,6,1,0,"N","","",NA,"",""
"12200",88,1,2016,1,3,"9/7/2016","Spotted_skunk",2016-08-24 23:43:30,"","","","8/24/2016","11:43:30 PM","8/24/2016","11:43:30 PM",70,72,3,1,0,"N","","",NA,"",""
"12201",88,1,2016,1,3,"9/7/2016","Spotted_skunk",2016-09-05 04:36:00,"","","","9/5/2016","4:36:00 AM","9/5/2016","4:58:17 AM",970,999,30,1,0,"N","","",NA,"",""
"12202",88,1,2016,1,3,"9/7/2016","Spotted_skunk",2016-08-27 02:55:41,"","","","8/27/2016","2:55:41 AM","8/27/2016","2:55:41 AM",151,153,3,1,0,"N","","",NA,"",""
"12203",88,1,2016,1,3,"9/7/2016","Spotted_skunk",2016-09-04 03:12:29,"","","","9/4/2016","3:12:29 AM","9/4/2016","3:15:58 AM",532,561,30,1,0,"N","","",NA,"",""
"12206",107,1,2015,1,1,"10/6/2015","Spotted_skunk",2015-09-25 02:05:47,"","","","9/25/2015","2:05:47 AM","9/25/2015","2:09:57 AM",157,165,9,1,0,"N","Y","",NA,"157","bait gone-skunk"
"12207",107,1,2015,1,1,"10/6/2015","Spotted_skunk",2015-09-23 18:35:08,"","","","9/23/2015","6:35:08 PM","9/23/2015","7:02:16 PM",61,69,9,1,0,"N","","",NA,"",""
"12208",107,1,2015,1,1,"10/6/2015","Spotted_skunk",2015-09-27 05:09:21,"","","","9/27/2015","5:09:21 AM","9/27/2015","5:11:15 AM",223,231,9,1,0,"N","","",NA,"",""
"12209",107,1,2015,1,1,"10/6/2015","Spotted_skunk",2015-09-27 03:12:55,"","","","9/27/2015","3:12:55 AM","9/27/2015","3:15:50 AM",214,222,9,1,0,"N","","",NA,"",""
"12210",107,1,2015,1,1,"10/6/2015","Spotted_skunk",2015-09-27 00:19:42,"","","","9/27/2015","12:19:42 AM","9/27/2015","12:46:41 AM",199,213,15,1,0,"N","","",NA,"",""
"12211",107,1,2015,1,1,"10/6/2015","Spotted_skunk",2015-09-25 22:16:43,"","","","9/25/2015","10:16:43 PM","9/25/2015","10:30:08 PM",178,195,18,1,0,"N","","",NA,"",""
"12212",107,1,2015,1,1,"10/6/2015","Spotted_skunk",2015-09-25 19:28:51,"","","","9/25/2015","7:28:51 PM","9/25/2015","7:28:53 PM",175,177,3,1,0,"N","","",NA,"",""
"12213",107,1,2015,1,1,"10/6/2015","Spotted_skunk",2015-10-03 01:57:27,"","","","10/3/2015","1:57:27 AM","10/3/2015","2:19:35 AM",238,267,30,1,0,"N","","",NA,"",""
"12214",107,1,2015,1,1,"10/6/2015","Spotted_skunk",2015-10-06 00:42:04,"","","","10/6/2015","12:42:04 AM","10/6/2015","12:42:06 AM",268,270,3,1,0,"N","","",NA,"",""
"12215",107,1,2015,1,1,"10/6/2015","Spotted_skunk",2015-09-24 22:25:35,"","","","9/24/2015","10:25:35 PM","9/24/2015","10:33:53 PM",151,156,6,1,0,"N","","",NA,"",""
"12216",107,1,2015,1,1,"10/6/2015","Spotted_skunk",2015-09-24 18:43:22,"","","","9/24/2015","6:43:22 PM","9/24/2015","7:48:30 PM",133,150,18,1,0,"N","","Y",NA,"139","TCB bait gone-skunk"
"12217",107,1,2015,1,1,"10/6/2015","Spotted_skunk",2015-09-24 05:36:16,"","","","9/24/2015","5:36:16 AM","9/24/2015","6:58:19 AM",88,132,45,1,0,"N","","",NA,"",""
"12218",107,1,2015,1,1,"10/6/2015","Spotted_skunk",2015-09-24 00:54:13,"","","","9/24/2015","12:54:13 AM","9/24/2015","1:00:23 AM",76,87,12,1,0,"N","","",NA,"",""
"12219",107,1,2015,1,1,"10/6/2015","Spotted_skunk",2015-09-23 22:04:03,"","","","9/23/2015","10:04:03 PM","9/23/2015","10:06:31 PM",70,75,6,1,0,"N","","",NA,"",""
"12220",107,1,2015,1,1,"10/6/2015","Spotted_skunk",2015-09-25 14:40:53,"","","","9/25/2015","2:40:53 PM","9/25/2015","2:40:54 PM",172,174,3,1,0,"N","","",NA,"2015-h107-s1-v1-spotted skunk in cubby-EK000174",""
"12221",107,1,2015,1,1,"10/6/2015","Spotted_skunk",2015-09-27 22:44:40,"","","","9/27/2015","10:44:40 PM","9/27/2015","10:44:44 PM",235,237,3,1,0,"N","","",NA,"",""
"12222",107,1,2015,1,2,"10/20/2015","Spotted_skunk",2015-10-15 23:36:14,"","","","10/15/2015","11:36:14 PM","10/15/2015","11:47:05 PM",139,144,6,1,0,"N","","",NA,"",""
"12223",107,1,2015,1,2,"10/20/2015","Spotted_skunk",2015-10-08 23:54:15,"","","","10/8/2015","11:54:15 PM","10/9/2015","12:37:41 AM",82,99,18,1,0,"N","","",NA,"",""
"12224",107,1,2015,1,2,"10/20/2015","Spotted_skunk",2015-10-07 23:49:56,"","","","10/7/2015","11:49:56 PM","10/7/2015","11:51:37 PM",67,75,9,1,0,"N","","",NA,"",""
"12225",107,1,2015,1,2,"10/20/2015","Spotted_skunk",2015-10-07 21:26:55,"","","","10/7/2015","9:26:55 PM","10/7/2015","9:26:56 PM",64,66,3,1,0,"N","","Y",NA,"66","last time skunk in TCB"
"12226",107,1,2015,1,2,"10/20/2015","Spotted_skunk",2015-10-07 00:54:18,"","","","10/7/2015","12:54:18 AM","10/7/2015","1:46:16 AM",52,63,12,1,0,"N","","",NA,"",""
"12227",107,1,2015,1,2,"10/20/2015","Spotted_skunk",2015-10-06 22:14:45,"","","","10/6/2015","10:14:45 PM","10/6/2015","10:26:06 PM",31,51,21,1,0,"N","","",NA,"",""
"12228",107,1,2015,1,2,"10/20/2015","Spotted_skunk",2015-10-10 19:14:27,"","","","10/10/2015","7:14:27 PM","10/10/2015","7:14:31 PM",100,102,3,1,0,"N","","",NA,"",""
"12229",107,1,2015,1,2,"10/20/2015","Spotted_skunk",2015-10-13 00:34:20,"","","","10/13/2015","12:34:20 AM","10/13/2015","12:51:58 AM",103,117,15,1,0,"N","","",NA,"",""
"12230",107,1,2015,1,2,"10/20/2015","Spotted_skunk",2015-10-15 21:13:52,"","","","10/15/2015","9:13:52 PM","10/15/2015","9:31:25 PM",121,138,18,1,0,"N","","",NA,"",""
"12231",107,1,2015,1,2,"10/20/2015","Spotted_skunk",2015-10-20 07:13:47,"","","","10/20/2015","7:13:47 AM","10/20/2015","7:13:49 AM",220,222,3,1,0,"N","","",NA,"",""
"12232",107,1,2015,1,2,"10/20/2015","Spotted_skunk",2015-10-16 03:31:48,"","","","10/16/2015","3:31:48 AM","10/16/2015","3:31:49 AM",145,147,3,1,0,"N","","",NA,"",""
"12233",107,1,2015,1,2,"10/20/2015","Spotted_skunk",2015-10-16 05:37:36,"","","","10/16/2015","5:37:36 AM","10/16/2015","6:28:56 AM",148,168,21,1,0,"N","","",NA,"",""
"12234",107,1,2015,1,2,"10/20/2015","Spotted_skunk",2015-10-16 18:04:03,"","","","10/16/2015","6:04:03 PM","10/16/2015","6:04:06 PM",190,192,3,1,0,"N","","",NA,"",""
"12235",107,1,2015,1,2,"10/20/2015","Spotted_skunk",2015-10-16 21:05:43,"","","","10/16/2015","9:05:43 PM","10/16/2015","9:05:44 PM",193,195,3,1,0,"N","","",NA,"",""
"12236",107,1,2015,1,2,"10/20/2015","Spotted_skunk",2015-10-17 08:11:05,"","","","10/17/2015","8:11:05 AM","10/17/2015","8:11:09 AM",196,198,3,1,0,"N","","",NA,"",""
"12237",107,1,2015,1,2,"10/20/2015","Spotted_skunk",2015-10-17 18:33:43,"","","","10/17/2015","6:33:43 PM","10/17/2015","6:37:28 PM",199,204,6,1,0,"N","","",NA,"",""
"12238",107,1,2015,1,2,"10/20/2015","Spotted_skunk",2015-10-15 04:46:00,"","","","10/15/2015","4:46:00 AM","10/15/2015","4:46:02 AM",118,120,3,1,0,"N","","",NA,"",""
"12239",107,1,2015,1,3,"11/3/2015","Spotted_skunk",2015-10-21 18:55:16,"","","","10/21/2015","6:55:16 PM","10/21/2015","6:55:17 PM",100,102,3,1,0,"N","","",NA,"",""
"12240",107,1,2015,1,3,"11/3/2015","Spotted_skunk",2015-11-02 22:52:29,"","","","11/2/2015","10:52:29 PM","11/2/2015","11:10:57 PM",331,348,18,1,0,"N","","",NA,"",""
"12241",107,1,2015,1,3,"11/3/2015","Spotted_skunk",2015-10-21 09:00:12,"","","","10/21/2015","9:00:12 AM","10/21/2015","9:33:45 AM",40,99,60,1,0,"N","","",NA,"",""
"12242",107,1,2015,1,3,"11/3/2015","Spotted_skunk",2015-10-20 23:01:05,"","","","10/20/2015","11:01:05 PM","10/20/2015","11:53:55 PM",22,36,15,1,0,"N","","Y",NA,"",""
"12243",107,1,2015,1,3,"11/3/2015","Spotted_skunk",2015-10-20 19:49:58,"","","","10/20/2015","7:49:58 PM","10/20/2015","7:49:59 PM",19,21,3,1,0,"N","","",NA,"",""
"12244",107,1,2015,1,3,"11/3/2015","Spotted_skunk",2015-10-24 22:27:13,"","","","10/24/2015","10:27:13 PM","10/24/2015","10:28:17 PM",226,231,6,1,0,"N","","",NA,"",""
"12245",107,1,2015,1,3,"11/3/2015","Spotted_skunk",2015-10-25 05:41:19,"","","","10/25/2015","5:41:19 AM","10/25/2015","5:57:59 AM",232,252,21,1,0,"N","","",NA,"",""
"12246",107,1,2015,1,3,"11/3/2015","Spotted_skunk",2015-10-25 22:04:59,"","","","10/25/2015","10:04:59 PM","10/25/2015","10:07:37 PM",253,261,9,2,0,"N","","",NA,"",""
"12247",107,1,2015,1,3,"11/3/2015","Spotted_skunk",2015-10-21 21:10:09,"","","","10/21/2015","9:10:09 PM","10/21/2015","10:06:45 PM",103,126,24,1,0,"N","","",NA,"",""
"12248",107,1,2015,1,3,"11/3/2015","Spotted_skunk",2015-10-27 04:01:38,"","","","10/27/2015","4:01:38 AM","10/27/2015","4:27:39 AM",280,306,27,1,0,"N","","",NA,"",""
"12249",107,1,2015,1,3,"11/3/2015","Spotted_skunk",2015-10-26 01:41:41,"","","","10/26/2015","1:41:41 AM","10/26/2015","1:41:45 AM",262,264,3,1,0,"N","","",NA,"",""
"12250",107,1,2015,1,3,"11/3/2015","Spotted_skunk",2015-10-29 22:14:52,"","","","10/29/2015","10:14:52 PM","10/29/2015","10:17:16 PM",307,312,6,1,0,"N","","",NA,"",""
"12251",107,1,2015,1,3,"11/3/2015","Spotted_skunk",2015-10-30 01:50:03,"","","","10/30/2015","1:50:03 AM","10/30/2015","1:55:35 AM",313,321,9,1,0,"N","","",NA,"",""
"12252",107,1,2015,1,3,"11/3/2015","Spotted_skunk",2015-10-31 04:51:56,"","","","10/31/2015","4:51:56 AM","10/31/2015","4:51:57 AM",322,324,3,1,0,"N","","",NA,"",""
"12253",107,1,2015,1,3,"11/3/2015","Spotted_skunk",2015-10-24 06:09:42,"","","","10/24/2015","6:09:42 AM","10/24/2015","6:59:15 AM",157,210,54,2,0,"N","","",NA,"",""
"12254",107,1,2015,1,3,"11/3/2015","Spotted_skunk",2015-11-01 23:59:37,"","","","11/1/2015","11:59:37 PM","11/2/2015","12:00:00 AM",325,330,6,1,0,"N","","",NA,"",""
"12255",107,1,2015,1,3,"11/3/2015","Spotted_skunk",2015-10-24 19:05:39,"","","","10/24/2015","7:05:39 PM","10/24/2015","7:06:15 PM",211,216,6,1,0,"N","","",NA,"",""
"12256",107,1,2015,1,3,"11/3/2015","Spotted_skunk",2015-10-26 04:47:26,"","","","10/26/2015","4:47:26 AM","10/26/2015","5:07:00 AM",265,279,15,1,0,"N","","",NA,"",""
"12257",107,1,2015,1,3,"11/3/2015","Spotted_skunk",2015-10-23 20:42:10,"","","","10/23/2015","8:42:10 PM","10/23/2015","8:44:13 PM",130,138,9,1,0,"N","","",NA,"",""
"12258",107,1,2015,1,3,"11/3/2015","Spotted_skunk",2015-10-24 21:17:20,"","","","10/24/2015","9:17:20 PM","10/24/2015","9:19:39 PM",217,225,9,1,0,"N","","",NA,"",""
"12259",107,1,2015,1,3,"11/3/2015","Spotted_skunk",2015-10-24 01:38:38,"","","","10/24/2015","1:38:38 AM","10/24/2015","2:14:06 AM",139,156,18,1,0,"N","","",NA,"",""
"12260",107,1,2015,2,1,"10/6/2015","Spotted_skunk",2015-09-27 23:02:19,"","","","9/27/2015","11:02:19 PM","9/27/2015","11:02:21 PM",172,174,3,1,0,"N","","",NA,"",""
"12261",107,1,2015,2,1,"10/6/2015","Spotted_skunk",2015-09-28 20:00:25,"","","","9/28/2015","8:00:25 PM","9/28/2015","8:02:09 PM",205,213,9,1,0,"N","","",NA,"",""
"12262",107,1,2015,2,1,"10/6/2015","Spotted_skunk",2015-09-28 21:52:55,"","","","9/28/2015","9:52:55 PM","9/28/2015","9:54:56 PM",223,228,6,1,0,"N","","",NA,"",""
"12263",107,1,2015,2,1,"10/6/2015","Spotted_skunk",2015-09-27 14:02:59,"","","","9/27/2015","2:02:59 PM","9/27/2015","3:20:57 PM",127,171,45,1,0,"N","","Y",NA,"129","last time skunk in TCB"
"12264",107,1,2015,2,1,"10/6/2015","Spotted_skunk",2015-09-28 03:05:09,"","","","9/28/2015","3:05:09 AM","9/28/2015","4:02:55 AM",175,201,27,1,0,"N","Y","",NA,"190","bait gone-skunk"
"12265",107,1,2015,2,1,"10/6/2015","Spotted_skunk",2015-09-28 16:19:58,"","","","9/28/2015","4:19:58 PM","9/28/2015","4:20:00 PM",202,204,3,1,0,"N","","",NA,"",""
"12266",107,1,2015,2,1,"10/6/2015","Spotted_skunk",2015-09-26 05:21:37,"","","","9/26/2015","5:21:37 AM","9/26/2015","5:54:46 AM",76,90,15,1,0,"N","","",NA,"",""
"12267",107,1,2015,2,1,"10/6/2015","Spotted_skunk",2015-09-26 03:01:47,"","","","9/26/2015","3:01:47 AM","9/26/2015","3:13:54 AM",67,75,9,1,0,"N","","",NA,"",""
"12268",107,1,2015,3,1,"10/6/2015","Spotted_skunk",2015-09-27 00:49:02,"","","","9/27/2015","12:49:02 AM","9/27/2015","1:20:27 AM",58,63,6,1,0,"N","","",NA,"",""
"12269",107,1,2015,3,1,"10/6/2015","Spotted_skunk",2015-09-27 04:26:30,"","","","9/27/2015","4:26:30 AM","9/27/2015","5:50:27 AM",64,90,27,1,0,"N","","",NA,"",""
"12270",107,1,2015,3,1,"10/6/2015","Spotted_skunk",2015-09-28 05:02:28,"","","","9/28/2015","5:02:28 AM","9/28/2015","5:06:16 AM",118,123,6,1,0,"N","","",NA,"",""
"12271",107,1,2015,3,1,"10/6/2015","Spotted_skunk",2015-09-28 16:15:18,"","","","9/28/2015","4:15:18 PM","9/28/2015","4:15:19 PM",127,129,3,1,0,"N","","",NA,"",""
"12272",107,1,2015,3,1,"10/6/2015","Spotted_skunk",2015-09-27 11:54:17,"","","","9/27/2015","11:54:17 AM","9/27/2015","12:38:38 PM",91,117,27,1,0,"N","","",NA,"",""
"12273",107,1,2015,3,1,"10/6/2015","Spotted_skunk",2015-10-06 02:43:05,"","","","10/6/2015","2:43:05 AM","10/6/2015","2:43:06 AM",169,171,3,1,0,"N","","",NA,"",""
"12274",107,1,2015,3,2,"10/20/2015","Spotted_skunk",2015-10-11 04:10:04,"","","","10/11/2015","4:10:04 AM","10/11/2015","4:35:48 AM",133,156,24,1,0,"N","","",NA,"",""
"12275",107,1,2015,3,2,"10/20/2015","Spotted_skunk",2015-10-12 02:12:35,"","","","10/12/2015","2:12:35 AM","10/12/2015","2:24:38 AM",169,183,15,1,0,"N","Y","",NA,"169","bait gone,skunk"
"12276",107,1,2015,3,2,"10/20/2015","Spotted_skunk",2015-10-11 19:32:51,"","","","10/11/2015","7:32:51 PM","10/11/2015","7:37:55 PM",160,168,9,1,0,"N","","",NA,"",""
"12277",107,1,2015,3,3,"11/3/2015","Spotted_skunk",2015-10-27 04:27:11,"","","","10/27/2015","4:27:11 AM","10/27/2015","4:42:23 AM",97,102,6,1,0,"N","","",NA,"",""
"12278",107,1,2015,3,3,"11/3/2015","Spotted_skunk",2015-10-31 22:15:38,"","","","10/31/2015","10:15:38 PM","10/31/2015","10:16:25 PM",136,141,6,1,0,"N","","",NA,"",""
"12279",107,1,2015,3,3,"11/3/2015","Spotted_skunk",2015-10-30 23:44:05,"","","","10/30/2015","11:44:05 PM","10/30/2015","11:45:43 PM",130,135,6,1,0,"N","","",NA,"",""
"12280",107,1,2015,3,3,"11/3/2015","Spotted_skunk",2015-10-29 22:11:04,"","","","10/29/2015","10:11:04 PM","10/29/2015","10:18:25 PM",121,129,9,1,0,"N","","",NA,"",""
"12281",107,1,2015,3,3,"11/3/2015","Spotted_skunk",2015-10-28 04:17:38,"","","","10/28/2015","4:17:38 AM","10/28/2015","4:23:01 AM",112,117,6,1,0,"N","","",NA,"",""
"12282",107,1,2015,3,3,"11/3/2015","Spotted_skunk",2015-10-28 01:56:39,"","","","10/28/2015","1:56:39 AM","10/28/2015","2:08:46 AM",106,111,6,1,0,"N","","",NA,"",""
"12283",107,1,2015,3,3,"11/3/2015","Spotted_skunk",2015-10-27 18:54:13,"","","","10/27/2015","6:54:13 PM","10/27/2015","6:54:15 PM",103,105,3,1,0,"N","","",NA,"",""
"12284",107,1,2015,3,3,"11/3/2015","Spotted_skunk",2015-10-27 01:22:52,"","","","10/27/2015","1:22:52 AM","10/27/2015","1:23:14 AM",91,96,6,1,0,"N","","",NA,"",""
"12285",107,1,2015,3,3,"11/3/2015","Spotted_skunk",2015-10-23 05:48:29,"","","","10/23/2015","5:48:29 AM","10/23/2015","5:49:31 AM",46,54,9,1,0,"N","","",NA,"",""
"12286",107,1,2015,3,3,"11/3/2015","Spotted_skunk",2015-10-23 01:24:16,"","","","10/23/2015","1:24:16 AM","10/23/2015","1:32:03 AM",40,45,6,1,0,"N","","",NA,"",""
"12287",107,1,2015,3,3,"11/3/2015","Spotted_skunk",2015-10-26 18:53:29,"","","","10/26/2015","6:53:29 PM","10/26/2015","7:06:19 PM",82,90,9,1,0,"N","","",NA,"",""
"12288",107,1,2015,3,3,"11/3/2015","Spotted_skunk",2015-10-26 06:01:45,"","","","10/26/2015","6:01:45 AM","10/26/2015","6:24:09 AM",61,81,21,1,0,"N","","",NA,"",""
"12289",108,1,2015,1,1,"10/2/2015","Spotted_skunk",2015-09-24 04:26:33,"","","","9/24/2015","4:26:33 AM","9/24/2015","4:26:35 AM",7,9,3,1,0,"N","","",NA,"",""
"12290",108,1,2015,1,1,"10/2/2015","Spotted_skunk",2015-09-24 05:34:02,"","","","9/24/2015","5:34:02 AM","9/24/2015","5:34:03 AM",10,12,3,1,0,"N","","",NA,"",""
"12291",108,1,2015,1,1,"10/2/2015","Spotted_skunk",2015-09-23 03:25:43,"","","","9/23/2015","3:25:43 AM","9/23/2015","3:25:45 AM",4,6,3,1,0,"N","","",NA,"",""
"12292",108,1,2015,1,1,"10/2/2015","Spotted_skunk",2015-09-24 19:27:42,"","","","9/24/2015","7:27:42 PM","9/24/2015","7:27:44 PM",13,15,3,1,0,"N","","",NA,"",""
"12293",108,1,2015,2,1,"10/2/2015","Spotted_skunk",2015-09-30 05:24:05,"","","","9/30/2015","5:24:05 AM","9/30/2015","5:52:27 AM",88,93,6,1,0,"N","","",NA,"",""
"12294",108,1,2015,2,1,"10/2/2015","Spotted_skunk",2015-09-30 20:11:18,"","","","9/30/2015","8:11:18 PM","9/30/2015","8:46:18 PM",97,105,9,1,0,"N","","",NA,"",""
"12295",108,1,2015,2,1,"10/2/2015","Spotted_skunk",2015-10-01 02:11:15,"","","","10/1/2015","2:11:15 AM","10/1/2015","2:21:57 AM",106,111,6,1,0,"N","","",NA,"",""
"12296",108,1,2015,2,1,"10/2/2015","Spotted_skunk",2015-09-26 04:53:09,"","","","9/26/2015","4:53:09 AM","9/26/2015","4:53:11 AM",22,24,3,1,0,"N","","",NA,"",""
"12297",108,1,2015,2,2,"10/18/2015","Spotted_skunk",2015-10-06 03:41:54,"","","","10/6/2015","3:41:54 AM","10/6/2015","3:43:40 AM",79,84,6,1,0,"N","","",NA,"",""
"12298",108,1,2015,2,2,"10/18/2015","Spotted_skunk",2015-10-04 01:12:14,"","","","10/4/2015","1:12:14 AM","10/4/2015","1:56:53 AM",16,24,9,1,0,"N","","",NA,"",""
"12299",108,1,2015,2,2,"10/18/2015","Spotted_skunk",2015-10-04 20:12:38,"","","","10/4/2015","8:12:38 PM","10/4/2015","8:52:29 PM",34,42,9,1,0,"N","","",NA,"",""
"12300",108,1,2015,2,2,"10/18/2015","Spotted_skunk",2015-10-04 04:40:59,"","","","10/4/2015","4:40:59 AM","10/4/2015","5:02:57 AM",25,33,9,1,0,"N","","",NA,"",""
"12301",108,1,2015,2,2,"10/18/2015","Spotted_skunk",2015-10-05 21:48:31,"","","","10/5/2015","9:48:31 PM","10/5/2015","10:39:56 PM",49,54,6,1,0,"N","","",NA,"",""
"12302",108,1,2015,2,3,"11/2/2015","Spotted_skunk",2015-10-24 01:56:22,"","","","10/24/2015","1:56:22 AM","10/24/2015","2:25:48 AM",52,60,9,1,0,"N","","",NA,"",""
"12303",108,1,2015,2,3,"11/2/2015","Spotted_skunk",2015-10-25 01:25:22,"","","","10/25/2015","1:25:22 AM","10/25/2015","1:25:24 AM",70,72,3,1,0,"N","","",NA,"",""
"12304",108,1,2015,2,3,"11/2/2015","Spotted_skunk",2015-10-23 01:52:22,"","","","10/23/2015","1:52:22 AM","10/23/2015","2:46:04 AM",34,48,15,1,0,"N","","",NA,"",""
"12305",108,1,2015,2,3,"11/2/2015","Spotted_skunk",2015-10-22 03:23:03,"","","","10/22/2015","3:23:03 AM","10/22/2015","3:23:05 AM",1,3,3,1,0,"N","","",NA,"",""
"12306",108,1,2015,3,2,"10/18/2015","Spotted_skunk",2015-10-06 11:59:00,"","","","10/6/2015","11:59:00 AM","10/6/2015","11:59:10 AM",2,3,2,1,0,"N","","",NA,"this is a video",""
"12307",108,1,2015,3,2,"10/18/2015","Spotted_skunk",2015-10-18 02:59:00,"","","","10/18/2015","2:59:00 AM","10/18/2015","2:59:10 AM",6,7,2,1,0,"N","","",NA,"this is a video",""
"12308",108,1,2015,3,3,"11/2/2015","Spotted_skunk",2015-10-20 05:05:00,"","","","10/20/2015","5:05:00 AM","10/20/2015","5:09:00 AM",5,8,4,1,0,"N","","",NA,"these are videos",""
"12309",108,1,2015,3,3,"11/2/2015","Spotted_skunk",2015-10-19 22:52:00,"","","","10/19/2015","10:52:00 PM","10/19/2015","10:53:00 PM",3,4,2,1,0,"N","","",NA,"this is a video",""
"12310",108,1,2015,3,3,"11/2/2015","Spotted_skunk",2015-10-19 07:02:00,"","","","10/19/2015","7:02:00 AM","10/19/2015","7:02:10 AM",2,3,2,1,0,"N","","",NA,"this is a video",""
"12311",109,1,2016,1.1,2,"8/12/2016","Spotted_skunk",2016-08-01 02:50:35,"","","","8/1/2016","2:50:35 AM","8/1/2016","2:59:13 AM",559,564,6,1,0,"N","","",NA,"",""
"12312",109,1,2016,1.1,2,"8/12/2016","Spotted_skunk",2016-08-09 02:39:00,"","","","8/9/2016","2:39:00 AM","8/9/2016","2:39:01 AM",715,717,3,0,0,"N","","",NA,"",""
"12313",109,1,2016,1.1,2,"8/12/2016","Spotted_skunk",2016-08-02 00:26:31,"","","","8/2/2016","12:26:31 AM","8/2/2016","12:49:01 AM",589,594,6,1,0,"N","","",NA,"",""
"12314",109,1,2016,1.1,2,"8/12/2016","Spotted_skunk",2016-08-01 01:18:18,"","","","8/1/2016","1:18:18 AM","8/1/2016","1:21:52 AM",550,558,9,1,0,"N","","",NA,"",""
"12315",109,1,2016,3,1,"7/22/2016","Spotted_skunk",2016-07-18 23:31:30,"","","","7/18/2016","11:31:30 PM","7/19/2016","12:47:53 AM",7,11,5,1,0,"N","","",NA,"",""
"12316",109,1,2016,3,1,"7/22/2016","Spotted_skunk",2016-07-20 04:47:58,"","","","7/20/2016","4:47:58 AM","7/20/2016","4:58:44 AM",12,17,6,1,0,"N","","",NA,"",""
"12317",109,1,2016,3,1,"7/22/2016","Spotted_skunk",2016-07-18 13:00:07,"","","","7/18/2016","1:00:07 PM","7/18/2016","1:02:18 PM",2,6,5,1,0,"N","","",NA,"",""
"12318",109,1,2016,3,2,"8/4/2016","Spotted_skunk",2016-07-26 19:56:35,"","","","7/26/2016","7:56:35 PM","7/26/2016","7:56:35 PM",26,27,2,1,0,"N","","",NA,"camera set to one photo per event",""
"12319",109,1,2016,3,2,"8/4/2016","Spotted_skunk",2016-07-27 02:45:50,"","","","7/27/2016","2:45:50 AM","7/27/2016","2:45:50 AM",28,29,2,1,0,"N","","",NA,"camera set to one photo per event",""
"12320",109,1,2016,3,2,"8/4/2016","Spotted_skunk",2016-07-27 01:00:32,"","","","7/27/2016","1:00:32 AM","7/27/2016","1:00:32 AM",27,28,2,1,0,"N","","",NA,"camera set to one photo per event",""
"12321",109,1,2016,3,2,"8/4/2016","Spotted_skunk",2016-07-26 04:13:12,"","","","7/26/2016","4:13:12 AM","7/26/2016","4:51:55 AM",23,25,3,1,0,"N","","",NA,"camera set to one photo per event",""
"12322",109,1,2016,3,3,"8/22/2016","Spotted_skunk",2016-08-09 04:31:34,"","","","8/9/2016","4:31:34 AM","8/9/2016","4:32:21 AM",16,17,2,1,0,"N","","",NA,"",""
"12323",109,1,2016,3,3,"8/22/2016","Spotted_skunk",2016-08-08 22:35:02,"","","","8/8/2016","10:35:02 PM","8/8/2016","10:36:05 PM",3,4,2,1,0,"N","","",NA,"",""
"12324",109,1,2016,3,3,"8/22/2016","Spotted_skunk",2016-08-09 22:42:21,"","","","8/9/2016","10:42:21 PM","8/9/2016","10:42:59 PM",18,19,2,1,0,"N","","",NA,"",""
"12325",109,1,2016,3,3,"8/22/2016","Spotted_skunk",2016-08-10 04:40:42,"","","","8/10/2016","4:40:42 AM","8/10/2016","4:40:42 AM",20,21,2,1,0,"N","","",NA,"",""
"12326",109,1,2016,3,3,"8/22/2016","Spotted_skunk",2016-08-15 02:12:15,"","","","8/15/2016","2:12:15 AM","8/15/2016","2:19:20 AM",29,32,4,2,0,"N","","",NA,"",""
"12327",109,1,2016,3,3,"8/22/2016","Spotted_skunk",2016-08-17 01:31:13,"","","","8/17/2016","1:31:13 AM","8/17/2016","1:31:30 AM",39,40,2,1,0,"N","","",NA,"",""
"12328",109,1,2016,3,3,"8/22/2016","Spotted_skunk",2016-08-09 00:05:00,"","","","8/9/2016","12:05:00 AM","8/9/2016","1:21:39 AM",5,15,11,1,0,"N","","",NA,"",""
"12329",111,1,2016,1,2,"7/5/2016","Spotted_skunk",2016-06-27 01:28:00,"","","","6/27/2016","1:28:00 AM","6/27/2016","1:39:59 AM",10,15,6,1,0,"N","","",NA,"",""
"12330",111,1,2016,1,2,"7/5/2016","Spotted_skunk",2016-06-30 22:33:36,"","","","6/30/2016","10:33:36 PM","6/30/2016","10:37:35 PM",472,480,9,1,0,"N","","",NA,"",""
"12331",111,1,2016,1,2,"7/5/2016","Spotted_skunk",2016-06-28 23:56:01,"","","","6/28/2016","11:56:01 PM","6/28/2016","11:56:01 PM",100,102,3,1,0,"N","","",NA,"",""
"12332",111,1,2016,1,3,"7/20/2016","Spotted_skunk",2016-07-12 01:44:49,"","","","7/12/2016","1:44:49 AM","7/12/2016","2:26:57 AM",140,148,9,1,0,"N","","",NA,"",""
"12333",111,1,2016,1,3,"7/20/2016","Spotted_skunk",2016-07-15 01:42:05,"","","","7/15/2016","1:42:05 AM","7/15/2016","1:42:20 AM",929,934,6,1,0,"N","","",NA,"",""
"12334",111,1,2016,1,3,"7/20/2016","Spotted_skunk",2016-07-12 22:32:47,"","","","7/12/2016","10:32:47 PM","7/12/2016","10:49:27 PM",194,205,12,1,0,"N","","",NA,"",""
"12335",111,1,2016,1,3,"7/20/2016","Spotted_skunk",2016-07-17 02:51:09,"","","","7/17/2016","2:51:09 AM","7/17/2016","2:52:26 AM",959,967,9,1,0,"N","","",NA,"",""
"12336",111,1,2016,1,3,"7/20/2016","Spotted_skunk",2016-07-09 02:52:36,"","","","7/9/2016","2:52:36 AM","7/9/2016","2:52:53 AM",35,40,6,1,0,"N","","",NA,"",""
"12337",111,1,2016,1,3,"7/20/2016","Spotted_skunk",2016-07-12 04:02:51,"","","","7/12/2016","4:02:51 AM","7/12/2016","4:17:13 AM",149,157,9,1,0,"N","","",NA,"",""
"12338",112,1,2014,2,2,"8/18/2014","Spotted_skunk",2014-08-09 05:11:58,"","","","8/9/2014","5:11:58 AM","8/9/2014","5:12:00 AM",286,288,3,1,0,"N","","",NA,"",""
"12339",135,1,2014,1,1,"10/6/2014","Spotted_skunk",2014-10-05 01:28:51,"","","","10/5/2014","1:28:51 AM","10/5/2014","1:28:53 AM",70,72,3,1,0,"N","","",NA,"",""
"12340",135,1,2014,1,1,"10/6/2014","Spotted_skunk",2014-09-29 21:09:56,"","","","9/29/2014","9:09:56 PM","9/29/2014","9:09:58 PM",7,9,3,1,0,"N","","",NA,"",""
"12341",135,1,2014,1,2,"10/20/2014","Spotted_skunk",2014-10-14 01:45:53,"","","","10/14/2014","1:45:53 AM","10/14/2014","1:45:55 AM",22,24,3,1,0,"N","","",NA,"",""
"12342",135,1,2014,1,2,"10/20/2014","Spotted_skunk",2014-10-16 04:17:19,"","","","10/16/2014","4:17:19 AM","10/16/2014","4:17:21 AM",25,27,3,1,0,"N","","",NA,"",""
"12343",135,1,2014,1,2,"10/20/2014","Spotted_skunk",2014-10-11 04:23:17,"","","","10/11/2014","4:23:17 AM","10/11/2014","4:23:19 AM",16,18,3,1,0,"N","","",NA,"",""
"12344",135,1,2014,1,2,"10/20/2014","Spotted_skunk",2014-10-11 19:58:23,"","","","10/11/2014","7:58:23 PM","10/11/2014","7:58:24 PM",19,21,3,1,0,"N","","",NA,"",""
"12345",135,1,2014,1,3,"11/3/2014","Spotted_skunk",2014-10-21 19:28:44,"","","","10/21/2014","7:28:44 PM","10/21/2014","7:28:46 PM",19,21,3,1,0,"N","","",NA,"",""
"12346",135,1,2014,1,3,"11/3/2014","Spotted_skunk",2014-10-27 06:00:52,"","","","10/27/2014","6:00:52 AM","10/27/2014","6:00:54 AM",25,27,3,1,0,"N","","",NA,"",""
"12347",135,1,2014,1,3,"11/3/2014","Spotted_skunk",2014-11-02 01:56:07,"","","","11/2/2014","1:56:07 AM","11/2/2014","1:56:38 AM",28,33,6,1,0,"N","","",NA,"",""
"12348",135,1,2014,1,3,"11/3/2014","Spotted_skunk",2014-10-21 06:22:22,"","","","10/21/2014","6:22:22 AM","10/21/2014","6:22:24 AM",16,18,3,1,0,"N","","",NA,"",""
"12349",135,1,2014,2,1,"10/6/2014","Spotted_skunk",2014-09-29 23:34:32,"","","","9/29/2014","11:34:32 PM","9/29/2014","11:34:34 PM",7,9,3,1,0,"N","","",NA,"",""
"12350",135,1,2014,2,1,"10/6/2014","Spotted_skunk",2014-10-01 00:20:25,"","","","10/1/2014","12:20:25 AM","10/1/2014","12:20:26 AM",13,15,3,1,0,"N","","",NA,"",""
"12351",135,1,2014,2,1,"10/6/2014","Spotted_skunk",2014-10-04 02:35:35,"","","","10/4/2014","2:35:35 AM","10/4/2014","2:35:36 AM",16,18,3,1,0,"N","","",NA,"",""
"12352",135,1,2014,2,1,"10/6/2014","Spotted_skunk",2014-10-04 06:01:33,"","","","10/4/2014","6:01:33 AM","10/4/2014","6:04:26 AM",19,24,6,1,0,"N","","",NA,"",""
"12353",135,1,2014,2,2,"10/20/2014","Spotted_skunk",2014-10-15 20:07:57,"","","","10/15/2014","8:07:57 PM","10/15/2014","8:07:59 PM",19,21,3,1,0,"N","","",NA,"",""
"12354",135,1,2014,2,3,"11/3/2014","Spotted_skunk",2014-10-21 03:02:16,"","","","10/21/2014","3:02:16 AM","10/21/2014","3:02:59 AM",25,30,6,1,0,"N","","",NA,"",""
"12355",135,1,2014,2,3,"11/3/2014","Spotted_skunk",2014-10-25 04:05:34,"","","","10/25/2014","4:05:34 AM","10/25/2014","4:07:18 AM",31,36,6,1,0,"N","","",NA,"",""
"12356",135,1,2014,2,3,"11/3/2014","Spotted_skunk",2014-10-25 06:13:50,"","","","10/25/2014","6:13:50 AM","10/25/2014","6:13:52 AM",37,39,3,1,0,"N","","",NA,"",""
"12357",135,1,2014,2,3,"11/3/2014","Spotted_skunk",2014-10-25 19:46:42,"","","","10/25/2014","7:46:42 PM","10/25/2014","7:46:43 PM",40,42,3,1,0,"N","","",NA,"",""
"12358",135,1,2014,2,3,"11/3/2014","Spotted_skunk",2014-10-26 20:03:46,"","","","10/26/2014","8:03:46 PM","10/26/2014","8:12:06 PM",43,51,9,1,0,"N","","",NA,"",""
"12359",135,1,2014,2,3,"11/3/2014","Spotted_skunk",2014-10-27 04:05:14,"","","","10/27/2014","4:05:14 AM","10/27/2014","4:05:15 AM",52,54,3,1,0,"N","","",NA,"",""
"12360",135,1,2014,2,3,"11/3/2014","Spotted_skunk",2014-10-29 05:46:46,"","","","10/29/2014","5:46:46 AM","10/29/2014","5:46:48 AM",79,81,3,1,0,"N","","",NA,"",""
"12361",135,1,2014,2,3,"11/3/2014","Spotted_skunk",2014-10-28 06:10:34,"","","","10/28/2014","6:10:34 AM","10/28/2014","6:57:14 AM",64,78,15,1,0,"N","","",NA,"",""
"12362",135,1,2014,2,3,"11/3/2014","Spotted_skunk",2014-11-03 05:19:40,"","","","11/3/2014","5:19:40 AM","11/3/2014","5:19:41 AM",94,96,3,1,0,"N","","",NA,"",""
"12363",135,1,2014,2,3,"11/3/2014","Spotted_skunk",2014-11-01 03:47:34,"","","","11/1/2014","3:47:34 AM","11/1/2014","3:47:38 AM",91,93,3,1,0,"N","","",NA,"",""
"12364",135,1,2014,2,3,"11/3/2014","Spotted_skunk",2014-10-30 02:17:38,"","","","10/30/2014","2:17:38 AM","10/30/2014","2:17:40 AM",85,87,3,1,0,"N","","",NA,"",""
"12365",135,1,2014,3,1,"10/6/2014","Spotted_skunk",2014-09-29 00:53:00,"","","","9/29/2014","12:53:00 AM","9/29/2014","1:15:14 AM",19,24,6,1,0,"N","","",NA,"",""
"12366",135,1,2014,3,1,"10/6/2014","Spotted_skunk",2014-10-06 04:06:55,"","","","10/6/2014","4:06:55 AM","10/6/2014","4:06:57 AM",25,27,3,1,0,"N","","",NA,"",""
"12367",135,1,2014,3,3,"11/3/2014","Spotted_skunk",2014-10-24 03:46:53,"","","","10/24/2014","3:46:53 AM","10/24/2014","3:46:55 AM",19,21,3,1,0,"N","","",NA,"",""
"12368",135,2,2016,1,1,"9/30/2016","Spotted_skunk",2016-09-23 20:24:45,"","","","9/23/2016","8:24:45 PM","9/23/2016","8:24:46 PM",43,45,3,1,0,"N","","",NA,"",""
"12369",135,2,2016,1,2,"10/17/2016","Spotted_skunk",2016-10-10 00:51:34,"","","","10/10/2016","12:51:34 AM","10/10/2016","12:55:44 AM",124,132,9,1,0,"N","","",NA,"",""
"12370",135,2,2016,1,2,"10/17/2016","Spotted_skunk",2016-10-09 00:40:37,"","","","10/9/2016","12:40:37 AM","10/9/2016","12:40:39 AM",97,99,3,1,0,"N","","",NA,"",""
"12371",135,2,2016,1,2,"10/17/2016","Spotted_skunk",2016-10-09 01:53:02,"","","","10/9/2016","1:53:02 AM","10/9/2016","1:53:16 AM",100,105,6,1,0,"N","","",NA,"",""
"12372",135,2,2016,1,2,"10/17/2016","Spotted_skunk",2016-10-13 03:02:12,"","","","10/13/2016","3:02:12 AM","10/13/2016","3:02:29 AM",148,153,6,1,0,"N","","",NA,"",""
"12373",135,2,2016,1,2,"10/17/2016","Spotted_skunk",2016-10-09 03:56:57,"","","","10/9/2016","3:56:57 AM","10/9/2016","5:18:34 AM",106,120,15,1,0,"N","Y","",NA,"115","bait gone"
"12374",135,2,2016,1,2,"10/17/2016","Spotted_skunk",2016-10-03 02:54:42,"","","","10/3/2016","2:54:42 AM","10/3/2016","2:54:44 AM",16,18,3,1,0,"N","","",NA,"",""
"12375",135,2,2016,1,2,"10/17/2016","Spotted_skunk",2016-10-05 04:59:24,"","","","10/5/2016","4:59:24 AM","10/5/2016","4:59:45 AM",55,60,6,1,0,"N","","",NA,"",""
"12376",135,2,2016,1,2,"10/17/2016","Spotted_skunk",2016-10-08 03:38:15,"","","","10/8/2016","3:38:15 AM","10/8/2016","4:03:24 AM",67,84,18,1,0,"N","","",NA,"",""
"12377",135,2,2016,1,2,"10/17/2016","Spotted_skunk",2016-10-04 02:43:08,"","","","10/4/2016","2:43:08 AM","10/4/2016","2:55:54 AM",40,51,12,1,0,"N","","",NA,"",""
"12378",135,2,2016,1,2,"10/17/2016","Spotted_skunk",2016-10-03 00:45:32,"","","","10/3/2016","12:45:32 AM","10/3/2016","12:51:33 AM",10,15,6,1,0,"N","","",NA,"",""
"12379",135,2,2016,1,2,"10/17/2016","Spotted_skunk",2016-10-08 20:38:36,"","","","10/8/2016","8:38:36 PM","10/8/2016","8:38:54 PM",91,96,6,1,0,"N","","",NA,"",""
"12380",135,2,2016,1,2,"10/17/2016","Spotted_skunk",2016-10-08 05:43:29,"","","","10/8/2016","5:43:29 AM","10/8/2016","6:10:33 AM",85,90,6,1,0,"N","","",NA,"",""
"12381",135,2,2016,1,3,"10/29/2016","Spotted_skunk",2016-10-28 02:56:17,"","","","10/28/2016","2:56:17 AM","10/28/2016","2:56:18 AM",49,51,3,1,0,"N","","",NA,"",""
"12382",135,2,2016,2,1,"9/30/2016","Spotted_skunk",2016-09-24 23:52:00,"","","","9/24/2016","11:52:00 PM","9/24/2016","11:53:38 PM",49,57,9,1,0,"N","","",NA,"",""
"12383",135,2,2016,2,2,"10/17/2016","Spotted_skunk",2016-10-11 01:54:28,"","","","10/11/2016","1:54:28 AM","10/11/2016","1:54:29 AM",208,210,3,1,0,"N","","",NA,"",""
"12384",135,2,2016,2,2,"10/17/2016","Spotted_skunk",2016-10-11 03:16:04,"","","","10/11/2016","3:16:04 AM","10/11/2016","3:17:20 AM",211,219,9,1,0,"N","","",NA,"",""
"12385",135,2,2016,2,2,"10/17/2016","Spotted_skunk",2016-10-11 04:38:06,"","","","10/11/2016","4:38:06 AM","10/11/2016","6:37:04 AM",220,246,27,1,0,"N","","",NA,"",""
"12386",135,2,2016,2,2,"10/17/2016","Spotted_skunk",2016-10-12 01:09:27,"","","","10/12/2016","1:09:27 AM","10/12/2016","4:06:34 AM",247,318,72,1,0,"N","","",NA,"",""
"12387",135,2,2016,2,2,"10/17/2016","Spotted_skunk",2016-10-12 20:22:10,"","","","10/12/2016","8:22:10 PM","10/12/2016","8:33:48 PM",319,378,60,1,0,"N","","",NA,"",""
"12388",135,2,2016,2,2,"10/17/2016","Spotted_skunk",2016-10-13 05:20:39,"","","","10/13/2016","5:20:39 AM","10/13/2016","5:30:05 AM",379,387,9,1,0,"N","","",NA,"",""
"12389",135,2,2016,2,2,"10/17/2016","Spotted_skunk",2016-10-13 19:48:37,"","","","10/13/2016","7:48:37 PM","10/13/2016","7:52:00 PM",388,402,15,1,0,"N","","",NA,"",""
"12390",135,2,2016,2,2,"10/17/2016","Spotted_skunk",2016-10-14 06:58:13,"","","","10/14/2016","6:58:13 AM","10/14/2016","7:01:40 AM",415,429,15,1,0,"N","Y","",NA,"424","bait gone"
"12391",135,2,2016,2,2,"10/17/2016","Spotted_skunk",2016-10-10 21:57:29,"","","","10/10/2016","9:57:29 PM","10/10/2016","10:00:32 PM",196,207,12,1,0,"N","","",NA,"",""
"12392",135,2,2016,2,2,"10/17/2016","Spotted_skunk",2016-10-13 23:07:43,"","","","10/13/2016","11:07:43 PM","10/13/2016","11:16:52 PM",403,411,9,1,0,"N","","",NA,"",""
"12393",135,2,2016,2,2,"10/17/2016","Spotted_skunk",2016-10-16 02:13:09,"","","","10/16/2016","2:13:09 AM","10/16/2016","2:14:40 AM",430,441,12,1,0,"N","","",NA,"",""
"12394",135,2,2016,2,2,"10/17/2016","Spotted_skunk",2016-10-10 04:25:57,"","","","10/10/2016","4:25:57 AM","10/10/2016","5:51:02 AM",172,192,21,1,0,"N","","",NA,"",""
"12395",135,2,2016,2,2,"10/17/2016","Spotted_skunk",2016-10-09 23:08:37,"","","","10/9/2016","11:08:37 PM","10/10/2016","12:14:55 AM",148,165,18,1,0,"N","","",NA,"",""
"12396",135,2,2016,2,2,"10/17/2016","Spotted_skunk",2016-10-10 01:43:08,"","","","10/10/2016","1:43:08 AM","10/10/2016","1:43:33 AM",166,171,6,1,0,"N","","",NA,"",""
"12397",135,2,2016,2,2,"10/17/2016","Spotted_skunk",2016-10-09 02:23:04,"","","","10/9/2016","2:23:04 AM","10/9/2016","6:50:01 AM",46,141,96,1,0,"N","","",NA,"",""
"12398",135,2,2016,2,3,"10/29/2016","Spotted_skunk",2016-10-20 23:04:56,"","","","10/20/2016","11:04:56 PM","10/21/2016","12:14:09 AM",106,135,30,1,0,"N","","",NA,"",""
"12399",135,2,2016,2,3,"10/29/2016","Spotted_skunk",2016-10-21 01:39:23,"","","","10/21/2016","1:39:23 AM","10/21/2016","1:40:31 AM",136,144,9,1,0,"N","","",NA,"",""
"12400",135,2,2016,2,3,"10/29/2016","Spotted_skunk",2016-10-21 21:07:22,"","","","10/21/2016","9:07:22 PM","10/21/2016","9:15:25 PM",145,165,21,1,0,"N","","",NA,"",""
"12401",135,2,2016,2,3,"10/29/2016","Spotted_skunk",2016-10-24 19:26:16,"","","","10/24/2016","7:26:16 PM","10/24/2016","7:26:56 PM",190,198,9,1,0,"N","","",NA,"",""
"12402",135,2,2016,2,3,"10/29/2016","Spotted_skunk",2016-10-24 04:19:12,"","","","10/24/2016","4:19:12 AM","10/24/2016","4:21:30 AM",175,189,15,1,0,"N","","",NA,"",""
"12403",135,2,2016,2,3,"10/29/2016","Spotted_skunk",2016-10-20 20:54:38,"","","","10/20/2016","8:54:38 PM","10/20/2016","9:08:49 PM",82,105,24,1,0,"N","Y","",NA,"90","Skunk takes tree bait"
"12404",135,2,2016,2,3,"10/29/2016","Spotted_skunk",2016-10-21 23:08:33,"","","","10/21/2016","11:08:33 PM","10/21/2016","11:09:09 PM",166,174,9,1,0,"N","","",NA,"",""
"12405",135,2,2016,2,3,"10/29/2016","Spotted_skunk",2016-10-20 18:57:20,"","","","10/20/2016","6:57:20 PM","10/20/2016","7:16:05 PM",76,81,6,1,0,"N","","",NA,"",""
"12406",135,2,2016,2,3,"10/29/2016","Spotted_skunk",2016-10-20 05:28:43,"","","","10/20/2016","5:28:43 AM","10/20/2016","6:09:19 AM",49,75,27,1,0,"N","","",NA,"",""
"12407",135,2,2016,2,3,"10/29/2016","Spotted_skunk",2016-10-20 01:01:39,"","","","10/20/2016","1:01:39 AM","10/20/2016","1:01:41 AM",22,24,3,1,0,"N","","",NA,"",""
"12408",135,2,2016,2,3,"10/29/2016","Spotted_skunk",2016-10-19 19:58:00,"","","","10/19/2016","7:58:00 PM","10/19/2016","8:09:02 PM",7,18,12,1,0,"N","","",NA,"",""
"12409",135,2,2016,2,3,"10/29/2016","Spotted_skunk",2016-10-20 02:46:01,"","","","10/20/2016","2:46:01 AM","10/20/2016","3:08:30 AM",25,48,24,2,0,"N","","",NA,"",""
"12410",135,2,2016,3,1,"9/30/2016","Spotted_skunk",2016-09-25 04:06:53,"","","","9/25/2016","4:06:53 AM","9/25/2016","4:20:01 AM",619,627,9,1,0,"N","","",NA,"",""
"12411",135,2,2016,3,1,"9/30/2016","Spotted_skunk",2016-09-23 01:25:50,"","","","9/23/2016","1:25:50 AM","9/23/2016","5:35:56 AM",58,252,195,1,0,"N","","",NA,"",""
"12412",135,2,2016,3,1,"9/30/2016","Spotted_skunk",2016-09-22 23:27:17,"","","","9/22/2016","11:27:17 PM","9/23/2016","12:03:24 AM",34,57,24,1,0,"N","","",NA,"",""
"12413",135,2,2016,3,1,"9/30/2016","Spotted_skunk",2016-09-27 00:23:06,"","","","9/27/2016","12:23:06 AM","9/27/2016","12:47:45 AM",835,873,39,1,0,"N","","",NA,"",""
"12414",135,2,2016,3,1,"9/30/2016","Spotted_skunk",2016-09-23 06:38:21,"","","","9/23/2016","6:38:21 AM","9/23/2016","6:43:21 AM",253,261,9,1,0,"N","","Y",NA,"253","TCB bait gone"
"12415",135,2,2016,3,1,"9/30/2016","Spotted_skunk",2016-09-23 13:48:42,"","","","9/23/2016","1:48:42 PM","9/23/2016","1:58:39 PM",262,288,27,1,0,"N","","",NA,"",""
"12416",135,2,2016,3,1,"9/30/2016","Spotted_skunk",2016-09-23 19:43:08,"","","","9/23/2016","7:43:08 PM","9/23/2016","7:50:38 PM",289,315,27,1,0,"N","","",NA,"",""
"12417",135,2,2016,3,1,"9/30/2016","Spotted_skunk",2016-09-23 21:07:18,"","","","9/23/2016","9:07:18 PM","9/23/2016","9:36:55 PM",316,384,69,1,0,"N","","",NA,"",""
"12418",135,2,2016,3,1,"9/30/2016","Spotted_skunk",2016-09-30 03:16:05,"","","","9/30/2016","3:16:05 AM","9/30/2016","3:38:57 AM",970,1011,42,1,0,"N","","",NA,"",""
"12419",135,2,2016,3,1,"9/30/2016","Spotted_skunk",2016-09-29 02:57:48,"","","","9/29/2016","2:57:48 AM","9/29/2016","3:17:12 AM",943,963,21,1,0,"N","","",NA,"",""
"12420",135,2,2016,3,1,"9/30/2016","Spotted_skunk",2016-09-27 20:08:54,"","","","9/27/2016","8:08:54 PM","9/27/2016","9:20:29 PM",907,939,33,1,0,"N","","",NA,"",""
"12421",135,2,2016,3,1,"9/30/2016","Spotted_skunk",2016-09-27 06:58:31,"","","","9/27/2016","6:58:31 AM","9/27/2016","6:58:32 AM",904,906,3,1,0,"N","","",NA,"",""
"12422",135,2,2016,3,1,"9/30/2016","Spotted_skunk",2016-09-25 00:06:24,"","","","9/25/2016","12:06:24 AM","9/25/2016","12:20:25 AM",583,606,24,1,0,"N","","",NA,"",""
"12423",135,2,2016,3,1,"9/30/2016","Spotted_skunk",2016-09-27 02:21:16,"","","","9/27/2016","2:21:16 AM","9/27/2016","2:28:28 AM",874,885,12,1,0,"N","","",NA,"",""
"12424",135,2,2016,3,1,"9/30/2016","Spotted_skunk",2016-09-25 19:28:32,"","","","9/25/2016","7:28:32 PM","9/25/2016","7:30:26 PM",658,675,18,1,0,"N","","",NA,"",""
"12425",135,2,2016,3,1,"9/30/2016","Spotted_skunk",2016-09-24 01:30:44,"","","","9/24/2016","1:30:44 AM","9/24/2016","1:48:17 AM",394,435,42,1,0,"N","","",NA,"",""
"12426",135,2,2016,3,1,"9/30/2016","Spotted_skunk",2016-09-24 03:48:07,"","","","9/24/2016","3:48:07 AM","9/24/2016","6:02:12 AM",436,531,96,1,0,"N","","",NA,"",""
"12427",135,2,2016,3,1,"9/30/2016","Spotted_skunk",2016-09-24 14:20:47,"","","","9/24/2016","2:20:47 PM","9/24/2016","2:39:01 PM",532,564,33,1,0,"N","","",NA,"",""
"12428",135,2,2016,3,1,"9/30/2016","Spotted_skunk",2016-09-24 21:33:02,"","","","9/24/2016","9:33:02 PM","9/24/2016","9:41:45 PM",565,582,18,1,0,"N","","",NA,"",""
"12429",135,2,2016,3,1,"9/30/2016","Spotted_skunk",2016-09-25 02:49:44,"","","","9/25/2016","2:49:44 AM","9/25/2016","2:58:21 AM",607,618,12,1,0,"N","","",NA,"",""
"12430",135,2,2016,3,1,"9/30/2016","Spotted_skunk",2016-09-27 04:35:32,"","","","9/27/2016","4:35:32 AM","9/27/2016","4:49:44 AM",886,903,18,1,0,"N","","",NA,"",""
"12431",135,2,2016,3,1,"9/30/2016","Spotted_skunk",2016-09-25 05:26:57,"","","","9/25/2016","5:26:57 AM","9/25/2016","5:43:58 AM",628,657,30,1,0,"N","","",NA,"",""
"12432",135,2,2016,3,1,"9/30/2016","Spotted_skunk",2016-09-25 22:14:05,"","","","9/25/2016","10:14:05 PM","9/25/2016","10:42:03 PM",676,699,24,1,0,"N","","",NA,"",""
"12433",135,2,2016,3,1,"9/30/2016","Spotted_skunk",2016-09-25 23:58:21,"","","","9/25/2016","11:58:21 PM","9/26/2016","1:58:52 AM",700,759,60,1,0,"N","","",NA,"",""
"12434",135,2,2016,3,1,"9/30/2016","Spotted_skunk",2016-09-26 03:04:43,"","","","9/26/2016","3:04:43 AM","9/26/2016","3:57:57 AM",760,807,48,2,0,"N","","",NA,"",""
"12435",135,2,2016,3,1,"9/30/2016","Spotted_skunk",2016-09-26 19:24:39,"","","","9/26/2016","7:24:39 PM","9/26/2016","7:30:54 PM",811,831,21,1,0,"N","","",NA,"",""
"12436",135,2,2016,3,1,"9/30/2016","Spotted_skunk",2016-09-26 21:22:15,"","","","9/26/2016","9:22:15 PM","9/26/2016","9:22:17 PM",832,834,3,1,0,"N","","",NA,"",""
"12437",135,2,2016,3,2,"10/17/2016","Spotted_skunk",2016-10-03 18:52:57,"","","","10/3/2016","6:52:57 PM","10/3/2016","6:55:14 PM",325,339,15,1,0,"N","","",NA,"",""
"12438",135,2,2016,3,2,"10/17/2016","Spotted_skunk",2016-10-07 22:44:16,"","","","10/7/2016","10:44:16 PM","10/7/2016","10:44:40 PM",385,393,9,0,0,"N","","",NA,"",""
"12439",135,2,2016,3,2,"10/17/2016","Spotted_skunk",2016-10-08 02:13:28,"","","","10/8/2016","2:13:28 AM","10/8/2016","2:13:30 AM",394,396,3,1,0,"N","","",NA,"",""
"12440",135,2,2016,3,2,"10/17/2016","Spotted_skunk",2016-10-08 05:34:52,"","","","10/8/2016","5:34:52 AM","10/8/2016","5:49:47 AM",397,402,6,1,0,"N","","",NA,"",""
"12441",135,2,2016,3,2,"10/17/2016","Spotted_skunk",2016-10-08 21:08:52,"","","","10/8/2016","9:08:52 PM","10/8/2016","9:08:54 PM",403,405,3,1,0,"N","","",NA,"",""
"12442",135,2,2016,3,2,"10/17/2016","Spotted_skunk",2016-10-09 22:29:21,"","","","10/9/2016","10:29:21 PM","10/9/2016","10:29:25 PM",406,408,3,1,0,"N","","",NA,"",""
"12443",135,2,2016,3,2,"10/17/2016","Spotted_skunk",2016-10-04 23:29:11,"","","","10/4/2016","11:29:11 PM","10/4/2016","11:30:34 PM",361,369,9,1,0,"N","","",NA,"",""
"12444",135,2,2016,3,2,"10/17/2016","Spotted_skunk",2016-10-11 00:53:27,"","","","10/11/2016","12:53:27 AM","10/11/2016","12:54:06 AM",418,423,6,1,0,"N","","",NA,"",""
"12445",135,2,2016,3,2,"10/17/2016","Spotted_skunk",2016-10-12 03:55:09,"","","","10/12/2016","3:55:09 AM","10/12/2016","4:33:16 AM",448,456,9,1,0,"N","","",NA,"",""
"12446",135,2,2016,3,2,"10/17/2016","Spotted_skunk",2016-10-09 23:45:24,"","","","10/9/2016","11:45:24 PM","10/9/2016","11:45:25 PM",409,411,3,1,0,"N","","",NA,"",""
"12447",135,2,2016,3,2,"10/17/2016","Spotted_skunk",2016-09-30 19:18:34,"","","","9/30/2016","7:18:34 PM","9/30/2016","7:50:28 PM",10,33,24,1,0,"N","","",NA,"",""
"12448",135,2,2016,3,2,"10/17/2016","Spotted_skunk",2016-09-30 23:36:13,"","","","9/30/2016","11:36:13 PM","9/30/2016","11:36:15 PM",34,36,3,1,0,"N","","",NA,"",""
"12449",135,2,2016,3,2,"10/17/2016","Spotted_skunk",2016-10-01 03:13:09,"","","","10/1/2016","3:13:09 AM","10/1/2016","3:30:23 AM",37,99,63,1,0,"N","","",NA,"",""
"12450",135,2,2016,3,2,"10/17/2016","Spotted_skunk",2016-10-01 05:06:09,"","","","10/1/2016","5:06:09 AM","10/1/2016","6:31:08 AM",100,198,99,1,0,"N","","Y",NA,"#112","skunk takes cubbie bait"
"12451",135,2,2016,3,2,"10/17/2016","Spotted_skunk",2016-10-01 19:16:13,"","","","10/1/2016","7:16:13 PM","10/1/2016","7:22:22 PM",199,222,24,1,0,"N","","",NA,"",""
"12452",135,2,2016,3,2,"10/17/2016","Spotted_skunk",2016-10-01 20:53:12,"","","","10/1/2016","8:53:12 PM","10/1/2016","9:01:44 PM",223,234,12,1,0,"N","","",NA,"",""
"12453",135,2,2016,3,2,"10/17/2016","Spotted_skunk",2016-10-02 02:29:41,"","","","10/2/2016","2:29:41 AM","10/2/2016","2:41:15 AM",250,285,36,1,0,"N","","",NA,"",""
"12454",135,2,2016,3,2,"10/17/2016","Spotted_skunk",2016-10-06 04:34:34,"","","","10/6/2016","4:34:34 AM","10/6/2016","5:16:25 AM",370,378,9,1,0,"N","","",NA,"",""
"12455",135,2,2016,3,2,"10/17/2016","Spotted_skunk",2016-10-02 21:27:06,"","","","10/2/2016","9:27:06 PM","10/2/2016","9:36:23 PM",289,306,18,1,0,"N","","",NA,"",""
"12456",135,2,2016,3,2,"10/17/2016","Spotted_skunk",2016-10-03 03:47:45,"","","","10/3/2016","3:47:45 AM","10/3/2016","3:48:55 AM",307,318,12,1,0,"N","","",NA,"",""
"12457",135,2,2016,3,2,"10/17/2016","Spotted_skunk",2016-10-03 05:07:44,"","","","10/3/2016","5:07:44 AM","10/3/2016","5:08:10 AM",319,324,6,1,0,"N","","",NA,"",""
"12458",135,2,2016,3,2,"10/17/2016","Spotted_skunk",2016-10-03 22:26:46,"","","","10/3/2016","10:26:46 PM","10/3/2016","10:28:08 PM",343,351,9,1,0,"N","","",NA,"",""
"12459",135,2,2016,3,2,"10/17/2016","Spotted_skunk",2016-10-04 19:25:57,"","","","10/4/2016","7:25:57 PM","10/4/2016","7:26:18 PM",355,360,6,1,0,"N","","",NA,"",""
"12460",135,2,2016,3,2,"10/17/2016","Spotted_skunk",2016-10-02 01:10:10,"","","","10/2/2016","1:10:10 AM","10/2/2016","1:16:57 AM",235,249,15,1,0,"N","Y","",NA,"244","skunk takes bait"
"12461",135,2,2016,3,3,"10/29/2016","Spotted_skunk",2016-10-24 02:52:09,"","","","10/24/2016","2:52:09 AM","10/24/2016","2:52:11 AM",28,30,3,1,0,"N","","",NA,"",""
"12462",136,1,2013,1,2,"10/20/2013","Spotted_skunk",2013-10-04 06:14:20,"","","","10/4/2013","6:14:20 AM","10/4/2013","6:14:22 AM",13,15,3,1,0,"N","","",0,"none",""
"12463",136,1,2013,1,2,"10/20/2013","Spotted_skunk",2013-10-04 05:14:09,"","","","10/4/2013","5:14:09 AM","10/4/2013","5:14:11 AM",10,12,3,1,0,"N","","",0,"none",""
"12464",136,1,2013,1,2,"10/20/2013","Spotted_skunk",2013-10-03 05:41:48,"","","","10/3/2013","5:41:48 AM","10/3/2013","5:41:50 AM",4,6,3,1,0,"N","","",0,"none",""
"12465",136,1,2013,1,2,"10/20/2013","Spotted_skunk",2013-10-18 20:27:57,"","","","10/18/2013","8:27:57 PM","10/18/2013","8:27:59 PM",52,54,3,1,0,"N","","",0,"none",""
"12466",136,1,2013,1,2,"10/20/2013","Spotted_skunk",2013-10-07 18:33:13,"","","","10/7/2013","6:33:13 PM","10/7/2013","6:33:14 PM",37,39,3,1,0,"N","","",0,"none",""
"12467",136,1,2013,1,2,"10/20/2013","Spotted_skunk",2013-10-16 05:57:51,"","","","10/16/2013","5:57:51 AM","10/16/2013","5:57:53 AM",49,51,3,1,0,"N","","",0,"none",""
"12468",136,1,2013,1,2,"10/20/2013","Spotted_skunk",2013-10-12 04:28:58,"","","","10/12/2013","4:28:58 AM","10/12/2013","4:29:00 AM",46,48,3,1,0,"N","","",0,"none",""
"12469",136,1,2013,1,2,"10/20/2013","Spotted_skunk",2013-10-05 05:28:42,"","","","10/5/2013","5:28:42 AM","10/5/2013","5:51:18 AM",16,21,6,1,0,"N","","",0,"2013_H136_S1_V2_E5_Skunk_in_cubby_IMG 18",""
"12470",136,1,2013,1,2,"10/20/2013","Spotted_skunk",2013-10-06 19:56:58,"","","","10/6/2013","7:56:58 PM","10/6/2013","7:58:04 PM",28,36,9,1,0,"N","","",0,"none",""
"12471",136,1,2013,1,2,"10/20/2013","Spotted_skunk",2013-10-05 19:21:49,"","","","10/5/2013","7:21:49 PM","10/5/2013","7:21:51 PM",22,24,3,1,0,"N","","",0,"none",""
"12472",136,1,2013,1,2,"10/20/2013","Spotted_skunk",2013-10-08 20:03:36,"","","","10/8/2013","8:03:36 PM","10/8/2013","8:03:36 PM",40,42,3,1,0,"N","","",0,"none",""
"12473",136,1,2013,1,3,"11/3/2013","Spotted_skunk",2013-10-24 06:34:03,"","","","10/24/2013","6:34:03 AM","10/24/2013","6:34:05 AM",7,9,3,1,0,"N","","",0,"none",""
"12474",136,1,2013,1,3,"11/3/2013","Spotted_skunk",2013-11-02 21:27:30,"","","","11/2/2013","9:27:30 PM","11/2/2013","9:27:32 PM",31,33,3,NA,0,"N","","",0,"none",""
"12475",136,1,2013,1,3,"11/3/2013","Spotted_skunk",2013-10-28 20:38:58,"","","","10/28/2013","8:38:58 PM","10/28/2013","8:39:00 PM",28,30,3,NA,0,"N","","",0,"none",""
"12476",136,1,2013,1,3,"11/3/2013","Spotted_skunk",2013-10-27 23:02:42,"","","","10/27/2013","11:02:42 PM","10/27/2013","11:02:44 PM",25,27,3,1,0,"N","","",0,"none",""
"12477",136,1,2013,1,3,"11/3/2013","Spotted_skunk",2013-10-27 21:25:06,"","","","10/27/2013","9:25:06 PM","10/27/2013","9:43:13 PM",19,24,6,1,0,"N","","",0,"none",""
"12478",136,1,2013,1,3,"11/3/2013","Spotted_skunk",2013-10-24 19:32:29,"","","","10/24/2013","7:32:29 PM","10/24/2013","7:32:30 PM",10,12,3,1,0,"N","","",0,"none",""
"12479",136,1,2013,1,3,"11/3/2013","Spotted_skunk",2013-10-27 05:51:33,"","","","10/27/2013","5:51:33 AM","10/27/2013","5:51:34 AM",13,15,3,1,0,"N","","",0,"2013_h136_s1_v3_e3_skunk_bait_gone_0013",""
"12480",136,1,2013,2,2,"10/20/2013","Spotted_skunk",2013-10-07 05:05:49,"","","","10/7/2013","5:05:49 AM","10/7/2013","5:40:36 AM",130,144,15,1,0,"N","","",0,"none",""
"12481",136,1,2013,2,2,"10/20/2013","Spotted_skunk",2013-10-09 06:19:10,"","","","10/9/2013","6:19:10 AM","10/9/2013","6:28:53 AM",151,159,9,1,0,"N","","",0,"none",""
"12482",136,1,2013,2,2,"10/20/2013","Spotted_skunk",2013-10-09 23:14:05,"","","","10/9/2013","11:14:05 PM","10/9/2013","11:14:06 PM",163,165,3,1,0,"N","","",0,"none",""
"12483",136,1,2013,2,2,"10/20/2013","Spotted_skunk",2013-10-17 04:21:19,"","","","10/17/2013","4:21:19 AM","10/17/2013","4:29:57 AM",322,330,9,1,0,"N","","",0,"2013_H136_S2_V2_E30_Skunk_in_cubby_IMG 322",""
"12484",136,1,2013,2,2,"10/20/2013","Spotted_skunk",2013-10-07 02:58:53,"","","","10/7/2013","2:58:53 AM","10/7/2013","3:06:00 AM",121,129,9,1,0,"N","","",0,"none",""
"12485",136,1,2013,2,2,"10/20/2013","Spotted_skunk",2013-10-07 00:54:08,"","","","10/7/2013","12:54:08 AM","10/7/2013","1:11:07 AM",100,120,21,1,0,"N","","",0,"none",""
"12486",136,1,2013,2,2,"10/20/2013","Spotted_skunk",2013-10-07 22:41:56,"","","","10/7/2013","10:41:56 PM","10/7/2013","10:41:57 PM",145,147,3,1,0,"N","","",0,"none",""
"12487",136,1,2013,2,2,"10/20/2013","Spotted_skunk",2013-10-15 23:21:06,"","","","10/15/2013","11:21:06 PM","10/15/2013","11:40:16 PM",265,321,57,1,0,"N","","",0,"none",""
"12488",136,1,2013,2,2,"10/20/2013","Spotted_skunk",2013-10-14 22:53:29,"","","","10/14/2013","10:53:29 PM","10/14/2013","10:53:40 PM",253,258,6,1,0,"N","","",0,"none",""
"12489",136,1,2013,2,2,"10/20/2013","Spotted_skunk",2013-10-08 05:20:43,"","","","10/8/2013","5:20:43 AM","10/8/2013","5:20:44 AM",148,150,3,1,0,"N","","",0,"none",""
"12490",136,1,2013,2,2,"10/20/2013","Spotted_skunk",2013-10-13 05:05:14,"","","","10/13/2013","5:05:14 AM","10/13/2013","5:15:49 AM",235,249,15,1,0,"N","","",0,"none",""
"12491",136,1,2013,2,2,"10/20/2013","Spotted_skunk",2013-10-12 02:41:02,"","","","10/12/2013","2:41:02 AM","10/12/2013","3:52:30 AM",196,228,33,1,0,"N","","",0,"none",""
"12492",136,1,2013,2,2,"10/20/2013","Spotted_skunk",2013-10-10 19:30:16,"","","","10/10/2013","7:30:16 PM","10/10/2013","7:44:03 PM",175,189,15,1,0,"N","","",0,"none",""
"12493",136,1,2013,2,2,"10/20/2013","Spotted_skunk",2013-10-10 06:32:10,"","","","10/10/2013","6:32:10 AM","10/10/2013","6:32:31 AM",166,174,9,1,0,"N","","",0,"none",""
"12494",136,1,2013,2,3,"11/3/2013","Spotted_skunk",2013-10-31 04:42:32,"","","","10/31/2013","4:42:32 AM","10/31/2013","4:43:58 AM",277,285,9,1,0,"N","","",0,"none",""
"12495",136,1,2013,2,3,"11/3/2013","Spotted_skunk",2013-10-26 06:28:22,"","","","10/26/2013","6:28:22 AM","10/26/2013","6:40:20 AM",31,45,15,1,0,"N","","",0,"none",""
"12496",136,1,2013,2,3,"11/3/2013","Spotted_skunk",2013-10-27 00:54:45,"","","","10/27/2013","12:54:45 AM","10/27/2013","1:05:28 AM",109,120,12,1,0,"N","","",0,"none",""
"12497",136,1,2013,2,3,"11/3/2013","Spotted_skunk",2013-10-27 04:19:53,"","","","10/27/2013","4:19:53 AM","10/27/2013","5:11:35 AM",121,162,42,1,0,"N","","",0,"none",""
"12498",136,1,2013,2,3,"11/3/2013","Spotted_skunk",2013-10-26 04:39:48,"","","","10/26/2013","4:39:48 AM","10/26/2013","4:48:16 AM",22,30,9,1,0,"N","","",0,"none",""
"12499",136,1,2013,2,3,"11/3/2013","Spotted_skunk",2013-10-27 19:13:43,"","","","10/27/2013","7:13:43 PM","10/27/2013","7:27:47 PM",163,183,21,1,0,"N","","",0,"none",""
"12500",136,1,2013,2,3,"11/3/2013","Spotted_skunk",2013-10-27 23:06:23,"","","","10/27/2013","11:06:23 PM","10/27/2013","11:59:55 PM",184,231,48,1,0,"N","","",0,"none",""
"12501",136,1,2013,2,3,"11/3/2013","Spotted_skunk",2013-11-02 01:27:19,"","","","11/2/2013","1:27:19 AM","11/2/2013","1:42:26 AM",286,294,9,1,0,"N","","",0,"none",""
"12502",136,1,2013,2,3,"11/3/2013","Spotted_skunk",2013-11-02 03:41:34,"","","","11/2/2013","3:41:34 AM","11/2/2013","3:45:37 AM",295,306,12,1,0,"N","","",0,"none",""
"12503",136,1,2013,2,3,"11/3/2013","Spotted_skunk",2013-10-26 21:16:20,"","","","10/26/2013","9:16:20 PM","10/26/2013","11:14:51 PM",46,108,63,1,0,"N","","",0,"none",""
"12504",136,1,2013,2,3,"11/3/2013","Spotted_skunk",2013-10-30 00:50:00,"","","","10/30/2013","12:50:00 AM","10/30/2013","2:25:16 AM",235,249,15,1,0,"N","","",0,"none",""
"12505",136,1,2013,2,3,"11/3/2013","Spotted_skunk",2013-10-30 21:52:31,"","","","10/30/2013","9:52:31 PM","10/30/2013","10:00:36 PM",250,261,12,1,0,"N","","",0,"none",""
"12506",136,1,2013,2,3,"11/3/2013","Spotted_skunk",2013-10-31 01:42:29,"","","","10/31/2013","1:42:29 AM","10/31/2013","1:46:10 AM",262,270,9,1,0,"N","","",0,"none",""
"12507",136,1,2013,2,3,"11/3/2013","Spotted_skunk",2013-10-31 03:25:26,"","","","10/31/2013","3:25:26 AM","10/31/2013","3:26:23 AM",271,276,6,1,0,"N","","",0,"none",""
"12508",136,1,2013,3,1,"9/29/2013","Spotted_skunk",2013-09-29 10:20:53,"","","","9/29/2013","10:20:53 AM","9/29/2013","10:20:55 AM",115,117,3,1,0,"N","","",0,"none",""
"12509",136,1,2013,3,1,"9/29/2013","Spotted_skunk",2013-09-29 03:05:27,"","","","9/29/2013","3:05:27 AM","9/29/2013","4:10:09 AM",103,114,12,1,0,"N","","",0,"none",""
"12510",136,1,2013,3,1,"9/29/2013","Spotted_skunk",2013-09-28 23:18:38,"","","","9/28/2013","11:18:38 PM","9/28/2013","11:29:39 PM",94,102,9,1,0,"N","","",0,"none",""
"12511",136,1,2013,3,1,"9/29/2013","Spotted_skunk",2013-09-28 22:03:04,"","","","9/28/2013","10:03:04 PM","9/28/2013","10:14:33 PM",88,93,6,1,0,"N","","",0,"none",""
"12512",136,1,2013,3,1,"9/29/2013","Spotted_skunk",2013-09-28 01:26:33,"","","","9/28/2013","1:26:33 AM","9/28/2013","1:27:41 AM",64,69,6,1,0,"N","","",0,"none",""
"12513",136,1,2013,3,1,"9/29/2013","Spotted_skunk",2013-09-28 02:52:47,"","","","9/28/2013","2:52:47 AM","9/28/2013","2:53:55 AM",70,78,9,1,0,"N","","",0,"none",""
"12514",136,1,2013,3,1,"9/29/2013","Spotted_skunk",2013-09-28 04:26:58,"","","","9/28/2013","4:26:58 AM","9/28/2013","5:11:33 AM",79,84,6,1,0,"N","","",0,"none",""
"12515",136,1,2013,3,1,"9/29/2013","Spotted_skunk",2013-09-28 19:40:53,"","","","9/28/2013","7:40:53 PM","9/28/2013","7:40:55 PM",85,87,3,1,0,"N","","",0,"none",""
"12516",136,1,2013,3,2,"10/21/2013","Spotted_skunk",2013-10-14 03:40:24,"","","","10/14/2013","3:40:24 AM","10/14/2013","3:41:08 AM",259,264,6,1,0,"N","","",0,"none",""
"12517",136,1,2013,3,2,"10/21/2013","Spotted_skunk",2013-10-12 00:55:09,"","","","10/12/2013","12:55:09 AM","10/12/2013","12:55:50 AM",253,258,6,1,0,"N","","",0,"none",""
"12518",136,1,2013,3,2,"10/21/2013","Spotted_skunk",2013-10-10 19:33:35,"","","","10/10/2013","7:33:35 PM","10/10/2013","7:33:37 PM",250,252,3,1,0,"N","","",0,"none",""
"12519",136,1,2013,3,2,"10/21/2013","Spotted_skunk",2013-10-07 21:48:39,"","","","10/7/2013","9:48:39 PM","10/7/2013","9:56:49 PM",241,246,6,1,0,"N","","",0,"none",""
"12520",136,1,2013,3,2,"10/21/2013","Spotted_skunk",2013-10-07 06:16:42,"","","","10/7/2013","6:16:42 AM","10/7/2013","6:33:56 AM",226,237,12,1,0,"N","","",0,"none",""
"12521",136,1,2013,3,2,"10/21/2013","Spotted_skunk",2013-10-07 04:12:15,"","","","10/7/2013","4:12:15 AM","10/7/2013","4:12:16 AM",223,225,3,1,0,"N","","",0,"none",""
"12522",136,1,2013,3,2,"10/21/2013","Spotted_skunk",2013-10-07 00:07:22,"","","","10/7/2013","12:07:22 AM","10/7/2013","12:07:24 AM",220,222,3,1,0,"N","","",0,"none",""
"12523",136,1,2013,3,2,"10/21/2013","Spotted_skunk",2013-10-06 19:24:05,"","","","10/6/2013","7:24:05 PM","10/6/2013","7:36:37 PM",211,219,9,1,0,"N","","",0,"none",""
"12524",136,1,2013,3,2,"10/21/2013","Spotted_skunk",2013-10-06 03:55:56,"","","","10/6/2013","3:55:56 AM","10/6/2013","4:34:22 AM",187,210,24,1,0,"N","","",0,"none",""
"12525",136,1,2013,3,2,"10/21/2013","Spotted_skunk",2013-10-05 05:09:03,"","","","10/5/2013","5:09:03 AM","10/5/2013","5:57:33 AM",157,174,18,1,0,"N","","",0,"none",""
"12526",136,1,2013,3,2,"10/21/2013","Spotted_skunk",2013-10-04 22:27:10,"","","","10/4/2013","10:27:10 PM","10/4/2013","10:36:52 PM",139,153,15,1,0,"N","","",0,"none",""
"12527",136,1,2013,3,2,"10/21/2013","Spotted_skunk",2013-10-04 19:25:08,"","","","10/4/2013","7:25:08 PM","10/4/2013","7:25:50 PM",130,138,9,1,0,"N","","",0,"none",""
"12528",136,1,2013,3,2,"10/21/2013","Spotted_skunk",2013-10-03 22:12:56,"","","","10/3/2013","10:12:56 PM","10/3/2013","10:12:58 PM",79,81,3,1,0,"N","","",0,"none",""
"12529",136,1,2013,3,2,"10/21/2013","Spotted_skunk",2013-10-04 03:49:06,"","","","10/4/2013","3:49:06 AM","10/4/2013","3:56:26 AM",82,93,12,1,0,"N","","",0,"none",""
"12530",136,1,2013,3,2,"10/21/2013","Spotted_skunk",2013-10-04 05:01:15,"","","","10/4/2013","5:01:15 AM","10/4/2013","5:14:27 AM",94,111,18,1,0,"N","","",0,"none",""
"12531",136,1,2013,3,2,"10/21/2013","Spotted_skunk",2013-10-04 06:30:48,"","","","10/4/2013","6:30:48 AM","10/4/2013","6:58:41 AM",112,129,18,1,0,"N","","",0,"none",""
"12532",136,1,2013,3,2,"10/21/2013","Spotted_skunk",2013-10-02 04:22:26,"","","","10/2/2013","4:22:26 AM","10/2/2013","5:36:59 AM",46,57,12,1,0,"N","","",0,"none",""
"12533",136,1,2013,3,2,"10/21/2013","Spotted_skunk",2013-10-02 00:30:15,"","","","10/2/2013","12:30:15 AM","10/2/2013","12:30:26 AM",40,45,6,1,0,"N","","",0,"2013_H136_S3_V2_E3_Skunk_in_cubby_IMG 40",""
"12534",136,1,2013,3,2,"10/21/2013","Spotted_skunk",2013-10-03 00:19:10,"","","","10/3/2013","12:19:10 AM","10/3/2013","12:35:55 AM",58,66,9,1,0,"N","","",0,"none",""
"12535",136,1,2013,3,2,"10/21/2013","Spotted_skunk",2013-10-01 22:37:40,"","","","10/1/2013","10:37:40 PM","10/1/2013","10:55:33 PM",31,39,9,1,0,"N","","",0,"none",""
"12536",136,1,2013,3,2,"10/21/2013","Spotted_skunk",2013-10-01 05:38:44,"","","","10/1/2013","5:38:44 AM","10/1/2013","5:39:50 AM",25,30,6,1,0,"N","","",0,"none",""
"12537",136,1,2013,3,2,"10/21/2013","Spotted_skunk",2013-10-05 23:22:29,"","","","10/5/2013","11:22:29 PM","10/5/2013","11:31:53 PM",175,183,9,1,0,"N","","",0,"none",""
"12538",136,1,2013,3,2,"10/21/2013","Spotted_skunk",2013-10-07 20:35:59,"","","","10/7/2013","8:35:59 PM","10/7/2013","8:36:00 PM",238,240,3,1,0,"N","","",0,"none",""
"12539",136,1,2013,3,3,"11/3/2013","Spotted_skunk",2013-11-01 03:45:33,"","","","11/1/2013","3:45:33 AM","11/1/2013","3:45:35 AM",208,210,3,1,0,"N","","",NA,"",""
"12540",136,1,2013,3,3,"11/3/2013","Spotted_skunk",2013-10-23 02:14:34,"","","","10/23/2013","2:14:34 AM","10/23/2013","3:19:37 AM",70,87,18,1,0,"N","","",0,"none",""
"12541",136,1,2013,3,3,"11/3/2013","Spotted_skunk",2013-10-25 05:05:09,"","","","10/25/2013","5:05:09 AM","10/25/2013","5:05:11 AM",175,177,3,1,0,"N","","",0,"none",""
"12542",136,1,2013,3,3,"11/3/2013","Spotted_skunk",2013-10-24 18:51:32,"","","","10/24/2013","6:51:32 PM","10/24/2013","6:51:33 PM",172,174,3,1,0,"N","","",0,"none",""
"12543",136,1,2013,3,3,"11/3/2013","Spotted_skunk",2013-10-24 03:15:54,"","","","10/24/2013","3:15:54 AM","10/24/2013","3:36:46 AM",163,171,9,1,0,"N","","",0,"none",""
"12544",136,1,2013,3,3,"11/3/2013","Spotted_skunk",2013-10-23 22:18:49,"","","","10/23/2013","10:18:49 PM","10/23/2013","10:47:00 PM",118,132,15,1,0,"N","","",0,"none",""
"12545",136,1,2013,3,3,"11/3/2013","Spotted_skunk",2013-10-27 02:05:21,"","","","10/27/2013","2:05:21 AM","10/27/2013","3:09:17 AM",178,195,18,1,0,"N","","",0,"none",""
"12546",136,1,2013,3,3,"11/3/2013","Spotted_skunk",2013-10-23 05:33:08,"","","","10/23/2013","5:33:08 AM","10/23/2013","5:50:29 AM",88,96,9,1,0,"N","","",0,"none",""
"12547",136,1,2013,3,3,"11/3/2013","Spotted_skunk",2013-10-24 00:48:45,"","","","10/24/2013","12:48:45 AM","10/24/2013","1:45:34 AM",133,162,30,1,0,"N","","",0,"none",""
"12548",136,1,2013,3,3,"11/3/2013","Spotted_skunk",2013-10-22 18:57:30,"","","","10/22/2013","6:57:30 PM","10/22/2013","6:59:44 PM",64,69,6,1,0,"N","","",0,"none",""
"12549",136,1,2013,3,3,"11/3/2013","Spotted_skunk",2013-10-22 05:20:34,"","","","10/22/2013","5:20:34 AM","10/22/2013","6:24:58 AM",46,63,18,1,0,"N","","",0,"none",""
"12550",136,1,2013,3,3,"11/3/2013","Spotted_skunk",2013-10-22 01:49:47,"","","","10/22/2013","1:49:47 AM","10/22/2013","1:49:49 AM",43,45,3,1,0,"N","","",0,"none",""
"12551",136,1,2013,3,3,"11/3/2013","Spotted_skunk",2013-10-21 22:55:43,"","","","10/21/2013","10:55:43 PM","10/21/2013","11:24:01 PM",19,42,24,1,0,"N","","",0,"none",""
"12552",136,1,2013,3,3,"11/3/2013","Spotted_skunk",2013-10-21 20:31:53,"","","","10/21/2013","8:31:53 PM","10/21/2013","8:40:09 PM",7,18,12,1,0,"N","","",0,"none",""
"12553",136,1,2013,3,3,"11/3/2013","Spotted_skunk",2013-10-28 22:09:55,"","","","10/28/2013","10:09:55 PM","10/28/2013","10:09:57 PM",196,198,3,1,0,"N","","",0,"none",""
"12554",136,1,2013,3,3,"11/3/2013","Spotted_skunk",2013-10-23 06:58:20,"","","","10/23/2013","6:58:20 AM","10/23/2013","7:23:08 AM",97,105,9,1,0,"N","","",0,"none",""
"12555",136,1,2013,3,3,"11/3/2013","Spotted_skunk",2013-10-29 01:41:29,"","","","10/29/2013","1:41:29 AM","10/29/2013","1:41:31 AM",199,201,3,1,0,"N","","",0,"none",""
"12556",136,1,2013,3,3,"11/3/2013","Spotted_skunk",2013-11-01 01:50:20,"","","","11/1/2013","1:50:20 AM","11/1/2013","1:50:21 AM",205,207,3,1,0,"N","","",0,"none",""
"12557",136,1,2013,3,3,"11/3/2013","Spotted_skunk",2013-10-29 20:35:52,"","","","10/29/2013","8:35:52 PM","10/29/2013","8:35:53 PM",202,204,3,1,0,"N","","",0,"none",""
"12558",136,1,2013,3,3,"11/3/2013","Spotted_skunk",2013-10-23 18:38:37,"","","","10/23/2013","6:38:37 PM","10/23/2013","6:55:21 PM",106,117,12,1,0,"N","","",0,"none",""
"12559",136,2,2015,3,1,"10/3/2015","Spotted_skunk",2015-09-21 05:44:07,"","","","9/21/2015","5:44:07 AM","9/21/2015","5:59:36 AM",82,90,9,1,NA,"","","",NA,"",""
"12560",136,2,2015,3,1,"10/3/2015","Spotted_skunk",2015-09-18 23:32:57,"","","","9/18/2015","11:32:57 PM","9/18/2015","11:42:40 PM",10,15,6,1,NA,"","","",NA,"",""
"12561",136,2,2015,3,1,"10/3/2015","Spotted_skunk",2015-09-19 02:40:33,"","","","9/19/2015","2:40:33 AM","9/19/2015","2:44:16 AM",16,27,12,1,NA,"","","",NA,"",""
"12562",136,2,2015,3,1,"10/3/2015","Spotted_skunk",2015-09-19 03:58:45,"","","","9/19/2015","3:58:45 AM","9/19/2015","3:58:47 AM",28,30,3,1,NA,"","","",NA,"",""
"12563",136,2,2015,3,1,"10/3/2015","Spotted_skunk",2015-09-19 05:08:18,"","","","9/19/2015","5:08:18 AM","9/19/2015","5:39:15 AM",31,42,12,1,NA,"","","",NA,"",""
"12564",136,2,2015,3,1,"10/3/2015","Spotted_skunk",2015-09-19 21:49:57,"","","","9/19/2015","9:49:57 PM","9/19/2015","10:00:08 PM",43,54,12,1,NA,"","","",NA,"",""
"12565",136,2,2015,3,1,"10/3/2015","Spotted_skunk",2015-09-20 02:35:41,"","","","9/20/2015","2:35:41 AM","9/20/2015","2:35:43 AM",55,57,3,1,NA,"","","",NA,"",""
"12566",136,2,2015,3,1,"10/3/2015","Spotted_skunk",2015-09-20 04:41:35,"","","","9/20/2015","4:41:35 AM","9/20/2015","4:48:18 AM",58,66,9,1,NA,"","","",NA,"",""
"12567",136,2,2015,3,1,"10/3/2015","Spotted_skunk",2015-09-20 06:04:52,"","","","9/20/2015","6:04:52 AM","9/20/2015","6:05:07 AM",67,72,6,1,NA,"","","",NA,"",""
"12568",136,2,2015,3,1,"10/3/2015","Spotted_skunk",2015-09-21 03:41:47,"","","","9/21/2015","3:41:47 AM","9/21/2015","3:55:16 AM",76,81,6,1,NA,"","","",NA,"",""
"12569",136,2,2015,3,1,"10/3/2015","Spotted_skunk",2015-09-21 20:15:37,"","","","9/21/2015","8:15:37 PM","9/21/2015","8:32:14 PM",91,111,21,1,NA,"","","",NA,"",""
"12570",136,2,2015,3,1,"10/3/2015","Spotted_skunk",2015-09-23 02:40:48,"","","","9/23/2015","2:40:48 AM","9/23/2015","3:39:07 AM",112,123,12,1,NA,"","","",NA,"",""
"12571",136,2,2015,3,1,"10/3/2015","Spotted_skunk",2015-09-29 21:31:32,"","","","9/29/2015","9:31:32 PM","9/29/2015","9:52:16 PM",127,141,15,1,NA,"","","",NA,"",""
"12572",136,2,2015,3,1,"10/3/2015","Spotted_skunk",2015-09-30 04:46:17,"","","","9/30/2015","4:46:17 AM","9/30/2015","4:51:52 AM",142,150,9,1,NA,"","","",NA,"",""
"12573",136,2,2015,3,1,"10/3/2015","Spotted_skunk",2015-09-20 23:46:10,"","","","9/20/2015","11:46:10 PM","9/20/2015","11:46:12 PM",73,75,3,1,NA,"","","",NA,"",""
"12574",136,2,2015,3,2,"10/17/2015","Spotted_skunk",2015-10-16 22:49:03,"","","","10/16/2015","10:49:03 PM","10/16/2015","10:50:10 PM",13,18,6,1,0,"N","","",NA,"",""
"12575",136,2,2015,3,3,"10/31/2015","Spotted_skunk",2015-10-27 04:46:31,"","","","10/27/2015","4:46:31 AM","10/27/2015","5:12:40 AM",118,138,21,1,0,"N","","",NA,"",""
"12576",136,2,2015,3,3,"10/31/2015","Spotted_skunk",2015-10-23 05:37:04,"","","","10/23/2015","5:37:04 AM","10/23/2015","6:20:00 AM",16,66,51,1,0,"N","","",NA,"",""
"12577",136,2,2015,3,3,"10/31/2015","Spotted_skunk",2015-10-24 05:50:45,"","","","10/24/2015","5:50:45 AM","10/24/2015","6:13:43 AM",67,93,27,1,0,"N","","",NA,"",""
"12578",136,2,2015,3,3,"10/31/2015","Spotted_skunk",2015-10-21 05:14:32,"","","","10/21/2015","5:14:32 AM","10/21/2015","5:20:33 AM",7,12,6,1,0,"N","","",NA,"",""
"12579",136,2,2015,3,3,"10/31/2015","Spotted_skunk",2015-10-24 23:34:27,"","","","10/24/2015","11:34:27 PM","10/24/2015","11:37:00 PM",94,99,6,1,0,"N","","",NA,"",""
"12580",136,2,2015,3,3,"10/31/2015","Spotted_skunk",2015-10-25 05:27:21,"","","","10/25/2015","5:27:21 AM","10/25/2015","6:06:31 AM",100,108,9,1,0,"N","","",NA,"",""
"12581",136,2,2015,3,3,"10/31/2015","Spotted_skunk",2015-10-25 19:41:43,"","","","10/25/2015","7:41:43 PM","10/25/2015","7:44:18 PM",109,114,6,1,0,"N","","",NA,"",""
"12582",136,2,2015,3,3,"10/31/2015","Spotted_skunk",2015-10-25 22:04:18,"","","","10/25/2015","10:04:18 PM","10/25/2015","10:04:20 PM",115,117,3,1,0,"N","","",NA,"",""
"12583",137,1,2014,1,1,"10/5/2014","Spotted_skunk",2014-10-02 04:59:32,"","","","10/2/2014","4:59:32 AM","10/2/2014","4:59:43 AM",52,57,6,1,0,"N","","",NA,"2014_H137_S1_V1_E7_Skunk_in_Cubby_EK000055","skunk goes in cubby,   wrong date and time on camera"
"12584",137,1,2014,1,1,"10/5/2014","Spotted_skunk",2014-10-02 00:01:24,"","","","10/2/2014","12:01:24 AM","10/2/2014","12:01:26 AM",31,33,3,1,0,"N","","",NA,"","wrong date and time on camera"
"12585",137,1,2014,1,1,"10/5/2014","Spotted_skunk",2014-10-01 05:30:52,"","","","10/1/2014","5:30:52 AM","10/1/2014","5:33:16 AM",16,27,12,1,0,"N","","",NA,"","wrong date and time on camera"
"12586",137,1,2014,1,1,"10/5/2014","Spotted_skunk",2014-10-01 00:16:18,"","","","10/1/2014","12:16:18 AM","10/1/2014","12:16:22 AM",13,15,3,1,0,"N","","",NA,"","wrong date and time on camera"
"12587",137,1,2014,1,1,"10/5/2014","Spotted_skunk",2014-10-04 00:44:24,"","","","10/4/2014","12:44:24 AM","10/4/2014","12:44:35 AM",67,72,6,1,0,"N","","",NA,"","wrong date and time on camera"
"12588",137,1,2014,1,1,"10/5/2014","Spotted_skunk",2014-10-02 02:11:42,"","","","10/2/2014","2:11:42 AM","10/2/2014","2:11:50 AM",34,51,18,2,0,"N","","",NA,"","wrong date and time on camera"
"12589",137,1,2014,1,1,"10/5/2014","Spotted_skunk",2014-10-03 00:08:18,"","","","10/3/2014","12:08:18 AM","10/3/2014","12:08:22 AM",64,66,3,1,0,"N","","",NA,"","wrong date and time on camera"
"12590",137,1,2014,1,2,"10/19/2014","Spotted_skunk",2014-10-14 20:01:04,"","","","10/14/2014","8:01:04 PM","10/14/2014","8:01:05 PM",37,39,3,1,0,"N","","",NA,"","changed month to October, subtracted 10 days and added 13 hrs"
"12591",137,1,2014,1,2,"10/19/2014","Spotted_skunk",2014-10-11 19:29:26,"","","","10/11/2014","7:29:26 PM","10/11/2014","7:29:30 PM",34,36,3,1,0,"N","","",NA,"","changed month to October, subtracted 10 days and added 13 hrs"
"12592",137,1,2014,1,2,"10/19/2014","Spotted_skunk",2014-10-14 23:26:13,"","","","10/14/2014","11:26:13 PM","10/14/2014","11:50:11 PM",40,54,15,1,0,"N","","",NA,"","changed month to October, subtracted 10 days and added 13 hrs"
"12593",137,1,2014,1,2,"10/19/2014","Spotted_skunk",2014-10-08 19:55:08,"","","","10/8/2014","7:55:08 PM","10/8/2014","7:55:10 PM",10,12,3,1,0,"N","","",NA,"","changed month to October, subtracted 10 days and added 13 hrs"
"12594",137,1,2014,1,2,"10/19/2014","Spotted_skunk",2014-10-11 04:10:39,"","","","10/11/2014","4:10:39 AM","10/11/2014","4:10:41 AM",31,33,3,1,0,"N","","",NA,"","changed month to October, subtracted 10 days and added 13 hrs"
"12595",137,1,2014,1,2,"10/19/2014","Spotted_skunk",2014-10-10 19:23:23,"","","","10/10/2014","7:23:23 PM","10/10/2014","7:23:27 PM",28,30,3,1,0,"N","","",NA,"","changed month to October, subtracted 10 days and added 13 hrs"
"12596",137,1,2014,1,2,"10/19/2014","Spotted_skunk",2014-10-09 01:18:23,"","","","10/9/2014","1:18:23 AM","10/9/2014","1:25:05 AM",22,27,6,1,0,"N","","",NA,"","changed month to October, subtracted 10 days and added 13 hrs"
"12597",137,1,2014,1,2,"10/19/2014","Spotted_skunk",2014-10-08 23:15:24,"","","","10/8/2014","11:15:24 PM","10/8/2014","11:16:05 PM",16,21,6,1,0,"N","","",NA,"","changed month to October, subtracted 10 days and added 13 hrs"
"12598",137,1,2014,1,2,"10/19/2014","Spotted_skunk",2014-10-08 21:09:10,"","","","10/8/2014","9:09:10 PM","10/8/2014","9:09:11 PM",13,15,3,1,0,"N","","",NA,"","changed month to October, subtracted 10 days and added 13 hrs"
"12599",137,1,2014,1,3,"11/2/2014","Spotted_skunk",2014-10-26 04:04:17,"","","","10/26/2014","4:04:17 AM","10/26/2014","4:04:19 AM",37,39,3,1,0,"N","","",NA,"",""
"12600",137,1,2014,1,3,"11/2/2014","Spotted_skunk",2014-10-26 01:59:09,"","","","10/26/2014","1:59:09 AM","10/26/2014","2:33:02 AM",31,36,6,1,0,"N","","",NA,"",""
"12601",137,1,2014,1,3,"11/2/2014","Spotted_skunk",2014-10-23 03:36:47,"","","","10/23/2014","3:36:47 AM","10/23/2014","3:46:21 AM",4,12,9,1,0,"N","","",NA,"",""
"12602",137,1,2014,1,3,"11/2/2014","Spotted_skunk",2014-10-24 21:47:16,"","","","10/24/2014","9:47:16 PM","10/24/2014","9:49:17 PM",19,27,9,1,0,"N","","",NA,"",""
"12603",137,2,2016,1,1,"9/29/2016","Spotted_skunk",2016-09-20 21:16:17,"","","","9/20/2016","9:16:17 PM","9/20/2016","9:16:19 PM",10,12,3,1,0,"N","","",NA,"",""
"12604",137,2,2016,1,1,"9/29/2016","Spotted_skunk",2016-09-27 04:34:32,"","","","9/27/2016","4:34:32 AM","9/27/2016","4:34:57 AM",13,18,6,1,0,"N","","",NA,"",""
"12605",137,2,2016,1,2,"10/13/2016","Spotted_skunk",2016-10-09 23:46:16,"","","","10/9/2016","11:46:16 PM","10/9/2016","11:46:45 PM",61,66,6,1,0,"N","","",NA,"",""
"12606",137,2,2016,1,2,"10/13/2016","Spotted_skunk",2016-10-12 21:47:59,"","","","10/12/2016","9:47:59 PM","10/12/2016","9:48:01 PM",88,90,3,1,0,"N","","",NA,"",""
"12607",137,2,2016,1,2,"10/13/2016","Spotted_skunk",2016-09-30 20:00:48,"","","","9/30/2016","8:00:48 PM","9/30/2016","8:01:15 PM",25,30,6,1,0,"N","","",NA,"",""
"12608",137,2,2016,1,2,"10/13/2016","Spotted_skunk",2016-10-13 06:36:20,"","","","10/13/2016","6:36:20 AM","10/13/2016","6:37:18 AM",91,96,6,1,0,"N","","",NA,"",""
"12609",137,2,2016,1,2,"10/13/2016","Spotted_skunk",2016-10-11 04:36:25,"","","","10/11/2016","4:36:25 AM","10/11/2016","4:36:26 AM",73,75,3,1,0,"N","","",NA,"",""
"12610",137,2,2016,1,2,"10/13/2016","Spotted_skunk",2016-09-30 04:48:59,"","","","9/30/2016","4:48:59 AM","9/30/2016","5:42:21 AM",10,21,12,1,0,"","","",NA,"",""
"12611",137,2,2016,1,2,"10/13/2016","Spotted_skunk",2016-09-30 02:04:59,"","","","9/30/2016","2:04:59 AM","9/30/2016","2:05:00 AM",7,9,3,1,0,"","","",NA,"",""
"12612",137,2,2016,1,2,"10/13/2016","Spotted_skunk",2016-10-01 21:49:37,"","","","10/1/2016","9:49:37 PM","10/1/2016","10:46:14 PM",34,48,15,1,0,"N","","",NA,"",""
"12613",137,2,2016,1,3,"10/26/2016","Spotted_skunk",2016-10-21 22:48:05,"","","","10/21/2016","10:48:05 PM","10/21/2016","11:07:00 PM",22,36,15,1,0,"N","","",NA,"",""
"12614",137,2,2016,1,3,"10/26/2016","Spotted_skunk",2016-10-21 02:05:02,"","","","10/21/2016","2:05:02 AM","10/21/2016","2:05:04 AM",19,21,3,1,0,"N","","",NA,"",""
"12615",137,2,2016,1,3,"10/26/2016","Spotted_skunk",2016-10-26 05:18:19,"","","","10/26/2016","5:18:19 AM","10/26/2016","5:18:20 AM",43,45,3,1,0,"N","","",NA,"",""
"12616",137,2,2016,1,3,"10/26/2016","Spotted_skunk",2016-10-20 21:52:48,"","","","10/20/2016","9:52:48 PM","10/20/2016","10:01:34 PM",13,18,6,1,0,"N","","",NA,"",""
"12617",137,2,2016,2,3,"10/26/2016","Spotted_skunk",2016-10-20 04:02:10,"","","","10/20/2016","4:02:10 AM","10/20/2016","4:16:18 AM",16,21,6,1,0,"N","","",NA,"",""
"12618",137,2,2016,2,3,"10/26/2016","Spotted_skunk",2016-10-19 00:02:19,"","","","10/19/2016","12:02:19 AM","10/19/2016","12:03:13 AM",10,15,6,1,0,"N","","",NA,"",""
"12619",137,2,2016,2,3,"10/26/2016","Spotted_skunk",2016-10-23 20:45:31,"","","","10/23/2016","8:45:31 PM","10/23/2016","8:46:06 PM",91,99,9,1,0,"N","","",NA,"",""
"12620",137,2,2016,2,3,"10/26/2016","Spotted_skunk",2016-10-24 22:29:59,"","","","10/24/2016","10:29:59 PM","10/24/2016","10:30:00 PM",115,117,3,1,0,"N","","",NA,"",""
"12621",137,2,2016,2,3,"10/26/2016","Spotted_skunk",2016-10-25 03:35:35,"","","","10/25/2016","3:35:35 AM","10/25/2016","3:44:36 AM",145,159,15,1,0,"N","","",NA,"",""
"12622",137,2,2016,2,3,"10/26/2016","Spotted_skunk",2016-10-25 00:42:37,"","","","10/25/2016","12:42:37 AM","10/25/2016","12:57:23 AM",118,141,24,1,0,"N","","",NA,"",""
"12623",137,2,2016,2,3,"10/26/2016","Spotted_skunk",2016-10-26 03:45:36,"","","","10/26/2016","3:45:36 AM","10/26/2016","3:56:51 AM",208,231,24,1,0,"N","","",NA,"",""
"12624",137,2,2016,2,3,"10/26/2016","Spotted_skunk",2016-10-26 00:02:37,"","","","10/26/2016","12:02:37 AM","10/26/2016","12:21:26 AM",169,207,39,2,0,"N","","",NA,"",""
"12625",137,2,2016,2,3,"10/26/2016","Spotted_skunk",2016-10-25 21:47:12,"","","","10/25/2016","9:47:12 PM","10/25/2016","9:47:14 PM",166,168,3,1,0,"N","","",NA,"",""
"12626",137,2,2016,2,3,"10/26/2016","Spotted_skunk",2016-10-23 23:24:12,"","","","10/23/2016","11:24:12 PM","10/23/2016","11:24:54 PM",100,105,6,1,0,"N","","",NA,"",""
"12627",137,2,2016,2,3,"10/26/2016","Spotted_skunk",2016-10-21 03:33:10,"","","","10/21/2016","3:33:10 AM","10/21/2016","3:33:31 AM",22,27,6,1,0,"N","","",NA,"",""
"12628",137,2,2016,2,3,"10/26/2016","Spotted_skunk",2016-10-23 19:11:39,"","","","10/23/2016","7:11:39 PM","10/23/2016","7:11:40 PM",88,90,3,1,0,"N","","",NA,"",""
"12629",137,2,2016,2,3,"10/26/2016","Spotted_skunk",2016-10-23 02:50:11,"","","","10/23/2016","2:50:11 AM","10/23/2016","3:48:14 AM",76,87,12,1,0,"N","","",NA,"",""
"12630",137,2,2016,2,3,"10/26/2016","Spotted_skunk",2016-10-22 19:15:49,"","","","10/22/2016","7:15:49 PM","10/22/2016","7:20:05 PM",52,72,21,1,0,"N","","",NA,"",""
"12631",137,2,2016,2,3,"10/26/2016","Spotted_skunk",2016-10-22 04:55:04,"","","","10/22/2016","4:55:04 AM","10/22/2016","5:03:04 AM",40,51,12,1,0,"N","","",NA,"",""
"12632",137,2,2016,2,3,"10/26/2016","Spotted_skunk",2016-10-21 19:27:38,"","","","10/21/2016","7:27:38 PM","10/21/2016","8:06:37 PM",28,36,9,1,0,"N","","",NA,"",""
"12633",137,2,2016,3,1,"9/29/2016","Spotted_skunk",2016-09-25 02:27:07,"","","","9/25/2016","2:27:07 AM","9/25/2016","2:27:09 AM",4,6,3,1,0,"N","","",NA,"",""
"12634",138,1,2013,1,1,"9/29/2013","Spotted_skunk",2013-09-17 03:26:38,"","","","9/17/2013","3:26:38 AM","9/17/2013","3:26:40 AM",7,9,3,1,0,"N","","",0,"none",""
"12635",138,1,2013,1,3,"11/4/2013","Spotted_skunk",2013-11-03 00:31:08,"","","","11/3/2013","12:31:08 AM","11/3/2013","12:31:09 AM",25,27,3,1,0,"N","","",0,"none",""
"12636",138,1,2013,1,3,"11/4/2013","Spotted_skunk",2013-11-01 02:11:09,"","","","11/1/2013","2:11:09 AM","11/1/2013","2:11:13 AM",16,18,3,1,0,"N","","",0,"none",""
"12637",138,1,2013,1,3,"11/4/2013","Spotted_skunk",2013-11-01 06:40:46,"","","","11/1/2013","6:40:46 AM","11/1/2013","6:40:47 AM",19,24,6,1,0,"N","","",0,"none",""
"12638",138,1,2013,1,3,"11/4/2013","Spotted_skunk",2013-11-03 05:57:34,"","","","11/3/2013","5:57:34 AM","11/3/2013","6:02:41 AM",28,33,6,1,0,"N","","",0,"none",""
"12639",138,1,2013,1,3,"11/4/2013","Spotted_skunk",2013-11-03 19:39:43,"","","","11/3/2013","7:39:43 PM","11/3/2013","7:45:23 PM",34,39,6,1,0,"N","","",0,"none",""
"12640",138,1,2013,1,3,"11/4/2013","Spotted_skunk",2013-11-04 02:04:16,"","","","11/4/2013","2:04:16 AM","11/4/2013","2:45:12 AM",40,48,9,1,0,"N","","",0,"none",""
"12641",138,1,2013,2,1,"9/29/2013","Spotted_skunk",2013-09-24 03:19:32,"","","","9/24/2013","3:19:32 AM","9/24/2013","3:19:34 AM",7,9,3,1,0,"N","","",0,"none",""
"12642",138,1,2013,3,1,"9/29/2013","Spotted_skunk",2013-09-22 04:33:37,"","","","9/22/2013","4:33:37 AM","9/22/2013","4:33:39 AM",28,30,3,1,0,"N","","",0,"none",""
"12643",138,1,2013,3,2,"10/21/2013","Spotted_skunk",2013-10-12 02:40:17,"","","","10/12/2013","2:40:17 AM","10/12/2013","2:43:29 AM",223,231,9,1,0,"N","","",0,"none",""
"12644",138,1,2013,3,2,"10/21/2013","Spotted_skunk",2013-10-10 12:58:34,"","","","10/10/2013","12:58:34 PM","10/10/2013","1:14:53 PM",199,216,18,1,0,"N","","",0,"2013_h138_s3_v2_e18_sp_skunk with last of bait_EK000201, 2013_h138_s3_v2_e18_spotted_skunk_good_EK000209,2013_h138_s3_v2_e18_spotted_skunk_at_cubby_EK000212","bait gone, good skunk"
"12645",138,1,2013,3,2,"10/21/2013","Spotted_skunk",2013-10-10 04:23:30,"","","","10/10/2013","4:23:30 AM","10/10/2013","6:19:53 AM",157,195,39,1,0,"N","","",0,"none",""
"12646",138,1,2013,3,2,"10/21/2013","Spotted_skunk",2013-10-09 22:34:33,"","","","10/9/2013","10:34:33 PM","10/9/2013","11:05:58 PM",121,156,36,1,0,"N","","",0,"2013_H138_S3_V2_E15_Skunk_eating_bait_IMG 144",""
"12647",138,1,2013,3,2,"10/21/2013","Spotted_skunk",2013-10-09 05:25:58,"","","","10/9/2013","5:25:58 AM","10/9/2013","6:02:39 AM",67,105,39,1,0,"N","","",0,"none",""
"12648",138,1,2013,3,2,"10/21/2013","Spotted_skunk",2013-10-09 02:33:04,"","","","10/9/2013","2:33:04 AM","10/9/2013","2:48:42 AM",43,66,24,1,0,"N","","",0,"none",""
"12649",138,1,2013,3,2,"10/21/2013","Spotted_skunk",2013-10-09 19:23:31,"","","","10/9/2013","7:23:31 PM","10/9/2013","7:30:20 PM",109,120,12,1,0,"N","","",0,"none",""
"12650",138,1,2013,3,2,"10/21/2013","Spotted_skunk",2013-10-19 19:55:13,"","","","10/19/2013","7:55:13 PM","10/19/2013","7:58:32 PM",277,285,9,1,0,"N","","",0,"none",""
"12651",138,1,2013,3,2,"10/21/2013","Spotted_skunk",2013-10-04 03:58:01,"","","","10/4/2013","3:58:01 AM","10/4/2013","3:58:03 AM",19,21,3,1,0,"N","","",0,"none",""
"12652",138,1,2013,3,2,"10/21/2013","Spotted_skunk",2013-10-03 04:25:11,"","","","10/3/2013","4:25:11 AM","10/3/2013","4:25:13 AM",13,15,3,1,0,"N","","",0,"none",""
"12653",138,1,2013,3,2,"10/21/2013","Spotted_skunk",2013-10-20 20:05:55,"","","","10/20/2013","8:05:55 PM","10/20/2013","8:06:25 PM",289,294,6,1,0,"N","","",0,"none",""
"12654",138,1,2013,3,3,"11/4/2013","Spotted_skunk",2013-11-04 01:08:14,"","","","11/4/2013","1:08:14 AM","11/4/2013","1:08:49 AM",328,336,9,1,0,"N","","",NA,"",""
"12655",138,1,2013,3,3,"11/4/2013","Spotted_skunk",2013-10-22 03:39:44,"","","","10/22/2013","3:39:44 AM","10/22/2013","4:06:27 AM",37,66,30,1,0,"N","","",0,"none",""
"12656",138,1,2013,3,3,"11/4/2013","Spotted_skunk",2013-10-27 06:27:50,"","","","10/27/2013","6:27:50 AM","10/27/2013","6:28:05 AM",268,273,6,1,0,"N","","",0,"none",""
"12657",138,1,2013,3,3,"11/4/2013","Spotted_skunk",2013-10-26 21:34:00,"","","","10/26/2013","9:34:00 PM","10/26/2013","9:35:21 PM",262,267,6,1,0,"N","","",0,"none",""
"12658",138,1,2013,3,3,"11/4/2013","Spotted_skunk",2013-10-25 19:20:49,"","","","10/25/2013","7:20:49 PM","10/25/2013","7:21:19 PM",253,258,6,1,0,"N","","",0,"none",""
"12659",138,1,2013,3,3,"11/4/2013","Spotted_skunk",2013-10-21 19:18:05,"","","","10/21/2013","7:18:05 PM","10/21/2013","8:01:15 PM",4,21,18,1,0,"N","","",0,"none",""
"12660",138,1,2013,3,3,"11/4/2013","Spotted_skunk",2013-10-23 04:39:54,"","","","10/23/2013","4:39:54 AM","10/23/2013","6:22:22 AM",148,222,75,1,0,"N","","",0,"none","bait gone"
"12661",138,1,2013,3,3,"11/4/2013","Spotted_skunk",2013-10-21 23:44:55,"","","","10/21/2013","11:44:55 PM","10/22/2013","12:21:53 AM",22,36,15,1,0,"N","","",0,"none",""
"12662",138,1,2013,3,3,"11/4/2013","Spotted_skunk",2013-10-22 06:06:53,"","","","10/22/2013","6:06:53 AM","10/22/2013","6:40:54 AM",67,117,51,1,0,"N","","",0,"none",""
"12663",138,1,2013,3,3,"11/4/2013","Spotted_skunk",2013-10-23 19:07:25,"","","","10/23/2013","7:07:25 PM","10/23/2013","7:08:45 PM",226,231,6,1,0,"N","","",0,"none",""
"12664",138,1,2013,3,3,"11/4/2013","Spotted_skunk",2013-10-25 06:56:29,"","","","10/25/2013","6:56:29 AM","10/25/2013","6:56:55 AM",235,240,6,1,0,"N","","",0,"none",""
"12665",138,1,2013,3,3,"11/4/2013","Spotted_skunk",2013-10-22 18:59:48,"","","","10/22/2013","6:59:48 PM","10/22/2013","8:06:32 PM",121,132,12,1,0,"N","","",0,"none",""
"12666",138,2,2015,1,1,"10/5/2015","Spotted_skunk",2015-10-01 01:33:26,"","","","10/1/2015","1:33:26 AM","10/1/2015","1:40:22 AM",13,18,6,1,NA,"","","Y",NA,"",""
"12667",138,2,2015,1,2,"10/19/2015","Spotted_skunk",2015-10-19 03:21:02,"","","","10/19/2015","3:21:02 AM","10/19/2015","3:21:03 AM",19,21,3,1,0,"N","","",NA,"",""
"12668",138,2,2015,1,2,"10/19/2015","Spotted_skunk",2015-10-14 00:46:01,"","","","10/14/2015","12:46:01 AM","10/14/2015","12:46:02 AM",10,12,3,1,0,"N","","",NA,"",""
"12669",138,2,2015,1,2,"10/19/2015","Spotted_skunk",2015-10-10 21:30:02,"","","","10/10/2015","9:30:02 PM","10/10/2015","9:30:04 PM",7,9,3,1,0,"N","","",NA,"",""
"12670",138,2,2015,1,3,"11/2/2015","Spotted_skunk",2015-10-29 20:44:30,"","","","10/29/2015","8:44:30 PM","10/29/2015","8:44:32 PM",112,114,3,1,0,"N","","",NA,"",""
"12671",138,2,2015,1,3,"11/2/2015","Spotted_skunk",2015-10-22 19:48:35,"","","","10/22/2015","7:48:35 PM","10/22/2015","7:50:46 PM",43,48,6,1,0,"N","","",NA,"",""
"12672",138,2,2015,1,3,"11/2/2015","Spotted_skunk",2015-10-22 03:31:09,"","","","10/22/2015","3:31:09 AM","10/22/2015","4:48:41 AM",19,36,18,1,0,"N","","",NA,"",""
"12673",138,2,2015,1,3,"11/2/2015","Spotted_skunk",2015-10-22 05:53:11,"","","","10/22/2015","5:53:11 AM","10/22/2015","6:13:40 AM",37,42,6,1,0,"N","","",NA,"",""
"12674",138,2,2015,1,3,"11/2/2015","Spotted_skunk",2015-10-24 01:51:56,"","","","10/24/2015","1:51:56 AM","10/24/2015","2:11:45 AM",70,75,6,1,0,"N","","",NA,"",""
"12675",138,2,2015,1,3,"11/2/2015","Spotted_skunk",2015-10-23 19:40:00,"","","","10/23/2015","7:40:00 PM","10/23/2015","7:40:02 PM",67,69,3,1,0,"N","","",NA,"",""
"12676",138,2,2015,1,3,"11/2/2015","Spotted_skunk",2015-10-21 05:43:40,"","","","10/21/2015","5:43:40 AM","10/21/2015","5:49:07 AM",7,18,12,1,0,"N","","",NA,"",""
"12677",138,2,2015,1,3,"11/2/2015","Spotted_skunk",2015-10-31 01:25:00,"","","","10/31/2015","1:25:00 AM","10/31/2015","1:25:02 AM",118,120,3,1,0,"N","Y","",NA,"EK000120","last day tree bait was seen"
"12678",138,2,2015,1,3,"11/2/2015","Spotted_skunk",2015-10-28 04:50:09,"","","","10/28/2015","4:50:09 AM","10/28/2015","4:50:10 AM",109,111,3,1,0,"N","","Y",NA,"EK000111","skunk in TCB- most likely took bait here"
"12679",138,2,2015,1,3,"11/2/2015","Spotted_skunk",2015-10-27 21:04:23,"","","","10/27/2015","9:04:23 PM","10/27/2015","9:04:25 PM",103,105,3,1,0,"N","","",NA,"",""
"12680",138,2,2015,1,3,"11/2/2015","Spotted_skunk",2015-10-26 05:31:36,"","","","10/26/2015","5:31:36 AM","10/26/2015","6:54:27 AM",94,102,9,1,0,"N","","",NA,"",""
"12681",138,2,2015,1,3,"11/2/2015","Spotted_skunk",2015-10-25 06:09:37,"","","","10/25/2015","6:09:37 AM","10/25/2015","6:23:32 AM",76,93,18,1,0,"N","","",NA,"",""
"12682",138,2,2015,1,3,"11/2/2015","Spotted_skunk",2015-10-23 04:39:36,"","","","10/23/2015","4:39:36 AM","10/23/2015","5:20:31 AM",49,66,18,1,0,"N","","",NA,"",""
"12683",138,2,2015,3,1,"10/5/2015","Spotted_skunk",2015-09-29 04:59:16,"","","","9/29/2015","4:59:16 AM","9/29/2015","5:04:29 AM",67,78,12,1,NA,"","","",NA,"",""
"12684",138,2,2015,3,1,"10/5/2015","Spotted_skunk",2015-09-21 01:05:15,"","","","9/21/2015","1:05:15 AM","9/21/2015","1:13:06 AM",10,18,9,1,NA,"","","",NA,"",""
"12685",138,2,2015,3,1,"10/5/2015","Spotted_skunk",2015-09-21 03:20:25,"","","","9/21/2015","3:20:25 AM","9/21/2015","3:20:50 AM",19,24,6,1,NA,"","","",NA,"",""
"12686",138,2,2015,3,1,"10/5/2015","Spotted_skunk",2015-09-21 04:40:50,"","","","9/21/2015","4:40:50 AM","9/21/2015","4:40:51 AM",25,27,3,1,NA,"","","",NA,"",""
"12687",138,2,2015,3,1,"10/5/2015","Spotted_skunk",2015-09-23 03:36:35,"","","","9/23/2015","3:36:35 AM","9/23/2015","3:36:46 AM",28,33,6,1,NA,"","","",NA,"",""
"12688",139,2,2015,3,3,"11/2/2015","Spotted_skunk",2015-10-21 19:09:04,"","","","10/21/2015","7:09:04 PM","10/21/2015","7:22:00 PM",94,102,9,1,0,"N","","",NA,"",""
"12689",139,2,2015,3,3,"11/2/2015","Spotted_skunk",2015-10-21 20:22:10,"","","","10/21/2015","8:22:10 PM","10/21/2015","8:24:00 PM",103,117,15,1,0,"N","","",NA,"",""
"12690",139,2,2015,3,3,"11/2/2015","Spotted_skunk",2015-10-22 00:15:29,"","","","10/22/2015","12:15:29 AM","10/22/2015","12:16:26 AM",193,204,12,1,0,"N","","",NA,"",""
"12691",139,2,2015,3,3,"11/2/2015","Spotted_skunk",2015-10-21 05:00:17,"","","","10/21/2015","5:00:17 AM","10/21/2015","6:25:34 AM",55,87,33,1,0,"N","","",NA,"",""
"12692",139,2,2015,3,3,"11/2/2015","Spotted_skunk",2015-10-20 23:49:37,"","","","10/20/2015","11:49:37 PM","10/20/2015","11:53:32 PM",7,30,24,1,0,"N","","",NA,"",""
"12693",139,2,2015,3,3,"11/2/2015","Spotted_skunk",2015-10-21 00:06:18,"","","","10/21/2015","12:06:18 AM","10/21/2015","12:08:32 AM",31,45,15,1,0,"N","","",NA,"",""
"12694",139,2,2015,3,3,"11/2/2015","Spotted_skunk",2015-10-21 02:33:09,"","","","10/21/2015","2:33:09 AM","10/21/2015","2:51:55 AM",46,54,9,1,0,"N","","",NA,"",""
"12695",139,2,2015,3,3,"11/2/2015","Spotted_skunk",2015-10-27 05:50:33,"","","","10/27/2015","5:50:33 AM","10/27/2015","5:50:35 AM",676,678,3,1,0,"N","","",NA,"",""
"12696",139,2,2015,3,3,"11/2/2015","Spotted_skunk",2015-10-24 06:09:36,"","","","10/24/2015","6:09:36 AM","10/24/2015","6:16:12 AM",646,654,9,1,0,"N","","",NA,"",""
"12697",139,2,2015,3,3,"11/2/2015","Spotted_skunk",2015-10-23 19:02:02,"","","","10/23/2015","7:02:02 PM","10/23/2015","7:02:35 PM",637,645,9,1,0,"N","","",NA,"",""
"12698",139,2,2015,3,3,"11/2/2015","Spotted_skunk",2015-10-26 02:22:02,"","","","10/26/2015","2:22:02 AM","10/26/2015","2:22:04 AM",667,669,3,1,0,"N","","",NA,"",""
"12699",139,2,2015,3,3,"11/2/2015","Spotted_skunk",2015-10-23 02:54:24,"","","","10/23/2015","2:54:24 AM","10/23/2015","3:28:11 AM",544,600,57,1,0,"N","Y","Y",NA,"EK000574 and EK000582","skunk takes tree bait and last photo of skunk in the TCB-most likely takes last of bait here."
"12700",139,2,2015,3,3,"11/2/2015","Spotted_skunk",2015-10-24 19:35:29,"","","","10/24/2015","7:35:29 PM","10/24/2015","7:36:01 PM",658,666,9,1,0,"N","","",NA,"",""
"12701",139,2,2015,3,3,"11/2/2015","Spotted_skunk",2015-10-22 18:52:31,"","","","10/22/2015","6:52:31 PM","10/22/2015","7:58:18 PM",388,468,81,1,0,"N","","",NA,"",""
"12702",139,2,2015,3,3,"11/2/2015","Spotted_skunk",2015-10-22 05:26:34,"","","","10/22/2015","5:26:34 AM","10/22/2015","5:36:31 AM",265,333,69,1,0,"N","","",NA,"",""
"12703",139,2,2015,3,3,"11/2/2015","Spotted_skunk",2015-10-22 02:48:36,"","","","10/22/2015","2:48:36 AM","10/22/2015","3:55:01 AM",205,264,60,1,0,"N","","",NA,"",""
"12704",139,2,2015,3,3,"11/2/2015","Spotted_skunk",2015-10-21 23:09:24,"","","","10/21/2015","11:09:24 PM","10/21/2015","11:47:54 PM",127,192,66,1,0,"N","","",NA,"",""
"12705",139,2,2015,3,3,"11/2/2015","Spotted_skunk",2015-10-22 23:05:09,"","","","10/22/2015","11:05:09 PM","10/22/2015","11:31:00 PM",487,534,48,1,0,"N","","",NA,"",""
"12706",140,2,2016,1,1,"10/1/2016","Spotted_skunk",2016-09-25 23:26:52,"","","","9/25/2016","11:26:52 PM","9/25/2016","11:26:54 PM",7,9,3,1,0,"N","","",NA,"",""
"12707",140,2,2016,1,1,"10/1/2016","Spotted_skunk",2016-09-27 04:28:01,"","","","9/27/2016","4:28:01 AM","9/27/2016","4:28:03 AM",10,12,3,1,0,"N","","",NA,"",""
"12708",140,2,2016,1,1,"10/1/2016","Spotted_skunk",2016-09-30 04:35:31,"","","","9/30/2016","4:35:31 AM","9/30/2016","4:42:06 AM",13,21,9,1,0,"N","","",NA,"",""
"12709",140,2,2016,1,1,"10/1/2016","Spotted_skunk",2016-10-01 01:37:53,"","","","10/1/2016","1:37:53 AM","10/1/2016","1:37:54 AM",22,24,3,1,0,"N","","",NA,"",""
"12710",140,2,2016,1,2,"10/18/2016","Spotted_skunk",2016-10-04 04:55:10,"","","","10/4/2016","4:55:10 AM","10/4/2016","5:43:16 AM",16,21,6,1,0,"N","Y","",NA,"21","most likely take here, next shot shows camera fogged over"
"12711",140,2,2016,1,2,"10/18/2016","Spotted_skunk",2016-10-03 19:29:13,"","","","10/3/2016","7:29:13 PM","10/3/2016","7:29:14 PM",13,15,3,1,0,"N","","",NA,"",""
"12712",140,2,2016,1,2,"10/18/2016","Spotted_skunk",2016-10-02 21:15:12,"","","","10/2/2016","9:15:12 PM","10/2/2016","9:16:22 PM",7,12,6,1,0,"N","","",NA,"",""
"12713",140,2,2016,1,2,"10/18/2016","Spotted_skunk",2016-10-11 21:44:38,"","","","10/11/2016","9:44:38 PM","10/11/2016","9:45:06 PM",28,33,6,1,0,"N","","",NA,"",""
"12714",140,2,2016,1,3,"10/28/2016","Spotted_skunk",2016-10-21 18:56:29,"","","","10/21/2016","6:56:29 PM","10/21/2016","7:08:11 PM",67,72,6,1,0,"N","Y","",NA,"67","bait gone"
"12715",140,2,2016,1,3,"10/28/2016","Spotted_skunk",2016-10-20 02:14:00,"","","","10/20/2016","2:14:00 AM","10/20/2016","2:14:02 AM",7,9,3,1,0,"N","","",NA,"",""
"12716",140,2,2016,1,3,"10/28/2016","Spotted_skunk",2016-10-20 21:37:40,"","","","10/20/2016","9:37:40 PM","10/20/2016","11:16:21 PM",16,42,27,2,0,"N","","",NA,"",""
"12717",140,2,2016,1,3,"10/28/2016","Spotted_skunk",2016-10-20 05:27:20,"","","","10/20/2016","5:27:20 AM","10/20/2016","6:21:01 AM",10,15,6,1,0,"N","","",NA,"",""
"12718",140,2,2016,1,3,"10/28/2016","Spotted_skunk",2016-10-21 01:15:23,"","","","10/21/2016","1:15:23 AM","10/21/2016","1:23:15 AM",43,51,9,2,0,"N","","",NA,"",""
"12719",140,2,2016,1,3,"10/28/2016","Spotted_skunk",2016-10-21 03:41:46,"","","","10/21/2016","3:41:46 AM","10/21/2016","3:42:37 AM",52,60,9,1,0,"N","","",NA,"",""
"12720",140,2,2016,1,3,"10/28/2016","Spotted_skunk",2016-10-21 05:48:45,"","","","10/21/2016","5:48:45 AM","10/21/2016","5:50:04 AM",61,66,6,2,0,"N","","",NA,"",""
"12721",140,2,2016,1,3,"10/28/2016","Spotted_skunk",2016-10-26 06:02:45,"","","","10/26/2016","6:02:45 AM","10/26/2016","6:02:47 AM",76,78,3,1,0,"N","","",NA,"",""
"12722",140,2,2016,1,3,"10/28/2016","Spotted_skunk",2016-10-25 20:32:30,"","","","10/25/2016","8:32:30 PM","10/25/2016","8:32:32 PM",73,75,3,1,0,"N","","",NA,"",""
"12723",140,2,2016,3,1,"10/1/2016","Spotted_skunk",2016-09-29 05:30:01,"","","","9/29/2016","5:30:01 AM","9/29/2016","6:19:20 AM",145,171,27,1,0,"N","","",NA,"",""
"12724",140,2,2016,3,1,"10/1/2016","Spotted_skunk",2016-09-25 23:19:48,"","","","9/25/2016","11:19:48 PM","9/26/2016","12:19:30 AM",91,111,21,1,0,"N","","",NA,"",""
"12725",140,2,2016,3,1,"10/1/2016","Spotted_skunk",2016-09-27 00:31:45,"","","","9/27/2016","12:31:45 AM","9/27/2016","12:32:36 AM",112,120,9,1,0,"N","","",NA,"",""
"12726",140,2,2016,3,1,"10/1/2016","Spotted_skunk",2016-09-24 01:45:01,"","","","9/24/2016","1:45:01 AM","9/24/2016","3:03:23 AM",40,78,39,1,0,"N","","",NA,"",""
"12727",140,2,2016,3,1,"10/1/2016","Spotted_skunk",2016-10-01 03:10:20,"","","","10/1/2016","3:10:20 AM","10/1/2016","3:47:48 AM",175,195,21,1,0,"N","","",NA,"",""
"12728",140,2,2016,3,1,"10/1/2016","Spotted_skunk",2016-09-27 06:21:12,"","","","9/27/2016","6:21:12 AM","9/27/2016","6:47:29 AM",121,141,21,1,0,"N","","",NA,"",""
"12729",140,2,2016,3,2,"10/18/2016","Spotted_skunk",2016-10-02 04:51:24,"","","","10/2/2016","4:51:24 AM","10/2/2016","6:12:07 AM",7,30,24,1,0,"N","","",NA,"",""
"12730",140,2,2016,3,2,"10/18/2016","Spotted_skunk",2016-10-06 05:34:19,"","","","10/6/2016","5:34:19 AM","10/6/2016","5:34:34 AM",49,54,6,1,0,"N","","",NA,"",""
"12731",140,2,2016,3,2,"10/18/2016","Spotted_skunk",2016-10-03 00:59:06,"","","","10/3/2016","12:59:06 AM","10/3/2016","1:23:59 AM",31,45,15,1,0,"N","Y","",NA,"37","bait gone"
"12732",140,2,2016,3,2,"10/18/2016","Spotted_skunk",2016-10-09 23:26:05,"","","","10/9/2016","11:26:05 PM","10/9/2016","11:26:06 PM",76,78,3,1,0,"N","","",NA,"",""
"12733",141,1,2014,3.1,2,"10/18/2014","Spotted_skunk",2014-10-10 20:39:11,"","","","10/10/2014","8:39:11 PM","10/10/2014","8:41:05 PM",10,15,6,1,0,"N","","",NA,"",""
"12734",141,1,2014,3.1,2,"10/18/2014","Spotted_skunk",2014-10-06 21:20:41,"","","","10/6/2014","9:20:41 PM","10/6/2014","9:20:42 PM",7,9,3,1,0,"N","","",NA,"",""
"12735",141,1,2014,3.1,3,"11/1/2014","Spotted_skunk",2014-10-30 19:57:35,"","","","10/30/2014","7:57:35 PM","10/30/2014","8:06:41 PM",16,24,9,1,0,"N","","",NA,"",""
"12736",141,1,2014,3.1,3,"11/1/2014","Spotted_skunk",2014-11-01 03:25:07,"","","","11/1/2014","3:25:07 AM","11/1/2014","3:28:05 AM",25,36,12,1,0,"N","","",NA,"",""
"12737",141,2,2016,2,2,"10/18/2016","Spotted_skunk",2016-10-10 05:07:02,"","","","10/10/2016","5:07:02 AM","10/10/2016","5:08:34 AM",427,438,12,1,0,"N","","",NA,"",""
"12738",141,2,2016,2,2,"10/18/2016","Spotted_skunk",2016-10-18 00:31:08,"","","","10/18/2016","12:31:08 AM","10/18/2016","12:31:57 AM",511,516,6,1,0,"N","","",NA,"",""
"12739",141,2,2016,2,3,"10/28/2016","Spotted_skunk",2016-10-20 20:22:29,"","","","10/20/2016","8:22:29 PM","10/20/2016","8:42:07 PM",55,90,36,1,0,"N","","",NA,"",""
"12799",167,1,2014,1,1,"10/7/2014","Spotted_skunk",2014-09-30 10:49:55,"","","","9/30/2014","10:49:55 AM","9/30/2014","10:52:49 AM",22,33,12,1,0,"N","","",NA,"",""
"12800",167,1,2014,1,1,"10/7/2014","Spotted_skunk",2014-10-01 05:24:46,"","","","10/1/2014","5:24:46 AM","10/1/2014","5:24:48 AM",49,51,3,1,0,"N","","",NA,"",""
"12801",167,1,2014,1,1,"10/7/2014","Spotted_skunk",2014-09-30 00:38:41,"","","","9/30/2014","12:38:41 AM","9/30/2014","12:39:06 AM",7,12,6,1,0,"N","","",NA,"",""
"12802",167,1,2014,1,1,"10/7/2014","Spotted_skunk",2014-10-01 20:12:09,"","","","10/1/2014","8:12:09 PM","10/1/2014","8:21:50 PM",55,75,21,1,0,"N","","",NA,"",""
"12803",167,1,2014,1,1,"10/7/2014","Spotted_skunk",2014-09-30 02:20:33,"","","","9/30/2014","2:20:33 AM","9/30/2014","2:20:34 AM",13,15,3,1,0,"N","","",NA,"",""
"12804",167,1,2014,1,1,"10/7/2014","Spotted_skunk",2014-10-01 01:04:22,"","","","10/1/2014","1:04:22 AM","10/1/2014","1:11:44 AM",37,45,9,1,0,"N","","",NA,"",""
"12805",167,1,2014,1,1,"10/7/2014","Spotted_skunk",2014-09-30 05:35:01,"","","","9/30/2014","5:35:01 AM","9/30/2014","6:03:56 AM",16,21,6,1,0,"N","","",NA,"",""
"12806",167,1,2014,1,1,"10/7/2014","Spotted_skunk",2014-10-06 21:16:56,"","","","10/6/2014","9:16:56 PM","10/6/2014","9:16:57 PM",94,96,3,1,0,"N","","",NA,"",""
"12807",167,1,2014,1,1,"10/7/2014","Spotted_skunk",2014-10-01 03:43:59,"","","","10/1/2014","3:43:59 AM","10/1/2014","3:44:01 AM",46,48,3,1,0,"N","","",NA,"",""
"12808",167,1,2014,1,1,"10/7/2014","Spotted_skunk",2014-09-30 21:47:30,"","","","9/30/2014","9:47:30 PM","9/30/2014","9:47:31 PM",34,36,3,1,0,"N","","",NA,"",""
"12809",167,1,2014,1,1,"10/7/2014","Spotted_skunk",2014-10-01 22:59:51,"","","","10/1/2014","10:59:51 PM","10/1/2014","11:12:18 PM",76,81,6,1,0,"N","","",NA,"",""
"12810",167,1,2014,1,2,"10/21/2014","Spotted_skunk",2014-10-10 03:58:53,"","","","10/10/2014","3:58:53 AM","10/10/2014","4:07:17 AM",61,69,9,1,0,"N","","",NA,"",""
"12811",167,1,2014,1,2,"10/21/2014","Spotted_skunk",2014-10-10 06:23:28,"","","","10/10/2014","6:23:28 AM","10/10/2014","7:01:50 AM",70,84,15,1,0,"N","","",NA,"2014_H167_S1_V2_E10_Skunk_in_TCB_EK000084","skunk in TCB"
"12812",167,1,2014,1,2,"10/21/2014","Spotted_skunk",2014-10-09 00:09:08,"","","","10/9/2014","12:09:08 AM","10/9/2014","12:40:55 AM",10,21,12,1,0,"N","","",NA,"",""
"12813",167,1,2014,1,2,"10/21/2014","Spotted_skunk",2014-10-09 03:48:13,"","","","10/9/2014","3:48:13 AM","10/9/2014","4:40:43 AM",25,36,12,1,0,"N","","",NA,"",""
"12814",167,1,2014,1,2,"10/21/2014","Spotted_skunk",2014-10-10 01:23:21,"","","","10/10/2014","1:23:21 AM","10/10/2014","1:41:58 AM",52,60,9,1,0,"N","","",NA,"",""
"12815",167,1,2014,1,2,"10/21/2014","Spotted_skunk",2014-10-12 20:24:04,"","","","10/12/2014","8:24:04 PM","10/12/2014","8:45:22 PM",85,90,6,1,0,"N","","",NA,"",""
"12816",167,1,2014,1,2,"10/21/2014","Spotted_skunk",2014-10-09 21:43:08,"","","","10/9/2014","9:43:08 PM","10/9/2014","10:01:05 PM",37,51,15,1,0,"N","","",NA,"",""
"12817",167,1,2014,1,3,"11/4/2014","Spotted_skunk",2014-10-24 06:27:34,"","","","10/24/2014","6:27:34 AM","10/24/2014","6:27:38 AM",46,48,3,1,0,"N","","",NA,"",""
"12818",167,1,2014,1,3,"11/4/2014","Spotted_skunk",2014-10-23 02:18:11,"","","","10/23/2014","2:18:11 AM","10/23/2014","2:18:15 AM",7,9,3,1,0,"N","","",NA,"",""
"12819",167,1,2014,1,3,"11/4/2014","Spotted_skunk",2014-10-23 04:09:50,"","","","10/23/2014","4:09:50 AM","10/23/2014","4:09:52 AM",10,12,3,1,0,"N","","",NA,"",""
"12820",167,1,2014,1,3,"11/4/2014","Spotted_skunk",2014-10-27 01:56:08,"","","","10/27/2014","1:56:08 AM","10/27/2014","2:07:14 AM",61,66,6,1,0,"N","","",NA,"2014_H167_S2_V3_E13_Skunk_in_TCB_EK000066","skunk in TCB"
"12821",167,1,2014,1,3,"11/4/2014","Spotted_skunk",2014-10-24 19:59:36,"","","","10/24/2014","7:59:36 PM","10/24/2014","8:04:21 PM",49,54,6,1,0,"N","","",NA,"2014_H167_S2_V3_E10_Skunk_bait_gone_EK000049","bait gone"
"12822",167,1,2014,1,3,"11/4/2014","Spotted_skunk",2014-10-26 00:45:34,"","","","10/26/2014","12:45:34 AM","10/26/2014","12:45:38 AM",58,60,3,1,0,"N","","",NA,"",""
"12823",167,1,2014,1,3,"11/4/2014","Spotted_skunk",2014-10-24 03:38:26,"","","","10/24/2014","3:38:26 AM","10/24/2014","4:16:11 AM",28,45,18,1,0,"N","","",NA,"",""
"12824",167,1,2014,1,3,"11/4/2014","Spotted_skunk",2014-10-24 01:57:10,"","","","10/24/2014","1:57:10 AM","10/24/2014","1:57:11 AM",22,24,3,1,0,"N","","",NA,"",""
"12825",167,1,2014,1,3,"11/4/2014","Spotted_skunk",2014-10-23 23:41:06,"","","","10/23/2014","11:41:06 PM","10/23/2014","11:41:08 PM",19,21,3,1,0,"N","","",NA,"",""
"12826",167,1,2014,1,3,"11/4/2014","Spotted_skunk",2014-10-23 19:43:46,"","","","10/23/2014","7:43:46 PM","10/23/2014","7:43:47 PM",16,18,3,1,0,"N","","",NA,"",""
"12827",167,1,2014,1,3,"11/4/2014","Spotted_skunk",2014-10-23 06:01:09,"","","","10/23/2014","6:01:09 AM","10/23/2014","6:01:11 AM",13,15,3,1,0,"N","","",NA,"",""
"12828",167,1,2014,1,3,"11/4/2014","Spotted_skunk",2014-10-31 06:08:52,"","","","10/31/2014","6:08:52 AM","10/31/2014","6:08:52 AM",70,72,3,1,0,"N","","",NA,"",""
"12829",167,1,2014,1,3,"11/4/2014","Spotted_skunk",2014-10-25 06:01:14,"","","","10/25/2014","6:01:14 AM","10/25/2014","6:01:16 AM",55,57,3,1,0,"N","","",NA,"",""
"12830",167,1,2014,3,1,"10/7/2014","Spotted_skunk",2014-10-04 06:18:31,"","","","10/4/2014","6:18:31 AM","10/4/2014","6:18:32 AM",55,57,3,1,0,"N","","",NA,"",""
"12831",167,1,2014,3,1,"10/7/2014","Spotted_skunk",2014-10-04 03:58:28,"","","","10/4/2014","3:58:28 AM","10/4/2014","3:58:30 AM",52,54,3,1,0,"N","","",NA,"",""
"12832",167,1,2014,3,1,"10/7/2014","Spotted_skunk",2014-10-05 02:56:21,"","","","10/5/2014","2:56:21 AM","10/5/2014","2:56:23 AM",58,60,3,1,0,"N","","",NA,"",""
"12833",167,1,2014,3,3,"11/4/2014","Spotted_skunk",2014-10-27 06:09:27,"","","","10/27/2014","6:09:27 AM","10/27/2014","6:09:29 AM",19,21,3,1,0,"N","","",NA,"",""
"12834",167,1,2014,3,3,"11/4/2014","Spotted_skunk",2014-10-26 06:51:16,"","","","10/26/2014","6:51:16 AM","10/26/2014","6:51:18 AM",7,9,3,1,0,"N","","",NA,"",""
"12835",167,1,2014,3,3,"11/4/2014","Spotted_skunk",2014-10-26 23:19:04,"","","","10/26/2014","11:19:04 PM","10/26/2014","11:19:06 PM",10,12,3,1,0,"N","","",NA,"",""
"12836",167,1,2014,3,3,"11/4/2014","Spotted_skunk",2014-10-27 02:29:16,"","","","10/27/2014","2:29:16 AM","10/27/2014","2:33:05 AM",13,18,6,1,0,"N","","",NA,"",""
"12837",167,2,2016,1,1,"9/30/2016","Spotted_skunk",2016-09-28 01:45:52,"","","","9/28/2016","1:45:52 AM","9/28/2016","2:10:37 AM",160,168,9,1,0,"N","","",NA,"",""
"12838",167,2,2016,1,1,"9/30/2016","Spotted_skunk",2016-09-26 05:12:04,"","","","9/26/2016","5:12:04 AM","9/26/2016","5:43:56 AM",112,129,18,1,0,"N","","",NA,"",""
"12839",167,2,2016,1,1,"9/30/2016","Spotted_skunk",2016-09-29 03:42:30,"","","","9/29/2016","3:42:30 AM","9/29/2016","4:01:21 AM",190,198,9,1,0,"N","","",NA,"",""
"12840",167,2,2016,1,1,"9/30/2016","Spotted_skunk",2016-09-30 06:00:35,"","","","9/30/2016","6:00:35 AM","9/30/2016","6:07:25 AM",214,219,6,1,0,"N","","",NA,"",""
"12841",167,2,2016,1,1,"9/30/2016","Spotted_skunk",2016-09-30 02:25:30,"","","","9/30/2016","2:25:30 AM","9/30/2016","2:36:43 AM",208,213,6,1,0,"N","","",NA,"",""
"12842",167,2,2016,1,1,"9/30/2016","Spotted_skunk",2016-09-29 20:08:54,"","","","9/29/2016","8:08:54 PM","9/29/2016","8:12:26 PM",202,207,6,1,0,"N","","",NA,"",""
"12843",167,2,2016,1,1,"9/30/2016","Spotted_skunk",2016-09-29 05:33:32,"","","","9/29/2016","5:33:32 AM","9/29/2016","5:33:34 AM",199,201,3,1,0,"N","","",NA,"",""
"12844",167,2,2016,1,1,"9/30/2016","Spotted_skunk",2016-09-28 20:22:25,"","","","9/28/2016","8:22:25 PM","9/28/2016","8:31:19 PM",184,189,6,1,0,"N","","",NA,"",""
"12845",167,2,2016,1,1,"9/30/2016","Spotted_skunk",2016-09-28 05:00:14,"","","","9/28/2016","5:00:14 AM","9/28/2016","5:13:34 AM",169,183,15,1,0,"N","","",NA,"",""
"12846",167,2,2016,1,1,"9/30/2016","Spotted_skunk",2016-09-27 21:22:55,"","","","9/27/2016","9:22:55 PM","9/27/2016","9:34:38 PM",151,159,9,1,0,"N","","",NA,"",""
"12847",167,2,2016,1,1,"9/30/2016","Spotted_skunk",2016-09-27 04:24:16,"","","","9/27/2016","4:24:16 AM","9/27/2016","5:49:42 AM",139,150,12,1,0,"N","","",NA,"",""
"12848",167,2,2016,1,1,"9/30/2016","Spotted_skunk",2016-09-26 20:13:47,"","","","9/26/2016","8:13:47 PM","9/26/2016","8:16:44 PM",130,135,6,1,0,"N","","",NA,"",""
"12849",167,2,2016,1,1,"9/30/2016","Spotted_skunk",2016-09-23 00:56:35,"","","","9/23/2016","12:56:35 AM","9/23/2016","12:56:46 AM",37,42,6,1,0,"N","","",NA,"",""
"12850",167,2,2016,1,1,"9/30/2016","Spotted_skunk",2016-09-26 01:57:06,"","","","9/26/2016","1:57:06 AM","9/26/2016","2:01:51 AM",100,111,12,1,0,"N","","",NA,"",""
"12851",167,2,2016,1,1,"9/30/2016","Spotted_skunk",2016-09-25 05:38:42,"","","","9/25/2016","5:38:42 AM","9/25/2016","6:28:19 AM",67,99,33,1,0,"N","","",NA,"",""
"12852",167,2,2016,1,1,"9/30/2016","Spotted_skunk",2016-09-25 04:16:52,"","","","9/25/2016","4:16:52 AM","9/25/2016","4:16:54 AM",64,66,3,1,0,"N","","",NA,"",""
"12853",167,2,2016,1,1,"9/30/2016","Spotted_skunk",2016-09-24 23:40:53,"","","","9/24/2016","11:40:53 PM","9/24/2016","11:41:45 PM",58,63,6,1,0,"N","","",NA,"",""
"12854",167,2,2016,1,1,"9/30/2016","Spotted_skunk",2016-09-24 05:38:25,"","","","9/24/2016","5:38:25 AM","9/24/2016","5:51:03 AM",52,57,6,1,0,"N","","",NA,"",""
"12855",167,2,2016,1,1,"9/30/2016","Spotted_skunk",2016-09-23 04:01:10,"","","","9/23/2016","4:01:10 AM","9/23/2016","4:01:12 AM",43,45,3,1,0,"N","","",NA,"",""
"12856",167,2,2016,1,1,"9/30/2016","Spotted_skunk",2016-09-27 00:48:38,"","","","9/27/2016","12:48:38 AM","9/27/2016","12:48:40 AM",136,138,3,1,0,"N","","",NA,"",""
"12857",167,2,2016,1,2,"10/17/2016","Spotted_skunk",2016-10-17 06:03:02,"","","","10/17/2016","6:03:02 AM","10/17/2016","6:03:03 AM",196,198,3,1,0,"N","","",NA,"",""
"12858",167,2,2016,1,2,"10/17/2016","Spotted_skunk",2016-09-30 20:19:00,"","","","9/30/2016","8:19:00 PM","9/30/2016","8:19:02 PM",4,6,3,1,0,"N","","",NA,"",""
"12859",167,2,2016,1,2,"10/17/2016","Spotted_skunk",2016-10-01 02:51:33,"","","","10/1/2016","2:51:33 AM","10/1/2016","3:26:58 AM",7,18,12,1,0,"N","","",NA,"",""
"12860",167,2,2016,1,2,"10/17/2016","Spotted_skunk",2016-10-13 05:01:46,"","","","10/13/2016","5:01:46 AM","10/13/2016","5:01:57 AM",190,195,6,1,0,"N","","",NA,"",""
"12861",167,2,2016,1,2,"10/17/2016","Spotted_skunk",2016-10-12 21:23:53,"","","","10/12/2016","9:23:53 PM","10/12/2016","9:24:25 PM",184,189,6,1,0,"N","","Y",NA,"186","skunk takes bone"
"12862",167,2,2016,1,2,"10/17/2016","Spotted_skunk",2016-10-01 04:39:07,"","","","10/1/2016","4:39:07 AM","10/1/2016","6:31:34 AM",19,48,30,1,0,"N","","",NA,"",""
"12863",167,2,2016,1,2,"10/17/2016","Spotted_skunk",2016-10-12 00:25:47,"","","","10/12/2016","12:25:47 AM","10/12/2016","12:32:34 AM",175,183,9,1,0,"N","","",NA,"",""
"12864",167,2,2016,1,2,"10/17/2016","Spotted_skunk",2016-10-07 03:00:31,"","","","10/7/2016","3:00:31 AM","10/7/2016","3:00:32 AM",163,165,3,1,0,"N","","",NA,"",""
"12865",167,2,2016,1,2,"10/17/2016","Spotted_skunk",2016-10-02 21:56:38,"","","","10/2/2016","9:56:38 PM","10/2/2016","10:06:29 PM",85,105,21,1,0,"N","","",NA,"",""
"12866",167,2,2016,1,2,"10/17/2016","Spotted_skunk",2016-10-06 03:41:42,"","","","10/6/2016","3:41:42 AM","10/6/2016","3:51:36 AM",148,162,15,1,0,"N","","",NA,"",""
"12867",167,2,2016,1,2,"10/17/2016","Spotted_skunk",2016-10-02 20:03:38,"","","","10/2/2016","8:03:38 PM","10/2/2016","8:03:39 PM",82,84,3,1,0,"N","","",NA,"",""
"12868",167,2,2016,1,2,"10/17/2016","Spotted_skunk",2016-10-01 22:00:49,"","","","10/1/2016","10:00:49 PM","10/1/2016","10:06:46 PM",55,66,12,1,0,"N","","",NA,"",""
"12869",167,2,2016,1,2,"10/17/2016","Spotted_skunk",2016-10-03 00:07:56,"","","","10/3/2016","12:07:56 AM","10/3/2016","12:34:08 AM",106,126,21,1,0,"N","Y","",NA,"118","skunk takes bait"
"12870",167,2,2016,1,2,"10/17/2016","Spotted_skunk",2016-10-03 02:17:23,"","","","10/3/2016","2:17:23 AM","10/3/2016","2:18:09 AM",127,132,6,1,0,"N","","",NA,"",""
"12871",167,2,2016,1,2,"10/17/2016","Spotted_skunk",2016-10-01 20:10:27,"","","","10/1/2016","8:10:27 PM","10/1/2016","8:12:16 PM",49,54,6,1,0,"N","","",NA,"",""
"12872",167,2,2016,1,2,"10/17/2016","Spotted_skunk",2016-10-03 22:06:44,"","","","10/3/2016","10:06:44 PM","10/3/2016","10:06:56 PM",133,138,6,1,0,"N","","",NA,"",""
"12873",167,2,2016,1,2,"10/17/2016","Spotted_skunk",2016-10-04 23:26:26,"","","","10/4/2016","11:26:26 PM","10/4/2016","11:28:10 PM",139,144,6,1,0,"N","","",NA,"",""
"12874",167,2,2016,1,2,"10/17/2016","Spotted_skunk",2016-10-02 05:21:16,"","","","10/2/2016","5:21:16 AM","10/2/2016","5:32:28 AM",67,81,15,1,0,"N","","",NA,"",""
"12875",167,2,2016,1,3,"10/29/2016","Spotted_skunk",2016-10-25 04:02:53,"","","","10/25/2016","4:02:53 AM","10/25/2016","5:22:09 AM",106,126,21,1,0,"N","Y","",NA,"118","Skunk takes bait"
"12876",167,2,2016,1,3,"10/29/2016","Spotted_skunk",2016-10-21 03:03:07,"","","","10/21/2016","3:03:07 AM","10/21/2016","3:15:12 AM",10,15,6,1,0,"N","","",NA,"",""
"12877",167,2,2016,1,3,"10/29/2016","Spotted_skunk",2016-10-21 05:00:10,"","","","10/21/2016","5:00:10 AM","10/21/2016","5:24:57 AM",16,33,18,1,0,"N","","",NA,"",""
"12878",167,2,2016,1,3,"10/29/2016","Spotted_skunk",2016-10-21 19:25:40,"","","","10/21/2016","7:25:40 PM","10/21/2016","7:25:42 PM",34,36,3,1,0,"N","","",NA,"",""
"12879",167,2,2016,1,3,"10/29/2016","Spotted_skunk",2016-10-22 02:55:20,"","","","10/22/2016","2:55:20 AM","10/22/2016","3:13:53 AM",37,48,12,1,0,"N","","",NA,"",""
"12880",167,2,2016,1,3,"10/29/2016","Spotted_skunk",2016-10-22 19:27:39,"","","","10/22/2016","7:27:39 PM","10/22/2016","7:30:03 PM",49,57,9,1,0,"N","","",NA,"",""
"12881",167,2,2016,1,3,"10/29/2016","Spotted_skunk",2016-10-23 05:07:00,"","","","10/23/2016","5:07:00 AM","10/23/2016","5:42:28 AM",58,69,12,1,0,"N","","",NA,"",""
"12882",167,2,2016,1,3,"10/29/2016","Spotted_skunk",2016-10-23 21:07:16,"","","","10/23/2016","9:07:16 PM","10/23/2016","9:11:16 PM",73,78,6,1,0,"N","","",NA,"",""
"12883",167,2,2016,1,3,"10/29/2016","Spotted_skunk",2016-10-24 01:15:33,"","","","10/24/2016","1:15:33 AM","10/24/2016","1:15:35 AM",79,81,3,1,0,"N","","",NA,"",""
"12884",167,2,2016,1,3,"10/29/2016","Spotted_skunk",2016-10-24 04:56:40,"","","","10/24/2016","4:56:40 AM","10/24/2016","5:25:49 AM",82,99,18,1,0,"N","","",NA,"",""
"12885",167,2,2016,1,3,"10/29/2016","Spotted_skunk",2016-10-28 21:12:22,"","","","10/28/2016","9:12:22 PM","10/28/2016","9:12:23 PM",139,141,3,1,0,"N","","",NA,"",""
"12886",167,2,2016,1,3,"10/29/2016","Spotted_skunk",2016-10-25 22:06:50,"","","","10/25/2016","10:06:50 PM","10/25/2016","10:06:51 PM",127,129,3,1,0,"N","","",NA,"",""
"12887",167,2,2016,1,3,"10/29/2016","Spotted_skunk",2016-10-26 04:32:30,"","","","10/26/2016","4:32:30 AM","10/26/2016","4:32:34 AM",130,132,3,1,0,"N","","",NA,"",""
"12888",167,2,2016,1,3,"10/29/2016","Spotted_skunk",2016-10-27 21:37:13,"","","","10/27/2016","9:37:13 PM","10/27/2016","9:38:12 PM",133,138,6,1,0,"N","","",NA,"",""
"12889",167,2,2016,2,1,"9/30/2016","Spotted_skunk",2016-09-30 03:49:12,"","","","9/30/2016","3:49:12 AM","9/30/2016","4:04:56 AM",61,78,18,1,0,"N","","",NA,"",""
"12890",167,2,2016,2,1,"9/30/2016","Spotted_skunk",2016-09-22 21:58:17,"","","","9/22/2016","9:58:17 PM","9/22/2016","9:58:19 PM",34,36,3,1,0,"N","","",NA,"",""
"12891",167,2,2016,2,1,"9/30/2016","Spotted_skunk",2016-09-22 00:06:18,"","","","9/22/2016","12:06:18 AM","9/22/2016","12:08:01 AM",22,33,12,1,0,"N","","",NA,"",""
"12892",167,2,2016,2,2,"10/17/2016","Spotted_skunk",2016-10-01 05:01:29,"","","","10/1/2016","5:01:29 AM","10/1/2016","5:46:24 AM",13,27,15,1,0,"N","","",NA,"",""
"12893",167,2,2016,2,2,"10/17/2016","Spotted_skunk",2016-10-10 01:25:57,"","","","10/10/2016","1:25:57 AM","10/10/2016","1:26:57 AM",55,63,9,1,0,"N","Y","",NA,"55","bait gone"
"12894",167,2,2016,2,2,"10/17/2016","Spotted_skunk",2016-10-09 20:51:07,"","","","10/9/2016","8:51:07 PM","10/9/2016","8:51:27 PM",49,54,6,1,0,"N","","",NA,"",""
"12895",167,2,2016,2,2,"10/17/2016","Spotted_skunk",2016-10-09 19:30:48,"","","","10/9/2016","7:30:48 PM","10/9/2016","7:32:12 PM",43,48,6,1,0,"N","","",NA,"",""
"12896",167,2,2016,2,2,"10/17/2016","Spotted_skunk",2016-10-09 05:10:30,"","","","10/9/2016","5:10:30 AM","10/9/2016","5:22:42 AM",31,42,12,2,0,"N","","",NA,"",""
"12897",167,2,2016,2,2,"10/17/2016","Spotted_skunk",2016-09-30 23:03:38,"","","","9/30/2016","11:03:38 PM","9/30/2016","11:03:39 PM",10,12,3,1,0,"N","","",NA,"",""
"12898",167,2,2016,2,3,"10/29/2016","Spotted_skunk",2016-10-27 03:45:00,"","","","10/27/2016","3:45:00 AM","10/27/2016","4:52:15 AM",61,66,6,1,0,"N","","",NA,"",""
"12899",167,2,2016,3,1,"9/30/2016","Spotted_skunk",2016-09-25 01:45:51,"","","","9/25/2016","1:45:51 AM","9/25/2016","1:45:53 AM",31,33,3,1,0,"N","","",NA,"",""
"12900",167,2,2016,3,1,"9/30/2016","Spotted_skunk",2016-09-26 05:02:36,"","","","9/26/2016","5:02:36 AM","9/26/2016","5:02:37 AM",37,39,3,1,0,"N","Y","",NA,"37","bait gone"
"12901",167,2,2016,3,1,"9/30/2016","Spotted_skunk",2016-09-26 00:17:22,"","","","9/26/2016","12:17:22 AM","9/26/2016","12:17:24 AM",34,36,3,1,0,"N","","",NA,"",""
"12902",167,2,2016,3,1,"9/30/2016","Spotted_skunk",2016-09-23 20:22:04,"","","","9/23/2016","8:22:04 PM","9/23/2016","8:22:06 PM",25,27,3,1,0,"N","","",NA,"",""
"12903",167,2,2016,3,1,"9/30/2016","Spotted_skunk",2016-09-23 05:09:28,"","","","9/23/2016","5:09:28 AM","9/23/2016","5:10:01 AM",19,24,6,1,0,"N","","",NA,"",""
"12904",167,2,2016,3,1,"9/30/2016","Spotted_skunk",2016-09-22 03:47:10,"","","","9/22/2016","3:47:10 AM","9/22/2016","3:54:01 AM",10,15,6,1,0,"N","","",NA,"",""
"12905",167,2,2016,3,1,"9/30/2016","Spotted_skunk",2016-09-24 04:10:54,"","","","9/24/2016","4:10:54 AM","9/24/2016","4:10:56 AM",28,30,3,1,0,"N","","",NA,"",""
"12906",167,2,2016,3,2,"10/17/2016","Spotted_skunk",2016-10-03 03:15:44,"","","","10/3/2016","3:15:44 AM","10/3/2016","3:15:46 AM",34,36,3,1,0,"N","","",NA,"",""
"12907",167,2,2016,3,2,"10/17/2016","Spotted_skunk",2016-10-02 23:37:27,"","","","10/2/2016","11:37:27 PM","10/2/2016","11:37:29 PM",31,33,3,1,0,"N","","",NA,"",""
"12908",167,2,2016,3,2,"10/17/2016","Spotted_skunk",2016-10-02 05:37:46,"","","","10/2/2016","5:37:46 AM","10/2/2016","5:37:48 AM",28,30,3,1,0,"N","","",NA,"",""
"12909",167,2,2016,3,2,"10/17/2016","Spotted_skunk",2016-10-02 01:44:01,"","","","10/2/2016","1:44:01 AM","10/2/2016","1:44:03 AM",25,27,3,1,0,"N","","",NA,"",""
"12910",167,2,2016,3,2,"10/17/2016","Spotted_skunk",2016-10-01 21:40:44,"","","","10/1/2016","9:40:44 PM","10/1/2016","9:40:46 PM",19,21,3,1,0,"N","","",NA,"",""
"12911",167,2,2016,3,2,"10/17/2016","Spotted_skunk",2016-10-01 05:02:09,"","","","10/1/2016","5:02:09 AM","10/1/2016","5:40:12 AM",7,15,9,1,0,"N","","",NA,"",""
"12912",167,2,2016,3,3,"10/29/2016","Spotted_skunk",2016-10-23 18:36:21,"","","","10/23/2016","6:36:21 PM","10/23/2016","6:38:12 PM",82,90,9,1,0,"N","","",NA,"",""
"12913",167,2,2016,3,3,"10/29/2016","Spotted_skunk",2016-10-22 21:53:44,"","","","10/22/2016","9:53:44 PM","10/22/2016","9:53:46 PM",61,63,3,1,0,"N","","",NA,"",""
"12914",167,2,2016,3,3,"10/29/2016","Spotted_skunk",2016-10-24 05:40:43,"","","","10/24/2016","5:40:43 AM","10/24/2016","5:45:33 AM",91,99,9,1,0,"N","","Y",NA,"95","last skunk in TCB"
"12915",167,2,2016,3,3,"10/29/2016","Spotted_skunk",2016-10-23 02:53:56,"","","","10/23/2016","2:53:56 AM","10/23/2016","3:22:58 AM",73,81,9,1,0,"N","Y","",NA,"76","bait gone"
"12916",167,2,2016,3,3,"10/29/2016","Spotted_skunk",2016-10-22 01:09:37,"","","","10/22/2016","1:09:37 AM","10/22/2016","2:14:47 AM",13,39,27,1,0,"N","","",NA,"",""
"12917",167,2,2016,3,3,"10/29/2016","Spotted_skunk",2016-10-23 01:29:28,"","","","10/23/2016","1:29:28 AM","10/23/2016","1:52:10 AM",64,72,9,2,0,"N","","",NA,"",""
"12918",167,2,2016,3,3,"10/29/2016","Spotted_skunk",2016-10-22 06:13:59,"","","","10/22/2016","6:13:59 AM","10/22/2016","6:35:59 AM",40,51,12,1,0,"N","","",NA,"",""
"12919",167,2,2016,3,3,"10/29/2016","Spotted_skunk",2016-10-22 18:35:29,"","","","10/22/2016","6:35:29 PM","10/22/2016","6:47:14 PM",52,57,6,1,0,"N","","",NA,"",""
"12920",167,2,2016,3,3,"10/29/2016","Spotted_skunk",2016-10-22 20:01:42,"","","","10/22/2016","8:01:42 PM","10/22/2016","8:01:44 PM",58,60,3,1,0,"N","","",NA,"",""
"12921",167,2,2016,3,3,"10/29/2016","Spotted_skunk",2016-10-25 06:44:50,"","","","10/25/2016","6:44:50 AM","10/25/2016","6:45:31 AM",100,105,6,1,0,"N","","",NA,"",""
"12922",168,1,2014,1,2,"10/20/2014","Spotted_skunk",2014-10-14 22:59:49,"","","","10/14/2014","10:59:49 PM","10/14/2014","11:00:49 PM",19,27,9,1,0,"N","","",NA,"",""
"12923",168,1,2014,1,2,"10/20/2014","Spotted_skunk",2014-10-18 19:52:34,"","","","10/18/2014","7:52:34 PM","10/18/2014","7:52:38 PM",40,42,3,1,0,"N","","",NA,"",""
"12924",168,1,2014,1,2,"10/20/2014","Spotted_skunk",2014-10-18 00:30:00,"","","","10/18/2014","12:30:00 AM","10/18/2014","12:30:04 AM",37,39,3,1,0,"N","","",NA,"",""
"12925",168,1,2014,1,2,"10/20/2014","Spotted_skunk",2014-10-17 03:54:22,"","","","10/17/2014","3:54:22 AM","10/17/2014","3:57:18 AM",31,36,6,1,0,"N","","",NA,"",""
"12926",168,1,2014,1,2,"10/20/2014","Spotted_skunk",2014-10-20 06:58:01,"","","","10/20/2014","6:58:01 AM","10/20/2014","6:58:05 AM",43,45,3,1,0,"N","","",NA,"",""
"12927",168,1,2014,1,2,"10/20/2014","Spotted_skunk",2014-10-14 05:14:26,"","","","10/14/2014","5:14:26 AM","10/14/2014","5:14:27 AM",13,15,3,1,0,"N","","",NA,"",""
"12928",168,1,2014,1,2,"10/20/2014","Spotted_skunk",2014-10-14 02:35:00,"","","","10/14/2014","2:35:00 AM","10/14/2014","2:35:02 AM",10,12,3,1,0,"N","","",NA,"",""
"12929",168,1,2014,1,2,"10/20/2014","Spotted_skunk",2014-10-11 21:34:44,"","","","10/11/2014","9:34:44 PM","10/11/2014","9:35:00 PM",7,9,3,1,0,"N","","",NA,"",""
"12930",168,1,2014,1,3,"11/3/2014","Spotted_skunk",2014-10-30 05:18:11,"","","","10/30/2014","5:18:11 AM","10/30/2014","5:21:32 AM",28,33,6,1,0,"N","","",NA,"",""
"12931",168,1,2014,1,3,"11/3/2014","Spotted_skunk",2014-10-26 19:50:44,"","","","10/26/2014","7:50:44 PM","10/26/2014","7:50:45 PM",25,27,3,1,0,"N","","",NA,"",""
"12932",168,1,2014,1,3,"11/3/2014","Spotted_skunk",2014-10-24 21:09:01,"","","","10/24/2014","9:09:01 PM","10/24/2014","9:10:53 PM",16,24,9,1,0,"N","","",NA,"",""
"12933",168,1,2014,1,3,"11/3/2014","Spotted_skunk",2014-10-20 19:23:18,"","","","10/20/2014","7:23:18 PM","10/20/2014","7:33:46 PM",4,12,9,1,0,"N","","",NA,"",""
"12934",168,1,2014,1,3,"11/3/2014","Spotted_skunk",2014-10-24 04:11:36,"","","","10/24/2014","4:11:36 AM","10/24/2014","4:11:37 AM",13,15,3,1,0,"N","","",NA,"",""
"12935",168,1,2014,2,2,"10/20/2014","Spotted_skunk",2014-10-19 03:24:32,"","","","10/19/2014","3:24:32 AM","10/19/2014","3:25:18 AM",85,93,9,1,0,"N","","",NA,"","changed to october 2014, add 5 days, 13 hrs"
"12936",168,1,2014,2,2,"10/20/2014","Spotted_skunk",2014-10-12 22:28:02,"","","","10/12/2014","10:28:02 PM","10/12/2014","10:28:03 PM",52,54,3,1,0,"N","","",NA,"","changed to october 2014, add 5 days, 13 hrs"
"12937",168,1,2014,2,2,"10/20/2014","Spotted_skunk",2014-10-16 03:38:34,"","","","10/16/2014","3:38:34 AM","10/16/2014","3:44:11 AM",64,72,9,1,0,"N","","",NA,"","changed to october 2014, add 5 days, 13 hrs"
"12938",168,1,2014,2,2,"10/20/2014","Spotted_skunk",2014-10-14 06:23:12,"","","","10/14/2014","6:23:12 AM","10/14/2014","6:23:25 AM",58,63,6,1,0,"N","","",NA,"","changed to october 2014, add 5 days, 13 hrs"
"12939",168,1,2014,2,2,"10/20/2014","Spotted_skunk",2014-10-13 03:12:27,"","","","10/13/2014","3:12:27 AM","10/13/2014","3:12:31 AM",55,57,3,1,0,"N","","",NA,"","changed to october 2014, add 5 days, 13 hrs"
"12940",168,1,2014,2,2,"10/20/2014","Spotted_skunk",2014-10-19 02:00:43,"","","","10/19/2014","2:00:43 AM","10/19/2014","2:11:33 AM",73,84,12,1,0,"N","","",NA,"","changed to october 2014, add 5 days, 13 hrs"
"12941",168,1,2014,2,2,"10/20/2014","Spotted_skunk",2014-10-11 23:35:24,"","","","10/11/2014","11:35:24 PM","10/11/2014","11:44:48 PM",40,51,12,1,0,"N","","",NA,"","changed to october 2014, add 5 days, 13 hrs"
"12942",168,1,2014,2,2,"10/20/2014","Spotted_skunk",2014-10-11 22:21:01,"","","","10/11/2014","10:21:01 PM","10/11/2014","10:21:02 PM",37,39,3,1,0,"N","","",NA,"","changed to october 2014, add 5 days, 13 hrs"
"12943",168,1,2014,2,2,"10/20/2014","Spotted_skunk",2014-10-07 04:15:28,"","","","10/7/2014","4:15:28 AM","10/7/2014","4:58:40 AM",13,27,15,1,0,"N","","",NA,"","changed to october 2014, add 5 days, 13 hrs"
"12944",168,1,2014,2,2,"10/20/2014","Spotted_skunk",2014-10-07 19:46:13,"","","","10/7/2014","7:46:13 PM","10/7/2014","7:46:15 PM",28,30,3,1,0,"N","","",NA,"2014_H168_S2_V2_E2_skunk_in_TCB_EK000030","changed to october 2014, add 5 days, 13 hrs, skunk in TCB"
"12945",168,1,2014,2,3,"11/3/2014","Spotted_skunk",2014-10-25 22:30:25,"","","","10/25/2014","10:30:25 PM","10/25/2014","10:34:53 PM",91,105,15,1,0,"N","","",NA,"",""
"12946",168,1,2014,2,3,"11/3/2014","Spotted_skunk",2014-10-30 19:43:33,"","","","10/30/2014","7:43:33 PM","10/30/2014","7:52:25 PM",247,255,9,1,0,"N","","",NA,"",""
"12947",168,1,2014,2,3,"11/3/2014","Spotted_skunk",2014-11-03 06:02:23,"","","","11/3/2014","6:02:23 AM","11/3/2014","6:02:25 AM",265,267,3,1,0,"N","","",NA,"",""
"12948",168,1,2014,2,3,"11/3/2014","Spotted_skunk",2014-10-27 00:18:44,"","","","10/27/2014","12:18:44 AM","10/27/2014","12:18:46 AM",154,156,3,1,0,"N","","",NA,"",""
"12949",168,1,2014,2,3,"11/3/2014","Spotted_skunk",2014-10-30 07:20:51,"","","","10/30/2014","7:20:51 AM","10/30/2014","7:21:23 AM",241,246,6,1,0,"N","","",NA,"",""
"12950",168,1,2014,2,3,"11/3/2014","Spotted_skunk",2014-10-22 21:16:18,"","","","10/22/2014","9:16:18 PM","10/22/2014","9:29:02 PM",19,30,12,1,0,"N","","",NA,"",""
"12951",168,1,2014,2,3,"11/3/2014","Spotted_skunk",2014-10-22 22:59:35,"","","","10/22/2014","10:59:35 PM","10/22/2014","11:51:00 PM",31,54,24,1,0,"N","","",NA,"",""
"12952",168,1,2014,2,3,"11/3/2014","Spotted_skunk",2014-10-25 05:51:42,"","","","10/25/2014","5:51:42 AM","10/25/2014","6:44:51 AM",55,87,33,1,0,"N","","",NA,"",""
"12953",168,1,2014,2,3,"11/3/2014","Spotted_skunk",2014-10-25 23:54:18,"","","","10/25/2014","11:54:18 PM","10/26/2014","12:04:17 AM",106,114,9,1,0,"N","","",NA,"",""
"12954",168,1,2014,2,3,"11/3/2014","Spotted_skunk",2014-10-26 02:57:33,"","","","10/26/2014","2:57:33 AM","10/26/2014","2:59:55 AM",115,120,6,1,0,"N","","",NA,"",""
"12955",168,1,2014,2,3,"11/3/2014","Spotted_skunk",2014-10-26 20:10:15,"","","","10/26/2014","8:10:15 PM","10/26/2014","8:27:12 PM",142,153,12,1,0,"N","","",NA,"",""
"12956",168,1,2014,2,3,"11/3/2014","Spotted_skunk",2014-10-27 01:44:44,"","","","10/27/2014","1:44:44 AM","10/27/2014","1:45:55 AM",157,162,6,1,0,"N","","",NA,"",""
"12957",168,1,2014,2,3,"11/3/2014","Spotted_skunk",2014-10-27 03:52:50,"","","","10/27/2014","3:52:50 AM","10/27/2014","3:56:43 AM",163,177,15,1,0,"N","","",NA,"",""
"12958",168,1,2014,2,3,"11/3/2014","Spotted_skunk",2014-10-22 05:11:50,"","","","10/22/2014","5:11:50 AM","10/22/2014","5:52:05 AM",7,18,12,1,0,"N","","",NA,"",""
"12959",168,1,2014,2,3,"11/3/2014","Spotted_skunk",2014-10-27 05:53:23,"","","","10/27/2014","5:53:23 AM","10/27/2014","6:11:35 AM",178,198,21,1,0,"N","","",NA,"",""
"12960",168,1,2014,2,3,"11/3/2014","Spotted_skunk",2014-10-27 23:53:16,"","","","10/27/2014","11:53:16 PM","10/27/2014","11:54:46 PM",199,207,9,1,0,"N","","",NA,"",""
"12961",168,1,2014,2,3,"11/3/2014","Spotted_skunk",2014-10-28 04:40:07,"","","","10/28/2014","4:40:07 AM","10/28/2014","5:36:01 AM",208,225,18,1,0,"N","","",NA,"",""
"12962",168,1,2014,2,3,"11/3/2014","Spotted_skunk",2014-10-30 00:13:41,"","","","10/30/2014","12:13:41 AM","10/30/2014","1:25:28 AM",226,240,15,1,0,"N","","",NA,"",""
"12963",168,1,2014,2,3,"11/3/2014","Spotted_skunk",2014-10-26 05:52:58,"","","","10/26/2014","5:52:58 AM","10/26/2014","6:35:43 AM",121,141,21,1,0,"N","","",NA,"",""
"12964",168,2,2016,1,2,"10/17/2016","Spotted_skunk",2016-10-06 05:05:42,"","","","10/6/2016","5:05:42 AM","10/6/2016","5:14:23 AM",76,81,6,1,0,"N","","",NA,"",""
"12965",168,2,2016,1,2,"10/17/2016","Spotted_skunk",2016-10-06 22:15:50,"","","","10/6/2016","10:15:50 PM","10/6/2016","10:15:52 PM",88,90,3,1,0,"N","","",NA,"",""
"12966",168,2,2016,1,2,"10/17/2016","Spotted_skunk",2016-10-02 20:45:00,"","","","10/2/2016","8:45:00 PM","10/2/2016","8:45:02 PM",28,30,3,1,0,"N","","",NA,"",""
"12967",168,2,2016,1,2,"10/17/2016","Spotted_skunk",2016-10-11 03:12:56,"","","","10/11/2016","3:12:56 AM","10/11/2016","3:12:58 AM",163,165,3,1,0,"N","","Y",NA,"165","last skunk in TCB"
"12968",168,2,2016,1,2,"10/17/2016","Spotted_skunk",2016-10-06 19:50:38,"","","","10/6/2016","7:50:38 PM","10/6/2016","7:50:40 PM",85,87,3,1,0,"N","","",NA,"",""
"12969",168,2,2016,1,2,"10/17/2016","Spotted_skunk",2016-10-08 01:57:20,"","","","10/8/2016","1:57:20 AM","10/8/2016","2:01:23 AM",127,132,6,1,0,"N","","",NA,"",""
"12970",168,2,2016,1,2,"10/17/2016","Spotted_skunk",2016-10-03 05:46:45,"","","","10/3/2016","5:46:45 AM","10/3/2016","5:46:46 AM",37,39,3,1,0,"N","","",NA,"",""
"12971",168,2,2016,1,2,"10/17/2016","Spotted_skunk",2016-10-02 04:33:04,"","","","10/2/2016","4:33:04 AM","10/2/2016","4:58:45 AM",22,27,6,1,0,"N","","",NA,"",""
"12972",168,2,2016,1,2,"10/17/2016","Spotted_skunk",2016-10-01 00:01:29,"","","","10/1/2016","12:01:29 AM","10/1/2016","12:01:30 AM",19,21,3,1,0,"N","","",NA,"",""
"12973",168,2,2016,1,2,"10/17/2016","Spotted_skunk",2016-09-30 23:06:04,"","","","9/30/2016","11:06:04 PM","9/30/2016","11:51:07 PM",7,18,12,1,0,"N","","",NA,"",""
"12974",168,2,2016,1,2,"10/17/2016","Spotted_skunk",2016-10-08 04:31:36,"","","","10/8/2016","4:31:36 AM","10/8/2016","5:35:46 AM",133,141,9,1,0,"N","","",NA,"",""
"12975",168,2,2016,1,2,"10/17/2016","Spotted_skunk",2016-10-03 04:30:10,"","","","10/3/2016","4:30:10 AM","10/3/2016","4:40:30 AM",31,36,6,1,0,"N","","",NA,"",""
"12976",168,2,2016,1,2,"10/17/2016","Spotted_skunk",2016-10-06 02:46:21,"","","","10/6/2016","2:46:21 AM","10/6/2016","3:09:29 AM",55,75,21,1,0,"N","","",NA,"",""
"12977",168,2,2016,1,2,"10/17/2016","Spotted_skunk",2016-10-07 03:09:47,"","","","10/7/2016","3:09:47 AM","10/7/2016","3:16:12 AM",91,96,6,1,0,"N","","",NA,"",""
"12978",168,2,2016,1,2,"10/17/2016","Spotted_skunk",2016-10-07 04:48:26,"","","","10/7/2016","4:48:26 AM","10/7/2016","4:48:28 AM",97,99,3,1,0,"N","","",NA,"",""
"12979",168,2,2016,1,2,"10/17/2016","Spotted_skunk",2016-10-07 23:02:23,"","","","10/7/2016","11:02:23 PM","10/7/2016","11:59:25 PM",106,126,21,1,0,"N","Y","",NA,"124","bait gone"
"12980",168,2,2016,1,3,"10/29/2016","Spotted_skunk",2016-10-23 21:44:29,"","","","10/23/2016","9:44:29 PM","10/23/2016","9:44:31 PM",157,159,3,1,0,"N","","",NA,"",""
"12981",168,2,2016,1,3,"10/29/2016","Spotted_skunk",2016-10-23 20:03:51,"","","","10/23/2016","8:03:51 PM","10/23/2016","8:03:52 PM",154,156,3,1,0,"N","","",NA,"",""
"12982",168,2,2016,1,3,"10/29/2016","Spotted_skunk",2016-10-22 01:21:29,"","","","10/22/2016","1:21:29 AM","10/22/2016","1:24:16 AM",127,147,21,1,0,"N","","",NA,"",""
"12983",168,2,2016,1,3,"10/29/2016","Spotted_skunk",2016-10-19 06:34:14,"","","","10/19/2016","6:34:14 AM","10/19/2016","6:47:59 AM",70,102,33,1,0,"N","","",NA,"",""
"12984",168,2,2016,1,3,"10/29/2016","Spotted_skunk",2016-10-20 00:43:01,"","","","10/20/2016","12:43:01 AM","10/20/2016","12:47:58 AM",112,123,12,1,0,"N","","",NA,"",""
"12985",168,2,2016,1,3,"10/29/2016","Spotted_skunk",2016-10-18 21:25:54,"","","","10/18/2016","9:25:54 PM","10/18/2016","10:45:03 PM",25,69,45,1,0,"N","","",NA,"",""
"12986",168,2,2016,1,3,"10/29/2016","Spotted_skunk",2016-10-18 03:05:40,"","","","10/18/2016","3:05:40 AM","10/18/2016","3:05:41 AM",16,18,3,1,0,"N","","",NA,"",""
"12987",168,2,2016,1,3,"10/29/2016","Spotted_skunk",2016-10-17 22:01:25,"","","","10/17/2016","10:01:25 PM","10/17/2016","10:16:38 PM",7,15,9,1,0,"N","","",NA,"",""
"12988",168,2,2016,2,1,"9/29/2016","Spotted_skunk",2016-09-24 04:28:27,"","","","9/24/2016","4:28:27 AM","9/24/2016","5:06:18 AM",26,34,9,1,0,"N","","Y",NA,"26","TCB bait gone"
"12989",168,2,2016,2,1,"9/29/2016","Spotted_skunk",2016-09-28 01:20:16,"","","","9/28/2016","1:20:16 AM","9/28/2016","1:21:09 AM",53,61,9,1,0,"N","","",NA,"",""
"12990",168,2,2016,2,1,"9/29/2016","Spotted_skunk",2016-09-27 00:24:09,"","","","9/27/2016","12:24:09 AM","9/27/2016","1:12:28 AM",44,52,9,1,0,"N","","",NA,"",""
"12991",168,2,2016,2,1,"9/29/2016","Spotted_skunk",2016-09-24 21:47:12,"","","","9/24/2016","9:47:12 PM","9/24/2016","9:47:13 PM",35,37,3,1,0,"N","","",NA,"",""
"12992",168,2,2016,2,1,"9/29/2016","Spotted_skunk",2016-09-18 05:28:27,"","","","9/18/2016","5:28:27 AM","9/18/2016","5:51:22 AM",17,25,9,1,0,"N","","",NA,"",""
"12993",168,2,2016,2,1,"9/29/2016","Spotted_skunk",2016-09-17 23:52:18,"","","","9/17/2016","11:52:18 PM","9/17/2016","11:52:20 PM",14,16,3,1,0,"N","","",NA,"",""
"12994",168,2,2016,2,1,"9/29/2016","Spotted_skunk",2016-09-25 04:36:21,"","","","9/25/2016","4:36:21 AM","9/25/2016","4:54:16 AM",38,43,6,1,0,"N","","",NA,"",""
"12995",168,2,2016,2,2,"10/17/2016","Spotted_skunk",2016-10-07 00:20:50,"","","","10/7/2016","12:20:50 AM","10/7/2016","12:20:51 AM",34,36,3,1,0,"N","","",NA,"",""
"12996",168,2,2016,2,2,"10/17/2016","Spotted_skunk",2016-10-06 03:39:10,"","","","10/6/2016","3:39:10 AM","10/6/2016","3:39:12 AM",31,33,3,1,0,"N","","",NA,"",""
"12997",168,2,2016,2,2,"10/17/2016","Spotted_skunk",2016-10-02 03:09:37,"","","","10/2/2016","3:09:37 AM","10/2/2016","3:09:39 AM",28,30,3,1,0,"N","","",NA,"",""
"12998",168,2,2016,2,2,"10/17/2016","Spotted_skunk",2016-10-01 05:36:17,"","","","10/1/2016","5:36:17 AM","10/1/2016","5:36:19 AM",25,27,3,1,0,"N","","",NA,"",""
"12999",168,2,2016,2,2,"10/17/2016","Spotted_skunk",2016-09-30 04:47:13,"","","","9/30/2016","4:47:13 AM","9/30/2016","5:24:46 AM",4,12,9,1,0,"N","","",NA,"",""
"13000",168,2,2016,2,2,"10/17/2016","Spotted_skunk",2016-10-07 19:43:16,"","","","10/7/2016","7:43:16 PM","10/7/2016","7:43:18 PM",37,39,3,1,0,"N","Y","",NA,"37","bait gone"
"13001",168,2,2016,2,2,"10/17/2016","Spotted_skunk",2016-10-01 04:24:37,"","","","10/1/2016","4:24:37 AM","10/1/2016","4:33:12 AM",16,24,9,1,0,"N","","",NA,"",""
"13002",168,2,2016,2,2,"10/17/2016","Spotted_skunk",2016-09-30 06:23:28,"","","","9/30/2016","6:23:28 AM","9/30/2016","6:23:30 AM",13,15,3,1,0,"N","","",NA,"",""
"13003",168,2,2016,2,2,"10/17/2016","Spotted_skunk",2016-10-08 04:42:38,"","","","10/8/2016","4:42:38 AM","10/8/2016","4:42:40 AM",40,42,3,1,0,"N","","",NA,"",""
"13004",168,2,2016,2,3,"10/29/2016","Spotted_skunk",2016-10-25 03:21:34,"","","","10/25/2016","3:21:34 AM","10/25/2016","3:32:48 AM",31,39,9,1,0,"N","","",NA,"",""
"13005",168,2,2016,2,3,"10/29/2016","Spotted_skunk",2016-10-26 02:59:09,"","","","10/26/2016","2:59:09 AM","10/26/2016","2:59:11 AM",40,42,3,1,0,"N","","",NA,"",""
"13006",168,2,2016,2,3,"10/29/2016","Spotted_skunk",2016-10-24 20:23:16,"","","","10/24/2016","8:23:16 PM","10/24/2016","8:29:26 PM",25,30,6,1,0,"N","","",NA,"",""
"13007",168,2,2016,2,3,"10/29/2016","Spotted_skunk",2016-10-20 21:47:31,"","","","10/20/2016","9:47:31 PM","10/20/2016","9:47:33 PM",19,21,3,1,0,"N","","",NA,"",""
"13008",168,2,2016,2,3,"10/29/2016","Spotted_skunk",2016-10-19 20:17:15,"","","","10/19/2016","8:17:15 PM","10/19/2016","8:17:17 PM",13,15,3,1,0,"N","","",NA,"",""
"13009",168,2,2016,2,3,"10/29/2016","Spotted_skunk",2016-10-18 06:29:07,"","","","10/18/2016","6:29:07 AM","10/18/2016","6:29:08 AM",10,12,3,1,0,"N","","",NA,"",""
"13010",168,2,2016,2,3,"10/29/2016","Spotted_skunk",2016-10-20 02:20:42,"","","","10/20/2016","2:20:42 AM","10/20/2016","2:20:44 AM",16,18,3,1,0,"N","","",NA,"",""
"13011",168,2,2016,3,2,"10/17/2016","Spotted_skunk",2016-10-11 04:56:15,"","","","10/11/2016","4:56:15 AM","10/11/2016","4:56:16 AM",7,9,3,1,0,"N","","",NA,"",""
"13012",168,2,2016,3,2,"10/17/2016","Spotted_skunk",2016-10-14 04:42:34,"","","","10/14/2016","4:42:34 AM","10/14/2016","4:42:35 AM",13,15,3,1,0,"N","","",NA,"",""
"13013",168,2,2016,3,3,"10/29/2016","Spotted_skunk",2016-10-27 02:30:00,"","","","10/27/2016","2:30:00 AM","10/27/2016","2:30:01 AM",22,24,3,1,0,"N","","",NA,"",""
"13014",168,2,2016,3,3,"10/29/2016","Spotted_skunk",2016-10-27 06:29:47,"","","","10/27/2016","6:29:47 AM","10/27/2016","6:29:48 AM",25,27,3,1,0,"N","Y","",NA,"25","bait gone"
"13015",168,2,2016,3,3,"10/29/2016","Spotted_skunk",2016-10-25 02:11:08,"","","","10/25/2016","2:11:08 AM","10/25/2016","2:11:10 AM",19,21,3,1,0,"N","","",NA,"",""
"13016",168,2,2016,3,3,"10/29/2016","Spotted_skunk",2016-10-24 04:15:29,"","","","10/24/2016","4:15:29 AM","10/24/2016","4:15:31 AM",16,18,3,1,0,"N","","",NA,"",""
"13017",168,2,2016,3,3,"10/29/2016","Spotted_skunk",2016-10-29 04:27:07,"","","","10/29/2016","4:27:07 AM","10/29/2016","4:30:15 AM",28,33,6,1,0,"N","","",NA,"",""
"13018",168,2,2016,3,3,"10/29/2016","Spotted_skunk",2016-10-23 03:49:21,"","","","10/23/2016","3:49:21 AM","10/23/2016","3:49:23 AM",13,15,3,1,0,"N","","",NA,"",""
"13019",168,2,2016,3,3,"10/29/2016","Spotted_skunk",2016-10-29 06:09:21,"","","","10/29/2016","6:09:21 AM","10/29/2016","6:25:44 AM",34,39,6,1,0,"N","","",NA,"",""
"13020",169,2,2015,1,1,"10/4/2015","Spotted_skunk",2015-10-03 02:07:00,"","","","10/3/2015","2:07:00 AM","10/3/2015","2:07:53 AM",739,747,9,1,NA,"","","",NA,"",""
"13021",169,2,2015,1,1,"10/4/2015","Spotted_skunk",2015-09-27 20:06:49,"","","","9/27/2015","8:06:49 PM","9/27/2015","8:59:05 PM",223,285,63,2,NA,"","","",NA,"",""
"13022",169,2,2015,1,1,"10/4/2015","Spotted_skunk",2015-09-29 06:26:19,"","","","9/29/2015","6:26:19 AM","9/29/2015","6:36:52 AM",709,723,15,1,NA,"","","",NA,"",""
"13023",169,2,2015,1,1,"10/4/2015","Spotted_skunk",2015-09-29 22:59:59,"","","","9/29/2015","10:59:59 PM","9/29/2015","11:01:52 PM",727,732,6,1,NA,"","","",NA,"",""
"13024",169,2,2015,1,1,"10/4/2015","Spotted_skunk",2015-09-29 02:49:38,"","","","9/29/2015","2:49:38 AM","9/29/2015","2:50:44 AM",703,708,6,1,NA,"","","",NA,"",""
"13025",169,2,2015,1,1,"10/4/2015","Spotted_skunk",2015-09-29 00:44:57,"","","","9/29/2015","12:44:57 AM","9/29/2015","12:44:58 AM",700,702,3,1,NA,"","","",NA,"",""
"13026",169,2,2015,1,1,"10/4/2015","Spotted_skunk",2015-09-28 19:59:47,"","","","9/28/2015","7:59:47 PM","9/28/2015","8:23:58 PM",667,699,33,1,NA,"","","",NA,"",""
"13027",169,2,2015,1,1,"10/4/2015","Spotted_skunk",2015-09-28 02:44:19,"","","","9/28/2015","2:44:19 AM","9/28/2015","6:21:38 AM",364,666,303,2,NA,"","","",NA,"",""
"13028",169,2,2015,1,1,"10/4/2015","Spotted_skunk",2015-09-26 05:32:22,"","","","9/26/2015","5:32:22 AM","9/26/2015","5:32:26 AM",25,27,3,1,NA,"","","",NA,"",""
"13029",169,2,2015,1,1,"10/4/2015","Spotted_skunk",2015-09-27 22:58:40,"","","","9/27/2015","10:58:40 PM","9/28/2015","12:20:24 AM",286,363,78,2,NA,"","","",NA,"",""
"13030",169,2,2015,1,1,"10/4/2015","Spotted_skunk",2015-09-27 01:29:27,"","","","9/27/2015","1:29:27 AM","9/27/2015","6:02:56 AM",76,222,147,2,NA,"","","",NA,"",""
"13031",169,2,2015,1,1,"10/4/2015","Spotted_skunk",2015-09-26 20:23:49,"","","","9/26/2015","8:23:49 PM","9/26/2015","8:38:50 PM",28,75,48,1,NA,"","","",NA,"",""
"13032",169,2,2015,1,1,"10/4/2015","Spotted_skunk",2015-09-26 03:59:33,"","","","9/26/2015","3:59:33 AM","9/26/2015","4:26:35 AM",13,24,12,1,NA,"","","",NA,"",""
"13033",169,2,2015,1,1,"10/4/2015","Spotted_skunk",2015-09-24 03:54:55,"","","","9/24/2015","3:54:55 AM","9/24/2015","3:54:56 AM",10,12,3,1,NA,"","","",NA,"",""
"13034",169,2,2015,1.1,2,"10/18/2015","Spotted_skunk",2015-10-12 04:56:09,"","","","10/12/2015","4:56:09 AM","10/12/2015","4:56:38 AM",175,180,6,1,0,"N","","",NA,"",""
"13035",169,2,2015,1.1,2,"10/18/2015","Spotted_skunk",2015-10-15 01:09:14,"","","","10/15/2015","1:09:14 AM","10/15/2015","1:10:05 AM",187,195,9,1,0,"N","","",NA,"",""
"13036",169,2,2015,1.1,2,"10/18/2015","Spotted_skunk",2015-10-05 19:54:56,"","","","10/5/2015","7:54:56 PM","10/5/2015","8:34:45 PM",22,33,12,1,0,"N","","",NA,"",""
"13037",169,2,2015,1.1,2,"10/18/2015","Spotted_skunk",2015-10-05 23:30:37,"","","","10/5/2015","11:30:37 PM","10/5/2015","11:33:08 PM",34,45,12,1,0,"N","","",NA,"",""
"13038",169,2,2015,1.1,2,"10/18/2015","Spotted_skunk",2015-10-15 04:35:41,"","","","10/15/2015","4:35:41 AM","10/15/2015","4:35:45 AM",196,198,3,1,0,"N","","",NA,"",""
"13039",169,2,2015,1.1,2,"10/18/2015","Spotted_skunk",2015-10-06 01:15:18,"","","","10/6/2015","1:15:18 AM","10/6/2015","4:08:56 AM",46,96,51,1,0,"N","","",NA,"",""
"13040",169,2,2015,1.1,2,"10/18/2015","Spotted_skunk",2015-10-16 01:46:19,"","","","10/16/2015","1:46:19 AM","10/16/2015","1:46:21 AM",199,201,3,1,0,"N","","",NA,"",""
"13041",169,2,2015,1.1,2,"10/18/2015","Spotted_skunk",2015-10-06 05:49:28,"","","","10/6/2015","5:49:28 AM","10/6/2015","6:23:33 AM",97,123,27,2,0,"N","","",NA,"",""
"13042",169,2,2015,1.1,2,"10/18/2015","Spotted_skunk",2015-10-06 19:25:29,"","","","10/6/2015","7:25:29 PM","10/6/2015","8:41:09 PM",124,138,15,2,0,"N","Y","",NA,"EK000130","Bait is gone- taken by skunk"
"13043",169,2,2015,1.1,2,"10/18/2015","Spotted_skunk",2015-10-12 22:53:43,"","","","10/12/2015","10:53:43 PM","10/12/2015","10:53:44 PM",181,183,3,1,0,"N","","",NA,"",""
"13044",169,2,2015,1.1,2,"10/18/2015","Spotted_skunk",2015-10-07 02:03:37,"","","","10/7/2015","2:03:37 AM","10/7/2015","2:29:15 AM",145,153,9,1,0,"N","","",NA,"",""
"13045",169,2,2015,1.1,2,"10/18/2015","Spotted_skunk",2015-10-12 02:55:50,"","","","10/12/2015","2:55:50 AM","10/12/2015","2:55:51 AM",172,174,3,1,0,"N","","",NA,"",""
"13046",169,2,2015,1.1,2,"10/18/2015","Spotted_skunk",2015-10-11 06:40:35,"","","","10/11/2015","6:40:35 AM","10/11/2015","6:40:37 AM",169,171,3,1,0,"N","","",NA,"",""
"13047",169,2,2015,1.1,2,"10/18/2015","Spotted_skunk",2015-10-11 02:47:33,"","","","10/11/2015","2:47:33 AM","10/11/2015","2:50:33 AM",163,168,6,1,0,"N","","",NA,"",""
"13048",169,2,2015,1.1,2,"10/18/2015","Spotted_skunk",2015-10-08 02:16:52,"","","","10/8/2015","2:16:52 AM","10/8/2015","2:16:54 AM",160,162,3,1,0,"N","","",NA,"",""
"13049",169,2,2015,1.1,2,"10/18/2015","Spotted_skunk",2015-10-07 03:24:52,"","","","10/7/2015","3:24:52 AM","10/7/2015","3:24:54 AM",154,156,3,1,0,"N","","",NA,"",""
"13050",169,2,2015,1.1,2,"10/18/2015","Spotted_skunk",2015-10-07 04:54:48,"","","","10/7/2015","4:54:48 AM","10/7/2015","4:54:49 AM",157,159,3,1,0,"N","","",NA,"",""
"13051",169,2,2015,1.1,2,"10/18/2015","Spotted_skunk",2015-10-06 22:52:13,"","","","10/6/2015","10:52:13 PM","10/6/2015","10:55:13 PM",139,144,6,1,0,"N","","",NA,"",""
"13052",169,2,2015,1.1,2,"10/18/2015","Spotted_skunk",2015-10-17 19:38:24,"","","","10/17/2015","7:38:24 PM","10/17/2015","7:38:28 PM",241,243,3,1,0,"N","","",NA,"",""
"13053",169,2,2015,1.1,2,"10/18/2015","Spotted_skunk",2015-10-14 04:43:38,"","","","10/14/2015","4:43:38 AM","10/14/2015","4:43:40 AM",184,186,3,1,0,"N","","",NA,"",""
"13054",169,2,2015,1.1,2,"10/18/2015","Spotted_skunk",2015-10-16 21:50:36,"","","","10/16/2015","9:50:36 PM","10/16/2015","9:51:05 PM",220,225,6,1,0,"N","","",NA,"",""
"13055",169,2,2015,1.1,2,"10/18/2015","Spotted_skunk",2015-10-17 00:17:00,"","","","10/17/2015","12:17:00 AM","10/17/2015","1:20:37 AM",226,237,12,1,0,"N","","",NA,"",""
"13056",169,2,2015,1.1,2,"10/18/2015","Spotted_skunk",2015-10-17 02:21:21,"","","","10/17/2015","2:21:21 AM","10/17/2015","2:21:23 AM",238,240,3,1,0,"N","","",NA,"",""
"13057",169,2,2015,1.1,2,"10/18/2015","Spotted_skunk",2015-10-05 02:43:23,"","","","10/5/2015","2:43:23 AM","10/5/2015","3:41:58 AM",4,21,18,1,0,"N","","",NA,"",""
"13058",169,2,2015,1.1,3,"11/1/2015","Spotted_skunk",2015-10-26 01:12:11,"","","","10/26/2015","1:12:11 AM","10/26/2015","1:22:24 AM",223,231,9,1,0,"N","","Y",NA,"EK000228","Last time skunk was seen going into TCB- most likley bait was taken here."
"13059",169,2,2015,1.1,3,"11/1/2015","Spotted_skunk",2015-10-26 00:02:57,"","","","10/26/2015","12:02:57 AM","10/26/2015","12:04:59 AM",214,222,9,1,0,"N","","",NA,"",""
"13060",169,2,2015,1.1,3,"11/1/2015","Spotted_skunk",2015-10-25 02:28:26,"","","","10/25/2015","2:28:26 AM","10/25/2015","3:13:10 AM",199,213,15,1,0,"N","","",NA,"",""
"13061",169,2,2015,1.1,3,"11/1/2015","Spotted_skunk",2015-10-25 00:19:14,"","","","10/25/2015","12:19:14 AM","10/25/2015","1:25:29 AM",178,198,21,1,0,"N","","",NA,"",""
"13062",169,2,2015,1.1,3,"11/1/2015","Spotted_skunk",2015-10-24 04:27:57,"","","","10/24/2015","4:27:57 AM","10/24/2015","5:20:01 AM",136,174,39,1,0,"N","Y","",NA,"EK000169","Tree bait gone- taken by skunk"
"13063",169,2,2015,1.1,3,"11/1/2015","Spotted_skunk",2015-10-24 02:39:50,"","","","10/24/2015","2:39:50 AM","10/24/2015","2:40:37 AM",127,135,9,1,0,"N","","",NA,"",""
"13064",169,2,2015,1.1,3,"11/1/2015","Spotted_skunk",2015-10-22 21:03:08,"","","","10/22/2015","9:03:08 PM","10/22/2015","10:40:41 PM",67,126,60,1,0,"N","","",NA,"",""
"13065",169,2,2015,1.1,3,"11/1/2015","Spotted_skunk",2015-10-20 06:52:46,"","","","10/20/2015","6:52:46 AM","10/20/2015","6:57:32 AM",28,57,30,1,0,"N","","",NA,"",""
"13066",169,2,2015,1.1,3,"11/1/2015","Spotted_skunk",2015-10-19 23:07:27,"","","","10/19/2015","11:07:27 PM","10/19/2015","11:07:51 PM",7,12,6,1,0,"N","","",NA,"",""
"13067",169,2,2015,1.1,3,"11/1/2015","Spotted_skunk",2015-10-20 04:15:25,"","","","10/20/2015","4:15:25 AM","10/20/2015","4:34:22 AM",13,27,15,1,0,"N","","",NA,"",""
"13068",169,2,2015,1.1,3,"11/1/2015","Spotted_skunk",2015-10-21 22:53:14,"","","","10/21/2015","10:53:14 PM","10/21/2015","11:23:02 PM",58,66,9,1,0,"N","","",NA,"",""
"13069",169,2,2015,2,2,"10/18/2015","Spotted_skunk",2015-10-14 04:34:04,"","","","10/14/2015","4:34:04 AM","10/14/2015","4:37:58 AM",31,36,6,1,0,"N","","",NA,"",""
"13070",169,2,2015,2,2,"10/18/2015","Spotted_skunk",2015-10-11 20:53:45,"","","","10/11/2015","8:53:45 PM","10/11/2015","8:54:11 PM",22,27,6,1,0,"N","","",NA,"",""
"13071",169,2,2015,2,2,"10/18/2015","Spotted_skunk",2015-10-11 04:13:17,"","","","10/11/2015","4:13:17 AM","10/11/2015","5:58:04 AM",13,21,9,1,0,"N","","",NA,"",""
"13072",169,2,2015,2,2,"10/18/2015","Spotted_skunk",2015-10-15 22:27:25,"","","","10/15/2015","10:27:25 PM","10/15/2015","10:32:36 PM",40,45,6,1,0,"N","","",NA,"",""
"13073",169,2,2015,2,3,"11/1/2015","Spotted_skunk",2015-10-25 18:46:52,"","","","10/25/2015","6:46:52 PM","10/25/2015","6:57:12 PM",97,111,15,1,0,"N","","",NA,"",""
"13074",169,2,2015,2,3,"11/1/2015","Spotted_skunk",2015-10-29 04:39:16,"","","","10/29/2015","4:39:16 AM","10/29/2015","4:40:36 AM",175,180,6,1,0,"N","","",NA,"",""
"13075",169,2,2015,2,3,"11/1/2015","Spotted_skunk",2015-10-26 21:18:48,"","","","10/26/2015","9:18:48 PM","10/26/2015","9:25:04 PM",112,123,12,1,0,"N","","",NA,"",""
"13076",169,2,2015,2,3,"11/1/2015","Spotted_skunk",2015-10-25 04:07:58,"","","","10/25/2015","4:07:58 AM","10/25/2015","4:26:38 AM",85,93,9,1,0,"N","","",NA,"",""
"13077",169,2,2015,2,3,"11/1/2015","Spotted_skunk",2015-10-25 01:02:06,"","","","10/25/2015","1:02:06 AM","10/25/2015","1:14:43 AM",79,84,6,1,0,"N","","",NA,"",""
"13078",169,2,2015,2,3,"11/1/2015","Spotted_skunk",2015-10-22 04:14:14,"","","","10/22/2015","4:14:14 AM","10/22/2015","5:25:02 AM",49,75,27,1,0,"N","","",NA,"",""
"13079",169,2,2015,2,3,"11/1/2015","Spotted_skunk",2015-10-19 18:44:28,"","","","10/19/2015","6:44:28 PM","10/19/2015","7:03:11 PM",43,48,6,1,0,"N","","",NA,"",""
"13080",169,2,2015,2,3,"11/1/2015","Spotted_skunk",2015-10-19 05:45:47,"","","","10/19/2015","5:45:47 AM","10/19/2015","7:28:56 AM",7,42,36,1,0,"N","","",NA,"",""
"13081",169,2,2015,2,3,"11/1/2015","Spotted_skunk",2015-10-27 00:14:57,"","","","10/27/2015","12:14:57 AM","10/27/2015","12:14:59 AM",124,126,3,1,0,"N","","",NA,"",""
"13082",169,2,2015,2,3,"11/1/2015","Spotted_skunk",2015-10-27 03:16:26,"","","","10/27/2015","3:16:26 AM","10/27/2015","3:49:05 AM",127,144,18,1,0,"N","Y","",NA,"EK000130","Tree bait gone- skunk took last piece"
"13083",169,2,2015,2,3,"11/1/2015","Spotted_skunk",2015-10-28 02:41:41,"","","","10/28/2015","2:41:41 AM","10/28/2015","2:46:56 AM",145,162,18,1,0,"N","","",NA,"",""
"13084",169,2,2015,2,3,"11/1/2015","Spotted_skunk",2015-10-28 21:45:48,"","","","10/28/2015","9:45:48 PM","10/28/2015","9:55:56 PM",163,174,12,1,0,"N","","",NA,"",""
"13085",169,2,2015,3,1,"10/4/2015","Spotted_skunk",2015-09-27 00:14:10,"","","","9/27/2015","12:14:10 AM","9/27/2015","12:22:13 AM",121,126,6,1,NA,"","","",NA,"",""
"13086",169,2,2015,3,1,"10/4/2015","Spotted_skunk",2015-09-21 00:29:41,"","","","9/21/2015","12:29:41 AM","9/21/2015","1:09:13 AM",7,39,33,1,NA,"","","",NA,"",""
"13087",169,2,2015,3,1,"10/4/2015","Spotted_skunk",2015-09-21 03:23:30,"","","","9/21/2015","3:23:30 AM","9/21/2015","4:09:42 AM",40,66,27,1,NA,"","","",NA,"",""
"13088",169,2,2015,3,1,"10/4/2015","Spotted_skunk",2015-09-25 02:07:38,"","","","9/25/2015","2:07:38 AM","9/25/2015","3:28:25 AM",70,96,27,1,NA,"","","",NA,"",""
"13089",169,2,2015,3,1,"10/4/2015","Spotted_skunk",2015-09-26 19:29:45,"","","","9/26/2015","7:29:45 PM","9/26/2015","7:44:23 PM",112,117,6,1,NA,"","","",NA,"",""
"13090",169,2,2015,3,1,"10/4/2015","Spotted_skunk",2015-09-27 01:23:30,"","","","9/27/2015","1:23:30 AM","9/27/2015","1:40:25 AM",127,150,24,1,NA,"","","",NA,"",""
"13091",169,2,2015,3,1,"10/4/2015","Spotted_skunk",2015-10-01 20:32:59,"","","","10/1/2015","8:32:59 PM","10/1/2015","8:52:53 PM",151,162,12,1,NA,"","","",NA,"",""
"13092",169,2,2015,3,1,"10/4/2015","Spotted_skunk",2015-10-02 05:25:21,"","","","10/2/2015","5:25:21 AM","10/2/2015","5:52:52 AM",175,189,15,1,NA,"","Y","",NA,"",""
"13093",169,2,2015,3,1,"10/4/2015","Spotted_skunk",2015-09-26 05:36:37,"","","","9/26/2015","5:36:37 AM","9/26/2015","5:39:46 AM",106,111,6,1,NA,"","","",NA,"",""
"13094",169,2,2015,3,1,"10/4/2015","Spotted_skunk",2015-09-25 19:57:11,"","","","9/25/2015","7:57:11 PM","9/25/2015","8:06:52 PM",97,105,9,1,NA,"","","",NA,"",""
"13095",169,2,2015,3,1,"10/4/2015","Spotted_skunk",2015-10-01 22:50:35,"","","","10/1/2015","10:50:35 PM","10/1/2015","11:04:10 PM",163,174,12,1,NA,"","","",NA,"",""
"13096",169,2,2015,3,2,"10/18/2015","Spotted_skunk",2015-10-05 05:24:18,"","","","10/5/2015","5:24:18 AM","10/5/2015","6:08:57 AM",37,42,6,1,0,"N","","",NA,"",""
"13097",169,2,2015,3,2,"10/18/2015","Spotted_skunk",2015-10-15 03:26:50,"","","","10/15/2015","3:26:50 AM","10/15/2015","3:26:52 AM",94,96,3,1,0,"N","","",NA,"",""
"13098",169,2,2015,3,2,"10/18/2015","Spotted_skunk",2015-10-08 04:39:56,"","","","10/8/2015","4:39:56 AM","10/8/2015","4:59:00 AM",52,63,12,1,0,"N","","",NA,"",""
"13099",169,2,2015,3,2,"10/18/2015","Spotted_skunk",2015-10-12 01:38:23,"","","","10/12/2015","1:38:23 AM","10/12/2015","1:49:45 AM",85,93,9,1,0,"N","Y","",NA,"EK000085","Bait gone"
"13100",169,2,2015,3,2,"10/18/2015","Spotted_skunk",2015-10-06 23:31:31,"","","","10/6/2015","11:31:31 PM","10/6/2015","11:42:33 PM",46,51,6,1,0,"N","","",NA,"",""
"13101",169,2,2015,3,2,"10/18/2015","Spotted_skunk",2015-10-05 19:34:09,"","","","10/5/2015","7:34:09 PM","10/5/2015","7:34:11 PM",43,45,3,1,0,"N","","",NA,"",""
"13102",169,2,2015,3,2,"10/18/2015","Spotted_skunk",2015-10-04 23:53:46,"","","","10/4/2015","11:53:46 PM","10/4/2015","11:57:43 PM",16,21,6,1,0,"N","","",NA,"",""
"13103",169,2,2015,3,2,"10/18/2015","Spotted_skunk",2015-10-05 00:04:40,"","","","10/5/2015","12:04:40 AM","10/5/2015","12:06:46 AM",22,36,15,1,0,"N","","",NA,"",""
"13104",169,2,2015,3,2,"10/18/2015","Spotted_skunk",2015-10-09 00:35:12,"","","","10/9/2015","12:35:12 AM","10/9/2015","12:35:51 AM",76,84,9,1,0,"N","","",NA,"",""
"13105",169,2,2015,3,2,"10/18/2015","Spotted_skunk",2015-10-08 21:37:13,"","","","10/8/2015","9:37:13 PM","10/8/2015","9:50:30 PM",67,75,9,1,0,"N","","",NA,"",""
"13106",169,2,2015,3,3,"11/1/2015","Spotted_skunk",2015-10-22 05:37:40,"","","","10/22/2015","5:37:40 AM","10/22/2015","6:11:16 AM",40,69,30,1,0,"N","","",NA,"",""
"13107",169,2,2015,3,3,"11/1/2015","Spotted_skunk",2015-10-23 18:46:51,"","","","10/23/2015","6:46:51 PM","10/23/2015","6:49:28 PM",130,141,12,1,0,"N","","",NA,"",""
"13108",169,2,2015,3,3,"11/1/2015","Spotted_skunk",2015-10-25 02:16:12,"","","","10/25/2015","2:16:12 AM","10/25/2015","2:17:46 AM",151,165,15,1,0,"N","","",NA,"",""
"13109",169,2,2015,3,3,"11/1/2015","Spotted_skunk",2015-10-30 20:49:20,"","","","10/30/2015","8:49:20 PM","10/30/2015","9:03:37 PM",181,186,6,1,0,"N","","",NA,"",""
"13110",169,2,2015,3,3,"11/1/2015","Spotted_skunk",2015-10-27 21:02:45,"","","","10/27/2015","9:02:45 PM","10/27/2015","9:02:54 PM",175,180,6,1,0,"N","","",NA,"",""
"13111",169,2,2015,3,3,"11/1/2015","Spotted_skunk",2015-10-23 03:53:31,"","","","10/23/2015","3:53:31 AM","10/23/2015","4:35:45 AM",103,126,24,1,0,"N","Y","",NA,"EK000106","Tree bait gone-taken by skunk"
"13112",169,2,2015,3,3,"11/1/2015","Spotted_skunk",2015-10-25 06:17:35,"","","","10/25/2015","6:17:35 AM","10/25/2015","6:19:42 AM",166,174,9,1,0,"N","","",NA,"",""
"13113",169,2,2015,3,3,"11/1/2015","Spotted_skunk",2015-10-25 00:29:59,"","","","10/25/2015","12:29:59 AM","10/25/2015","12:48:17 AM",142,150,9,1,0,"N","","",NA,"",""
"13114",169,2,2015,3,3,"11/1/2015","Spotted_skunk",2015-10-22 03:25:29,"","","","10/22/2015","3:25:29 AM","10/22/2015","3:50:06 AM",13,39,27,1,0,"N","","",NA,"",""
"13115",169,2,2015,3,3,"11/1/2015","Spotted_skunk",2015-10-22 19:56:44,"","","","10/22/2015","7:56:44 PM","10/22/2015","8:00:44 PM",73,81,9,1,0,"N","","",NA,"",""
"13116",169,2,2015,3,3,"11/1/2015","Spotted_skunk",2015-10-22 10:23:56,"","","","10/22/2015","10:23:56 AM","10/22/2015","10:23:58 AM",70,72,3,1,0,"N","","",NA,"",""
"13117",169,2,2015,3,3,"11/1/2015","Spotted_skunk",2015-10-23 00:42:17,"","","","10/23/2015","12:42:17 AM","10/23/2015","2:22:52 AM",82,102,21,1,0,"N","","",NA,"",""
"13118",169,2,2015,3,3,"11/1/2015","Spotted_skunk",2015-10-22 01:44:30,"","","","10/22/2015","1:44:30 AM","10/22/2015","1:47:23 AM",7,12,6,1,0,"N","","",NA,"",""
"13119",170,1,2014,3,1,"10/5/2014","Spotted_skunk",2014-09-28 03:34:15,"","","","9/28/2014","3:34:15 AM","9/28/2014","3:44:43 AM",10,30,21,1,0,"N","","",NA,"","camera reads 2013"
"13120",170,1,2014,3,2,"10/19/2014","Spotted_skunk",2014-10-14 05:16:17,"","","","10/14/2014","5:16:17 AM","10/14/2014","5:16:39 AM",43,48,6,1,0,"N","","",NA,"","camera reads 2014"
"13121",170,1,2014,3,2,"10/19/2014","Spotted_skunk",2014-10-07 23:09:21,"","","","10/7/2014","11:09:21 PM","10/7/2014","11:10:45 PM",4,15,12,1,0,"N","","",NA,"","camera reads 2014"
"13122",170,1,2014,3,2,"10/19/2014","Spotted_skunk",2014-10-14 22:22:41,"","","","10/14/2014","10:22:41 PM","10/14/2014","10:29:01 PM",49,54,6,1,0,"N","","",NA,"","camera reads 2014"
"13123",170,2,2016,2,1,"9/30/2016","Spotted_skunk",2016-09-25 20:40:08,"","","","9/25/2016","8:40:08 PM","9/25/2016","8:41:13 PM",10,18,9,1,0,"N","","",NA,"",""
"13124",170,2,2016,2,2,"10/17/2016","Spotted_skunk",2016-10-12 21:54:17,"","","","10/12/2016","9:54:17 PM","10/12/2016","9:54:19 PM",58,60,3,1,0,"N","","",NA,"",""
"13125",170,2,2016,2,2,"10/17/2016","Spotted_skunk",2016-10-17 04:59:22,"","","","10/17/2016","4:59:22 AM","10/17/2016","4:59:23 AM",64,66,3,1,0,"N","","",NA,"",""
"13126",170,2,2016,2,2,"10/17/2016","Spotted_skunk",2016-10-12 03:28:48,"","","","10/12/2016","3:28:48 AM","10/12/2016","4:39:36 AM",40,57,18,1,0,"N","","",NA,"",""
"13127",170,2,2016,2,3,"10/27/2016","Spotted_skunk",2016-10-21 18:56:36,"","","","10/21/2016","6:56:36 PM","10/21/2016","7:03:07 PM",55,66,12,1,0,"N","","",NA,"",""
"13128",170,2,2016,2,3,"10/27/2016","Spotted_skunk",2016-10-20 02:48:31,"","","","10/20/2016","2:48:31 AM","10/20/2016","3:28:16 AM",10,21,12,1,0,"N","","",NA,"",""
"13129",170,2,2016,2,3,"10/27/2016","Spotted_skunk",2016-10-21 04:34:28,"","","","10/21/2016","4:34:28 AM","10/21/2016","4:40:00 AM",49,54,6,1,0,"N","","",NA,"",""
"13130",170,2,2016,2,3,"10/27/2016","Spotted_skunk",2016-10-22 23:13:55,"","","","10/22/2016","11:13:55 PM","10/22/2016","11:35:33 PM",67,78,12,1,0,"N","","",NA,"",""
"13131",170,2,2016,2,3,"10/27/2016","Spotted_skunk",2016-10-23 19:11:45,"","","","10/23/2016","7:11:45 PM","10/23/2016","7:42:54 PM",79,87,9,1,0,"N","","",NA,"",""
"13132",170,2,2016,2,3,"10/27/2016","Spotted_skunk",2016-10-24 02:05:15,"","","","10/24/2016","2:05:15 AM","10/24/2016","3:38:43 AM",88,111,24,1,0,"N","","",NA,"",""
"13133",170,2,2016,2,3,"10/27/2016","Spotted_skunk",2016-10-24 19:36:48,"","","","10/24/2016","7:36:48 PM","10/24/2016","7:47:40 PM",112,129,18,1,0,"N","","",NA,"",""
"13134",170,2,2016,2,3,"10/27/2016","Spotted_skunk",2016-10-25 01:18:45,"","","","10/25/2016","1:18:45 AM","10/25/2016","1:18:47 AM",130,132,3,1,0,"N","","",NA,"",""
"13135",170,2,2016,2,3,"10/27/2016","Spotted_skunk",2016-10-25 04:36:39,"","","","10/25/2016","4:36:39 AM","10/25/2016","5:33:35 AM",133,168,36,1,0,"N","","",NA,"",""
"13136",170,2,2016,2,3,"10/27/2016","Spotted_skunk",2016-10-25 19:24:30,"","","","10/25/2016","7:24:30 PM","10/25/2016","8:25:33 PM",172,183,12,1,0,"N","Y","",NA,"178","bait gone"
"13137",170,2,2016,2,3,"10/27/2016","Spotted_skunk",2016-10-20 22:21:02,"","","","10/20/2016","10:21:02 PM","10/20/2016","11:00:19 PM",22,48,27,1,0,"N","","",NA,"",""
"13138",170,2,2016,3,1,"9/30/2016","Spotted_skunk",2016-09-22 02:07:00,"","","","9/22/2016","2:07:00 AM","9/22/2016","3:32:37 AM",7,36,30,1,0,"N","","",NA,"",""
"13139",170,2,2016,3,1,"9/30/2016","Spotted_skunk",2016-09-22 22:04:50,"","","","9/22/2016","10:04:50 PM","9/22/2016","10:17:54 PM",40,54,15,1,0,"N","","",NA,"",""
"13140",170,2,2016,3,1,"9/30/2016","Spotted_skunk",2016-09-23 03:56:37,"","","","9/23/2016","3:56:37 AM","9/23/2016","4:13:53 AM",58,66,9,1,0,"N","","",NA,"",""
"13141",170,2,2016,3,1,"9/30/2016","Spotted_skunk",2016-09-24 01:30:37,"","","","9/24/2016","1:30:37 AM","9/24/2016","1:32:49 AM",67,81,15,1,0,"N","","",NA,"",""
"13142",170,2,2016,3,1,"9/30/2016","Spotted_skunk",2016-09-24 04:22:21,"","","","9/24/2016","4:22:21 AM","9/24/2016","4:26:53 AM",82,114,33,1,0,"N","","",NA,"",""
"13143",171,1,2013,2,1,"10/21/2013","Spotted_skunk",2013-09-24 04:14:36,"","","","9/24/2013","4:14:36 AM","9/24/2013","5:08:13 AM",25,69,45,1,NA,"","","",NA,"",""
"13144",171,1,2013,2,1,"10/21/2013","Spotted_skunk",2013-09-24 02:23:22,"","","","9/24/2013","2:23:22 AM","9/24/2013","2:23:24 AM",22,24,3,1,NA,"","","",NA,"",""
"13145",171,1,2013,2,1,"10/21/2013","Spotted_skunk",2013-09-24 06:14:53,"","","","9/24/2013","6:14:53 AM","9/24/2013","6:26:52 AM",70,78,9,1,NA,"","","",NA,"",""
"13146",171,1,2013,2,1,"10/21/2013","Spotted_skunk",2013-09-24 20:24:36,"","","","9/24/2013","8:24:36 PM","9/24/2013","8:24:38 PM",79,81,3,1,NA,"","","",NA,"",""
"13147",171,1,2013,2,1,"10/21/2013","Spotted_skunk",2013-09-25 01:11:26,"","","","9/25/2013","1:11:26 AM","9/25/2013","1:38:56 AM",82,96,15,1,NA,"","","",NA,"",""
"13148",171,1,2013,2,1,"10/21/2013","Spotted_skunk",2013-09-25 06:32:01,"","","","9/25/2013","6:32:01 AM","9/25/2013","6:38:28 AM",97,102,6,1,NA,"","","",NA,"",""
"13149",171,1,2013,2,1,"10/21/2013","Spotted_skunk",2013-09-25 19:49:56,"","","","9/25/2013","7:49:56 PM","9/25/2013","8:03:54 PM",103,108,6,1,NA,"","","",NA,"",""
"13150",171,1,2013,2,2,"11/4/2013","Spotted_skunk",2013-10-25 22:15:59,"","","","10/25/2013","10:15:59 PM","10/25/2013","10:16:00 PM",19,21,3,0,0,"N","","",0,"",""
"13151",171,2,2015,2,1,"10/6/2015","Spotted_skunk",2015-09-28 05:18:08,"","","","9/28/2015","5:18:08 AM","9/28/2015","5:18:10 AM",55,57,3,1,0,"N","","",NA,"",""
"13152",171,2,2015,2,1,"10/6/2015","Spotted_skunk",2015-09-27 04:53:48,"","","","9/27/2015","4:53:48 AM","9/27/2015","4:53:50 AM",22,24,3,1,0,"N","","",NA,"",""
"13153",171,2,2015,2,1,"10/6/2015","Spotted_skunk",2015-09-27 22:37:40,"","","","9/27/2015","10:37:40 PM","9/27/2015","10:47:42 PM",40,54,15,1,0,"N","","Y",NA,"43","cubby bait taken by skunk"
"13154",171,2,2015,2,1,"10/6/2015","Spotted_skunk",2015-09-27 06:07:58,"","","","9/27/2015","6:07:58 AM","9/27/2015","6:42:34 AM",25,39,15,1,0,"N","","",NA,"",""
"13155",171,2,2015,2,1,"10/6/2015","Spotted_skunk",2015-09-28 19:42:08,"","","","9/28/2015","7:42:08 PM","9/28/2015","8:07:07 PM",61,69,9,1,0,"N","","",NA,"",""
"13156",171,2,2015,2,2,"10/20/2015","Spotted_skunk",2015-10-19 21:16:15,"","","","10/19/2015","9:16:15 PM","10/19/2015","9:16:17 PM",31,33,3,1,0,"N","","",NA,"",""
"13157",171,2,2015,2,2,"10/20/2015","Spotted_skunk",2015-10-16 01:57:46,"","","","10/16/2015","1:57:46 AM","10/16/2015","1:57:48 AM",4,6,3,1,0,"N","","",NA,"",""
"13158",171,2,2015,2,2,"10/20/2015","Spotted_skunk",2015-10-16 04:26:45,"","","","10/16/2015","4:26:45 AM","10/16/2015","4:33:31 AM",7,12,6,1,0,"N","","",NA,"",""
"13159",171,2,2015,2,2,"10/20/2015","Spotted_skunk",2015-10-17 03:05:08,"","","","10/17/2015","3:05:08 AM","10/17/2015","3:05:09 AM",13,15,3,1,0,"N","","",NA,"",""
"13160",171,2,2015,2,2,"10/20/2015","Spotted_skunk",2015-10-17 04:22:46,"","","","10/17/2015","4:22:46 AM","10/17/2015","4:29:32 AM",16,21,6,1,0,"N","","",NA,"",""
"13161",171,2,2015,2,2,"10/20/2015","Spotted_skunk",2015-10-17 18:52:22,"","","","10/17/2015","6:52:22 PM","10/17/2015","6:52:24 PM",22,24,3,1,0,"N","","",NA,"",""
"13162",171,2,2015,2,3,"11/3/2015","Spotted_skunk",2015-10-27 03:10:59,"","","","10/27/2015","3:10:59 AM","10/27/2015","3:13:26 AM",40,48,9,1,0,"N","","",NA,"",""
"13163",171,2,2015,2,3,"11/3/2015","Spotted_skunk",2015-10-21 06:00:37,"","","","10/21/2015","6:00:37 AM","10/21/2015","6:05:48 AM",4,9,6,1,0,"N","","",NA,"",""
"13164",171,2,2015,2,3,"11/3/2015","Spotted_skunk",2015-10-22 22:31:11,"","","","10/22/2015","10:31:11 PM","10/22/2015","10:31:13 PM",31,33,3,2,0,"N","","Y",NA,"EK000031","The piece of bone in TCB is gone with skunk in cubby"
"13165",171,2,2015,2,3,"11/3/2015","Spotted_skunk",2015-10-21 19:12:30,"","","","10/21/2015","7:12:30 PM","10/21/2015","7:34:31 PM",10,15,6,1,0,"N","Y","",NA,"EK000013","Tree bait is gone"
"13166",172,2,2015,2,1,"10/6/2015","Spotted_skunk",2015-09-23 05:42:23,"","","","9/23/2015","5:42:23 AM","9/23/2015","5:56:14 AM",85,114,30,1,0,"N","","",NA,"",""
"13167",172,2,2015,2,1,"10/6/2015","Spotted_skunk",2015-09-23 02:51:54,"","","","9/23/2015","2:51:54 AM","9/23/2015","3:50:38 AM",22,84,63,1,0,"N","","",NA,"",""
"13168",172,2,2015,2,1,"10/6/2015","Spotted_skunk",2015-09-26 05:28:04,"","","","9/26/2015","5:28:04 AM","9/26/2015","5:48:53 AM",169,186,18,1,0,"N","","",NA,"",""
"13169",172,2,2015,2,1,"10/6/2015","Spotted_skunk",2015-09-24 00:29:13,"","","","9/24/2015","12:29:13 AM","9/24/2015","12:40:18 AM",136,156,21,1,0,"N","","",NA,"",""
"13170",172,2,2015,2,2,"10/20/2015","Spotted_skunk",2015-10-10 23:39:04,"","","","10/10/2015","11:39:04 PM","10/10/2015","11:46:04 PM",34,39,6,1,NA,"","","",NA,"",""
"13171",172,2,2015,2,2,"10/20/2015","Spotted_skunk",2015-10-11 01:13:27,"","","","10/11/2015","1:13:27 AM","10/11/2015","1:18:59 AM",40,48,9,1,NA,"","","",NA,"",""
"13172",172,2,2015,2,2,"10/20/2015","Spotted_skunk",2015-10-17 03:49:33,"","","","10/17/2015","3:49:33 AM","10/17/2015","3:50:32 AM",160,165,6,1,NA,"","","",NA,"",""
"13173",172,2,2015,2,2,"10/20/2015","Spotted_skunk",2015-10-18 03:26:35,"","","","10/18/2015","3:26:35 AM","10/18/2015","4:30:10 AM",166,192,27,1,NA,"","","",NA,"",""
"13174",172,2,2015,2,2,"10/20/2015","Spotted_skunk",2015-10-18 19:23:31,"","","","10/18/2015","7:23:31 PM","10/18/2015","7:32:48 PM",193,201,9,1,NA,"","","",NA,"",""
"13175",172,2,2015,2,2,"10/20/2015","Spotted_skunk",2015-10-11 05:48:50,"","","","10/11/2015","5:48:50 AM","10/11/2015","6:13:46 AM",70,78,9,1,NA,"","","",NA,"",""
"13176",172,2,2015,2,2,"10/20/2015","Spotted_skunk",2015-10-11 04:17:48,"","","","10/11/2015","4:17:48 AM","10/11/2015","4:31:35 AM",58,69,12,1,NA,"","","",NA,"",""
"13177",172,2,2015,2,2,"10/20/2015","Spotted_skunk",2015-10-19 00:56:37,"","","","10/19/2015","12:56:37 AM","10/19/2015","1:05:48 AM",202,219,18,1,NA,"","","",NA,"",""
"13178",172,2,2015,2,2,"10/20/2015","Spotted_skunk",2015-10-11 02:59:07,"","","","10/11/2015","2:59:07 AM","10/11/2015","3:03:18 AM",49,57,9,1,NA,"","","",NA,"",""
"13179",172,2,2015,2,2,"10/20/2015","Spotted_skunk",2015-10-19 04:58:19,"","","","10/19/2015","4:58:19 AM","10/19/2015","5:09:14 AM",223,240,18,1,NA,"","","",NA,"",""
"13180",172,2,2015,2,2,"10/20/2015","Spotted_skunk",2015-10-11 19:09:45,"","","","10/11/2015","7:09:45 PM","10/11/2015","7:24:32 PM",79,90,12,1,NA,"","","",NA,"",""
"13181",172,2,2015,2,2,"10/20/2015","Spotted_skunk",2015-10-19 19:14:18,"","","","10/19/2015","7:14:18 PM","10/19/2015","7:15:09 PM",241,246,6,1,NA,"","","",NA,"",""
"13182",172,2,2015,2,2,"10/20/2015","Spotted_skunk",2015-10-13 04:34:19,"","","","10/13/2015","4:34:19 AM","10/13/2015","5:48:16 AM",103,111,9,1,NA,"","","",NA,"",""
"13183",172,2,2015,2,2,"10/20/2015","Spotted_skunk",2015-10-13 19:19:15,"","","","10/13/2015","7:19:15 PM","10/13/2015","7:19:17 PM",121,123,3,1,NA,"","","",NA,"",""
"13184",172,2,2015,2,3,"11/3/2015","Spotted_skunk",2015-11-03 03:40:26,"","","","11/3/2015","3:40:26 AM","11/3/2015","3:42:38 AM",373,384,12,1,0,"N","","",NA,"",""
"13185",172,2,2015,2,3,"11/3/2015","Spotted_skunk",2015-11-03 01:05:32,"","","","11/3/2015","1:05:32 AM","11/3/2015","1:05:57 AM",367,372,6,1,0,"N","","",NA,"",""
"13186",172,2,2015,2,3,"11/3/2015","Spotted_skunk",2015-10-24 22:08:02,"","","","10/24/2015","10:08:02 PM","10/24/2015","10:08:04 PM",253,255,3,1,0,"N","","",NA,"",""
"13187",172,2,2015,2,3,"11/3/2015","Spotted_skunk",2015-10-29 19:51:08,"","","","10/29/2015","7:51:08 PM","10/29/2015","7:53:44 PM",334,345,12,1,0,"N","","",NA,"",""
"13188",172,2,2015,2,3,"11/3/2015","Spotted_skunk",2015-10-25 22:37:15,"","","","10/25/2015","10:37:15 PM","10/25/2015","10:38:37 PM",322,330,9,1,0,"N","","",NA,"",""
"13189",172,2,2015,2,3,"11/3/2015","Spotted_skunk",2015-10-25 19:20:28,"","","","10/25/2015","7:20:28 PM","10/25/2015","7:34:59 PM",316,321,6,1,0,"N","","",NA,"",""
"13190",172,2,2015,2,3,"11/3/2015","Spotted_skunk",2015-10-25 05:49:58,"","","","10/25/2015","5:49:58 AM","10/25/2015","5:50:38 AM",307,312,6,1,0,"N","","",NA,"",""
"13191",172,2,2015,2,3,"11/3/2015","Spotted_skunk",2015-10-25 02:53:44,"","","","10/25/2015","2:53:44 AM","10/25/2015","4:49:21 AM",256,303,48,1,0,"N","","",NA,"",""
"13192",173,2,2015,1,3,"10/30/2015","Spotted_skunk",2015-10-21 01:42:12,"","","","10/21/2015","1:42:12 AM","10/21/2015","1:42:14 AM",76,78,3,1,0,"N","","",NA,"",""
"13193",173,2,2015,1,3,"10/30/2015","Spotted_skunk",2015-10-17 03:21:27,"","","","10/17/2015","3:21:27 AM","10/17/2015","3:39:20 AM",16,24,9,1,0,"N","","",NA,"",""
"13194",173,2,2015,1,3,"10/30/2015","Spotted_skunk",2015-10-19 03:48:00,"","","","10/19/2015","3:48:00 AM","10/19/2015","3:53:21 AM",55,60,6,1,0,"N","","",NA,"",""
"13195",173,2,2015,1,3,"10/30/2015","Spotted_skunk",2015-10-17 21:58:38,"","","","10/17/2015","9:58:38 PM","10/17/2015","9:59:06 PM",25,30,6,1,0,"N","","",NA,"",""
"13196",173,2,2015,1,3,"10/30/2015","Spotted_skunk",2015-10-17 00:34:11,"","","","10/17/2015","12:34:11 AM","10/17/2015","1:05:21 AM",10,15,6,1,0,"N","","",NA,"",""
"13197",173,2,2015,1,3,"10/30/2015","Spotted_skunk",2015-10-20 23:34:03,"","","","10/20/2015","11:34:03 PM","10/21/2015","12:00:50 AM",64,75,12,1,0,"N","","",NA,"",""
"13198",173,2,2015,1,3,"10/30/2015","Spotted_skunk",2015-10-18 22:05:20,"","","","10/18/2015","10:05:20 PM","10/18/2015","10:11:24 PM",43,54,12,1,0,"N","","",NA,"",""
"13199",173,2,2015,1,3,"10/30/2015","Spotted_skunk",2015-10-18 05:23:04,"","","","10/18/2015","5:23:04 AM","10/18/2015","5:29:56 AM",37,42,6,1,0,"N","","",NA,"",""
"13200",173,2,2015,1,3,"10/30/2015","Spotted_skunk",2015-10-20 01:08:03,"","","","10/20/2015","1:08:03 AM","10/20/2015","1:08:07 AM",61,63,3,1,0,"N","","",NA,"",""
"13201",173,2,2015,1,3,"10/30/2015","Spotted_skunk",2015-10-18 00:46:27,"","","","10/18/2015","12:46:27 AM","10/18/2015","12:46:29 AM",31,33,3,1,0,"N","","",NA,"",""
"13202",173,2,2015,2,1,"10/2/2015","Spotted_skunk",2015-09-25 23:10:12,"","","","9/25/2015","11:10:12 PM","9/25/2015","11:10:14 PM",13,15,3,1,0,"N","","",NA,"",""
"13203",173,2,2015,2,2,"10/16/2015","Spotted_skunk",2015-10-07 02:24:12,"","","","10/7/2015","2:24:12 AM","10/7/2015","2:24:13 AM",4,6,3,1,0,"N","","",NA,"",""
"13204",173,2,2015,2,2,"10/16/2015","Spotted_skunk",2015-10-08 05:18:37,"","","","10/8/2015","5:18:37 AM","10/8/2015","5:18:39 AM",19,21,3,1,0,"N","","",NA,"",""
"13205",173,2,2015,2,2,"10/16/2015","Spotted_skunk",2015-10-11 03:26:11,"","","","10/11/2015","3:26:11 AM","10/11/2015","3:27:38 AM",22,27,6,1,0,"N","","",NA,"EK000024","Skunk in TCB- most likely takes bait here"
"13206",173,2,2015,2,2,"10/16/2015","Spotted_skunk",2015-10-11 05:41:05,"","","","10/11/2015","5:41:05 AM","10/11/2015","5:43:27 AM",28,33,6,1,0,"N","","",NA,"",""
"13207",173,2,2015,2,2,"10/16/2015","Spotted_skunk",2015-10-11 06:29:49,"","","","10/11/2015","6:29:49 AM","10/11/2015","6:30:16 AM",34,42,9,1,0,"N","","",NA,"",""
"13208",173,2,2015,2,2,"10/16/2015","Spotted_skunk",2015-10-11 22:36:26,"","","","10/11/2015","10:36:26 PM","10/11/2015","10:36:28 PM",43,45,3,1,0,"N","","",NA,"",""
"13209",173,2,2015,2,2,"10/16/2015","Spotted_skunk",2015-10-12 03:30:52,"","","","10/12/2015","3:30:52 AM","10/12/2015","3:30:53 AM",46,48,3,1,0,"N","","",NA,"",""
"13210",173,2,2015,2,2,"10/16/2015","Spotted_skunk",2015-10-12 23:45:42,"","","","10/12/2015","11:45:42 PM","10/12/2015","11:45:44 PM",52,54,3,1,0,"N","","",NA,"",""
"13211",173,2,2015,2,2,"10/16/2015","Spotted_skunk",2015-10-13 02:39:59,"","","","10/13/2015","2:39:59 AM","10/13/2015","2:40:01 AM",58,60,3,1,0,"N","","",NA,"",""
"13212",173,2,2015,2,2,"10/16/2015","Spotted_skunk",2015-10-15 02:39:33,"","","","10/15/2015","2:39:33 AM","10/15/2015","2:51:56 AM",61,72,12,1,0,"N","","",NA,"",""
"13213",173,2,2015,2,2,"10/16/2015","Spotted_skunk",2015-10-12 05:52:59,"","","","10/12/2015","5:52:59 AM","10/12/2015","5:53:01 AM",49,51,3,1,0,"N","","",NA,"",""
"13214",173,2,2015,2,3,"10/30/2015","Spotted_skunk",2015-10-26 04:13:59,"","","","10/26/2015","4:13:59 AM","10/26/2015","4:15:52 AM",76,81,6,1,0,"N","","",NA,"",""
"13215",173,2,2015,2,3,"10/30/2015","Spotted_skunk",2015-10-17 05:48:24,"","","","10/17/2015","5:48:24 AM","10/17/2015","5:48:25 AM",19,21,3,1,0,"N","","",NA,"",""
"13216",173,2,2015,2,3,"10/30/2015","Spotted_skunk",2015-10-22 02:34:11,"","","","10/22/2015","2:34:11 AM","10/22/2015","2:34:13 AM",40,42,3,1,0,"N","","",NA,"",""
"13217",173,2,2015,2,3,"10/30/2015","Spotted_skunk",2015-10-23 05:34:24,"","","","10/23/2015","5:34:24 AM","10/23/2015","5:45:03 AM",43,57,15,1,0,"N","","",NA,"",""
"13218",173,2,2015,2,3,"10/30/2015","Spotted_skunk",2015-10-29 00:08:29,"","","","10/29/2015","12:08:29 AM","10/29/2015","12:08:31 AM",85,87,3,1,0,"N","","",NA,"",""
"13219",173,2,2015,2,3,"10/30/2015","Spotted_skunk",2015-10-24 04:15:50,"","","","10/24/2015","4:15:50 AM","10/24/2015","4:16:49 AM",64,69,6,1,0,"N","","",NA,"",""
"13220",173,2,2015,2,3,"10/30/2015","Spotted_skunk",2015-10-16 22:29:59,"","","","10/16/2015","10:29:59 PM","10/16/2015","10:30:36 PM",13,18,6,1,0,"N","","",NA,"",""
"13221",173,2,2015,2,3,"10/30/2015","Spotted_skunk",2015-10-25 20:27:00,"","","","10/25/2015","8:27:00 PM","10/25/2015","8:27:45 PM",70,75,6,1,0,"N","","",NA,"",""
"13222",173,2,2015,2,3,"10/30/2015","Spotted_skunk",2015-10-18 00:22:38,"","","","10/18/2015","12:22:38 AM","10/18/2015","12:22:40 AM",31,33,3,1,0,"N","","",NA,"",""
"13223",173,2,2015,2,3,"10/30/2015","Spotted_skunk",2015-10-17 19:23:51,"","","","10/17/2015","7:23:51 PM","10/17/2015","7:45:57 PM",22,30,9,1,0,"N","","",NA,"",""
"13224",173,2,2015,2,3,"10/30/2015","Spotted_skunk",2015-10-18 02:37:41,"","","","10/18/2015","2:37:41 AM","10/18/2015","2:37:42 AM",34,36,3,1,0,"N","","",NA,"",""
"13225",173,2,2015,2,3,"10/30/2015","Spotted_skunk",2015-10-20 20:00:33,"","","","10/20/2015","8:00:33 PM","10/20/2015","8:00:35 PM",37,39,3,1,0,"N","","",NA,"",""
"13237",199,1,2014,1,2,"10/8/2014","Spotted_skunk",2014-10-04 04:19:33,"","","","10/4/2014","4:19:33 AM","10/4/2014","4:46:18 AM",112,117,6,1,0,"N","","",NA,"",""
"13238",199,1,2014,1,2,"10/8/2014","Spotted_skunk",2014-10-04 02:57:15,"","","","10/4/2014","2:57:15 AM","10/4/2014","3:01:36 AM",103,111,9,1,0,"N","","",NA,"",""
"13239",199,1,2014,1,3,"10/21/2014","Spotted_skunk",2014-10-20 19:38:05,"","","","10/20/2014","7:38:05 PM","10/20/2014","7:38:07 PM",25,27,3,1,0,"N","","",NA,"",""
"13240",199,1,2014,1,4,"11/4/2014","Spotted_skunk",2014-10-27 03:28:19,"","","","10/27/2014","3:28:19 AM","10/27/2014","3:30:36 AM",49,54,6,1,0,"N","","",NA,"",""
"13241",199,1,2014,1,4,"11/4/2014","Spotted_skunk",2014-10-28 05:33:43,"","","","10/28/2014","5:33:43 AM","10/28/2014","5:33:45 AM",55,57,3,1,0,"N","","",NA,"",""
"13242",199,1,2014,1,4,"11/4/2014","Spotted_skunk",2014-10-24 23:17:03,"","","","10/24/2014","11:17:03 PM","10/24/2014","11:17:05 PM",43,45,3,1,0,"N","","",NA,"",""
"13243",199,1,2014,3,1,"10/8/2014","Spotted_skunk",2014-09-28 22:49:47,"","","","9/28/2014","10:49:47 PM","9/28/2014","10:54:57 PM",73,84,12,1,0,"N","","",NA,"",""
"13244",199,1,2014,3,1,"10/8/2014","Spotted_skunk",2014-09-30 04:28:11,"","","","9/30/2014","4:28:11 AM","9/30/2014","4:31:51 AM",103,120,18,1,0,"N","","",NA,"",""
"13245",199,1,2014,3,3,"11/4/2014","Spotted_skunk",2014-11-04 04:28:08,"","","","11/4/2014","4:28:08 AM","11/4/2014","5:46:55 AM",208,225,18,1,0,"N","","",NA,"","clock one hour fast on camera due to daylight savings-adjusted in ACCESS"
"13246",199,2,2016,1,1,"10/1/2016","Spotted_skunk",2016-09-20 05:41:37,"","","","9/20/2016","5:41:37 AM","9/20/2016","5:41:53 AM",22,27,6,1,0,"N","Y","",NA,"#27","Skunk finishes off tree bait"
"13247",199,2,2016,1,1,"10/1/2016","Spotted_skunk",2016-09-19 01:43:31,"","","","9/19/2016","1:43:31 AM","9/19/2016","1:43:33 AM",7,9,3,1,0,"N","","",NA,"",""
"13248",199,2,2016,1,1,"10/1/2016","Spotted_skunk",2016-09-20 02:02:45,"","","","9/20/2016","2:02:45 AM","9/20/2016","2:04:23 AM",16,21,6,1,0,"N","","",NA,"",""
"13249",199,2,2016,1,1,"10/1/2016","Spotted_skunk",2016-09-19 20:36:30,"","","","9/19/2016","8:36:30 PM","9/19/2016","8:54:16 PM",10,15,6,1,0,"N","","",NA,"",""
"13250",199,2,2016,2,2,"10/14/2016","Spotted_skunk",2016-10-11 22:45:09,"","","","10/11/2016","10:45:09 PM","10/11/2016","10:59:40 PM",22,27,6,1,0,"N","","",NA,"",""
"13251",199,2,2016,2,2,"10/14/2016","Spotted_skunk",2016-10-11 05:10:09,"","","","10/11/2016","5:10:09 AM","10/11/2016","5:12:46 AM",7,21,15,1,0,"N","","Y",NA,"8","skunk in TCB"
"13252",199,2,2016,2,2,"10/14/2016","Spotted_skunk",2016-10-10 05:46:56,"","","","10/10/2016","5:46:56 AM","10/10/2016","5:46:56 AM",4,6,3,1,0,"N","","",NA,"",""
"13253",199,2,2016,2,2,"10/14/2016","Spotted_skunk",2016-10-12 04:57:41,"","","","10/12/2016","4:57:41 AM","10/12/2016","5:27:02 AM",28,60,33,1,0,"N","Y","",NA,"#60","Last known picture of both bait in cubby and tree, no definitve photo of when bait is gone."
"13254",199,2,2016,3,3,"10/28/2016","Spotted_skunk",2016-10-24 07:01:43,"","","","10/24/2016","7:01:43 AM","10/24/2016","7:12:47 AM",28,33,6,1,0,"N","","",NA,"",""
"13255",199,2,2016,3,3,"10/28/2016","Spotted_skunk",2016-10-25 23:29:45,"","","","10/25/2016","11:29:45 PM","10/25/2016","11:29:47 PM",55,57,3,1,0,"N","","",NA,"",""
"13256",199,2,2016,3,3,"10/28/2016","Spotted_skunk",2016-10-24 05:08:13,"","","","10/24/2016","5:08:13 AM","10/24/2016","5:22:00 AM",10,27,18,1,0,"N","","",NA,"",""
"13257",199,2,2016,3,3,"10/28/2016","Spotted_skunk",2016-10-26 01:36:14,"","","","10/26/2016","1:36:14 AM","10/26/2016","1:36:16 AM",58,60,3,1,0,"N","Y","",NA,"58","bait gone"
"13258",199,2,2016,3,3,"10/28/2016","Spotted_skunk",2016-10-24 19:32:04,"","","","10/24/2016","7:32:04 PM","10/24/2016","7:43:38 PM",34,48,15,1,0,"N","","",NA,"",""
"13259",200,1,2014,2,3,"9/9/2014","Spotted_skunk",2014-09-04 03:45:15,"","","","9/4/2014","3:45:15 AM","9/4/2014","3:51:26 AM",4,9,6,1,0,"N","","",NA,"",""
"13260",200,1,2014,3,3,"9/9/2014","Spotted_skunk",2014-09-03 20:42:01,"","","","9/3/2014","8:42:01 PM","9/3/2014","8:42:02 PM",19,21,3,1,0,"N","","",NA,"",""
"13261",200,1,2014,3,3,"9/9/2014","Spotted_skunk",2014-09-03 04:34:32,"","","","9/3/2014","4:34:32 AM","9/3/2014","5:10:03 AM",10,18,9,1,0,"N","","",NA,"",""
"13262",200,2,2016,2,1,"10/1/2016","Spotted_skunk",2016-09-23 03:23:03,"","","","9/23/2016","3:23:03 AM","9/23/2016","3:23:03 AM",16,18,3,1,0,"N","","",NA,"",""
"13263",200,2,2016,3,2,"10/14/2016","Spotted_skunk",2016-10-04 01:44:13,"","","","10/4/2016","1:44:13 AM","10/4/2016","1:44:14 AM",25,27,3,1,0,"","","",NA,"date/time adjusted",""
"13264",200,2,2016,3,2,"10/14/2016","Spotted_skunk",2016-10-03 04:59:14,"","","","10/3/2016","4:59:14 AM","10/3/2016","4:59:15 AM",22,24,3,1,0,"","","",NA,"date/time adjusted",""
"13265",200,2,2016,3,2,"10/14/2016","Spotted_skunk",2016-10-02 21:48:21,"","","","10/2/2016","9:48:21 PM","10/2/2016","10:28:54 PM",4,15,12,1,0,"","","",NA,"date/time adjusted",""
"13266",200,2,2016,3,2,"10/14/2016","Spotted_skunk",2016-10-04 05:26:36,"","","","10/4/2016","5:26:36 AM","10/4/2016","5:57:53 AM",28,33,6,1,0,"","","",NA,"date/time adjusted",""
"13267",200,2,2016,3,3,"10/28/2016","Spotted_skunk",2016-10-17 20:22:41,"","","","10/17/2016","8:22:41 PM","10/17/2016","8:22:42 PM",10,12,3,1,0,"N","","",NA,"",""
"13268",201,1,2015,3,3,"9/3/2015","Spotted_skunk",2015-08-22 02:31:13,"","","","8/22/2015","2:31:13 AM","8/22/2015","2:32:05 AM",7,12,6,1,NA,"","","",NA,"",""
"13269",201,1,2015,3,3,"9/3/2015","Spotted_skunk",2015-08-24 00:54:04,"","","","8/24/2015","12:54:04 AM","8/24/2015","12:54:05 AM",16,18,3,1,NA,"","","",NA,"",""
"13270",201,1,2015,3,3,"9/3/2015","Spotted_skunk",2015-08-26 04:36:08,"","","","8/26/2015","4:36:08 AM","8/26/2015","4:45:06 AM",19,24,6,1,NA,"","","",NA,"","last of bait"
"13271",201,1,2015,3,3,"9/3/2015","Spotted_skunk",2015-08-23 02:58:30,"","","","8/23/2015","2:58:30 AM","8/23/2015","2:58:32 AM",13,15,3,1,NA,"","","",NA,"",""
"13272",205,1,2014,1,2,"10/17/2014","Spotted_skunk",2014-10-05 22:48:47,"","","","10/5/2014","10:48:47 PM","10/5/2014","10:51:07 PM",19,27,9,1,0,"N","","",NA,"",""
"13273",205,1,2014,2.1,3,"10/31/2014","Spotted_skunk",2014-10-23 04:49:31,"","","","10/23/2014","4:49:31 AM","10/23/2014","4:53:06 AM",4,48,45,1,0,"N","","",NA,"",""
"13274",206,2,2015,1,1,"10/2/2015","Spotted_skunk",2015-09-26 21:30:19,"","","","9/26/2015","9:30:19 PM","9/26/2015","9:33:37 PM",16,24,9,1,0,"N","","",NA,"",""
"13275",206,2,2015,1,1,"10/2/2015","Spotted_skunk",2015-09-28 21:13:54,"","","","9/28/2015","9:13:54 PM","9/28/2015","9:14:13 PM",46,51,6,1,0,"N","","",NA,"",""
"13276",206,2,2015,1,1,"10/2/2015","Spotted_skunk",2015-10-02 05:00:06,"","","","10/2/2015","5:00:06 AM","10/2/2015","5:04:07 AM",109,117,9,1,0,"N","","Y",NA,"117","skunk in cubby"
"13277",206,2,2015,1,2,"10/16/2015","Spotted_skunk",2015-10-11 22:52:16,"","","","10/11/2015","10:52:16 PM","10/11/2015","10:52:18 PM",289,291,3,1,NA,"","","",NA,"",""
"13278",206,2,2015,1,2,"10/16/2015","Spotted_skunk",2015-10-06 04:59:29,"","","","10/6/2015","4:59:29 AM","10/6/2015","5:15:39 AM",106,126,21,1,NA,"","","",NA,"",""
"13279",206,2,2015,1,2,"10/16/2015","Spotted_skunk",2015-10-07 20:28:15,"","","","10/7/2015","8:28:15 PM","10/7/2015","8:45:20 PM",226,261,36,1,NA,"","","",NA,"",""
"13280",206,2,2015,1,2,"10/16/2015","Spotted_skunk",2015-10-07 06:34:51,"","","","10/7/2015","6:34:51 AM","10/7/2015","6:49:26 AM",190,201,12,1,NA,"","","",NA,"",""
"13281",206,2,2015,1,2,"10/16/2015","Spotted_skunk",2015-10-15 21:35:25,"","","","10/15/2015","9:35:25 PM","10/15/2015","9:39:41 PM",331,342,12,1,NA,"","","",NA,"",""
"13282",206,2,2015,1,2,"10/16/2015","Spotted_skunk",2015-10-07 19:04:55,"","","","10/7/2015","7:04:55 PM","10/7/2015","7:14:28 PM",214,225,12,1,NA,"","","",NA,"",""
"13283",206,2,2015,1,2,"10/16/2015","Spotted_skunk",2015-10-15 01:53:34,"","","","10/15/2015","1:53:34 AM","10/15/2015","1:54:25 AM",316,327,12,1,NA,"","","",NA,"",""
"13284",206,2,2015,1,2,"10/16/2015","Spotted_skunk",2015-10-14 23:14:16,"","","","10/14/2015","11:14:16 PM","10/14/2015","11:17:57 PM",307,315,9,1,NA,"","","",NA,"",""
"13285",206,2,2015,1,2,"10/16/2015","Spotted_skunk",2015-10-13 04:18:24,"","","","10/13/2015","4:18:24 AM","10/13/2015","4:18:25 AM",304,306,3,1,NA,"","","",NA,"",""
"13286",206,2,2015,1,2,"10/16/2015","Spotted_skunk",2015-10-06 19:42:52,"","","","10/6/2015","7:42:52 PM","10/6/2015","8:10:49 PM",148,153,6,1,NA,"","","",NA,"",""
"13287",206,2,2015,1,2,"10/16/2015","Spotted_skunk",2015-10-08 20:47:00,"","","","10/8/2015","8:47:00 PM","10/8/2015","8:58:45 PM",268,282,15,1,NA,"","","",NA,"",""
"13288",206,2,2015,1,2,"10/16/2015","Spotted_skunk",2015-10-07 04:21:34,"","","","10/7/2015","4:21:34 AM","10/7/2015","5:23:08 AM",160,189,30,1,NA,"","","",NA,"",""
"13289",206,2,2015,1,2,"10/16/2015","Spotted_skunk",2015-10-06 22:31:02,"","","","10/6/2015","10:31:02 PM","10/6/2015","10:31:28 PM",154,159,6,1,NA,"","","",NA,"",""
"13290",206,2,2015,1,3,"10/30/2015","Spotted_skunk",2015-10-23 20:00:05,"","","","10/23/2015","8:00:05 PM","10/23/2015","8:08:32 PM",226,243,18,1,0,"N","","",NA,"",""
"13291",206,2,2015,1,3,"10/30/2015","Spotted_skunk",2015-10-22 05:21:26,"","","","10/22/2015","5:21:26 AM","10/22/2015","5:45:08 AM",205,225,21,1,0,"N","","",NA,"",""
"13292",206,2,2015,1,3,"10/30/2015","Spotted_skunk",2015-10-28 03:37:13,"","","","10/28/2015","3:37:13 AM","10/28/2015","3:55:06 AM",247,264,18,1,0,"N","","",NA,"",""
"13293",206,2,2015,1,3,"10/30/2015","Spotted_skunk",2015-10-28 20:40:07,"","","","10/28/2015","8:40:07 PM","10/28/2015","8:50:38 PM",265,273,9,1,0,"N","","",NA,"",""
"13294",206,2,2015,1,3,"10/30/2015","Spotted_skunk",2015-10-29 03:16:41,"","","","10/29/2015","3:16:41 AM","10/29/2015","4:02:13 AM",274,300,27,1,0,"N","","",NA,"",""
"13295",206,2,2015,1,3,"10/30/2015","Spotted_skunk",2015-10-29 22:08:20,"","","","10/29/2015","10:08:20 PM","10/29/2015","10:09:08 PM",310,315,6,1,0,"N","","",NA,"",""
"13296",206,2,2015,1,3,"10/30/2015","Spotted_skunk",2015-10-30 00:08:14,"","","","10/30/2015","12:08:14 AM","10/30/2015","12:16:46 AM",316,324,9,1,0,"N","","",NA,"",""
"13297",206,2,2015,1,3,"10/30/2015","Spotted_skunk",2015-10-30 04:25:51,"","","","10/30/2015","4:25:51 AM","10/30/2015","4:26:04 AM",325,330,6,1,0,"N","","",NA,"",""
"13298",206,2,2015,1,3,"10/30/2015","Spotted_skunk",2015-10-21 19:12:10,"","","","10/21/2015","7:12:10 PM","10/21/2015","7:16:37 PM",193,204,12,1,0,"N","","",NA,"",""
"13299",206,2,2015,1,3,"10/30/2015","Spotted_skunk",2015-10-20 22:22:51,"","","","10/20/2015","10:22:51 PM","10/20/2015","11:28:50 PM",118,156,39,1,0,"N","","",NA,"",""
"13300",206,2,2015,1,3,"10/30/2015","Spotted_skunk",2015-10-19 05:28:52,"","","","10/19/2015","5:28:52 AM","10/19/2015","5:39:14 AM",73,93,21,1,0,"N","","",NA,"",""
"13301",206,2,2015,1,3,"10/30/2015","Spotted_skunk",2015-10-20 05:40:50,"","","","10/20/2015","5:40:50 AM","10/20/2015","5:46:20 AM",100,108,9,1,0,"N","","",NA,"",""
"13302",206,2,2015,1,3,"10/30/2015","Spotted_skunk",2015-10-19 03:50:06,"","","","10/19/2015","3:50:06 AM","10/19/2015","4:18:15 AM",64,72,9,1,0,"N","","",NA,"",""
"13303",206,2,2015,1,3,"10/30/2015","Spotted_skunk",2015-10-20 18:57:30,"","","","10/20/2015","6:57:30 PM","10/20/2015","6:58:02 PM",109,117,9,1,0,"N","","",NA,"",""
"13304",206,2,2015,1,3,"10/30/2015","Spotted_skunk",2015-10-18 18:47:15,"","","","10/18/2015","6:47:15 PM","10/18/2015","6:49:02 PM",58,63,6,1,0,"N","","",NA,"",""
"13305",206,2,2015,1,3,"10/30/2015","Spotted_skunk",2015-10-19 19:47:54,"","","","10/19/2015","7:47:54 PM","10/19/2015","8:02:18 PM",94,99,6,1,0,"N","","",NA,"",""
"13306",206,2,2015,1,3,"10/30/2015","Spotted_skunk",2015-10-18 06:27:42,"","","","10/18/2015","6:27:42 AM","10/18/2015","6:45:02 AM",37,57,21,1,0,"N","","",NA,"",""
"13307",206,2,2015,1,3,"10/30/2015","Spotted_skunk",2015-10-17 18:49:36,"","","","10/17/2015","6:49:36 PM","10/17/2015","7:18:32 PM",22,36,15,1,0,"N","","",NA,"",""
"13308",206,2,2015,1,3,"10/30/2015","Spotted_skunk",2015-10-21 02:12:57,"","","","10/21/2015","2:12:57 AM","10/21/2015","2:16:12 AM",157,174,18,1,0,"N","","",NA,"",""
"13309",206,2,2015,1,3,"10/30/2015","Spotted_skunk",2015-10-17 03:45:46,"","","","10/17/2015","3:45:46 AM","10/17/2015","4:45:42 AM",10,21,12,1,0,"N","","",NA,"",""
"13310",206,2,2015,1,3,"10/30/2015","Spotted_skunk",2015-10-21 04:24:09,"","","","10/21/2015","4:24:09 AM","10/21/2015","4:28:59 AM",175,192,18,1,0,"N","","",NA,"",""
"13311",206,2,2015,1,3,"10/30/2015","Spotted_skunk",2015-10-17 01:39:02,"","","","10/17/2015","1:39:02 AM","10/17/2015","1:39:04 AM",7,9,3,1,0,"N","","",NA,"",""
"13312",206,2,2015,2,1,"10/2/2015","Spotted_skunk",2015-09-28 02:42:58,"","","","9/28/2015","2:42:58 AM","9/28/2015","3:52:34 AM",91,126,36,1,NA,"","","",NA,"",""
"13313",206,2,2015,2,1,"10/2/2015","Spotted_skunk",2015-09-28 21:52:16,"","","","9/28/2015","9:52:16 PM","9/28/2015","9:52:18 PM",127,129,3,1,NA,"","","",NA,"",""
"13314",206,2,2015,2,1,"10/2/2015","Spotted_skunk",2015-09-29 21:57:06,"","","","9/29/2015","9:57:06 PM","9/29/2015","10:06:21 PM",133,141,9,1,NA,"","","",NA,"",""
"13315",206,2,2015,2,1,"10/2/2015","Spotted_skunk",2015-09-23 01:20:16,"","","","9/23/2015","1:20:16 AM","9/23/2015","1:25:48 AM",58,75,18,1,NA,"","","",NA,"",""
"13316",206,2,2015,2,1,"10/2/2015","Spotted_skunk",2015-09-22 01:46:20,"","","","9/22/2015","1:46:20 AM","9/22/2015","1:51:37 AM",19,30,12,1,NA,"","","",NA,"",""
"13317",206,2,2015,2,1,"10/2/2015","Spotted_skunk",2015-09-22 02:53:32,"","","","9/22/2015","2:53:32 AM","9/22/2015","2:54:06 AM",31,36,6,1,NA,"","","",NA,"",""
"13318",206,2,2015,2,1,"10/2/2015","Spotted_skunk",2015-09-22 04:11:14,"","","","9/22/2015","4:11:14 AM","9/22/2015","4:23:59 AM",37,57,21,1,NA,"","","",NA,"",""
"13319",206,2,2015,2,1,"10/2/2015","Spotted_skunk",2015-09-27 06:17:41,"","","","9/27/2015","6:17:41 AM","9/27/2015","6:24:54 AM",82,90,9,1,NA,"","","",NA,"",""
"13320",206,2,2015,2,1,"10/2/2015","Spotted_skunk",2015-10-01 04:03:57,"","","","10/1/2015","4:03:57 AM","10/1/2015","4:17:53 AM",145,153,9,1,NA,"","","",NA,"",""
"13321",206,2,2015,2,2,"10/16/2015","Spotted_skunk",2015-10-15 21:49:47,"","","","10/15/2015","9:49:47 PM","10/15/2015","9:49:49 PM",160,162,3,1,NA,"","","",NA,"",""
"13322",206,2,2015,2,2,"10/16/2015","Spotted_skunk",2015-10-11 19:28:54,"","","","10/11/2015","7:28:54 PM","10/11/2015","7:29:26 PM",142,147,6,1,NA,"","","",NA,"",""
"13323",206,2,2015,2,2,"10/16/2015","Spotted_skunk",2015-10-11 00:48:06,"","","","10/11/2015","12:48:06 AM","10/11/2015","12:48:08 AM",85,87,3,1,NA,"","Y","",NA,"",""
"13324",206,2,2015,2,2,"10/16/2015","Spotted_skunk",2015-10-07 03:38:56,"","","","10/7/2015","3:38:56 AM","10/7/2015","3:52:57 AM",73,81,9,1,NA,"","","",NA,"",""
"13325",206,2,2015,2,2,"10/16/2015","Spotted_skunk",2015-10-06 02:54:38,"","","","10/6/2015","2:54:38 AM","10/6/2015","3:18:54 AM",67,72,6,1,NA,"","","Y",NA,"",""
"13326",206,2,2015,2,2,"10/16/2015","Spotted_skunk",2015-10-06 00:44:30,"","","","10/6/2015","12:44:30 AM","10/6/2015","12:46:34 AM",61,66,6,1,NA,"","","",NA,"",""
"13327",206,2,2015,2,2,"10/16/2015","Spotted_skunk",2015-10-03 02:55:11,"","","","10/3/2015","2:55:11 AM","10/3/2015","3:18:34 AM",7,27,21,1,NA,"","","",NA,"",""
"13328",206,2,2015,2,2,"10/16/2015","Spotted_skunk",2015-10-04 02:17:14,"","","","10/4/2015","2:17:14 AM","10/4/2015","2:21:26 AM",28,33,6,1,NA,"","","",NA,"",""
"13329",206,2,2015,2,2,"10/16/2015","Spotted_skunk",2015-10-05 01:22:46,"","","","10/5/2015","1:22:46 AM","10/5/2015","1:24:28 AM",55,60,6,1,NA,"","","",NA,"",""
"13330",206,2,2015,2,2,"10/16/2015","Spotted_skunk",2015-10-04 05:25:50,"","","","10/4/2015","5:25:50 AM","10/4/2015","5:25:52 AM",34,36,3,1,NA,"","","",NA,"",""
"13331",206,2,2015,2,3,"10/30/2015","Spotted_skunk",2015-10-23 05:29:09,"","","","10/23/2015","5:29:09 AM","10/23/2015","5:29:10 AM",82,84,3,1,0,"N","","",NA,"",""
"13332",206,2,2015,2,3,"10/30/2015","Spotted_skunk",2015-10-21 22:58:30,"","","","10/21/2015","10:58:30 PM","10/21/2015","11:35:19 PM",49,72,24,1,0,"N","Y","",NA,"EK000064","Skunk takes last of bait"
"13333",206,2,2015,2,3,"10/30/2015","Spotted_skunk",2015-10-21 01:13:03,"","","","10/21/2015","1:13:03 AM","10/21/2015","1:13:05 AM",28,30,3,1,0,"N","","",NA,"",""
"13334",206,2,2015,2,3,"10/30/2015","Spotted_skunk",2015-10-21 03:10:30,"","","","10/21/2015","3:10:30 AM","10/21/2015","3:23:31 AM",31,39,9,1,0,"N","","",NA,"",""
"13335",206,2,2015,2,3,"10/30/2015","Spotted_skunk",2015-10-20 04:37:46,"","","","10/20/2015","4:37:46 AM","10/20/2015","4:46:36 AM",19,24,6,1,0,"N","","",NA,"",""
"13336",206,2,2015,2,3,"10/30/2015","Spotted_skunk",2015-10-21 06:35:35,"","","","10/21/2015","6:35:35 AM","10/21/2015","6:35:37 AM",40,42,3,1,0,"N","","",NA,"",""
"13337",206,2,2015,2,3,"10/30/2015","Spotted_skunk",2015-10-20 02:24:23,"","","","10/20/2015","2:24:23 AM","10/20/2015","2:32:48 AM",13,18,6,1,0,"N","","",NA,"",""
"13338",206,2,2015,2,3,"10/30/2015","Spotted_skunk",2015-10-23 00:19:07,"","","","10/23/2015","12:19:07 AM","10/23/2015","12:19:08 AM",79,81,3,1,0,"N","","",NA,"",""
"13339",206,2,2015,2,3,"10/30/2015","Spotted_skunk",2015-10-21 19:37:40,"","","","10/21/2015","7:37:40 PM","10/21/2015","7:38:49 PM",43,48,6,1,0,"N","","",NA,"",""
"13340",206,2,2015,2,3,"10/30/2015","Spotted_skunk",2015-10-22 06:05:06,"","","","10/22/2015","6:05:06 AM","10/22/2015","6:05:29 AM",73,78,6,1,0,"N","","",NA,"EK000078","Last time skunk seen going into TCB- probably takes last of bait here"
"13341",206,2,2015,2,3,"10/30/2015","Spotted_skunk",2015-10-20 19:08:48,"","","","10/20/2015","7:08:48 PM","10/20/2015","7:08:50 PM",25,27,3,1,0,"N","","",NA,"",""
"13389",232,1,2014,1,2,"10/22/2014","Spotted_skunk",2014-10-14 22:17:15,"","","","10/14/2014","10:17:15 PM","10/14/2014","11:08:42 PM",517,525,9,1,0,"N","","",NA,"",""
"13390",232,1,2014,1,2,"10/22/2014","Spotted_skunk",2014-10-15 02:44:18,"","","","10/15/2014","2:44:18 AM","10/15/2014","2:44:20 AM",526,528,3,1,0,"N","","",NA,"",""
"13391",232,1,2014,1,2,"10/22/2014","Spotted_skunk",2014-10-15 04:38:51,"","","","10/15/2014","4:38:51 AM","10/15/2014","5:01:45 AM",529,534,6,1,0,"N","","",NA,"",""
"13392",232,1,2014,1,2,"10/22/2014","Spotted_skunk",2014-10-15 19:30:00,"","","","10/15/2014","7:30:00 PM","10/15/2014","7:36:14 PM",535,546,12,1,0,"N","","",NA,"",""
"13393",232,2,2016,1,3,"9/1/2016","Spotted_skunk",2016-08-30 02:59:38,"","","","8/30/2016","2:59:38 AM","8/30/2016","2:59:39 AM",34,36,3,1,0,"N","","",NA,"",""
"13394",234,1,2013,2,1,"9/28/2013","Spotted_skunk",2013-09-21 21:24:17,"","","","9/21/2013","9:24:17 PM","9/21/2013","9:25:00 PM",37,48,12,1,0,"N","","",0,"none",""
"13395",234,1,2013,2,2,"10/20/2013","Spotted_skunk",2013-10-01 20:15:25,"","","","10/1/2013","8:15:25 PM","10/1/2013","8:17:13 PM",31,36,6,1,0,"N","","",0,"none",""
"13396",234,1,2013,2,2,"10/20/2013","Spotted_skunk",2013-10-02 22:41:05,"","","","10/2/2013","10:41:05 PM","10/2/2013","10:56:17 PM",82,90,9,1,0,"N","","",0,"none",""
"13397",234,1,2013,2,2,"10/20/2013","Spotted_skunk",2013-10-02 04:06:33,"","","","10/2/2013","4:06:33 AM","10/2/2013","5:05:49 AM",64,81,18,1,0,"N","","",0,"none",""
"13398",234,1,2013,2,2,"10/20/2013","Spotted_skunk",2013-10-01 05:36:05,"","","","10/1/2013","5:36:05 AM","10/1/2013","6:38:03 AM",13,27,15,1,0,"N","","",0,"none",""
"13399",234,1,2013,2,2,"10/20/2013","Spotted_skunk",2013-10-03 06:06:26,"","","","10/3/2013","6:06:26 AM","10/3/2013","6:08:36 AM",112,123,12,1,0,"N","","",0,"none",""
"13400",234,1,2013,2,2,"10/20/2013","Spotted_skunk",2013-10-02 00:24:52,"","","","10/2/2013","12:24:52 AM","10/2/2013","12:50:41 AM",37,63,27,1,0,"N","","",0,"none",""
"13401",234,1,2013,2,2,"10/20/2013","Spotted_skunk",2013-10-07 01:06:29,"","","","10/7/2013","1:06:29 AM","10/7/2013","1:06:31 AM",196,198,3,1,0,"N","","",0,"none",""
"13402",234,1,2013,2,2,"10/20/2013","Spotted_skunk",2013-10-03 02:16:06,"","","","10/3/2013","2:16:06 AM","10/3/2013","2:25:08 AM",91,111,21,1,0,"N","","",0,"none",""
"13403",234,1,2013,2,2,"10/20/2013","Spotted_skunk",2013-10-10 23:30:42,"","","","10/10/2013","11:30:42 PM","10/10/2013","11:30:44 PM",235,237,3,1,0,"N","","",0,"none",""
"13404",234,1,2013,2,2,"10/20/2013","Spotted_skunk",2013-10-10 02:50:35,"","","","10/10/2013","2:50:35 AM","10/10/2013","2:52:02 AM",226,234,9,1,0,"N","","",0,"none",""
"13405",234,1,2013,2,2,"10/20/2013","Spotted_skunk",2013-10-08 20:54:43,"","","","10/8/2013","8:54:43 PM","10/8/2013","8:54:44 PM",223,225,3,1,0,"N","","",0,"none",""
"13406",234,1,2013,2,2,"10/20/2013","Spotted_skunk",2013-10-14 06:23:07,"","","","10/14/2013","6:23:07 AM","10/14/2013","6:23:08 AM",244,246,3,1,0,"N","","",0,"none",""
"13407",234,1,2013,2,2,"10/20/2013","Spotted_skunk",2013-10-03 19:58:17,"","","","10/3/2013","7:58:17 PM","10/3/2013","7:58:19 PM",124,126,3,1,0,"N","","",0,"none",""
"13408",234,1,2013,2,2,"10/20/2013","Spotted_skunk",2013-10-12 03:58:26,"","","","10/12/2013","3:58:26 AM","10/12/2013","3:59:20 AM",238,243,6,1,0,"N","","",0,"none",""
"13409",234,1,2013,2,2,"10/20/2013","Spotted_skunk",2013-10-05 22:21:16,"","","","10/5/2013","10:21:16 PM","10/5/2013","10:47:46 PM",184,192,9,1,0,"N","","",0,"none","last of bait is gone"
"13410",234,1,2013,2,2,"10/20/2013","Spotted_skunk",2013-10-05 18:41:18,"","","","10/5/2013","6:41:18 PM","10/5/2013","6:41:19 PM",181,183,3,1,0,"N","","",0,"none",""
"13411",234,1,2013,2,2,"10/20/2013","Spotted_skunk",2013-10-05 03:52:47,"","","","10/5/2013","3:52:47 AM","10/5/2013","3:52:49 AM",127,129,3,1,0,"N","","",0,"none",""
"13412",234,1,2013,2,3,"11/3/2013","Spotted_skunk",2013-10-26 01:25:33,"","","","10/26/2013","1:25:33 AM","10/26/2013","1:25:35 AM",184,186,3,NA,NA,"","","",NA,"",""
"13413",234,1,2013,2,3,"11/3/2013","Spotted_skunk",2013-10-25 04:01:20,"","","","10/25/2013","4:01:20 AM","10/25/2013","5:45:18 AM",61,129,69,NA,NA,"","","",NA,"",""
"13414",234,1,2013,2,3,"11/3/2013","Spotted_skunk",2013-11-03 01:47:04,"","","","11/3/2013","1:47:04 AM","11/3/2013","1:47:05 AM",202,204,3,NA,NA,"","","",NA,"",""
"13415",234,1,2013,2,3,"11/3/2013","Spotted_skunk",2013-10-28 00:04:24,"","","","10/28/2013","12:04:24 AM","10/28/2013","12:04:26 AM",190,192,3,NA,NA,"","","",NA,"",""
"13416",234,1,2013,2,3,"11/3/2013","Spotted_skunk",2013-10-26 00:12:50,"","","","10/26/2013","12:12:50 AM","10/26/2013","12:12:51 AM",181,183,3,NA,NA,"","","",NA,"",""
"13417",234,1,2013,2,3,"11/3/2013","Spotted_skunk",2013-10-31 02:41:32,"","","","10/31/2013","2:41:32 AM","10/31/2013","2:41:34 AM",199,201,3,NA,NA,"","","",NA,"",""
"13418",234,1,2013,2,3,"11/3/2013","Spotted_skunk",2013-10-24 00:41:09,"","","","10/24/2013","12:41:09 AM","10/24/2013","1:06:45 AM",4,18,15,NA,NA,"","","",NA,"",""
"13419",234,1,2013,2,3,"11/3/2013","Spotted_skunk",2013-10-24 23:30:37,"","","","10/24/2013","11:30:37 PM","10/24/2013","11:35:44 PM",49,60,12,NA,NA,"","","",NA,"",""
"13420",234,1,2013,2,3,"11/3/2013","Spotted_skunk",2013-10-24 19:34:03,"","","","10/24/2013","7:34:03 PM","10/24/2013","7:35:52 PM",40,48,9,NA,NA,"","","",NA,"",""
"13421",234,1,2013,2,3,"11/3/2013","Spotted_skunk",2013-10-24 05:50:49,"","","","10/24/2013","5:50:49 AM","10/24/2013","5:50:51 AM",34,36,3,NA,NA,"","","",NA,"",""
"13422",234,1,2013,2,3,"11/3/2013","Spotted_skunk",2013-10-24 04:28:22,"","","","10/24/2013","4:28:22 AM","10/24/2013","4:43:20 AM",19,33,15,NA,NA,"","","",NA,"",""
"13423",234,1,2013,2,3,"11/3/2013","Spotted_skunk",2013-10-26 22:59:13,"","","","10/26/2013","10:59:13 PM","10/26/2013","10:59:15 PM",187,189,3,NA,NA,"","","",NA,"",""
"13424",234,1,2013,2,3,"11/3/2013","Spotted_skunk",2013-10-25 19:29:13,"","","","10/25/2013","7:29:13 PM","10/25/2013","10:03:14 PM",130,180,51,2,NA,"","","",NA,"","bait gone #168"
"13425",234,1,2013,2,3,"11/3/2013","Spotted_skunk",2013-10-29 02:36:41,"","","","10/29/2013","2:36:41 AM","10/29/2013","2:37:37 AM",193,198,6,NA,NA,"","","",NA,"",""
"13426",234,1,2013,3,2,"10/20/2013","Spotted_skunk",2013-10-07 22:33:39,"","","","10/7/2013","10:33:39 PM","10/7/2013","10:50:22 PM",46,54,9,1,0,"N","","",0,"none",""
"13427",234,1,2013,3,2,"10/20/2013","Spotted_skunk",2013-10-16 00:06:09,"","","","10/16/2013","12:06:09 AM","10/16/2013","12:06:11 AM",121,123,3,1,0,"N","","",0,"none",""
"13428",234,1,2013,3,2,"10/20/2013","Spotted_skunk",2013-10-08 01:17:06,"","","","10/8/2013","1:17:06 AM","10/8/2013","3:02:50 AM",55,93,39,1,0,"N","","",0,"2013_H234_S3_V2_E9_Skunk_in_cubby_IMG 86","bait gone"
"13429",234,1,2013,3,2,"10/20/2013","Spotted_skunk",2013-10-07 19:22:05,"","","","10/7/2013","7:22:05 PM","10/7/2013","7:44:28 PM",37,45,9,1,0,"N","","",0,"none",""
"13430",234,1,2013,3,2,"10/20/2013","Spotted_skunk",2013-10-07 03:45:02,"","","","10/7/2013","3:45:02 AM","10/7/2013","3:45:03 AM",34,36,3,1,0,"N","","",0,"none",""
"13431",234,1,2013,3,2,"10/20/2013","Spotted_skunk",2013-10-07 01:57:29,"","","","10/7/2013","1:57:29 AM","10/7/2013","1:57:30 AM",31,33,3,1,0,"N","","",0,"none",""
"13432",234,1,2013,3,2,"10/20/2013","Spotted_skunk",2013-10-06 03:26:35,"","","","10/6/2013","3:26:35 AM","10/6/2013","4:11:38 AM",13,30,18,1,0,"N","","",0,"2013_H234_S3_V2_E4_Skunk_in_cubby_IMG 21",""
"13433",234,1,2013,3,2,"10/20/2013","Spotted_skunk",2013-10-11 04:10:14,"","","","10/11/2013","4:10:14 AM","10/11/2013","4:11:58 AM",97,111,15,1,0,"N","","",0,"none",""
"13434",234,1,2013,3,3,"11/3/2013","Spotted_skunk",2013-10-29 23:27:03,"","","","10/29/2013","11:27:03 PM","10/30/2013","12:44:27 AM",112,147,36,2,0,"N","","",0,"none",""
"13435",234,1,2013,3,3,"11/3/2013","Spotted_skunk",2013-10-29 19:59:08,"","","","10/29/2013","7:59:08 PM","10/29/2013","9:04:40 PM",88,111,24,1,0,"N","","",0,"none",""
"13436",234,1,2013,3,3,"11/3/2013","Spotted_skunk",2013-10-22 20:58:35,"","","","10/22/2013","8:58:35 PM","10/22/2013","9:37:12 PM",34,54,21,1,0,"","","",NA,"",""
"13437",234,1,2013,3,3,"11/3/2013","Spotted_skunk",2013-10-22 05:47:26,"","","","10/22/2013","5:47:26 AM","10/22/2013","5:47:27 AM",31,33,3,1,0,"","","",NA,"",""
"13438",234,1,2013,3,3,"11/3/2013","Spotted_skunk",2013-10-22 01:17:32,"","","","10/22/2013","1:17:32 AM","10/22/2013","2:23:47 AM",13,30,18,1,0,"","","",NA,"",""
"13439",234,1,2013,3,3,"11/3/2013","Spotted_skunk",2013-10-23 02:39:03,"","","","10/23/2013","2:39:03 AM","10/23/2013","2:54:22 AM",58,66,9,1,0,"","","",NA,"",""
"13440",234,1,2013,3,3,"11/3/2013","Spotted_skunk",2013-10-23 22:03:26,"","","","10/23/2013","10:03:26 PM","10/23/2013","10:49:19 PM",67,75,9,NA,NA,"","","",NA,"",""
"13441",234,1,2013,3,3,"11/3/2013","Spotted_skunk",2013-10-22 23:13:29,"","","","10/22/2013","11:13:29 PM","10/22/2013","11:13:31 PM",55,57,3,1,0,"","","",NA,"",""
"13442",234,1,2013,3,3,"11/3/2013","Spotted_skunk",2013-10-30 02:31:12,"","","","10/30/2013","2:31:12 AM","10/30/2013","2:53:00 AM",148,165,18,1,0,"N","","",0,"none",""
"13443",234,1,2013,3,3,"11/3/2013","Spotted_skunk",2013-10-30 19:05:56,"","","","10/30/2013","7:05:56 PM","10/30/2013","7:17:01 PM",193,207,15,1,0,"N","","",0,"none","bait gone"
"13444",234,1,2013,3,3,"11/3/2013","Spotted_skunk",2013-10-30 21:32:03,"","","","10/30/2013","9:32:03 PM","10/30/2013","9:32:04 PM",208,210,3,1,0,"N","","",0,"none",""
"13445",234,1,2013,3,3,"11/3/2013","Spotted_skunk",2013-10-30 22:50:34,"","","","10/30/2013","10:50:34 PM","10/30/2013","10:51:09 PM",211,222,12,1,0,"N","","",0,"none",""
"13446",234,1,2013,3,3,"11/3/2013","Spotted_skunk",2013-10-30 04:41:48,"","","","10/30/2013","4:41:48 AM","10/30/2013","5:59:36 AM",166,192,27,1,0,"N","","",0,"none",""
"13447",234,2,2015,1,3,"7/10/2015","Spotted_skunk",2015-06-28 02:20:55,"","","","6/28/2015","2:20:55 AM","6/28/2015","2:51:11 AM",7,21,15,1,0,"N","","",NA,"",""
"13448",234,2,2015,1,3,"7/10/2015","Spotted_skunk",2015-07-04 00:50:00,"","","","7/4/2015","12:50:00 AM","7/4/2015","12:52:34 AM",67,75,9,1,0,"N","","",NA,"",""
"13449",237,1,2014,1,3,"9/9/2014","Spotted_skunk",2014-09-08 00:17:55,"","","","9/8/2014","12:17:55 AM","9/8/2014","12:22:54 AM",148,159,12,1,0,"N","","",NA,"",""
"13450",237,1,2014,1,3,"9/9/2014","Spotted_skunk",2014-09-03 03:29:30,"","","","9/3/2014","3:29:30 AM","9/3/2014","3:30:31 AM",46,54,9,1,0,"N","","",NA,"",""
"13451",237,1,2014,3,1,"8/12/2014","Spotted_skunk",2014-08-08 01:28:22,"","","","8/8/2014","1:28:22 AM","8/8/2014","1:29:07 AM",109,114,6,1,0,"N","","",NA,"",""
"13452",237,1,2014,3,1,"8/12/2014","Spotted_skunk",2014-07-29 23:30:39,"","","","7/29/2014","11:30:39 PM","7/29/2014","11:30:41 PM",25,27,3,1,0,"N","","",NA,"",""
"13453",237,1,2014,3,1,"8/12/2014","Spotted_skunk",2014-07-30 22:36:33,"","","","7/30/2014","10:36:33 PM","7/30/2014","11:34:29 PM",82,90,9,3,2,"N","","",NA,"",""
"13454",237,1,2014,3,1,"8/12/2014","Spotted_skunk",2014-08-10 02:57:41,"","","","8/10/2014","2:57:41 AM","8/10/2014","2:57:53 AM",115,120,6,1,0,"N","","",NA,"",""
"13455",237,1,2014,3,1,"8/12/2014","Spotted_skunk",2014-07-29 04:20:16,"","","","7/29/2014","4:20:16 AM","7/29/2014","4:20:28 AM",19,24,6,1,0,"N","","",NA,"",""
"13456",237,1,2014,3,2,"8/26/2014","Spotted_skunk",2014-08-19 00:31:08,"","","","8/19/2014","12:31:08 AM","8/19/2014","12:31:09 AM",10,12,3,1,0,"","","",NA,"",""
"13457",237,1,2014,3,3,"9/9/2014","Spotted_skunk",2014-08-29 21:24:42,"","","","8/29/2014","9:24:42 PM","8/29/2014","9:24:44 PM",25,27,3,1,0,"N","","",NA,"",""
"13458",237,1,2014,3,3,"9/9/2014","Spotted_skunk",2014-08-26 22:20:45,"","","","8/26/2014","10:20:45 PM","8/26/2014","10:23:15 PM",4,12,9,1,0,"N","","",NA,"",""
"13459",237,1,2014,3,3,"9/9/2014","Spotted_skunk",2014-08-27 21:14:51,"","","","8/27/2014","9:14:51 PM","8/27/2014","9:14:52 PM",13,15,3,1,0,"N","","",NA,"",""
"13460",237,1,2014,3,3,"9/9/2014","Spotted_skunk",2014-08-29 03:51:07,"","","","8/29/2014","3:51:07 AM","8/29/2014","4:50:13 AM",16,21,6,1,0,"N","","",NA,"",""
"13461",237,1,2014,3,3,"9/9/2014","Spotted_skunk",2014-08-30 00:28:56,"","","","8/30/2014","12:28:56 AM","8/30/2014","12:29:00 AM",31,33,3,1,0,"N","","",NA,"",""
"13462",237,1,2014,3,3,"9/9/2014","Spotted_skunk",2014-08-31 00:49:05,"","","","8/31/2014","12:49:05 AM","8/31/2014","1:13:44 AM",49,54,6,1,0,"N","","",NA,"",""
"13463",237,1,2014,3,3,"9/9/2014","Spotted_skunk",2014-09-01 02:16:08,"","","","9/1/2014","2:16:08 AM","9/1/2014","2:16:09 AM",55,57,3,1,0,"N","","",NA,"",""
"13464",237,1,2014,3,3,"9/9/2014","Spotted_skunk",2014-08-29 22:39:44,"","","","8/29/2014","10:39:44 PM","8/29/2014","10:39:46 PM",28,30,3,1,0,"N","","",NA,"",""
"13465",237,1,2014,3,3,"9/9/2014","Spotted_skunk",2014-08-30 03:46:18,"","","","8/30/2014","3:46:18 AM","8/30/2014","3:46:20 AM",34,36,3,1,0,"N","","",NA,"",""
"13466",237,1,2014,3,3,"9/9/2014","Spotted_skunk",2014-09-01 05:17:52,"","","","9/1/2014","5:17:52 AM","9/1/2014","5:17:53 AM",67,69,3,1,0,"N","","",NA,"",""
"13467",237,1,2014,3,3,"9/9/2014","Spotted_skunk",2014-09-01 03:32:46,"","","","9/1/2014","3:32:46 AM","9/1/2014","3:59:40 AM",58,66,9,1,0,"N","","",NA,"",""
"13468",237,1,2014,3,3,"9/9/2014","Spotted_skunk",2014-08-30 20:30:35,"","","","8/30/2014","8:30:35 PM","8/30/2014","8:58:05 PM",40,48,9,1,0,"N","","",NA,"",""
"13469",237,1,2014,3,3,"9/9/2014","Spotted_skunk",2014-08-30 04:37:49,"","","","8/30/2014","4:37:49 AM","8/30/2014","4:37:51 AM",37,39,3,1,0,"N","","",NA,"",""
"13470",237,1,2014,3,3,"9/9/2014","Spotted_skunk",2014-09-01 20:39:09,"","","","9/1/2014","8:39:09 PM","9/1/2014","8:44:33 PM",70,75,6,1,0,"N","","",NA,"",""
"13471",237,2,2016,1,1,"8/6/2016","Spotted_skunk",2016-08-04 03:23:33,"","","","8/4/2016","3:23:33 AM","8/4/2016","3:23:35 AM",4546,4548,3,1,0,"N","","",NA,"4546","spotted skunk by cubby, clear ID"
"13472",237,2,2016,1,1,"8/6/2016","Spotted_skunk",2016-08-04 22:42:19,"","","","8/4/2016","10:42:19 PM","8/4/2016","10:42:20 PM",5377,5379,3,1,0,"N","","",NA,"",""
"13473",237,2,2016,1,1,"8/6/2016","Spotted_skunk",2016-07-27 23:53:37,"","","","7/27/2016","11:53:37 PM","7/28/2016","12:07:42 AM",1771,1779,9,1,0,"N","","Y",NA,"1777","tail and spots visible as skunk enters cubby"
"13474",237,2,2016,1,1,"8/6/2016","Spotted_skunk",2016-07-26 23:13:34,"","","","7/26/2016","11:13:34 PM","7/26/2016","11:16:49 PM",550,558,9,1,0,"N","","",NA,"",""
"13475",237,2,2016,1,2,"8/20/2016","Spotted_skunk",2016-08-09 00:33:36,"","","","8/9/2016","12:33:36 AM","8/9/2016","12:33:37 AM",94,96,3,1,0,"N","","",NA,"",""
"13476",237,2,2016,1,3,"9/4/2016","Spotted_skunk",2016-08-27 00:14:28,"","","","8/27/2016","12:14:28 AM","8/27/2016","12:14:29 AM",1819,1821,3,1,0,"N","","",NA,"",""
"13477",237,2,2016,1,3,"9/4/2016","Spotted_skunk",2016-08-26 03:37:17,"","","","8/26/2016","3:37:17 AM","8/26/2016","3:37:19 AM",1666,1668,3,1,0,"","","",NA,"",""
"13478",237,2,2016,1,3,"9/4/2016","Spotted_skunk",2016-08-26 02:16:59,"","","","8/26/2016","2:16:59 AM","8/26/2016","2:22:14 AM",1657,1665,9,1,0,"N","","",NA,"",""
"13479",237,2,2016,3,1,"8/6/2016","Spotted_skunk",2016-07-27 02:15:59,"","","","7/27/2016","2:15:59 AM","7/27/2016","2:16:01 AM",37,39,3,1,0,"N","","",NA,"",""
"13480",237,2,2016,3,1,"8/6/2016","Spotted_skunk",2016-08-04 02:19:41,"","","","8/4/2016","2:19:41 AM","8/4/2016","2:19:42 AM",94,96,3,1,0,"N","","",NA,"",""
"13481",237,2,2016,3,1,"8/6/2016","Spotted_skunk",2016-07-27 03:52:03,"","","","7/27/2016","3:52:03 AM","7/27/2016","3:52:04 AM",40,42,3,1,0,"N","","",NA,"",""
"13482",237,2,2016,3,3,"9/4/2016","Spotted_skunk",2016-09-01 21:59:20,"","","","9/1/2016","9:59:20 PM","9/1/2016","9:59:21 PM",157,159,3,1,0,"N","","",NA,"",""
"13483",237,2,2016,3,3,"9/4/2016","Spotted_skunk",2016-08-24 03:21:51,"","","","8/24/2016","3:21:51 AM","8/24/2016","3:21:53 AM",85,87,3,1,0,"N","","",NA,"",""
"13484",237,2,2016,3,3,"9/4/2016","Spotted_skunk",2016-08-31 04:16:01,"","","","8/31/2016","4:16:01 AM","8/31/2016","4:16:02 AM",148,150,3,1,0,"N","","",NA,"",""
"13485",237,2,2016,3,3,"9/4/2016","Spotted_skunk",2016-09-01 03:17:45,"","","","9/1/2016","3:17:45 AM","9/1/2016","3:20:09 AM",151,156,6,1,0,"N","","",NA,"",""
"13486",237,2,2016,3,3,"9/4/2016","Spotted_skunk",2016-09-02 04:50:50,"","","","9/2/2016","4:50:50 AM","9/2/2016","4:50:52 AM",160,162,3,1,0,"N","","",NA,"",""
"13499",268,1,2014,1,1,"9/12/2014","Spotted_skunk",2014-09-03 22:01:33,"","","","9/3/2014","10:01:33 PM","9/3/2014","10:01:35 PM",67,69,3,1,0,"N","","",NA,"",""
"13500",268,1,2014,1,1,"9/12/2014","Spotted_skunk",2014-09-03 03:28:50,"","","","9/3/2014","3:28:50 AM","9/3/2014","4:05:54 AM",43,66,24,1,0,"N","","",NA,"",""
"13501",268,1,2014,1,1,"9/12/2014","Spotted_skunk",2014-09-03 00:32:36,"","","","9/3/2014","12:32:36 AM","9/3/2014","1:40:09 AM",31,42,12,1,0,"N","","",NA,"",""
"13502",268,1,2014,1,1,"9/12/2014","Spotted_skunk",2014-09-02 21:40:52,"","","","9/2/2014","9:40:52 PM","9/2/2014","9:50:11 PM",25,30,6,1,0,"N","","",NA,"",""
"13503",268,1,2014,1,1,"9/12/2014","Spotted_skunk",2014-09-02 01:46:22,"","","","9/2/2014","1:46:22 AM","9/2/2014","1:46:23 AM",22,24,3,1,0,"N","","",NA,"",""
"13504",268,1,2014,1,1,"9/12/2014","Spotted_skunk",2014-09-01 05:19:19,"","","","9/1/2014","5:19:19 AM","9/1/2014","5:19:20 AM",16,18,3,1,0,"N","","",NA,"",""
"13505",268,1,2014,1,1,"9/12/2014","Spotted_skunk",2014-09-04 00:14:06,"","","","9/4/2014","12:14:06 AM","9/4/2014","12:24:39 AM",70,78,9,1,0,"N","","",NA,"",""
"13506",268,1,2014,1,1,"9/12/2014","Spotted_skunk",2014-08-31 23:40:15,"","","","8/31/2014","11:40:15 PM","8/31/2014","11:58:29 PM",7,15,9,1,0,"N","","",NA,"",""
"13507",268,1,2014,1,1,"9/12/2014","Spotted_skunk",2014-09-01 23:32:30,"","","","9/1/2014","11:32:30 PM","9/1/2014","11:32:32 PM",19,21,3,1,0,"N","","",NA,"",""
"13508",268,1,2014,1,1,"9/12/2014","Spotted_skunk",2014-09-07 21:12:23,"","","","9/7/2014","9:12:23 PM","9/7/2014","9:12:24 PM",112,114,3,1,0,"N","","",NA,"",""
"13509",268,1,2014,1,1,"9/12/2014","Spotted_skunk",2014-09-12 03:20:39,"","","","9/12/2014","3:20:39 AM","9/12/2014","3:34:19 AM",205,213,9,1,0,"N","","",NA,"",""
"13510",268,1,2014,1,1,"9/12/2014","Spotted_skunk",2014-09-11 22:46:38,"","","","9/11/2014","10:46:38 PM","9/11/2014","10:52:00 PM",193,204,12,1,0,"N","","",NA,"",""
"13511",268,1,2014,1,1,"9/12/2014","Spotted_skunk",2014-09-11 20:02:00,"","","","9/11/2014","8:02:00 PM","9/11/2014","8:26:50 PM",175,192,18,1,0,"N","","",NA,"",""
"13512",268,1,2014,1,1,"9/12/2014","Spotted_skunk",2014-09-09 02:32:18,"","","","9/9/2014","2:32:18 AM","9/9/2014","2:32:19 AM",145,147,3,1,0,"N","","",NA,"",""
"13513",268,1,2014,1,1,"9/12/2014","Spotted_skunk",2014-09-11 05:38:25,"","","","9/11/2014","5:38:25 AM","9/11/2014","5:56:52 AM",160,174,15,1,0,"N","","",NA,"2014_H168_S1_V1_E27_Skunk_in_TCB_EK000171","skunk in TCB"
"13514",268,1,2014,1,1,"9/12/2014","Spotted_skunk",2014-09-11 01:40:45,"","","","9/11/2014","1:40:45 AM","9/11/2014","1:42:10 AM",154,159,6,1,0,"N","","",NA,"",""
"13515",268,1,2014,1,1,"9/12/2014","Spotted_skunk",2014-09-10 03:36:06,"","","","9/10/2014","3:36:06 AM","9/10/2014","3:36:08 AM",148,150,3,1,0,"N","","",NA,"",""
"13516",268,1,2014,1,1,"9/12/2014","Spotted_skunk",2014-09-08 05:41:41,"","","","9/8/2014","5:41:41 AM","9/8/2014","5:56:12 AM",127,141,15,1,0,"N","","",NA,"",""
"13517",268,1,2014,1,1,"9/12/2014","Spotted_skunk",2014-09-08 02:19:01,"","","","9/8/2014","2:19:01 AM","9/8/2014","3:28:26 AM",115,126,12,1,0,"N","","",NA,"",""
"13518",268,1,2014,1,1,"9/12/2014","Spotted_skunk",2014-09-05 03:24:51,"","","","9/5/2014","3:24:51 AM","9/5/2014","3:24:52 AM",79,81,3,1,0,"N","","",NA,"",""
"13519",268,1,2014,1,1,"9/12/2014","Spotted_skunk",2014-09-07 05:05:36,"","","","9/7/2014","5:05:36 AM","9/7/2014","5:05:38 AM",109,111,3,1,0,"N","","",NA,"",""
"13520",268,1,2014,1,1,"9/12/2014","Spotted_skunk",2014-09-07 02:03:37,"","","","9/7/2014","2:03:37 AM","9/7/2014","2:54:28 AM",103,108,6,1,0,"N","","",NA,"",""
"13521",268,1,2014,1,1,"9/12/2014","Spotted_skunk",2014-09-07 00:34:38,"","","","9/7/2014","12:34:38 AM","9/7/2014","12:34:40 AM",100,102,3,1,0,"N","","",NA,"",""
"13522",268,1,2014,1,1,"9/12/2014","Spotted_skunk",2014-09-06 21:29:29,"","","","9/6/2014","9:29:29 PM","9/6/2014","9:29:31 PM",97,99,3,1,0,"N","","",NA,"",""
"13523",268,1,2014,1,1,"9/12/2014","Spotted_skunk",2014-09-06 03:27:34,"","","","9/6/2014","3:27:34 AM","9/6/2014","3:27:36 AM",94,96,3,1,0,"N","","",NA,"",""
"13524",268,1,2014,1,1,"9/12/2014","Spotted_skunk",2014-09-06 00:51:24,"","","","9/6/2014","12:51:24 AM","9/6/2014","12:51:25 AM",91,93,3,1,0,"N","","",NA,"",""
"13525",268,1,2014,1,1,"9/12/2014","Spotted_skunk",2014-09-05 21:52:28,"","","","9/5/2014","9:52:28 PM","9/5/2014","9:52:29 PM",88,90,3,1,0,"N","","",NA,"",""
"13526",268,1,2014,1,1,"9/12/2014","Spotted_skunk",2014-09-05 04:28:24,"","","","9/5/2014","4:28:24 AM","9/5/2014","4:34:12 AM",82,87,6,1,0,"N","","",NA,"",""
"13527",268,1,2014,1,1,"9/12/2014","Spotted_skunk",2014-09-09 01:03:14,"","","","9/9/2014","1:03:14 AM","9/9/2014","1:03:16 AM",142,144,3,1,0,"N","","",NA,"",""
"13528",268,1,2014,1,1,"9/12/2014","Spotted_skunk",2014-09-10 04:39:25,"","","","9/10/2014","4:39:25 AM","9/10/2014","4:39:27 AM",151,153,3,1,0,"N","","",NA,"",""
"13529",268,1,2014,1,2,"9/25/2014","Spotted_skunk",2014-09-15 03:47:32,"","","","9/15/2014","3:47:32 AM","9/15/2014","5:15:55 AM",256,282,27,1,0,"N","","",NA,"",""
"13530",268,1,2014,1,2,"9/25/2014","Spotted_skunk",2014-09-12 21:40:57,"","","","9/12/2014","9:40:57 PM","9/12/2014","10:10:45 PM",16,27,12,1,0,"N","","",NA,"",""
"13531",268,1,2014,1,2,"9/25/2014","Spotted_skunk",2014-09-12 23:42:31,"","","","9/12/2014","11:42:31 PM","9/12/2014","11:42:33 PM",28,30,3,1,0,"N","","",NA,"",""
"13532",268,1,2014,1,2,"9/25/2014","Spotted_skunk",2014-09-13 00:22:06,"","","","9/13/2014","12:22:06 AM","9/13/2014","2:33:44 AM",31,63,33,1,0,"N","","",NA,"2014_H268_S1_V2_E4_Skunk_in_TCB_EK000057","skunk in TCB"
"13533",268,1,2014,1,2,"9/25/2014","Spotted_skunk",2014-09-13 03:39:37,"","","","9/13/2014","3:39:37 AM","9/13/2014","5:53:53 AM",64,99,36,2,0,"N","","",NA,"",""
"13534",268,1,2014,1,2,"9/25/2014","Spotted_skunk",2014-09-13 20:09:59,"","","","9/13/2014","8:09:59 PM","9/13/2014","9:13:26 PM",100,114,15,1,0,"N","","",NA,"",""
"13535",268,1,2014,1,2,"9/25/2014","Spotted_skunk",2014-09-13 22:20:55,"","","","9/13/2014","10:20:55 PM","9/14/2014","12:20:37 AM",115,171,57,1,0,"N","","",NA,"",""
"13536",268,1,2014,1,2,"9/25/2014","Spotted_skunk",2014-09-14 04:09:38,"","","","9/14/2014","4:09:38 AM","9/14/2014","5:40:26 AM",205,234,30,1,0,"N","","",NA,"",""
"13537",268,1,2014,1,2,"9/25/2014","Spotted_skunk",2014-09-12 20:10:52,"","","","9/12/2014","8:10:52 PM","9/12/2014","8:27:14 PM",7,15,9,1,0,"N","","",NA,"",""
"13538",268,1,2014,1,2,"9/25/2014","Spotted_skunk",2014-09-15 00:08:53,"","","","9/15/2014","12:08:53 AM","9/15/2014","12:08:55 AM",253,255,3,1,0,"N","","",NA,"",""
"13539",268,1,2014,1,2,"9/25/2014","Spotted_skunk",2014-09-14 01:26:31,"","","","9/14/2014","1:26:31 AM","9/14/2014","3:05:54 AM",172,204,33,1,0,"N","","",NA,"",""
"13540",268,1,2014,1,2,"9/25/2014","Spotted_skunk",2014-09-15 20:13:41,"","","","9/15/2014","8:13:41 PM","9/15/2014","9:16:12 PM",283,297,15,1,0,"N","","",NA,"",""
"13541",268,1,2014,1,2,"9/25/2014","Spotted_skunk",2014-09-17 03:21:36,"","","","9/17/2014","3:21:36 AM","9/17/2014","3:41:20 AM",298,318,21,1,0,"N","","",NA,"",""
"13542",268,1,2014,1,2,"9/25/2014","Spotted_skunk",2014-09-17 20:05:20,"","","","9/17/2014","8:05:20 PM","9/17/2014","8:35:19 PM",319,330,12,1,0,"N","","",NA,"",""
"13543",268,1,2014,1,2,"9/25/2014","Spotted_skunk",2014-09-18 20:42:50,"","","","9/18/2014","8:42:50 PM","9/18/2014","8:42:51 PM",331,333,3,1,0,"N","","",NA,"",""
"13544",268,1,2014,1,2,"9/25/2014","Spotted_skunk",2014-09-19 02:50:52,"","","","9/19/2014","2:50:52 AM","9/19/2014","3:11:03 AM",334,339,6,1,0,"N","","",NA,"",""
"13545",268,1,2014,1,2,"9/25/2014","Spotted_skunk",2014-09-19 21:10:25,"","","","9/19/2014","9:10:25 PM","9/19/2014","9:10:27 PM",340,342,3,1,0,"N","","",NA,"",""
"13546",268,1,2014,1,2,"9/25/2014","Spotted_skunk",2014-09-20 23:32:47,"","","","9/20/2014","11:32:47 PM","9/20/2014","11:32:48 PM",343,345,3,1,0,"N","","",NA,"2014_H268_S1_V2_E20_Skunk_bait_gone_EK000345","bait gone"
"13547",268,1,2014,1,2,"9/25/2014","Spotted_skunk",2014-09-25 00:44:17,"","","","9/25/2014","12:44:17 AM","9/25/2014","12:44:18 AM",346,348,3,1,0,"N","","",NA,"",""
"13548",268,1,2014,1,2,"9/25/2014","Spotted_skunk",2014-09-14 20:14:41,"","","","9/14/2014","8:14:41 PM","9/14/2014","8:39:23 PM",238,252,15,1,0,"N","","",NA,"",""
"13549",268,1,2014,1,3,"10/9/2014","Spotted_skunk",2014-10-03 02:57:14,"","","","10/3/2014","2:57:14 AM","10/3/2014","3:11:36 AM",70,75,6,1,0,"N","","",NA,"",""
"13550",268,1,2014,1,3,"10/9/2014","Spotted_skunk",2014-10-06 04:54:16,"","","","10/6/2014","4:54:16 AM","10/6/2014","5:19:51 AM",130,147,18,1,0,"N","","",NA,"",""
"13551",268,1,2014,1,3,"10/9/2014","Spotted_skunk",2014-10-06 00:23:33,"","","","10/6/2014","12:23:33 AM","10/6/2014","12:25:22 AM",124,129,6,1,0,"N","","",NA,"",""
"13552",268,1,2014,1,3,"10/9/2014","Spotted_skunk",2014-10-04 23:59:48,"","","","10/4/2014","11:59:48 PM","10/5/2014","12:33:37 AM",103,120,18,1,0,"N","","",NA,"",""
"13553",268,1,2014,1,3,"10/9/2014","Spotted_skunk",2014-10-09 03:36:44,"","","","10/9/2014","3:36:44 AM","10/9/2014","3:49:33 AM",151,171,21,1,0,"N","","",NA,"",""
"13554",268,1,2014,1,3,"10/9/2014","Spotted_skunk",2014-10-02 05:25:31,"","","","10/2/2014","5:25:31 AM","10/2/2014","5:38:46 AM",49,69,21,1,0,"N","","",NA,"",""
"13555",268,1,2014,1,3,"10/9/2014","Spotted_skunk",2014-10-01 21:59:29,"","","","10/1/2014","9:59:29 PM","10/1/2014","10:06:56 PM",40,48,9,1,0,"N","","",NA,"",""
"13556",268,1,2014,1,3,"10/9/2014","Spotted_skunk",2014-10-01 04:57:01,"","","","10/1/2014","4:57:01 AM","10/1/2014","4:58:28 AM",34,39,6,1,0,"N","","",NA,"",""
"13557",268,1,2014,1,3,"10/9/2014","Spotted_skunk",2014-10-01 03:20:23,"","","","10/1/2014","3:20:23 AM","10/1/2014","3:20:24 AM",31,33,3,1,0,"N","","",NA,"",""
"13558",268,1,2014,1,3,"10/9/2014","Spotted_skunk",2014-10-01 00:26:16,"","","","10/1/2014","12:26:16 AM","10/1/2014","12:31:56 AM",22,30,9,1,0,"N","","",NA,"",""
"13559",268,1,2014,1,3,"10/9/2014","Spotted_skunk",2014-09-30 05:03:44,"","","","9/30/2014","5:03:44 AM","9/30/2014","5:05:09 AM",16,21,6,1,0,"N","","",NA,"",""
"13560",268,1,2014,1,3,"10/9/2014","Spotted_skunk",2014-09-30 02:46:14,"","","","9/30/2014","2:46:14 AM","9/30/2014","2:58:52 AM",10,15,6,1,0,"N","","",NA,"",""
"13561",268,1,2014,1,3,"10/9/2014","Spotted_skunk",2014-10-04 05:21:00,"","","","10/4/2014","5:21:00 AM","10/4/2014","5:45:35 AM",79,99,21,1,0,"N","","",NA,"",""
"13563",268,2,2016,1,2,"9/2/2016","Spotted_skunk",2016-08-31 19:53:05,"","","","8/31/2016","7:53:05 PM","8/31/2016","7:53:07 PM",7,9,3,1,0,"N","","",NA,"",""
"13564",268,2,2016,1,3,"9/16/2016","Spotted_skunk",2016-09-03 20:14:10,"","","","9/3/2016","8:14:10 PM","9/3/2016","8:34:20 PM",4,12,9,1,0,"N","","",NA,"",""
"13565",268,2,2016,1,3,"9/16/2016","Spotted_skunk",2016-09-03 23:34:55,"","","","9/3/2016","11:34:55 PM","9/4/2016","12:28:00 AM",13,18,6,1,0,"N","Y","",NA,"13","bait gone"
"13566",268,2,2016,1,3,"9/16/2016","Spotted_skunk",2016-09-04 02:15:57,"","","","9/4/2016","2:15:57 AM","9/4/2016","3:11:45 AM",19,27,9,1,0,"N","","",NA,"",""
"13567",268,2,2016,1,3,"9/16/2016","Spotted_skunk",2016-09-11 22:00:26,"","","","9/11/2016","10:00:26 PM","9/11/2016","10:00:27 PM",28,30,3,1,0,"N","","",NA,"",""
"13568",268,2,2016,2,1,"8/19/2016","Spotted_skunk",2016-08-11 04:40:30,"","","","8/11/2016","4:40:30 AM","8/11/2016","4:43:14 AM",10,18,9,1,0,"N","","",NA,"",""
"13569",268,2,2016,2,2,"9/2/2016","Spotted_skunk",2016-08-29 23:01:07,"","","","8/29/2016","11:01:07 PM","8/29/2016","11:06:03 PM",160,171,12,1,0,"N","","",NA,"",""
"13570",268,2,2016,2,2,"9/2/2016","Spotted_skunk",2016-08-27 23:56:02,"","","","8/27/2016","11:56:02 PM","8/28/2016","12:07:41 AM",97,108,12,1,0,"N","","",NA,"",""
"13571",268,2,2016,2,2,"9/2/2016","Spotted_skunk",2016-09-01 03:26:25,"","","","9/1/2016","3:26:25 AM","9/1/2016","3:30:52 AM",214,219,6,1,0,"N","","",NA,"",""
"13572",268,2,2016,2,2,"9/2/2016","Spotted_skunk",2016-08-30 04:38:11,"","","","8/30/2016","4:38:11 AM","8/30/2016","5:27:31 AM",196,213,18,1,0,"N","","",NA,"",""
"13573",268,2,2016,2,2,"9/2/2016","Spotted_skunk",2016-08-30 01:27:05,"","","","8/30/2016","1:27:05 AM","8/30/2016","1:30:37 AM",172,177,6,1,0,"N","","",NA,"",""
"13574",268,2,2016,2,2,"9/2/2016","Spotted_skunk",2016-08-29 21:38:49,"","","","8/29/2016","9:38:49 PM","8/29/2016","9:44:51 PM",154,159,6,1,0,"N","","",NA,"",""
"13575",268,2,2016,2,2,"9/2/2016","Spotted_skunk",2016-08-29 00:18:14,"","","","8/29/2016","12:18:14 AM","8/29/2016","12:20:01 AM",109,117,9,1,0,"N","","",NA,"",""
"13576",268,2,2016,2,2,"9/2/2016","Spotted_skunk",2016-08-29 03:59:06,"","","","8/29/2016","3:59:06 AM","8/29/2016","4:36:40 AM",130,153,24,1,0,"N","","",NA,"",""
"13577",268,2,2016,2,2,"9/2/2016","Spotted_skunk",2016-08-27 02:24:54,"","","","8/27/2016","2:24:54 AM","8/27/2016","2:26:33 AM",91,96,6,1,0,"N","","",NA,"",""
"13578",268,2,2016,2,2,"9/2/2016","Spotted_skunk",2016-08-26 21:28:40,"","","","8/26/2016","9:28:40 PM","8/26/2016","9:29:07 PM",85,90,6,1,0,"N","","",NA,"",""
"13579",268,2,2016,2,2,"9/2/2016","Spotted_skunk",2016-08-26 04:59:19,"","","","8/26/2016","4:59:19 AM","8/26/2016","5:44:53 AM",70,84,15,1,0,"N","","",NA,"",""
"13580",268,2,2016,2,2,"9/2/2016","Spotted_skunk",2016-08-25 22:01:50,"","","","8/25/2016","10:01:50 PM","8/25/2016","10:32:57 PM",40,69,30,1,0,"N","","",NA,"",""
"13581",268,2,2016,2,2,"9/2/2016","Spotted_skunk",2016-08-25 04:36:11,"","","","8/25/2016","4:36:11 AM","8/25/2016","5:10:45 AM",10,39,30,1,0,"N","","",NA,"",""
"13582",268,2,2016,2,2,"9/2/2016","Spotted_skunk",2016-08-29 01:37:50,"","","","8/29/2016","1:37:50 AM","8/29/2016","2:40:24 AM",118,129,12,1,0,"N","","",NA,"",""
"13583",268,2,2016,2,2,"9/2/2016","Spotted_skunk",2016-08-30 03:16:05,"","","","8/30/2016","3:16:05 AM","8/30/2016","3:27:55 AM",178,195,18,1,0,"N","","",NA,"",""
"13584",268,2,2016,2,2,"9/2/2016","Spotted_skunk",2016-08-23 05:19:15,"","","","8/23/2016","5:19:15 AM","8/23/2016","5:19:18 AM",7,9,3,1,0,"N","","",NA,"",""
"13585",268,2,2016,2,3,"9/16/2016","Spotted_skunk",2016-09-12 04:55:23,"","","","9/12/2016","4:55:23 AM","9/12/2016","4:55:24 AM",271,273,3,1,0,"N","","",NA,"",""
"13586",268,2,2016,2,3,"9/16/2016","Spotted_skunk",2016-09-06 02:50:23,"","","","9/6/2016","2:50:23 AM","9/6/2016","4:12:41 AM",202,222,21,1,0,"N","Y","",NA,"211","bait gone"
"13587",268,2,2016,2,3,"9/16/2016","Spotted_skunk",2016-09-06 05:38:55,"","","","9/6/2016","5:38:55 AM","9/6/2016","5:54:30 AM",223,234,12,1,0,"N","","",NA,"",""
"13588",268,2,2016,2,3,"9/16/2016","Spotted_skunk",2016-09-06 22:00:03,"","","","9/6/2016","10:00:03 PM","9/6/2016","10:00:04 PM",235,237,3,1,0,"N","","",NA,"",""
"13589",268,2,2016,2,3,"9/16/2016","Spotted_skunk",2016-09-08 01:36:38,"","","","9/8/2016","1:36:38 AM","9/8/2016","1:37:43 AM",241,249,9,1,0,"N","","",NA,"",""
"13590",268,2,2016,2,3,"9/16/2016","Spotted_skunk",2016-09-08 03:35:25,"","","","9/8/2016","3:35:25 AM","9/8/2016","3:35:52 AM",250,255,6,1,0,"N","","",NA,"",""
"13591",268,2,2016,2,3,"9/16/2016","Spotted_skunk",2016-09-12 01:59:15,"","","","9/12/2016","1:59:15 AM","9/12/2016","1:59:36 AM",265,270,6,1,0,"N","","",NA,"",""
"13592",268,2,2016,2,3,"9/16/2016","Spotted_skunk",2016-09-05 23:38:00,"","","","9/5/2016","11:38:00 PM","9/5/2016","11:51:07 PM",190,198,9,1,0,"N","","",NA,"",""
"13593",268,2,2016,2,3,"9/16/2016","Spotted_skunk",2016-09-03 01:59:16,"","","","9/3/2016","1:59:16 AM","9/3/2016","3:29:06 AM",19,27,9,1,0,"N","","Y",NA,"24","last skunk in TCB"
"13594",268,2,2016,2,3,"9/16/2016","Spotted_skunk",2016-09-10 02:29:13,"","","","9/10/2016","2:29:13 AM","9/10/2016","2:30:29 AM",256,264,9,1,0,"N","","",NA,"",""
"13595",268,2,2016,2,3,"9/16/2016","Spotted_skunk",2016-09-05 20:49:34,"","","","9/5/2016","8:49:34 PM","9/5/2016","9:05:02 PM",184,189,6,1,0,"N","","",NA,"",""
"13596",268,2,2016,2,3,"9/16/2016","Spotted_skunk",2016-09-05 05:36:41,"","","","9/5/2016","5:36:41 AM","9/5/2016","5:46:19 AM",178,183,6,1,0,"N","","",NA,"",""
"13597",268,2,2016,2,3,"9/16/2016","Spotted_skunk",2016-09-05 00:13:55,"","","","9/5/2016","12:13:55 AM","9/5/2016","12:48:10 AM",169,177,9,1,0,"N","","",NA,"",""
"13598",268,2,2016,2,3,"9/16/2016","Spotted_skunk",2016-09-04 20:28:41,"","","","9/4/2016","8:28:41 PM","9/4/2016","10:22:23 PM",145,168,24,1,0,"N","","",NA,"",""
"13599",268,2,2016,2,3,"9/16/2016","Spotted_skunk",2016-09-04 04:01:03,"","","","9/4/2016","4:01:03 AM","9/4/2016","5:07:43 AM",112,144,33,1,0,"N","","",NA,"",""
"13600",268,2,2016,2,3,"9/16/2016","Spotted_skunk",2016-09-04 00:56:45,"","","","9/4/2016","12:56:45 AM","9/4/2016","2:28:07 AM",79,111,33,1,0,"N","","",NA,"",""
"13601",268,2,2016,2,3,"9/16/2016","Spotted_skunk",2016-09-03 23:20:11,"","","","9/3/2016","11:20:11 PM","9/3/2016","11:26:38 PM",70,78,9,1,0,"N","","",NA,"",""
"13602",268,2,2016,2,3,"9/16/2016","Spotted_skunk",2016-09-03 05:24:22,"","","","9/3/2016","5:24:22 AM","9/3/2016","5:24:44 AM",28,33,6,1,0,"N","","",NA,"",""
"13603",268,2,2016,2,3,"9/16/2016","Spotted_skunk",2016-09-07 21:33:41,"","","","9/7/2016","9:33:41 PM","9/7/2016","9:33:43 PM",238,240,3,1,0,"N","","",NA,"",""
"13604",268,2,2016,2,3,"9/16/2016","Spotted_skunk",2016-09-02 22:28:12,"","","","9/2/2016","10:28:12 PM","9/2/2016","10:44:42 PM",4,18,15,1,0,"N","","",NA,"",""
"13605",268,2,2016,2,3,"9/16/2016","Spotted_skunk",2016-09-06 01:05:43,"","","","9/6/2016","1:05:43 AM","9/6/2016","1:05:45 AM",199,201,3,1,0,"N","","",NA,"",""
"13606",268,2,2016,2,3,"9/16/2016","Spotted_skunk",2016-09-03 20:58:01,"","","","9/3/2016","8:58:01 PM","9/3/2016","10:18:28 PM",34,69,36,1,0,"N","","",NA,"",""
"13607",268,2,2016,3,3,"9/16/2016","Spotted_skunk",2016-09-14 03:47:00,"","","","9/14/2016","3:47:00 AM","9/14/2016","3:47:02 AM",25,27,3,1,0,"N","","",NA,"",""
"13608",268,2,2016,3,3,"9/16/2016","Spotted_skunk",2016-09-10 05:27:14,"","","","9/10/2016","5:27:14 AM","9/10/2016","6:24:43 AM",16,21,6,1,0,"N","","",NA,"",""
"13609",268,2,2016,3,3,"9/16/2016","Spotted_skunk",2016-09-14 05:47:09,"","","","9/14/2016","5:47:09 AM","9/14/2016","5:47:10 AM",28,30,3,1,0,"N","","",NA,"",""
"13611",270,2,2016,1,1,"9/28/2016","Spotted_skunk",2016-09-26 04:53:22,"","","","9/26/2016","4:53:22 AM","9/26/2016","4:55:21 AM",19,24,6,1,0,"N","Y","",NA,"19","bait gone"
"13612",270,2,2016,1,1,"9/28/2016","Spotted_skunk",2016-09-27 20:33:55,"","","","9/27/2016","8:33:55 PM","9/27/2016","8:33:55 PM",28,30,3,1,0,"N","","",NA,"",""
"13613",270,2,2016,1,1,"9/28/2016","Spotted_skunk",2016-09-20 23:17:59,"","","","9/20/2016","11:17:59 PM","9/20/2016","11:17:59 PM",16,18,3,1,0,"N","","",NA,"",""
"13614",270,2,2016,1,1,"9/28/2016","Spotted_skunk",2016-09-19 04:02:32,"","","","9/19/2016","4:02:32 AM","9/19/2016","4:02:32 AM",13,15,3,1,0,"N","","",NA,"",""
"13615",270,2,2016,1,1,"9/28/2016","Spotted_skunk",2016-09-27 03:36:36,"","","","9/27/2016","3:36:36 AM","9/27/2016","3:36:36 AM",25,27,3,1,0,"N","","",NA,"",""
"13616",270,2,2016,1.1,2,"10/12/2016","Spotted_skunk",2016-10-06 01:30:05,"","","","10/6/2016","1:30:05 AM","10/6/2016","1:31:07 AM",130,138,9,1,0,"N","","",NA,"",""
"13617",270,2,2016,1.1,2,"10/12/2016","Spotted_skunk",2016-09-30 05:15:15,"","","","9/30/2016","5:15:15 AM","9/30/2016","5:24:36 AM",106,117,12,1,0,"N","","",NA,"",""
"13618",270,2,2016,1.1,2,"10/12/2016","Spotted_skunk",2016-09-29 20:00:08,"","","","9/29/2016","8:00:08 PM","9/29/2016","8:17:35 PM",64,75,12,1,0,"N","","",NA,"",""
"13619",270,2,2016,1.1,2,"10/12/2016","Spotted_skunk",2016-10-01 02:53:41,"","","","10/1/2016","2:53:41 AM","10/1/2016","2:56:59 AM",118,123,6,1,0,"N","","",NA,"",""
"13620",270,2,2016,1.1,2,"10/12/2016","Spotted_skunk",2016-09-29 23:42:37,"","","","9/29/2016","11:42:37 PM","9/30/2016","12:38:42 AM",76,102,27,1,0,"N","","Y",NA,"96","TCB bait gone"
"13621",270,2,2016,1.1,2,"10/12/2016","Spotted_skunk",2016-10-11 19:47:13,"","","","10/11/2016","7:47:13 PM","10/11/2016","7:47:38 PM",163,168,6,1,0,"N","","",NA,"",""
"13622",270,2,2016,1.1,2,"10/12/2016","Spotted_skunk",2016-10-10 00:07:27,"","","","10/10/2016","12:07:27 AM","10/10/2016","12:07:50 AM",148,156,9,1,0,"N","","",NA,"",""
"13623",270,2,2016,1.1,2,"10/12/2016","Spotted_skunk",2016-09-29 03:53:24,"","","","9/29/2016","3:53:24 AM","9/29/2016","4:25:09 AM",7,48,42,1,0,"N","","",NA,"",""
"13624",270,2,2016,1.1,2,"10/12/2016","Spotted_skunk",2016-09-29 06:25:41,"","","","9/29/2016","6:25:41 AM","9/29/2016","6:29:14 AM",52,63,12,1,0,"N","","",NA,"",""
"13625",270,2,2016,1.1,3,"10/26/2016","Spotted_skunk",2016-10-17 03:50:08,"","","","10/17/2016","3:50:08 AM","10/17/2016","4:45:39 AM",43,72,30,1,0,"N","Y","Y",NA,"52, 59","bait gone, skunk in TCB"
"13626",270,2,2016,1.1,3,"10/26/2016","Spotted_skunk",2016-10-24 05:15:37,"","","","10/24/2016","5:15:37 AM","10/24/2016","5:15:39 AM",97,99,3,1,0,"N","","",NA,"",""
"13627",270,2,2016,1.1,3,"10/26/2016","Spotted_skunk",2016-10-15 03:21:51,"","","","10/15/2016","3:21:51 AM","10/15/2016","4:11:05 AM",31,42,12,1,0,"N","","",NA,"",""
"13628",270,2,2016,1.1,3,"10/26/2016","Spotted_skunk",2016-10-26 06:38:54,"","","","10/26/2016","6:38:54 AM","10/26/2016","6:39:05 AM",100,105,6,1,0,"N","","",NA,"",""
"13629",270,2,2016,1.1,3,"10/26/2016","Spotted_skunk",2016-10-15 01:01:10,"","","","10/15/2016","1:01:10 AM","10/15/2016","1:01:22 AM",25,30,6,1,0,"N","","",NA,"",""
"13630",270,2,2016,1.1,3,"10/26/2016","Spotted_skunk",2016-10-24 02:54:27,"","","","10/24/2016","2:54:27 AM","10/24/2016","3:17:32 AM",88,96,9,1,0,"N","","",NA,"",""
"13631",272,1,2014,2,1,"8/8/2014","Spotted_skunk",2014-08-08 02:45:28,"","","","8/8/2014","2:45:28 AM","8/8/2014","2:48:42 AM",43,72,30,1,0,"N","","",NA,"",""
"13632",272,1,2014,2,2,"8/22/2014","Spotted_skunk",2014-08-18 00:51:34,"","","","8/18/2014","12:51:34 AM","8/18/2014","12:53:24 AM",22,42,21,1,0,"N","","",NA,"",""
"13633",272,1,2014,2,2,"8/22/2014","Spotted_skunk",2014-08-15 04:22:46,"","","","8/15/2014","4:22:46 AM","8/15/2014","4:25:44 AM",7,21,15,1,0,"N","","",NA,"",""
"13634",272,1,2014,2,3,"9/5/2014","Spotted_skunk",2014-08-31 23:31:38,"","","","8/31/2014","11:31:38 PM","8/31/2014","11:32:40 PM",19,24,6,1,NA,"","","",NA,"",""
"13635",272,2,2016,1,1,"8/5/2016","Spotted_skunk",2016-07-24 00:16:34,"","","","7/24/2016","12:16:34 AM","7/24/2016","12:18:33 AM",25,33,9,1,0,"N","","",NA,"",""
"13636",272,2,2016,1,1,"8/5/2016","Spotted_skunk",2016-07-29 02:31:59,"","","","7/29/2016","2:31:59 AM","7/29/2016","2:38:30 AM",43,60,18,1,0,"N","","",NA,"",""
"13637",272,2,2016,1,2,"8/19/2016","Spotted_skunk",2016-08-06 20:44:09,"","","","8/6/2016","8:44:09 PM","8/6/2016","8:55:37 PM",31,57,27,2,1,"N","","",NA,"",""
"13638",272,2,2016,1,2,"8/19/2016","Spotted_skunk",2016-08-07 00:02:28,"","","","8/7/2016","12:02:28 AM","8/7/2016","12:40:15 AM",88,105,18,1,0,"N","","",NA,"",""
"13639",272,2,2016,1,2,"8/19/2016","Spotted_skunk",2016-08-06 14:33:03,"","","","8/6/2016","2:33:03 PM","8/6/2016","2:43:09 PM",25,30,6,1,0,"N","","",NA,"",""
"13640",272,2,2016,1,2,"8/19/2016","Spotted_skunk",2016-08-06 22:47:24,"","","","8/6/2016","10:47:24 PM","8/6/2016","10:53:59 PM",58,87,30,2,1,"N","","",NA,"",""
"13641",272,2,2016,1,2,"8/19/2016","Spotted_skunk",2016-08-06 01:37:14,"","","","8/6/2016","1:37:14 AM","8/6/2016","1:40:11 AM",4,12,9,1,0,"N","","",NA,"",""
"13642",272,2,2016,1,2,"8/19/2016","Spotted_skunk",2016-08-09 01:05:44,"","","","8/9/2016","1:05:44 AM","8/9/2016","1:34:27 AM",295,300,6,1,0,"N","","",NA,"",""
"13643",272,2,2016,1,2,"8/19/2016","Spotted_skunk",2016-08-07 19:33:49,"","","","8/7/2016","7:33:49 PM","8/7/2016","8:04:19 PM",124,141,18,1,0,"N","","",NA,"",""
"13644",272,2,2016,1,2,"8/19/2016","Spotted_skunk",2016-08-07 21:09:32,"","","","8/7/2016","9:09:32 PM","8/7/2016","9:21:57 PM",142,147,6,1,0,"N","","",NA,"",""
"13645",272,2,2016,1,2,"8/19/2016","Spotted_skunk",2016-08-07 23:00:37,"","","","8/7/2016","11:00:37 PM","8/8/2016","3:30:51 AM",148,288,141,2,1,"N","","",NA,"",""
"13646",272,2,2016,1,2,"8/19/2016","Spotted_skunk",2016-08-08 23:44:43,"","","","8/8/2016","11:44:43 PM","8/8/2016","11:44:51 PM",289,294,6,1,0,"N","","",NA,"",""
"13647",272,2,2016,1,2,"8/19/2016","Spotted_skunk",2016-08-09 03:35:05,"","","","8/9/2016","3:35:05 AM","8/9/2016","4:48:58 AM",301,321,21,1,0,"N","","",NA,"",""
"13648",272,2,2016,1,2,"8/19/2016","Spotted_skunk",2016-08-09 14:55:59,"","","","8/9/2016","2:55:59 PM","8/9/2016","2:57:03 PM",322,327,6,1,0,"N","","",NA,"",""
"13649",272,2,2016,1,2,"8/19/2016","Spotted_skunk",2016-08-11 02:35:47,"","","","8/11/2016","2:35:47 AM","8/11/2016","2:37:17 AM",328,345,18,1,0,"N","","",NA,"",""
"13650",272,2,2016,1,2,"8/19/2016","Spotted_skunk",2016-08-16 05:24:17,"","","","8/16/2016","5:24:17 AM","8/16/2016","5:25:16 AM",346,360,15,1,0,"N","","",NA,"",""
"13651",272,2,2016,1,2,"8/19/2016","Spotted_skunk",2016-08-06 13:20:19,"","","","8/6/2016","1:20:19 PM","8/6/2016","1:27:44 PM",13,24,12,1,0,"N","","",NA,"",""
"13652",272,2,2016,1,2,"8/19/2016","Spotted_skunk",2016-08-07 02:44:08,"","","","8/7/2016","2:44:08 AM","8/7/2016","4:05:21 AM",106,123,18,1,0,"N","","",NA,"",""
"13653",272,2,2016,1,3,"9/5/2016","Spotted_skunk",2016-08-28 22:37:18,"","","","8/28/2016","10:37:18 PM","8/29/2016","12:27:28 AM",541,564,24,1,0,"N","","",NA,"555",""
"13654",272,2,2016,1,3,"9/5/2016","Spotted_skunk",2016-08-29 02:26:36,"","","","8/29/2016","2:26:36 AM","8/29/2016","2:39:41 AM",565,603,39,1,0,"N","Y","",NA,"559","last of tree bait taken"
"13655",272,2,2016,1,3,"9/5/2016","Spotted_skunk",2016-08-29 05:21:18,"","","","8/29/2016","5:21:18 AM","8/29/2016","5:24:25 AM",604,624,21,1,0,"N","","",NA,"",""
"13656",272,2,2016,1,3,"9/5/2016","Spotted_skunk",2016-08-29 23:03:58,"","","","8/29/2016","11:03:58 PM","8/29/2016","11:04:45 PM",625,636,12,1,0,"N","","",NA,"",""
"13657",272,2,2016,1,3,"9/5/2016","Spotted_skunk",2016-08-30 01:35:57,"","","","8/30/2016","1:35:57 AM","8/30/2016","1:35:58 AM",637,639,3,1,0,"N","","",NA,"",""
"13658",272,2,2016,1,3,"9/5/2016","Spotted_skunk",2016-08-30 02:40:14,"","","","8/30/2016","2:40:14 AM","8/30/2016","2:40:45 AM",640,645,6,1,0,"N","","",NA,"",""
"13659",272,2,2016,1,3,"9/5/2016","Spotted_skunk",2016-08-28 03:10:04,"","","","8/28/2016","3:10:04 AM","8/28/2016","3:18:59 AM",514,540,27,1,0,"N","","",NA,"",""
"13660",272,2,2016,1,3,"9/5/2016","Spotted_skunk",2016-08-30 23:36:18,"","","","8/30/2016","11:36:18 PM","8/30/2016","11:42:49 PM",655,684,30,1,0,"N","","Y",NA,"660","last time skunk in TCB"
"13661",272,2,2016,1,3,"9/5/2016","Spotted_skunk",2016-08-25 23:15:52,"","","","8/25/2016","11:15:52 PM","8/26/2016","12:36:24 AM",238,258,21,1,0,"N","","",NA,"",""
"13662",272,2,2016,1,3,"9/5/2016","Spotted_skunk",2016-08-30 04:08:50,"","","","8/30/2016","4:08:50 AM","8/30/2016","4:09:39 AM",646,654,9,1,0,"N","","",NA,"",""
"13663",272,2,2016,1,3,"9/5/2016","Spotted_skunk",2016-08-27 23:16:10,"","","","8/27/2016","11:16:10 PM","8/27/2016","11:41:40 PM",481,513,33,1,0,"N","","",NA,"",""
"13664",272,2,2016,1,3,"9/5/2016","Spotted_skunk",2016-08-27 21:08:21,"","","","8/27/2016","9:08:21 PM","8/27/2016","9:12:50 PM",466,480,15,1,0,"N","","",NA,"",""
"13665",272,2,2016,1,3,"9/5/2016","Spotted_skunk",2016-08-26 23:41:37,"","","","8/26/2016","11:41:37 PM","8/27/2016","1:54:30 AM",391,465,75,1,0,"N","","",NA,"",""
"13666",272,2,2016,1,3,"9/5/2016","Spotted_skunk",2016-08-26 20:42:47,"","","","8/26/2016","8:42:47 PM","8/26/2016","9:46:35 PM",364,390,27,1,0,"N","","",NA,"",""
"13667",272,2,2016,1,3,"9/5/2016","Spotted_skunk",2016-08-26 01:42:53,"","","","8/26/2016","1:42:53 AM","8/26/2016","2:18:50 AM",259,309,51,2,0,"N","","",NA,"",""
"13668",272,2,2016,1,3,"9/5/2016","Spotted_skunk",2016-08-25 21:15:22,"","","","8/25/2016","9:15:22 PM","8/25/2016","9:30:34 PM",214,237,24,2,0,"N","","",NA,"",""
"13669",272,2,2016,1,3,"9/5/2016","Spotted_skunk",2016-08-25 02:43:18,"","","","8/25/2016","2:43:18 AM","8/25/2016","4:05:58 AM",172,213,42,1,0,"N","","",NA,"",""
"13670",272,2,2016,1,3,"9/5/2016","Spotted_skunk",2016-08-24 22:02:50,"","","","8/24/2016","10:02:50 PM","8/24/2016","10:06:54 PM",16,21,6,1,0,"N","","",NA,"",""
"13671",272,2,2016,1,3,"9/5/2016","Spotted_skunk",2016-09-01 20:28:59,"","","","9/1/2016","8:28:59 PM","9/1/2016","8:34:11 PM",688,717,30,1,0,"N","","",NA,"",""
"13672",272,2,2016,1,3,"9/5/2016","Spotted_skunk",2016-08-25 00:03:51,"","","","8/25/2016","12:03:51 AM","8/25/2016","1:42:47 AM",22,171,150,3,0,"N","","",NA,"",""
"13673",272,2,2016,1,3,"9/5/2016","Spotted_skunk",2016-08-26 03:32:53,"","","","8/26/2016","3:32:53 AM","8/26/2016","4:58:05 AM",310,363,54,2,0,"N","","",NA,"",""
"13674",272,2,2016,1,3,"9/5/2016","Spotted_skunk",2016-09-05 05:01:34,"","","","9/5/2016","5:01:34 AM","9/5/2016","5:02:20 AM",796,807,12,1,0,"N","","",NA,"",""
"13675",272,2,2016,1,3,"9/5/2016","Spotted_skunk",2016-09-02 03:55:52,"","","","9/2/2016","3:55:52 AM","9/2/2016","4:21:49 AM",727,744,18,1,0,"N","","",NA,"",""
"13676",272,2,2016,1,3,"9/5/2016","Spotted_skunk",2016-09-02 20:51:13,"","","","9/2/2016","8:51:13 PM","9/2/2016","9:04:15 PM",751,756,6,1,0,"N","","",NA,"",""
"13677",272,2,2016,1,3,"9/5/2016","Spotted_skunk",2016-09-03 00:58:09,"","","","9/3/2016","12:58:09 AM","9/3/2016","1:55:58 AM",757,765,9,1,0,"N","","",NA,"",""
"13678",272,2,2016,1,3,"9/5/2016","Spotted_skunk",2016-09-03 03:39:37,"","","","9/3/2016","3:39:37 AM","9/3/2016","3:39:41 AM",766,768,3,1,0,"N","","",NA,"",""
"13679",272,2,2016,1,3,"9/5/2016","Spotted_skunk",2016-09-01 23:33:21,"","","","9/1/2016","11:33:21 PM","9/1/2016","11:36:15 PM",718,726,9,1,0,"N","","",NA,"",""
"13680",272,2,2016,2,1,"8/5/2016","Spotted_skunk",2016-07-29 23:12:33,"","","","7/29/2016","11:12:33 PM","7/29/2016","11:12:43 PM",79,87,9,1,0,"N","","",NA,"",""
"13681",272,2,2016,2,1,"8/5/2016","Spotted_skunk",2016-07-27 02:48:25,"","","","7/27/2016","2:48:25 AM","7/27/2016","2:51:19 AM",52,75,24,1,0,"N","","",NA,"",""
"13682",272,2,2016,2,1,"8/5/2016","Spotted_skunk",2016-08-02 21:29:26,"","","","8/2/2016","9:29:26 PM","8/2/2016","9:34:52 PM",184,198,15,1,0,"N","","",NA,"",""
"13683",272,2,2016,2,1,"8/5/2016","Spotted_skunk",2016-08-05 04:52:46,"","","","8/5/2016","4:52:46 AM","8/5/2016","4:56:15 AM",199,219,21,1,0,"N","","",NA,"",""
"13684",272,2,2016,2,1,"8/5/2016","Spotted_skunk",2016-08-01 02:21:33,"","","","8/1/2016","2:21:33 AM","8/1/2016","2:23:21 AM",115,129,15,1,0,"N","","",NA,"",""
"13685",272,2,2016,2,2,"8/19/2016","Spotted_skunk",2016-08-14 04:13:25,"","","","8/14/2016","4:13:25 AM","8/14/2016","4:24:25 AM",88,105,18,1,0,"N","","",NA,"",""
"13686",272,2,2016,2,2,"8/19/2016","Spotted_skunk",2016-08-11 03:44:58,"","","","8/11/2016","3:44:58 AM","8/11/2016","3:45:18 AM",82,87,6,1,0,"N","","",NA,"",""
"13687",272,2,2016,2,2,"8/19/2016","Spotted_skunk",2016-08-10 23:57:11,"","","","8/10/2016","11:57:11 PM","8/10/2016","11:58:38 PM",76,81,6,1,0,"N","","",NA,"",""
"13688",272,2,2016,2,2,"8/19/2016","Spotted_skunk",2016-08-15 02:05:40,"","","","8/15/2016","2:05:40 AM","8/15/2016","2:07:03 AM",106,111,6,1,0,"N","","",NA,"",""
"13689",272,2,2016,2,3,"9/5/2016","Spotted_skunk",2016-08-20 02:31:00,"","","","8/20/2016","2:31:00 AM","8/20/2016","2:35:09 AM",10,24,15,1,0,"N","","",NA,"",""
"13690",272,2,2016,2,3,"9/5/2016","Spotted_skunk",2016-08-20 23:52:55,"","","","8/20/2016","11:52:55 PM","8/20/2016","11:52:57 PM",25,27,3,1,0,"N","","",NA,"",""
"13691",272,2,2016,2,3,"9/5/2016","Spotted_skunk",2016-08-21 04:40:58,"","","","8/21/2016","4:40:58 AM","8/21/2016","5:03:48 AM",28,39,12,1,0,"N","","",NA,"",""
"13692",272,2,2016,2,3,"9/5/2016","Spotted_skunk",2016-08-24 21:13:37,"","","","8/24/2016","9:13:37 PM","8/24/2016","9:20:52 PM",130,144,15,1,0,"N","","",NA,"",""
"13693",272,2,2016,2,3,"9/5/2016","Spotted_skunk",2016-08-31 00:03:22,"","","","8/31/2016","12:03:22 AM","8/31/2016","12:21:45 AM",238,252,15,1,0,"N","","",NA,"",""
"13694",272,2,2016,2,3,"9/5/2016","Spotted_skunk",2016-08-30 05:10:48,"","","","8/30/2016","5:10:48 AM","8/30/2016","5:14:22 AM",229,237,9,1,0,"N","","",NA,"",""
"13695",272,2,2016,2,3,"9/5/2016","Spotted_skunk",2016-08-26 05:19:44,"","","","8/26/2016","5:19:44 AM","8/26/2016","5:57:05 AM",145,195,51,1,0,"N","","",NA,"",""
"13696",272,2,2016,2,3,"9/5/2016","Spotted_skunk",2016-08-29 01:56:49,"","","","8/29/2016","1:56:49 AM","8/29/2016","2:01:39 AM",199,225,27,1,0,"N","","",NA,"",""
"13697",272,2,2016,2,3,"9/5/2016","Spotted_skunk",2016-08-21 22:02:16,"","","","8/21/2016","10:02:16 PM","8/21/2016","10:17:58 PM",40,60,21,1,0,"N","","",NA,"",""
"13698",272,2,2016,2,3,"9/5/2016","Spotted_skunk",2016-08-24 02:22:19,"","","","8/24/2016","2:22:19 AM","8/24/2016","2:23:36 AM",121,129,9,1,0,"N","","",NA,"",""
"13699",272,2,2016,2,3,"9/5/2016","Spotted_skunk",2016-08-23 21:05:19,"","","","8/23/2016","9:05:19 PM","8/23/2016","9:21:03 PM",115,120,6,1,0,"N","","",NA,"",""
"13700",272,2,2016,2,3,"9/5/2016","Spotted_skunk",2016-08-23 02:49:16,"","","","8/23/2016","2:49:16 AM","8/23/2016","2:49:17 AM",112,114,3,1,0,"N","","",NA,"",""
"13701",272,2,2016,2,3,"9/5/2016","Spotted_skunk",2016-08-22 01:22:27,"","","","8/22/2016","1:22:27 AM","8/22/2016","1:33:35 AM",61,75,15,1,0,"N","","",NA,"",""
"13702",272,2,2016,2,3,"9/5/2016","Spotted_skunk",2016-08-22 21:08:11,"","","","8/22/2016","9:08:11 PM","8/22/2016","9:35:46 PM",76,111,36,1,0,"N","","",NA,"",""
"13703",272,2,2016,3,1,"8/5/2016","Spotted_skunk",2016-08-05 03:21:06,"","","","8/5/2016","3:21:06 AM","8/5/2016","3:21:07 AM",16,18,3,1,0,"N","","",NA,"",""
"13704",272,2,2016,3,2,"8/19/2016","Spotted_skunk",2016-08-15 04:31:23,"","","","8/15/2016","4:31:23 AM","8/15/2016","4:32:02 AM",10,15,6,1,0,"N","","",NA,"",""
"13705",272,2,2016,3,3,"9/5/2016","Spotted_skunk",2016-09-02 00:59:41,"","","","9/2/2016","12:59:41 AM","9/2/2016","5:32:24 AM",130,189,60,1,0,"N","","",NA,"",""
"13706",272,2,2016,3,3,"9/5/2016","Spotted_skunk",2016-08-29 00:22:33,"","","","8/29/2016","12:22:33 AM","8/29/2016","12:22:34 AM",46,48,3,1,0,"N","","",NA,"",""
"13707",272,2,2016,3,3,"9/5/2016","Spotted_skunk",2016-08-30 01:51:36,"","","","8/30/2016","1:51:36 AM","8/30/2016","1:51:37 AM",49,51,3,1,0,"N","","",NA,"",""
"13708",272,2,2016,3,3,"9/5/2016","Spotted_skunk",2016-08-30 03:19:29,"","","","8/30/2016","3:19:29 AM","8/30/2016","4:28:48 AM",52,60,9,1,0,"N","","",NA,"",""
"13709",272,2,2016,3,3,"9/5/2016","Spotted_skunk",2016-08-30 22:04:08,"","","","8/30/2016","10:04:08 PM","8/30/2016","10:04:09 PM",61,63,3,1,0,"N","","",NA,"",""
"13710",272,2,2016,3,3,"9/5/2016","Spotted_skunk",2016-08-28 17:08:33,"","","","8/28/2016","5:08:33 PM","8/28/2016","5:15:16 PM",40,45,6,1,0,"N","","",NA,"",""
"13711",272,2,2016,3,3,"9/5/2016","Spotted_skunk",2016-08-28 00:09:12,"","","","8/28/2016","12:09:12 AM","8/28/2016","12:21:48 AM",19,33,15,1,0,"N","","",NA,"",""
"13712",272,2,2016,3,3,"9/5/2016","Spotted_skunk",2016-08-31 05:06:47,"","","","8/31/2016","5:06:47 AM","8/31/2016","5:06:49 AM",64,66,3,1,0,"N","","",NA,"",""
"13713",272,2,2016,3,3,"9/5/2016","Spotted_skunk",2016-09-01 02:35:55,"","","","9/1/2016","2:35:55 AM","9/1/2016","5:44:28 AM",67,111,45,1,0,"N","","",NA,"",""
"13714",272,2,2016,3,3,"9/5/2016","Spotted_skunk",2016-09-02 22:09:48,"","","","9/2/2016","10:09:48 PM","9/2/2016","10:14:52 PM",193,198,6,1,0,"N","","",NA,"",""
"13715",272,2,2016,3,3,"9/5/2016","Spotted_skunk",2016-09-01 22:27:25,"","","","9/1/2016","10:27:25 PM","9/1/2016","10:34:51 PM",118,129,12,1,0,"N","","",NA,"",""
"13716",272,2,2016,3,3,"9/5/2016","Spotted_skunk",2016-09-02 20:09:36,"","","","9/2/2016","8:09:36 PM","9/2/2016","8:09:38 PM",190,192,3,1,0,"N","","",NA,"",""
"13717",272,2,2016,3,3,"9/5/2016","Spotted_skunk",2016-09-03 03:57:10,"","","","9/3/2016","3:57:10 AM","9/3/2016","4:04:14 AM",217,228,12,1,0,"N","","",NA,"",""
"13718",272,2,2016,3,3,"9/5/2016","Spotted_skunk",2016-09-04 01:45:14,"","","","9/4/2016","1:45:14 AM","9/4/2016","1:45:15 AM",256,258,3,1,0,"N","","",NA,"",""
"13719",272,2,2016,3,3,"9/5/2016","Spotted_skunk",2016-09-03 00:42:38,"","","","9/3/2016","12:42:38 AM","9/3/2016","12:56:37 AM",199,216,18,1,0,"N","","",NA,"",""
"13720",272,2,2016,3,3,"9/5/2016","Spotted_skunk",2016-09-03 20:41:10,"","","","9/3/2016","8:41:10 PM","9/3/2016","8:42:24 PM",247,255,9,1,0,"N","","",NA,"",""
"13721",272,2,2016,3,3,"9/5/2016","Spotted_skunk",2016-09-03 05:15:45,"","","","9/3/2016","5:15:45 AM","9/3/2016","5:26:36 AM",229,246,18,1,0,"N","","",NA,"",""
"13722",272,2,2016,3,3,"9/5/2016","Spotted_skunk",2016-09-01 20:16:04,"","","","9/1/2016","8:16:04 PM","9/1/2016","8:16:15 PM",112,117,6,1,0,"N","","",NA,"",""
"13723",272,2,2016,3,3,"9/5/2016","Spotted_skunk",2016-08-28 04:02:01,"","","","8/28/2016","4:02:01 AM","8/28/2016","4:02:03 AM",34,36,3,1,0,"N","","",NA,"",""
"13724",272,2,2016,3,3,"9/5/2016","Spotted_skunk",2016-09-04 04:42:06,"","","","9/4/2016","4:42:06 AM","9/4/2016","4:42:07 AM",259,261,3,1,0,"N","","",NA,"",""
"13725",272,2,2016,3,3,"9/5/2016","Spotted_skunk",2016-08-23 22:31:29,"","","","8/23/2016","10:31:29 PM","8/23/2016","10:31:44 PM",10,15,6,1,0,"N","","",NA,"",""
"13726",272,2,2016,3,3,"9/5/2016","Spotted_skunk",2016-08-28 05:14:45,"","","","8/28/2016","5:14:45 AM","8/28/2016","5:14:46 AM",37,39,3,1,0,"N","","",NA,"",""
"13727",279,2,2015,1,1,"10/7/2015","Spotted_skunk",2015-09-24 20:47:21,"","","","9/24/2015","8:47:21 PM","9/24/2015","8:51:03 PM",10,15,6,1,0,"N","","",NA,"",""
"13728",279,2,2015,1,1,"10/7/2015","Spotted_skunk",2015-10-01 02:00:06,"","","","10/1/2015","2:00:06 AM","10/1/2015","2:00:08 AM",31,33,3,1,0,"N","","",NA,"",""
"13729",279,2,2015,1,1,"10/7/2015","Spotted_skunk",2015-10-06 02:41:02,"","","","10/6/2015","2:41:02 AM","10/6/2015","2:45:18 AM",34,48,15,1,0,"N","","",NA,"",""
"13730",279,2,2015,1,1,"10/7/2015","Spotted_skunk",2015-10-06 06:02:57,"","","","10/6/2015","6:02:57 AM","10/6/2015","6:02:59 AM",49,51,3,1,0,"N","","",NA,"",""
"13731",279,2,2015,1,1,"10/7/2015","Spotted_skunk",2015-10-07 01:59:01,"","","","10/7/2015","1:59:01 AM","10/7/2015","1:59:02 AM",52,54,3,1,0,"N","","",NA,"",""
"13732",279,2,2015,1,2,"10/21/2015","Spotted_skunk",2015-10-16 00:26:41,"","","","10/16/2015","12:26:41 AM","10/16/2015","12:53:39 AM",52,87,36,1,0,"N","","",NA,"EK000070","Lastof bait taken by skunk"
"13733",279,2,2015,1,2,"10/21/2015","Spotted_skunk",2015-10-13 05:25:12,"","","","10/13/2015","5:25:12 AM","10/13/2015","5:26:41 AM",37,42,6,1,0,"N","","",NA,"",""
"13734",279,2,2015,1,2,"10/21/2015","Spotted_skunk",2015-10-13 02:56:37,"","","","10/13/2015","2:56:37 AM","10/13/2015","3:03:19 AM",22,36,15,1,0,"N","","",NA,"",""
"13735",279,2,2015,1,2,"10/21/2015","Spotted_skunk",2015-10-10 03:56:12,"","","","10/10/2015","3:56:12 AM","10/10/2015","4:22:52 AM",13,18,6,1,0,"N","","",NA,"",""
"13736",279,2,2015,1,3,"11/4/2015","Spotted_skunk",2015-10-30 19:32:30,"","","","10/30/2015","7:32:30 PM","10/30/2015","7:38:39 PM",100,105,6,1,0,"N","","",NA,"",""
"13737",279,2,2015,1,3,"11/4/2015","Spotted_skunk",2015-11-01 04:17:00,"","","","11/1/2015","4:17:00 AM","11/1/2015","4:43:10 AM",127,141,15,1,0,"N","","",NA,"",""
"13738",279,2,2015,1,3,"11/4/2015","Spotted_skunk",2015-11-01 21:48:55,"","","","11/1/2015","9:48:55 PM","11/1/2015","10:14:52 PM",142,159,18,1,0,"N","","",NA,"",""
"13739",279,2,2015,1,3,"11/4/2015","Spotted_skunk",2015-11-02 19:41:20,"","","","11/2/2015","7:41:20 PM","11/2/2015","7:47:09 PM",163,174,12,1,0,"N","","",NA,"",""
"13740",279,2,2015,1,3,"11/4/2015","Spotted_skunk",2015-11-03 00:39:47,"","","","11/3/2015","12:39:47 AM","11/3/2015","12:51:57 AM",181,192,12,1,0,"N","","",NA,"",""
"13741",279,2,2015,1,3,"11/4/2015","Spotted_skunk",2015-10-31 03:18:21,"","","","10/31/2015","3:18:21 AM","10/31/2015","3:40:04 AM",106,111,6,1,0,"N","","",NA,"",""
"13742",279,2,2015,1,3,"11/4/2015","Spotted_skunk",2015-10-30 05:01:48,"","","","10/30/2015","5:01:48 AM","10/30/2015","5:22:41 AM",88,99,12,1,0,"N","","",NA,"",""
"13743",279,2,2015,1,3,"11/4/2015","Spotted_skunk",2015-10-30 01:41:05,"","","","10/30/2015","1:41:05 AM","10/30/2015","2:07:47 AM",73,87,15,1,0,"N","","",NA,"",""
"13744",279,2,2015,1,3,"11/4/2015","Spotted_skunk",2015-10-31 19:18:33,"","","","10/31/2015","7:18:33 PM","10/31/2015","7:45:18 PM",112,123,12,1,0,"N","","",NA,"",""
"13745",279,2,2015,1,3,"11/4/2015","Spotted_skunk",2015-10-28 21:20:13,"","","","10/28/2015","9:20:13 PM","10/28/2015","9:27:23 PM",55,63,9,1,0,"N","","",NA,"",""
"13751",310,1,2015,1,1,"9/24/2015","Spotted_skunk",2015-09-21 23:53:06,"","","","9/21/2015","11:53:06 PM","9/21/2015","11:55:14 PM",43,48,6,1,0,"N","","",NA,"",""
"13752",310,1,2015,1,1,"9/24/2015","Spotted_skunk",2015-09-17 23:11:35,"","","","9/17/2015","11:11:35 PM","9/17/2015","11:11:37 PM",7,9,3,1,0,"N","","",NA,"",""
"13753",310,1,2015,1,1,"9/24/2015","Spotted_skunk",2015-09-18 01:25:53,"","","","9/18/2015","1:25:53 AM","9/18/2015","1:25:54 AM",10,12,3,1,0,"N","","",NA,"",""
"13754",310,1,2015,1,1,"9/24/2015","Spotted_skunk",2015-09-18 03:45:19,"","","","9/18/2015","3:45:19 AM","9/18/2015","3:45:46 AM",19,24,6,1,0,"N","","",NA,"",""
"13755",310,1,2015,1,2,"10/8/2015","Spotted_skunk",2015-10-03 02:43:09,"","","","10/3/2015","2:43:09 AM","10/3/2015","2:43:48 AM",10,15,6,1,0,"N","","",NA,"",""
"13756",310,1,2015,1,2,"10/8/2015","Spotted_skunk",2015-10-03 04:12:15,"","","","10/3/2015","4:12:15 AM","10/3/2015","4:29:51 AM",16,27,12,1,0,"N","","",NA,"",""
"13757",310,1,2015,1,2,"10/8/2015","Spotted_skunk",2015-10-03 00:37:52,"","","","10/3/2015","12:37:52 AM","10/3/2015","12:37:54 AM",7,9,3,1,0,"N","","",NA,"",""
"13758",310,1,2015,1,2,"10/8/2015","Spotted_skunk",2015-10-05 23:59:15,"","","","10/5/2015","11:59:15 PM","10/5/2015","11:59:16 PM",37,39,3,1,0,"N","","",NA,"",""
"13759",310,1,2015,1,2,"10/8/2015","Spotted_skunk",2015-10-03 20:47:40,"","","","10/3/2015","8:47:40 PM","10/3/2015","8:47:41 PM",28,30,3,1,0,"N","","",NA,"30 last of bait",""
"13760",310,1,2015,1,3,"10/22/2015","Spotted_skunk",2015-10-11 05:26:09,"","","","10/11/2015","5:26:09 AM","10/11/2015","5:34:34 AM",16,21,6,1,0,"N","","",NA,"",""
"13761",310,1,2015,1,3,"10/22/2015","Spotted_skunk",2015-10-09 03:49:33,"","","","10/9/2015","3:49:33 AM","10/9/2015","3:49:34 AM",13,15,3,1,0,"N","","",NA,"",""
"13762",310,1,2015,1,3,"10/22/2015","Spotted_skunk",2015-10-20 22:01:27,"","","","10/20/2015","10:01:27 PM","10/20/2015","10:01:28 PM",46,48,3,1,0,"N","","",NA,"",""
"13763",310,1,2015,1,3,"10/22/2015","Spotted_skunk",2015-10-12 04:10:05,"","","","10/12/2015","4:10:05 AM","10/12/2015","4:10:06 AM",37,39,3,1,0,"N","","",NA,"",""
"13764",310,1,2015,1,3,"10/22/2015","Spotted_skunk",2015-10-12 02:10:41,"","","","10/12/2015","2:10:41 AM","10/12/2015","2:10:42 AM",34,36,3,1,0,"N","Y","",NA,"EK000036","Skunk in TCB"
"13765",310,1,2015,1,3,"10/22/2015","Spotted_skunk",2015-10-11 20:34:32,"","","","10/11/2015","8:34:32 PM","10/11/2015","8:49:08 PM",28,33,6,1,0,"N","","",NA,"",""
"13766",310,1,2015,2,1,"9/24/2015","Spotted_skunk",2015-09-18 05:10:24,"","","","9/18/2015","5:10:24 AM","9/18/2015","5:10:26 AM",16,18,3,1,0,"N","","",NA,"EK000018","Last photo of bait before station was checked (bait gone on check)"
"13767",310,1,2015,2,1,"9/24/2015","Spotted_skunk",2015-09-13 00:52:46,"","","","9/13/2015","12:52:46 AM","9/13/2015","12:52:47 AM",4,6,3,1,0,"N","","",NA,"",""
"13768",310,1,2015,2,1,"9/24/2015","Spotted_skunk",2015-09-18 02:07:26,"","","","9/18/2015","2:07:26 AM","9/18/2015","2:20:08 AM",10,15,6,1,0,"N","","",NA,"",""
"13769",310,1,2015,2,2,"10/8/2015","Spotted_skunk",2015-09-27 05:36:58,"","","","9/27/2015","5:36:58 AM","9/27/2015","5:36:59 AM",25,27,3,1,0,"N","Y","",NA,"EK000025","Bait gone between triggers"
"13770",310,1,2015,2,2,"10/8/2015","Spotted_skunk",2015-09-29 06:15:01,"","","","9/29/2015","6:15:01 AM","9/29/2015","6:15:02 AM",31,33,3,1,0,"N","","",NA,"",""
"13771",310,1,2015,2,2,"10/8/2015","Spotted_skunk",2015-09-27 22:22:09,"","","","9/27/2015","10:22:09 PM","9/27/2015","10:22:10 PM",28,30,3,1,0,"N","","",NA,"",""
"13772",310,1,2015,2,2,"10/8/2015","Spotted_skunk",2015-09-26 03:13:46,"","","","9/26/2015","3:13:46 AM","9/26/2015","3:13:47 AM",19,21,3,1,0,"N","","",NA,"",""
"13773",310,1,2015,2,2,"10/8/2015","Spotted_skunk",2015-09-25 21:28:54,"","","","9/25/2015","9:28:54 PM","9/25/2015","9:28:56 PM",7,9,3,1,0,"N","","",NA,"",""
"13774",310,1,2015,2,2,"10/8/2015","Spotted_skunk",2015-09-26 00:58:46,"","","","9/26/2015","12:58:46 AM","9/26/2015","1:23:19 AM",10,18,9,1,0,"N","","",NA,"",""
"13775",310,1,2015,2,2,"10/8/2015","Spotted_skunk",2015-09-26 23:01:38,"","","","9/26/2015","11:01:38 PM","9/26/2015","11:01:40 PM",22,24,3,1,0,"N","","",NA,"",""
"13776",310,1,2015,2,3,"10/22/2015","Spotted_skunk",2015-10-11 22:53:44,"","","","10/11/2015","10:53:44 PM","10/11/2015","10:53:46 PM",7,9,3,1,0,"N","","",NA,"",""
"13777",310,1,2015,2,3,"10/22/2015","Spotted_skunk",2015-10-12 01:21:56,"","","","10/12/2015","1:21:56 AM","10/12/2015","1:46:13 AM",10,15,6,1,0,"N","","",NA,"",""
"13778",310,1,2015,2,3,"10/22/2015","Spotted_skunk",2015-10-13 05:34:09,"","","","10/13/2015","5:34:09 AM","10/13/2015","5:41:44 AM",16,21,6,1,0,"N","","",NA,"",""
"13779",310,1,2015,2,3,"10/22/2015","Spotted_skunk",2015-10-15 07:13:49,"","","","10/15/2015","7:13:49 AM","10/15/2015","7:13:51 AM",22,24,3,1,0,"N","Y","",NA,"EK000022","Bait gone between trigger."
"13780",310,1,2015,2,3,"10/22/2015","Spotted_skunk",2015-10-15 21:33:29,"","","","10/15/2015","9:33:29 PM","10/15/2015","9:33:31 PM",25,27,3,1,0,"N","","",NA,"",""
"13781",310,1,2015,2,3,"10/22/2015","Spotted_skunk",2015-10-16 04:20:55,"","","","10/16/2015","4:20:55 AM","10/16/2015","4:23:19 AM",28,33,6,1,0,"N","","",NA,"",""
"13782",310,1,2015,3,1,"9/24/2015","Spotted_skunk",2015-09-12 04:16:21,"","","","9/12/2015","4:16:21 AM","9/12/2015","6:10:11 AM",7,36,30,1,0,"N","","",NA,"",""
"13783",310,1,2015,3,2,"10/8/2015","Spotted_skunk",2015-10-04 06:35:05,"","","","10/4/2015","6:35:05 AM","10/4/2015","6:36:17 AM",244,249,6,1,0,"N","","",NA,"",""
"13784",310,1,2015,3,2,"10/8/2015","Spotted_skunk",2015-10-01 05:23:22,"","","","10/1/2015","5:23:22 AM","10/1/2015","5:23:53 AM",190,195,6,1,0,"N","","",NA,"",""
"13785",310,1,2015,3,2,"10/8/2015","Spotted_skunk",2015-09-29 21:09:22,"","","","9/29/2015","9:09:22 PM","9/29/2015","9:16:16 PM",175,183,9,1,0,"N","","",NA,"",""
"13786",310,1,2015,3,2,"10/8/2015","Spotted_skunk",2015-09-26 20:30:01,"","","","9/26/2015","8:30:01 PM","9/26/2015","9:02:40 PM",7,24,18,1,0,"N","","",NA,"",""
"13787",310,1,2015,3,2,"10/8/2015","Spotted_skunk",2015-09-26 23:01:16,"","","","9/26/2015","11:01:16 PM","9/26/2015","11:30:25 PM",25,33,9,1,0,"N","","",NA,"",""
"13788",310,1,2015,3,2,"10/8/2015","Spotted_skunk",2015-09-27 04:52:15,"","","","9/27/2015","4:52:15 AM","9/27/2015","5:29:20 AM",34,99,66,1,0,"N","","",NA,"",""
"13789",310,1,2015,3,2,"10/8/2015","Spotted_skunk",2015-09-27 23:54:59,"","","","9/27/2015","11:54:59 PM","9/28/2015","12:58:39 AM",100,138,39,1,0,"N","","",NA,"",""
"13790",310,1,2015,3,2,"10/8/2015","Spotted_skunk",2015-09-28 05:38:51,"","","","9/28/2015","5:38:51 AM","9/28/2015","6:11:28 AM",139,162,24,1,0,"N","","",NA,"",""
"13791",310,1,2015,3,2,"10/8/2015","Spotted_skunk",2015-10-02 05:54:11,"","","","10/2/2015","5:54:11 AM","10/2/2015","5:54:13 AM",199,201,3,1,0,"N","","",NA,"",""
"13792",310,1,2015,3,2,"10/8/2015","Spotted_skunk",2015-09-30 00:27:30,"","","","9/30/2015","12:27:30 AM","9/30/2015","12:36:06 AM",184,189,6,1,0,"N","","",NA,"",""
"13793",310,1,2015,3,2,"10/8/2015","Spotted_skunk",2015-10-03 20:10:08,"","","","10/3/2015","8:10:08 PM","10/3/2015","8:20:25 PM",238,243,6,1,0,"N","","",NA,"",""
"13794",310,1,2015,3,2,"10/8/2015","Spotted_skunk",2015-10-02 04:44:40,"","","","10/2/2015","4:44:40 AM","10/2/2015","4:44:41 AM",196,198,3,1,0,"N","","",NA,"",""
"13795",310,1,2015,3,2,"10/8/2015","Spotted_skunk",2015-10-02 22:25:15,"","","","10/2/2015","10:25:15 PM","10/2/2015","10:27:29 PM",205,216,12,1,0,"N","","",NA,"",""
"13796",310,1,2015,3,2,"10/8/2015","Spotted_skunk",2015-10-03 01:00:19,"","","","10/3/2015","1:00:19 AM","10/3/2015","1:06:07 AM",217,222,6,1,0,"N","","",NA,"",""
"13797",310,1,2015,3,2,"10/8/2015","Spotted_skunk",2015-10-03 02:46:05,"","","","10/3/2015","2:46:05 AM","10/3/2015","2:52:19 AM",223,234,12,1,0,"N","","Y",NA,"EK000231","Last time sunk goes near/into TCB- maybe took bait here"
"13798",310,1,2015,3,2,"10/8/2015","Spotted_skunk",2015-09-29 03:50:16,"","","","9/29/2015","3:50:16 AM","9/29/2015","4:01:12 AM",166,174,9,1,0,"N","","",NA,"",""
"13799",310,1,2015,3,2,"10/8/2015","Spotted_skunk",2015-09-28 19:20:55,"","","","9/28/2015","7:20:55 PM","9/28/2015","7:20:56 PM",163,165,3,1,0,"N","","",NA,"",""
"13800",310,1,2015,3,3,"10/22/2015","Spotted_skunk",2015-10-16 17:51:06,"","","","10/16/2015","5:51:06 PM","10/16/2015","7:25:17 PM",199,240,42,1,0,"N","","",NA,"",""
"13801",310,1,2015,3,3,"10/22/2015","Spotted_skunk",2015-10-22 04:49:44,"","","","10/22/2015","4:49:44 AM","10/22/2015","4:49:46 AM",388,390,3,1,0,"N","","",NA,"",""
"13802",310,1,2015,3,3,"10/22/2015","Spotted_skunk",2015-10-21 20:31:07,"","","","10/21/2015","8:31:07 PM","10/21/2015","8:33:39 PM",382,387,6,1,0,"N","","Y",NA,"EK000387","Last time skunk in TCB- bait is most likely gone"
"13803",310,1,2015,3,3,"10/22/2015","Spotted_skunk",2015-10-18 22:19:16,"","","","10/18/2015","10:19:16 PM","10/18/2015","10:19:18 PM",346,348,3,1,0,"N","","",NA,"",""
"13804",310,1,2015,3,3,"10/22/2015","Spotted_skunk",2015-10-18 02:34:05,"","","","10/18/2015","2:34:05 AM","10/18/2015","2:40:45 AM",337,342,6,1,0,"N","","",NA,"",""
"13805",310,1,2015,3,3,"10/22/2015","Spotted_skunk",2015-10-17 20:27:20,"","","","10/17/2015","8:27:20 PM","10/17/2015","8:46:03 PM",328,336,9,1,0,"N","","",NA,"",""
"13806",310,1,2015,3,3,"10/22/2015","Spotted_skunk",2015-10-17 17:10:52,"","","","10/17/2015","5:10:52 PM","10/17/2015","6:59:55 PM",319,327,9,1,0,"N","","",NA,"",""
"13807",310,1,2015,3,3,"10/22/2015","Spotted_skunk",2015-10-17 04:31:38,"","","","10/17/2015","4:31:38 AM","10/17/2015","5:33:19 AM",268,318,51,2,0,"N","","",NA,"",""
"13808",310,1,2015,3,3,"10/22/2015","Spotted_skunk",2015-10-17 01:03:07,"","","","10/17/2015","1:03:07 AM","10/17/2015","2:47:49 AM",247,267,21,1,0,"N","","",NA,"",""
"13809",310,1,2015,3,3,"10/22/2015","Spotted_skunk",2015-10-19 03:41:35,"","","","10/19/2015","3:41:35 AM","10/19/2015","5:46:28 AM",349,360,12,1,0,"N","","",NA,"",""
"13810",310,1,2015,3,3,"10/22/2015","Spotted_skunk",2015-10-21 01:20:32,"","","","10/21/2015","1:20:32 AM","10/21/2015","1:21:30 AM",376,381,6,1,0,"N","","",NA,"",""
"13811",310,1,2015,3,3,"10/22/2015","Spotted_skunk",2015-10-19 22:48:27,"","","","10/19/2015","10:48:27 PM","10/19/2015","11:28:38 PM",361,366,6,1,0,"N","","",NA,"",""
"13812",310,1,2015,3,3,"10/22/2015","Spotted_skunk",2015-10-20 19:57:49,"","","","10/20/2015","7:57:49 PM","10/20/2015","8:02:34 PM",367,375,9,1,0,"N","","",NA,"",""
"13813",310,1,2015,3,3,"10/22/2015","Spotted_skunk",2015-10-16 02:38:49,"","","","10/16/2015","2:38:49 AM","10/16/2015","5:58:01 AM",97,198,102,2,0,"N","","",NA,"",""
"13814",310,1,2015,3,3,"10/22/2015","Spotted_skunk",2015-10-16 01:14:56,"","","","10/16/2015","1:14:56 AM","10/16/2015","1:18:10 AM",88,96,9,1,0,"N","","",NA,"",""
"13815",310,1,2015,3,3,"10/22/2015","Spotted_skunk",2015-10-15 23:27:37,"","","","10/15/2015","11:27:37 PM","10/15/2015","11:34:18 PM",76,87,12,1,0,"N","","",NA,"",""
"13816",310,1,2015,3,3,"10/22/2015","Spotted_skunk",2015-10-15 04:38:54,"","","","10/15/2015","4:38:54 AM","10/15/2015","4:39:29 AM",67,72,6,1,0,"N","","",NA,"",""
"13817",310,1,2015,3,3,"10/22/2015","Spotted_skunk",2015-10-14 02:31:10,"","","","10/14/2015","2:31:10 AM","10/14/2015","2:49:30 AM",52,66,15,1,0,"N","","",NA,"",""
"13818",310,1,2015,3,3,"10/22/2015","Spotted_skunk",2015-10-13 19:40:29,"","","","10/13/2015","7:40:29 PM","10/13/2015","7:40:31 PM",49,51,3,1,0,"N","","",NA,"",""
"13819",310,1,2015,3,3,"10/22/2015","Spotted_skunk",2015-10-13 05:36:30,"","","","10/13/2015","5:36:30 AM","10/13/2015","5:45:42 AM",37,48,12,1,0,"N","","",NA,"",""
"13820",310,1,2015,3,3,"10/22/2015","Spotted_skunk",2015-10-13 03:18:16,"","","","10/13/2015","3:18:16 AM","10/13/2015","3:30:50 AM",31,36,6,1,0,"N","","",NA,"",""
"13821",310,1,2015,3,3,"10/22/2015","Spotted_skunk",2015-10-12 19:00:54,"","","","10/12/2015","7:00:54 PM","10/12/2015","7:59:32 PM",25,30,6,1,0,"N","","",NA,"",""
"13822",310,1,2015,3,3,"10/22/2015","Spotted_skunk",2015-10-11 23:45:38,"","","","10/11/2015","11:45:38 PM","10/11/2015","11:57:17 PM",10,24,15,1,0,"N","","",NA,"",""
"13823",310,1,2015,3,3,"10/22/2015","Spotted_skunk",2015-10-16 22:30:38,"","","","10/16/2015","10:30:38 PM","10/16/2015","10:38:03 PM",241,246,6,1,0,"N","","",NA,"",""
"13824",314,2,2016,1,3,"9/4/2016","Spotted_skunk",2016-08-31 06:02:43,"","","","8/31/2016","6:02:43 AM","8/31/2016","6:02:44 AM",103,105,3,1,0,"N","","",NA,"",""
"13825",314,2,2016,1,3,"9/4/2016","Spotted_skunk",2016-08-31 01:33:24,"","","","8/31/2016","1:33:24 AM","8/31/2016","1:34:03 AM",97,102,6,1,0,"N","","",NA,"",""
"13826",314,2,2016,1,3,"9/4/2016","Spotted_skunk",2016-08-30 20:56:07,"","","","8/30/2016","8:56:07 PM","8/30/2016","8:56:09 PM",94,96,3,1,0,"N","","",NA,"",""
"13827",314,2,2016,1,3,"9/4/2016","Spotted_skunk",2016-08-30 04:37:54,"","","","8/30/2016","4:37:54 AM","8/30/2016","4:37:58 AM",91,93,3,1,0,"N","","",NA,"",""
"13828",314,2,2016,1,3,"9/4/2016","Spotted_skunk",2016-08-29 22:23:12,"","","","8/29/2016","10:23:12 PM","8/29/2016","10:27:41 PM",82,90,9,1,0,"N","","",NA,"",""
"13829",314,2,2016,1,3,"9/4/2016","Spotted_skunk",2016-08-29 05:14:37,"","","","8/29/2016","5:14:37 AM","8/29/2016","5:16:36 AM",67,81,15,1,0,"N","","",NA,"",""
"13830",314,2,2016,1,3,"9/4/2016","Spotted_skunk",2016-08-28 23:52:30,"","","","8/28/2016","11:52:30 PM","8/29/2016","2:09:05 AM",49,66,18,1,0,"N","","",NA,"",""
"13831",314,2,2016,1,3,"9/4/2016","Spotted_skunk",2016-08-31 22:38:01,"","","","8/31/2016","10:38:01 PM","8/31/2016","10:38:02 PM",106,108,3,1,0,"N","","",NA,"",""
"13832",314,2,2016,1,3,"9/4/2016","Spotted_skunk",2016-09-03 22:26:17,"","","","9/3/2016","10:26:17 PM","9/3/2016","10:26:47 PM",148,156,9,1,0,"N","","",NA,"",""
"13833",314,2,2016,1,3,"9/4/2016","Spotted_skunk",2016-09-01 00:15:40,"","","","9/1/2016","12:15:40 AM","9/1/2016","12:15:42 AM",109,111,3,1,0,"N","","",NA,"",""
"13834",314,2,2016,1,3,"9/4/2016","Spotted_skunk",2016-09-01 04:48:16,"","","","9/1/2016","4:48:16 AM","9/1/2016","4:48:18 AM",112,114,3,1,0,"N","","",NA,"",""
"13835",314,2,2016,1,3,"9/4/2016","Spotted_skunk",2016-09-01 23:41:27,"","","","9/1/2016","11:41:27 PM","9/1/2016","11:41:39 PM",115,120,6,1,0,"N","","",NA,"",""
"13836",314,2,2016,1,3,"9/4/2016","Spotted_skunk",2016-09-02 01:39:45,"","","","9/2/2016","1:39:45 AM","9/2/2016","1:45:57 AM",121,126,6,1,0,"N","","",NA,"",""
"13837",314,2,2016,1,3,"9/4/2016","Spotted_skunk",2016-09-02 05:50:05,"","","","9/2/2016","5:50:05 AM","9/2/2016","5:50:06 AM",127,129,3,1,0,"N","","",NA,"",""
"13838",314,2,2016,1,3,"9/4/2016","Spotted_skunk",2016-09-02 21:44:19,"","","","9/2/2016","9:44:19 PM","9/2/2016","9:45:42 PM",130,135,6,1,0,"N","","",NA,"",""
"13839",314,2,2016,1,3,"9/4/2016","Spotted_skunk",2016-09-03 05:01:15,"","","","9/3/2016","5:01:15 AM","9/3/2016","5:01:31 AM",142,147,6,1,0,"N","","",NA,"",""
"13840",314,2,2016,1,3,"9/4/2016","Spotted_skunk",2016-08-23 23:47:30,"","","","8/23/2016","11:47:30 PM","8/23/2016","11:49:07 PM",28,33,6,1,0,"N","","",NA,"",""
"13841",314,2,2016,1,3,"9/4/2016","Spotted_skunk",2016-09-03 23:35:41,"","","","9/3/2016","11:35:41 PM","9/3/2016","11:35:42 PM",157,159,3,1,0,"N","","",NA,"",""
"13842",314,2,2016,1,3,"9/4/2016","Spotted_skunk",2016-09-04 04:47:42,"","","","9/4/2016","4:47:42 AM","9/4/2016","4:47:54 AM",160,165,6,1,0,"N","","",NA,"",""
"13843",314,2,2016,1,3,"9/4/2016","Spotted_skunk",2016-09-03 03:22:04,"","","","9/3/2016","3:22:04 AM","9/3/2016","3:23:22 AM",136,141,6,1,0,"N","","",NA,"",""
"13844",314,2,2016,2,3,"9/4/2016","Spotted_skunk",2016-09-02 02:27:41,"","","","9/2/2016","2:27:41 AM","9/2/2016","2:31:01 AM",244,249,6,1,0,"N","","",NA,"",""
"13845",314,2,2016,2,3,"9/4/2016","Spotted_skunk",2016-08-31 02:26:43,"","","","8/31/2016","2:26:43 AM","8/31/2016","3:14:28 AM",235,240,6,1,0,"N","","",NA,"",""
"13846",314,2,2016,2,3,"9/4/2016","Spotted_skunk",2016-08-30 01:43:15,"","","","8/30/2016","1:43:15 AM","8/30/2016","1:43:16 AM",229,231,3,1,0,"N","","",NA,"",""
"13847",314,2,2016,2,3,"9/4/2016","Spotted_skunk",2016-08-31 05:16:21,"","","","8/31/2016","5:16:21 AM","8/31/2016","5:16:22 AM",241,243,3,1,0,"N","","",NA,"",""
"13848",314,2,2016,2,3,"9/4/2016","Spotted_skunk",2016-09-03 21:16:40,"","","","9/3/2016","9:16:40 PM","9/3/2016","9:19:09 PM",250,255,6,1,0,"N","","",NA,"",""
"13849",320,1,2015,2,2,"10/21/2015","Spotted_skunk",2015-10-12 23:20:28,"","","","10/12/2015","11:20:28 PM","10/12/2015","11:20:30 PM",46,48,3,1,NA,"","","",NA,"",""
"13850",320,1,2015,2,2,"10/21/2015","Spotted_skunk",2015-10-12 06:16:31,"","","","10/12/2015","6:16:31 AM","10/12/2015","6:18:49 AM",37,45,9,1,NA,"","","",NA,"",""
"13851",320,1,2015,2,2,"10/21/2015","Spotted_skunk",2015-10-13 23:06:45,"","","","10/13/2015","11:06:45 PM","10/13/2015","11:06:47 PM",58,60,3,1,NA,"","","",NA,"",""
"13852",320,1,2015,2,2,"10/21/2015","Spotted_skunk",2015-10-13 20:47:22,"","","","10/13/2015","8:47:22 PM","10/13/2015","8:47:24 PM",52,54,3,1,NA,"","","",NA,"",""
"13853",320,1,2015,2,2,"10/21/2015","Spotted_skunk",2015-10-21 02:41:05,"","","","10/21/2015","2:41:05 AM","10/21/2015","2:50:31 AM",79,93,15,1,NA,"","","",NA,"",""
"13854",320,1,2015,2,3,"11/4/2015","Spotted_skunk",2015-11-03 04:35:32,"","","","11/3/2015","4:35:32 AM","11/3/2015","4:56:11 AM",112,135,24,1,NA,"","","",NA,"",""
"13855",320,1,2015,2,3,"11/4/2015","Spotted_skunk",2015-11-03 23:29:32,"","","","11/3/2015","11:29:32 PM","11/3/2015","11:40:27 PM",142,156,15,1,NA,"","","",NA,"",""
"13856",320,1,2015,3,1,"10/7/2015","Spotted_skunk",2015-09-28 01:02:24,"","","","9/28/2015","1:02:24 AM","9/28/2015","1:13:33 AM",76,84,9,1,NA,"","","",NA,"",""
"13857",320,1,2015,3,1,"10/7/2015","Spotted_skunk",2015-09-28 03:00:04,"","","","9/28/2015","3:00:04 AM","9/28/2015","3:38:58 AM",85,90,6,1,NA,"","","",NA,"",""
"13858",320,1,2015,3,2,"10/21/2015","Spotted_skunk",2015-10-10 05:09:47,"","","","10/10/2015","5:09:47 AM","10/10/2015","5:09:49 AM",64,66,3,1,NA,"","","",NA,"",""
"13859",320,1,2015,3,2,"10/21/2015","Spotted_skunk",2015-10-13 02:01:06,"","","","10/13/2015","2:01:06 AM","10/13/2015","2:59:18 AM",73,84,12,1,NA,"","Y","",NA,"",""
"13860",321,1,2014,2,3,"10/30/2014","Spotted_skunk",2014-10-20 06:18:27,"","","","10/20/2014","6:18:27 AM","10/20/2014","6:18:38 AM",37,42,6,1,0,"N","","",NA,"",""
"13861",321,2,2016,3,1,"8/8/2016","Spotted_skunk",2016-07-26 23:38:58,"","","","7/26/2016","11:38:58 PM","7/26/2016","11:39:25 PM",7,12,6,1,0,"N","","",NA,"",""
"13862",352,1,2014,1,1,"10/4/2014","Spotted_skunk",2014-09-25 00:40:14,"","","","9/25/2014","12:40:14 AM","9/25/2014","12:48:29 AM",13,21,9,1,0,"N","","",NA,"",""
"13863",352,1,2014,1,1,"10/4/2014","Spotted_skunk",2014-09-29 01:11:56,"","","","9/29/2014","1:11:56 AM","9/29/2014","1:13:15 AM",58,66,9,1,0,"N","","",NA,"",""
"13864",352,1,2014,1,1,"10/4/2014","Spotted_skunk",2014-09-30 02:30:03,"","","","9/30/2014","2:30:03 AM","9/30/2014","2:30:26 AM",70,75,6,1,0,"N","","",NA,"",""
"13865",352,1,2014,1,1,"10/4/2014","Spotted_skunk",2014-09-26 05:52:02,"","","","9/26/2014","5:52:02 AM","9/26/2014","5:52:04 AM",31,33,3,1,0,"N","","",NA,"",""
"13866",352,1,2014,1,1,"10/4/2014","Spotted_skunk",2014-09-26 04:40:28,"","","","9/26/2014","4:40:28 AM","9/26/2014","4:40:30 AM",28,30,3,1,0,"N","","",NA,"2014_H352_S1_V1_E4_Skunk_Goes_inCubby_EK000030","Skunk goes in cubby to get bait"
"13867",352,1,2014,1,1,"10/4/2014","Spotted_skunk",2014-09-28 04:59:37,"","","","9/28/2014","4:59:37 AM","9/28/2014","5:43:55 AM",34,51,18,1,0,"N","","",NA,"",""
"13868",352,1,2014,1,1,"10/4/2014","Spotted_skunk",2014-09-26 02:21:35,"","","","9/26/2014","2:21:35 AM","9/26/2014","2:21:50 AM",22,27,6,1,0,"N","","",NA,"",""
"13869",352,1,2014,1,1,"10/4/2014","Spotted_skunk",2014-10-04 01:01:01,"","","","10/4/2014","1:01:01 AM","10/4/2014","1:01:03 AM",76,78,3,1,0,"N","","",NA,"",""
"13870",352,1,2014,1,1,"10/4/2014","Spotted_skunk",2014-09-24 06:06:15,"","","","9/24/2014","6:06:15 AM","9/24/2014","6:06:25 AM",7,12,6,1,0,"N","","",NA,"",""
"13871",352,1,2014,1,2,"10/18/2014","Spotted_skunk",2014-10-12 04:35:18,"","","","10/12/2014","4:35:18 AM","10/12/2014","4:35:30 AM",28,33,6,1,0,"N","","",NA,"",""
"13872",352,1,2014,1,2,"10/18/2014","Spotted_skunk",2014-10-16 01:33:14,"","","","10/16/2014","1:33:14 AM","10/16/2014","1:33:18 AM",40,42,3,1,0,"N","","",NA,"2014_H352_S1_V2_E7_skunk_in_TCB_EK000042","Skunk in TCB"
"13873",352,1,2014,1,2,"10/18/2014","Spotted_skunk",2014-10-09 05:55:16,"","","","10/9/2014","5:55:16 AM","10/9/2014","6:32:35 AM",4,21,18,1,0,"N","","",NA,"",""
"13874",352,1,2014,1,3,"11/1/2014","Spotted_skunk",2014-10-28 20:28:07,"","","","10/28/2014","8:28:07 PM","10/28/2014","8:28:11 PM",121,123,3,1,0,"N","","",NA,"",""
"13875",352,1,2014,1,3,"11/1/2014","Spotted_skunk",2014-10-30 05:18:47,"","","","10/30/2014","5:18:47 AM","10/30/2014","5:18:48 AM",154,156,3,1,0,"N","","",NA,"",""
"13876",352,1,2014,1,3,"11/1/2014","Spotted_skunk",2014-10-24 06:19:00,"","","","10/24/2014","6:19:00 AM","10/24/2014","6:19:14 AM",67,72,6,1,0,"N","","",NA,"",""
"13877",352,1,2014,1,3,"11/1/2014","Spotted_skunk",2014-10-21 06:56:24,"","","","10/21/2014","6:56:24 AM","10/21/2014","6:56:26 AM",37,39,3,1,0,"N","","",NA,"",""
"13878",352,1,2014,1,3,"11/1/2014","Spotted_skunk",2014-10-23 19:21:14,"","","","10/23/2014","7:21:14 PM","10/23/2014","7:22:31 PM",46,54,9,1,0,"N","","",NA,"",""
"13879",352,1,2014,1,3,"11/1/2014","Spotted_skunk",2014-10-23 21:38:21,"","","","10/23/2014","9:38:21 PM","10/23/2014","9:40:02 PM",55,60,6,1,0,"N","","",NA,"",""
"13880",352,1,2014,1,3,"11/1/2014","Spotted_skunk",2014-10-24 01:46:07,"","","","10/24/2014","1:46:07 AM","10/24/2014","1:46:08 AM",64,66,3,1,0,"N","","",NA,"",""
"13881",352,1,2014,1,3,"11/1/2014","Spotted_skunk",2014-10-24 21:32:34,"","","","10/24/2014","9:32:34 PM","10/24/2014","9:46:21 PM",73,84,12,1,0,"N","","",NA,"",""
"13882",352,1,2014,1,3,"11/1/2014","Spotted_skunk",2014-10-25 20:03:51,"","","","10/25/2014","8:03:51 PM","10/25/2014","8:03:53 PM",85,87,3,1,0,"N","","",NA,"",""
"13883",352,1,2014,2,1,"10/4/2014","Spotted_skunk",2014-10-02 06:19:51,"","","","10/2/2014","6:19:51 AM","10/2/2014","6:22:10 AM",28,36,9,1,0,"N","","",NA,"","change to 10/2014, subtract 11 days, add 9 hrs"
"13884",352,1,2014,2,1,"10/4/2014","Spotted_skunk",2014-10-02 00:38:58,"","","","10/2/2014","12:38:58 AM","10/2/2014","1:08:15 AM",7,15,9,1,0,"N","","",NA,"","change to 10/2014, subtract 11 days, add 9 hrs"
"13885",352,1,2014,2,1,"10/4/2014","Spotted_skunk",2014-10-02 20:43:38,"","","","10/2/2014","8:43:38 PM","10/2/2014","8:43:40 PM",37,39,3,1,0,"N","","",NA,"","change to 10/2014, subtract 11 days, add 9 hrs"
"13886",352,1,2014,2,1,"10/4/2014","Spotted_skunk",2014-10-02 02:13:07,"","","","10/2/2014","2:13:07 AM","10/2/2014","2:13:18 AM",16,21,6,1,0,"N","","",NA,"","change to 10/2014, subtract 11 days, add 9 hrs"
"13887",352,1,2014,2,1,"10/4/2014","Spotted_skunk",2014-10-02 04:54:21,"","","","10/2/2014","4:54:21 AM","10/2/2014","4:57:59 AM",22,27,6,1,0,"N","","",NA,"","change to 10/2014, subtract 11 days, add 9 hrs"
"13888",352,1,2014,2,1,"10/4/2014","Spotted_skunk",2014-10-03 02:44:54,"","","","10/3/2014","2:44:54 AM","10/3/2014","2:44:55 AM",40,42,3,1,0,"N","","",NA,"","change to 10/2014, subtract 11 days, add 9 hrs"
"13889",352,1,2014,2,1,"10/4/2014","Spotted_skunk",2014-10-03 03:48:21,"","","","10/3/2014","3:48:21 AM","10/3/2014","4:03:06 AM",43,51,9,1,0,"N","","",NA,"","change to 10/2014, subtract 11 days, add 9 hrs"
"13890",352,1,2014,2,2,"10/18/2014","Spotted_skunk",2014-10-09 05:03:20,"","","","10/9/2014","5:03:20 AM","10/9/2014","5:03:21 AM",10,12,3,1,0,"N","","",NA,"2014_H352_S2_V2_E2_Skunk_in_TCB_EK000010","Skunk in TCB"
"13891",352,1,2014,2,2,"10/18/2014","Spotted_skunk",2014-10-09 19:37:12,"","","","10/9/2014","7:37:12 PM","10/9/2014","7:37:14 PM",16,18,3,1,0,"N","","",NA,"",""
"13892",352,1,2014,2,2,"10/18/2014","Spotted_skunk",2014-10-09 06:16:33,"","","","10/9/2014","6:16:33 AM","10/9/2014","6:16:34 AM",13,15,3,1,0,"N","","",NA,"",""
"13893",352,1,2014,2,2,"10/18/2014","Spotted_skunk",2014-10-10 00:59:53,"","","","10/10/2014","12:59:53 AM","10/10/2014","12:59:55 AM",19,21,3,1,0,"N","","",NA,"",""
"13894",352,1,2014,2,2,"10/18/2014","Spotted_skunk",2014-10-07 02:00:59,"","","","10/7/2014","2:00:59 AM","10/7/2014","2:01:00 AM",7,9,3,1,0,"N","","",NA,"",""
"13895",352,1,2014,2,2,"10/18/2014","Spotted_skunk",2014-10-11 05:55:58,"","","","10/11/2014","5:55:58 AM","10/11/2014","5:56:02 AM",28,30,3,1,0,"N","","",NA,"",""
"13896",352,1,2014,2,2,"10/18/2014","Spotted_skunk",2014-10-15 06:17:14,"","","","10/15/2014","6:17:14 AM","10/15/2014","6:17:15 AM",94,96,3,1,0,"N","","",NA,"",""
"13897",352,1,2014,2,2,"10/18/2014","Spotted_skunk",2014-10-13 04:14:35,"","","","10/13/2014","4:14:35 AM","10/13/2014","4:33:59 AM",31,45,15,1,0,"N","","",NA,"",""
"13898",352,1,2014,2,2,"10/18/2014","Spotted_skunk",2014-10-13 23:52:36,"","","","10/13/2014","11:52:36 PM","10/13/2014","11:52:37 PM",55,57,3,1,0,"N","","",NA,"",""
"13899",352,1,2014,2,2,"10/18/2014","Spotted_skunk",2014-10-13 22:27:41,"","","","10/13/2014","10:27:41 PM","10/13/2014","10:41:32 PM",49,54,6,1,0,"N","","",NA,"",""
"13900",352,1,2014,2,2,"10/18/2014","Spotted_skunk",2014-10-10 03:40:15,"","","","10/10/2014","3:40:15 AM","10/10/2014","3:40:57 AM",22,27,6,1,0,"N","","",NA,"",""
"13901",352,1,2014,2,2,"10/18/2014","Spotted_skunk",2014-10-15 01:01:28,"","","","10/15/2014","1:01:28 AM","10/15/2014","1:26:53 AM",79,93,15,1,0,"N","","",NA,"",""
"13902",352,1,2014,2,2,"10/18/2014","Spotted_skunk",2014-10-17 01:29:32,"","","","10/17/2014","1:29:32 AM","10/17/2014","1:31:41 AM",127,132,6,1,0,"N","","",NA,"",""
"13903",352,1,2014,2,2,"10/18/2014","Spotted_skunk",2014-10-14 21:39:50,"","","","10/14/2014","9:39:50 PM","10/14/2014","9:59:09 PM",64,78,15,1,0,"N","","",NA,"",""
"13904",352,1,2014,2,2,"10/18/2014","Spotted_skunk",2014-10-18 02:39:00,"","","","10/18/2014","2:39:00 AM","10/18/2014","2:39:01 AM",133,135,3,1,0,"N","","",NA,"",""
"13905",352,1,2014,2,2,"10/18/2014","Spotted_skunk",2014-10-16 05:57:35,"","","","10/16/2014","5:57:35 AM","10/16/2014","6:11:27 AM",97,126,30,1,0,"N","","",NA,"",""
"13906",352,1,2014,2,2,"10/18/2014","Spotted_skunk",2014-10-14 07:06:27,"","","","10/14/2014","7:06:27 AM","10/14/2014","7:10:00 AM",58,63,6,1,0,"N","","",NA,"",""
"13907",352,1,2014,2,3,"11/1/2014","Spotted_skunk",2014-10-20 19:03:27,"","","","10/20/2014","7:03:27 PM","10/20/2014","7:03:28 PM",10,12,3,1,0,"N","","",NA,"",""
"13908",352,1,2014,2,3,"11/1/2014","Spotted_skunk",2014-10-23 05:24:43,"","","","10/23/2014","5:24:43 AM","10/23/2014","5:24:45 AM",16,18,3,1,0,"N","","",NA,"",""
"13909",352,1,2014,2,3,"11/1/2014","Spotted_skunk",2014-11-01 02:19:51,"","","","11/1/2014","2:19:51 AM","11/1/2014","2:20:18 AM",64,69,6,1,0,"N","","",NA,"",""
"13910",352,1,2014,2,3,"11/1/2014","Spotted_skunk",2014-10-29 01:23:58,"","","","10/29/2014","1:23:58 AM","10/29/2014","1:24:00 AM",58,60,3,1,0,"N","","",NA,"",""
"13911",352,1,2014,2,3,"11/1/2014","Spotted_skunk",2014-10-18 21:04:29,"","","","10/18/2014","9:04:29 PM","10/18/2014","9:04:33 PM",7,9,3,1,0,"N","","",NA,"",""
"13912",352,1,2014,2,3,"11/1/2014","Spotted_skunk",2014-10-23 20:52:54,"","","","10/23/2014","8:52:54 PM","10/23/2014","9:12:03 PM",19,27,9,1,0,"N","","",NA,"",""
"13913",352,1,2014,2,3,"11/1/2014","Spotted_skunk",2014-10-23 23:34:55,"","","","10/23/2014","11:34:55 PM","10/23/2014","11:46:43 PM",28,33,6,1,0,"N","","",NA,"",""
"13914",352,1,2014,2,3,"11/1/2014","Spotted_skunk",2014-10-27 05:25:17,"","","","10/27/2014","5:25:17 AM","10/27/2014","5:25:36 AM",34,39,6,1,0,"N","","",NA,"",""
"13915",352,1,2014,2,3,"11/1/2014","Spotted_skunk",2014-10-21 00:32:20,"","","","10/21/2014","12:32:20 AM","10/21/2014","12:32:21 AM",13,15,3,1,0,"N","","",NA,"",""
"13916",352,1,2014,2,3,"11/1/2014","Spotted_skunk",2014-10-27 19:32:51,"","","","10/27/2014","7:32:51 PM","10/27/2014","7:35:44 PM",40,48,9,1,0,"N","","",NA,"",""
"13917",352,1,2014,2,3,"11/1/2014","Spotted_skunk",2014-10-28 04:29:31,"","","","10/28/2014","4:29:31 AM","10/28/2014","4:30:11 AM",49,57,9,1,0,"N","","",NA,"",""
"13918",352,1,2014,3,1,"10/4/2014","Spotted_skunk",2014-09-30 00:49:08,"","","","9/30/2014","12:49:08 AM","9/30/2014","12:49:09 AM",25,27,3,1,0,"N","","",NA,"","change to Sept 2014, add 9 days and 9 hrs"
"13919",352,1,2014,3,1,"10/4/2014","Spotted_skunk",2014-10-03 05:56:45,"","","","10/3/2014","5:56:45 AM","10/3/2014","5:56:46 AM",31,33,3,1,0,"N","","",NA,"","change to Sept 2014, add 9 days and 9 hrs"
"13920",352,1,2014,3,1,"10/4/2014","Spotted_skunk",2014-10-01 04:32:08,"","","","10/1/2014","4:32:08 AM","10/1/2014","4:32:09 AM",28,30,3,1,0,"N","","",NA,"","change to Sept 2014, add 9 days and 9 hrs"
"13921",352,1,2014,3,1,"10/4/2014","Spotted_skunk",2014-10-04 04:54:39,"","","","10/4/2014","4:54:39 AM","10/4/2014","4:54:41 AM",34,36,3,1,0,"N","","",NA,"","change to Sept 2014, add 9 days and 9 hrs"
"13922",352,1,2014,3,2,"10/18/2014","Spotted_skunk",2014-10-08 04:34:55,"","","","10/8/2014","4:34:55 AM","10/8/2014","5:14:38 AM",10,18,9,1,0,"N","","",NA,"",""
"13923",352,1,2014,3,2,"10/18/2014","Spotted_skunk",2014-10-13 20:01:31,"","","","10/13/2014","8:01:31 PM","10/13/2014","8:59:24 PM",31,36,6,1,0,"N","","",NA,"",""
"13924",352,1,2014,3,2,"10/18/2014","Spotted_skunk",2014-10-08 06:50:16,"","","","10/8/2014","6:50:16 AM","10/8/2014","6:50:17 AM",19,21,3,1,0,"N","","",NA,"",""
"13925",352,1,2014,3,2,"10/18/2014","Spotted_skunk",2014-10-08 01:42:56,"","","","10/8/2014","1:42:56 AM","10/8/2014","1:43:04 AM",7,9,3,1,0,"N","","",NA,"",""
"13926",352,1,2014,3,2,"10/18/2014","Spotted_skunk",2014-10-05 03:50:04,"","","","10/5/2014","3:50:04 AM","10/5/2014","3:50:06 AM",4,6,3,1,0,"N","","",NA,"",""
"13927",352,1,2014,3,3,"11/1/2014","Spotted_skunk",2014-10-27 04:57:46,"","","","10/27/2014","4:57:46 AM","10/27/2014","4:58:18 AM",37,42,6,1,0,"N","","",NA,"",""
"13928",352,1,2014,3,3,"11/1/2014","Spotted_skunk",2014-10-24 21:38:55,"","","","10/24/2014","9:38:55 PM","10/24/2014","9:45:18 PM",31,36,6,1,0,"N","","",NA,"",""
"13929",352,1,2014,3,3,"11/1/2014","Spotted_skunk",2014-10-27 19:27:08,"","","","10/27/2014","7:27:08 PM","10/27/2014","7:31:05 PM",43,48,6,1,0,"N","","",NA,"",""
"13930",352,2,2016,1,1,"6/9/2016","Spotted_skunk",2016-06-05 23:35:29,"","","","6/5/2016","11:35:29 PM","6/6/2016","12:23:39 AM",178,195,18,1,0,"N","","",NA,"",""
"13931",352,2,2016,1,1,"6/9/2016","Spotted_skunk",2016-05-31 22:43:29,"","","","5/31/2016","10:43:29 PM","5/31/2016","11:03:41 PM",130,144,15,1,0,"N","","",NA,"",""
"13932",352,2,2016,1,1,"6/9/2016","Spotted_skunk",2016-06-02 23:04:09,"","","","6/2/2016","11:04:09 PM","6/2/2016","11:04:29 PM",145,150,6,1,0,"N","","",NA,"",""
"13933",352,2,2016,1,1,"6/9/2016","Spotted_skunk",2016-06-03 00:54:36,"","","","6/3/2016","12:54:36 AM","6/3/2016","12:54:37 AM",151,153,3,1,0,"N","","",NA,"",""
"13934",352,2,2016,1,1,"6/9/2016","Spotted_skunk",2016-06-04 00:45:00,"","","","6/4/2016","12:45:00 AM","6/4/2016","12:50:15 AM",163,177,15,1,0,"N","","",NA,"",""
"13935",352,2,2016,1,1,"6/9/2016","Spotted_skunk",2016-05-28 23:52:12,"","","","5/28/2016","11:52:12 PM","5/29/2016","12:44:17 AM",16,27,12,1,0,"N","","",NA,"",""
"13936",352,2,2016,1,1,"6/9/2016","Spotted_skunk",2016-06-03 04:11:13,"","","","6/3/2016","4:11:13 AM","6/3/2016","4:29:07 AM",154,162,9,1,0,"N","","",NA,"",""
"13937",352,2,2016,1,1,"6/9/2016","Spotted_skunk",2016-05-30 04:31:48,"","","","5/30/2016","4:31:48 AM","5/30/2016","4:47:19 AM",70,78,9,1,0,"N","","",NA,"",""
"13938",352,2,2016,1,1,"6/9/2016","Spotted_skunk",2016-05-29 22:43:38,"","","","5/29/2016","10:43:38 PM","5/29/2016","11:09:33 PM",37,69,33,1,0,"N","","",NA,"",""
"13939",352,2,2016,1,1,"6/9/2016","Spotted_skunk",2016-05-30 23:04:44,"","","","5/30/2016","11:04:44 PM","5/30/2016","11:19:31 PM",82,90,9,1,0,"N","","",NA,"",""
"13940",352,2,2016,1,1,"6/9/2016","Spotted_skunk",2016-05-29 04:37:27,"","","","5/29/2016","4:37:27 AM","5/29/2016","4:40:00 AM",28,36,9,1,0,"N","","",NA,"",""
"13941",352,2,2016,1,1,"6/9/2016","Spotted_skunk",2016-05-31 01:32:44,"","","","5/31/2016","1:32:44 AM","5/31/2016","2:25:04 AM",91,129,39,1,0,"N","","",NA,"",""
"13942",352,2,2016,1.1,2,"6/23/2016","Spotted_skunk",2016-06-10 00:46:50,"","","","6/10/2016","12:46:50 AM","6/10/2016","3:54:39 AM",22,57,36,1,0,"N","","",NA,"",""
"13943",352,2,2016,1.1,2,"6/23/2016","Spotted_skunk",2016-06-09 22:50:47,"","","","6/9/2016","10:50:47 PM","6/9/2016","10:50:51 PM",19,21,3,1,0,"N","","",NA,"",""
"13944",352,2,2016,1.1,2,"6/23/2016","Spotted_skunk",2016-06-11 02:27:31,"","","","6/11/2016","2:27:31 AM","6/11/2016","3:43:30 AM",82,114,33,1,0,"N","","",NA,"",""
"13945",352,2,2016,1.1,2,"6/23/2016","Spotted_skunk",2016-06-11 00:58:22,"","","","6/11/2016","12:58:22 AM","6/11/2016","1:10:30 AM",76,81,6,1,0,"N","","",NA,"",""
"13946",352,2,2016,1.1,2,"6/23/2016","Spotted_skunk",2016-06-10 23:05:11,"","","","6/10/2016","11:05:11 PM","6/10/2016","11:43:14 PM",64,75,12,1,0,"N","","",NA,"",""
"13947",352,2,2016,1.1,2,"6/23/2016","Spotted_skunk",2016-06-11 21:44:01,"","","","6/11/2016","9:44:01 PM","6/11/2016","9:50:13 PM",133,141,9,1,0,"N","","",NA,"",""
"13948",352,2,2016,1.1,2,"6/23/2016","Spotted_skunk",2016-06-15 03:19:51,"","","","6/15/2016","3:19:51 AM","6/15/2016","3:20:39 AM",205,213,9,1,0,"N","","Y",NA,"207","last time skunk in TCB"
"13949",352,2,2016,1.1,2,"6/23/2016","Spotted_skunk",2016-06-11 23:34:46,"","","","6/11/2016","11:34:46 PM","6/11/2016","11:34:50 PM",142,144,3,1,0,"N","","",NA,"",""
"13950",352,2,2016,1.1,2,"6/23/2016","Spotted_skunk",2016-06-12 01:09:16,"","","","6/12/2016","1:09:16 AM","6/12/2016","1:14:43 AM",145,156,12,1,0,"N","","",NA,"",""
"13951",352,2,2016,1.1,2,"6/23/2016","Spotted_skunk",2016-06-12 03:50:57,"","","","6/12/2016","3:50:57 AM","6/12/2016","3:51:01 AM",157,159,3,1,0,"N","","",NA,"",""
"13952",352,2,2016,1.1,2,"6/23/2016","Spotted_skunk",2016-06-12 23:38:18,"","","","6/12/2016","11:38:18 PM","6/13/2016","12:06:58 AM",166,186,21,1,0,"N","Y","",NA,"174","bait gone, skunk"
"13953",352,2,2016,1.1,2,"6/23/2016","Spotted_skunk",2016-06-20 01:43:24,"","","","6/20/2016","1:43:24 AM","6/20/2016","1:43:25 AM",286,288,3,1,0,"N","","",NA,"",""
"13954",352,2,2016,1.1,2,"6/23/2016","Spotted_skunk",2016-06-18 03:03:52,"","","","6/18/2016","3:03:52 AM","6/18/2016","3:03:53 AM",259,261,3,1,0,"N","","",NA,"",""
"13955",352,2,2016,1.1,3,"7/7/2016","Spotted_skunk",2016-06-29 23:18:16,"","","","6/29/2016","11:18:16 PM","6/30/2016","12:42:19 AM",115,162,48,1,0,"N","","",NA,"",""
"13956",352,2,2016,1.1,3,"7/7/2016","Spotted_skunk",2016-07-02 02:02:20,"","","","7/2/2016","2:02:20 AM","7/2/2016","2:02:31 AM",169,174,6,2,0,"N","","",NA,"",""
"13957",352,2,2016,1.1,3,"7/7/2016","Spotted_skunk",2016-07-04 03:42:33,"","","","7/4/2016","3:42:33 AM","7/4/2016","3:57:12 AM",175,192,18,1,0,"N","Y","Y",NA,"177, 186","bait gone, last time skunk in TCB"
"13958",352,2,2016,1.1,3,"7/7/2016","Spotted_skunk",2016-06-28 03:00:39,"","","","6/28/2016","3:00:39 AM","6/28/2016","3:00:41 AM",43,45,3,1,0,"N","","",NA,"",""
"13959",352,2,2016,1.1,3,"7/7/2016","Spotted_skunk",2016-06-29 21:04:51,"","","","6/29/2016","9:04:51 PM","6/29/2016","9:11:26 PM",100,114,15,1,0,"N","","",NA,"",""
"13960",352,2,2016,1.1,3,"7/7/2016","Spotted_skunk",2016-06-29 04:04:24,"","","","6/29/2016","4:04:24 AM","6/29/2016","4:17:43 AM",88,99,12,1,0,"N","","",NA,"",""
"13961",352,2,2016,1.1,3,"7/7/2016","Spotted_skunk",2016-06-29 01:12:19,"","","","6/29/2016","1:12:19 AM","6/29/2016","2:37:27 AM",58,87,30,1,0,"N","","",NA,"",""
"13962",352,2,2016,1.1,3,"7/7/2016","Spotted_skunk",2016-06-28 20:11:28,"","","","6/28/2016","8:11:28 PM","6/28/2016","8:20:43 PM",46,57,12,1,0,"N","","",NA,"",""
"13963",352,2,2016,1.1,3,"7/7/2016","Spotted_skunk",2016-06-27 03:01:32,"","","","6/27/2016","3:01:32 AM","6/27/2016","3:02:28 AM",19,24,6,1,0,"N","","",NA,"",""
"13964",352,2,2016,1.1,3,"7/7/2016","Spotted_skunk",2016-06-27 22:06:50,"","","","6/27/2016","10:06:50 PM","6/27/2016","10:17:27 PM",28,42,15,1,0,"N","","",NA,"",""
"13965",352,2,2016,1.1,3,"7/7/2016","Spotted_skunk",2016-07-01 22:20:17,"","","","7/1/2016","10:20:17 PM","7/1/2016","10:20:19 PM",166,168,3,1,0,"N","","",NA,"",""
"13966",352,2,2016,2,1,"6/9/2016","Spotted_skunk",2016-06-02 03:43:29,"","","","6/2/2016","3:43:29 AM","6/2/2016","3:44:16 AM",49,54,6,1,0,"N","","",NA,"",""
"13967",352,2,2016,2,1,"6/9/2016","Spotted_skunk",2016-06-02 22:39:48,"","","","6/2/2016","10:39:48 PM","6/2/2016","10:44:33 PM",55,60,6,1,0,"N","","",NA,"",""
"13968",352,2,2016,2,2,"6/23/2016","Spotted_skunk",2016-06-09 23:15:45,"","","","6/9/2016","11:15:45 PM","6/9/2016","11:44:06 PM",10,30,21,1,0,"N","","",NA,"",""
"13969",352,2,2016,2,2,"6/23/2016","Spotted_skunk",2016-06-13 04:26:55,"","","","6/13/2016","4:26:55 AM","6/13/2016","4:32:59 AM",154,168,15,1,0,"N","","",NA,"",""
"13970",352,2,2016,2,2,"6/23/2016","Spotted_skunk",2016-06-18 02:51:02,"","","","6/18/2016","2:51:02 AM","6/18/2016","2:52:30 AM",205,210,6,1,0,"N","","",NA,"",""
"13971",352,2,2016,2,2,"6/23/2016","Spotted_skunk",2016-06-17 01:13:11,"","","","6/17/2016","1:13:11 AM","6/17/2016","1:14:29 AM",196,204,9,1,0,"N","","",NA,"",""
"13972",352,2,2016,2,2,"6/23/2016","Spotted_skunk",2016-06-16 02:56:48,"","","","6/16/2016","2:56:48 AM","6/16/2016","3:13:34 AM",184,189,6,1,0,"N","","",NA,"",""
"13973",352,2,2016,2,2,"6/23/2016","Spotted_skunk",2016-06-13 22:40:20,"","","","6/13/2016","10:40:20 PM","6/13/2016","10:40:22 PM",169,171,3,1,0,"N","","",NA,"",""
"13974",352,2,2016,2,2,"6/23/2016","Spotted_skunk",2016-06-13 02:32:16,"","","","6/13/2016","2:32:16 AM","6/13/2016","2:32:18 AM",151,153,3,1,0,"N","","",NA,"",""
"13975",352,2,2016,2,2,"6/23/2016","Spotted_skunk",2016-06-13 01:31:32,"","","","6/13/2016","1:31:32 AM","6/13/2016","1:31:33 AM",148,150,3,1,0,"N","","",NA,"",""
"13976",352,2,2016,2,2,"6/23/2016","Spotted_skunk",2016-06-10 22:08:21,"","","","6/10/2016","10:08:21 PM","6/10/2016","10:45:40 PM",82,102,21,1,0,"N","","",NA,"",""
"13977",352,2,2016,2,2,"6/23/2016","Spotted_skunk",2016-06-12 03:42:58,"","","","6/12/2016","3:42:58 AM","6/12/2016","3:52:44 AM",130,138,9,1,0,"N","","",NA,"",""
"13978",352,2,2016,2,2,"6/23/2016","Spotted_skunk",2016-06-11 22:48:18,"","","","6/11/2016","10:48:18 PM","6/11/2016","11:08:52 PM",118,129,12,1,0,"N","","",NA,"",""
"13979",352,2,2016,2,2,"6/23/2016","Spotted_skunk",2016-06-11 02:04:22,"","","","6/11/2016","2:04:22 AM","6/11/2016","3:30:47 AM",103,117,15,1,0,"N","","",NA,"",""
"13980",352,2,2016,2,2,"6/23/2016","Spotted_skunk",2016-06-10 01:16:04,"","","","6/10/2016","1:16:04 AM","6/10/2016","4:38:22 AM",31,81,51,1,0,"N","","",NA,"",""
"13981",352,2,2016,2,2,"6/23/2016","Spotted_skunk",2016-06-14 02:58:56,"","","","6/14/2016","2:58:56 AM","6/14/2016","3:03:40 AM",172,183,12,1,0,"N","","",NA,"",""
"13982",352,2,2016,2,2,"6/23/2016","Spotted_skunk",2016-06-19 23:53:53,"","","","6/19/2016","11:53:53 PM","6/20/2016","12:16:59 AM",223,231,9,1,0,"N","","",NA,"",""
"13983",352,2,2016,2,2,"6/23/2016","Spotted_skunk",2016-06-22 00:32:13,"","","","6/22/2016","12:32:13 AM","6/22/2016","12:32:14 AM",232,234,3,1,0,"N","","",NA,"",""
"13984",352,2,2016,2,2,"6/23/2016","Spotted_skunk",2016-06-12 22:14:04,"","","","6/12/2016","10:14:04 PM","6/12/2016","10:19:40 PM",139,147,9,1,0,"N","","",NA,"",""
"13985",352,2,2016,2,2,"6/23/2016","Spotted_skunk",2016-06-19 03:53:58,"","","","6/19/2016","3:53:58 AM","6/19/2016","3:53:59 AM",220,222,3,1,0,"N","","",NA,"",""
"13986",352,2,2016,2,3,"7/7/2016","Spotted_skunk",2016-06-30 23:41:18,"","","","6/30/2016","11:41:18 PM","6/30/2016","11:41:50 PM",127,135,9,1,0,"N","","",NA,"",""
"13987",352,2,2016,2,3,"7/7/2016","Spotted_skunk",2016-06-28 01:42:05,"","","","6/28/2016","1:42:05 AM","6/28/2016","1:43:29 AM",106,114,9,1,0,"N","","",NA,"",""
"13988",352,2,2016,2,3,"7/7/2016","Spotted_skunk",2016-06-27 22:53:49,"","","","6/27/2016","10:53:49 PM","6/27/2016","10:53:50 PM",100,102,3,1,0,"N","","",NA,"",""
"13989",352,2,2016,2,3,"7/7/2016","Spotted_skunk",2016-06-27 04:04:42,"","","","6/27/2016","4:04:42 AM","6/27/2016","4:04:44 AM",97,99,3,1,0,"N","","",NA,"",""
"13990",352,2,2016,2,3,"7/7/2016","Spotted_skunk",2016-07-04 02:20:07,"","","","7/4/2016","2:20:07 AM","7/4/2016","2:20:09 AM",136,138,3,1,0,"N","","",NA,"",""
"13991",352,2,2016,2,3,"7/7/2016","Spotted_skunk",2016-06-25 04:09:01,"","","","6/25/2016","4:09:01 AM","6/25/2016","5:02:08 AM",7,12,6,1,0,"N","","",NA,"",""
"13992",352,2,2016,2,3,"7/7/2016","Spotted_skunk",2016-06-26 10:25:26,"","","","6/26/2016","10:25:26 AM","6/26/2016","10:34:34 AM",70,75,6,1,0,"N","","",NA,"",""
"13993",352,2,2016,2,3,"7/7/2016","Spotted_skunk",2016-06-26 03:04:13,"","","","6/26/2016","3:04:13 AM","6/26/2016","4:34:20 AM",40,69,30,1,0,"N","","",NA,"",""
"13994",352,2,2016,2,3,"7/7/2016","Spotted_skunk",2016-06-25 23:20:24,"","","","6/25/2016","11:20:24 PM","6/26/2016","12:47:53 AM",13,36,24,1,0,"N","","",NA,"",""
"13995",352,2,2016,2,3,"7/7/2016","Spotted_skunk",2016-06-26 21:16:59,"","","","6/26/2016","9:16:59 PM","6/26/2016","10:16:45 PM",76,90,15,1,0,"N","Y","",NA,"76","bait gone"
"13996",352,2,2016,2,3,"7/7/2016","Spotted_skunk",2016-06-28 03:29:58,"","","","6/28/2016","3:29:58 AM","6/28/2016","4:24:32 AM",115,126,12,1,0,"N","","",NA,"",""
"13997",352,2,2016,2,3,"7/7/2016","Spotted_skunk",2016-07-07 03:32:07,"","","","7/7/2016","3:32:07 AM","7/7/2016","3:32:09 AM",139,141,3,1,0,"N","","",NA,"",""
"13998",352,2,2016,2,3,"7/7/2016","Spotted_skunk",2016-06-26 23:46:04,"","","","6/26/2016","11:46:04 PM","6/26/2016","11:46:42 PM",91,96,6,1,0,"N","","",NA,"",""
"13999",352,2,2016,3,1,"6/9/2016","Spotted_skunk",2016-06-02 02:57:00,"","","","6/2/2016","2:57:00 AM","6/2/2016","3:08:49 AM",148,156,9,1,0,"N","","",NA,"",""
"14000",352,2,2016,3,1,"6/9/2016","Spotted_skunk",2016-06-02 01:25:37,"","","","6/2/2016","1:25:37 AM","6/2/2016","1:37:33 AM",139,147,9,1,0,"N","","",NA,"",""
"14001",352,2,2016,3,1,"6/9/2016","Spotted_skunk",2016-06-02 00:15:03,"","","","6/2/2016","12:15:03 AM","6/2/2016","12:15:04 AM",136,138,3,1,0,"N","","",NA,"",""
"14002",352,2,2016,3,1,"6/9/2016","Spotted_skunk",2016-06-01 00:53:58,"","","","6/1/2016","12:53:58 AM","6/1/2016","1:00:09 AM",124,135,12,1,0,"N","","",NA,"",""
"14003",352,2,2016,3,1,"6/9/2016","Spotted_skunk",2016-05-31 22:59:44,"","","","5/31/2016","10:59:44 PM","5/31/2016","11:27:41 PM",106,123,18,1,0,"N","","",NA,"",""
"14004",352,2,2016,3,1,"6/9/2016","Spotted_skunk",2016-05-30 23:29:34,"","","","5/30/2016","11:29:34 PM","5/31/2016","12:23:18 AM",70,102,33,1,0,"N","","",NA,"",""
"14005",352,2,2016,3,1,"6/9/2016","Spotted_skunk",2016-06-03 03:00:37,"","","","6/3/2016","3:00:37 AM","6/3/2016","3:55:57 AM",160,180,21,1,0,"N","","",NA,"",""
"14006",352,2,2016,3,1,"6/9/2016","Spotted_skunk",2016-06-04 02:36:03,"","","","6/4/2016","2:36:03 AM","6/4/2016","2:52:17 AM",184,195,12,1,0,"N","","",NA,"",""
"14007",352,2,2016,3,1,"6/9/2016","Spotted_skunk",2016-06-04 04:04:34,"","","","6/4/2016","4:04:34 AM","6/4/2016","4:13:44 AM",196,207,12,1,0,"N","","",NA,"",""
"14008",352,2,2016,3,1,"6/9/2016","Spotted_skunk",2016-06-05 01:30:37,"","","","6/5/2016","1:30:37 AM","6/5/2016","1:36:47 AM",208,219,12,1,0,"N","","",NA,"",""
"14009",352,2,2016,3,1,"6/9/2016","Spotted_skunk",2016-06-06 01:09:34,"","","","6/6/2016","1:09:34 AM","6/6/2016","1:16:16 AM",223,237,15,1,0,"N","","",NA,"",""
"14010",352,2,2016,3,1,"6/9/2016","Spotted_skunk",2016-06-07 00:47:22,"","","","6/7/2016","12:47:22 AM","6/7/2016","12:49:41 AM",238,246,9,1,0,"N","","",NA,"",""
"14011",352,2,2016,3,2,"6/23/2016","Spotted_skunk",2016-06-16 02:41:26,"","","","6/16/2016","2:41:26 AM","6/16/2016","2:43:22 AM",319,327,9,1,0,"N","","",NA,"",""
"14012",352,2,2016,3,2,"6/23/2016","Spotted_skunk",2016-06-15 23:26:51,"","","","6/15/2016","11:26:51 PM","6/15/2016","11:29:41 PM",301,318,18,1,0,"N","","",NA,"",""
"14013",352,2,2016,3,2,"6/23/2016","Spotted_skunk",2016-06-15 03:29:33,"","","","6/15/2016","3:29:33 AM","6/15/2016","4:04:55 AM",265,300,36,1,0,"N","","",NA,"",""
"14014",352,2,2016,3,2,"6/23/2016","Spotted_skunk",2016-06-14 23:15:28,"","","","6/14/2016","11:15:28 PM","6/14/2016","11:25:18 PM",241,264,24,1,0,"N","","",NA,"",""
"14015",352,2,2016,3,2,"6/23/2016","Spotted_skunk",2016-06-18 03:10:19,"","","","6/18/2016","3:10:19 AM","6/18/2016","3:20:04 AM",334,345,12,1,0,"N","","",NA,"",""
"14016",352,2,2016,3,2,"6/23/2016","Spotted_skunk",2016-06-13 01:44:32,"","","","6/13/2016","1:44:32 AM","6/13/2016","2:01:40 AM",124,144,21,1,0,"N","","",NA,"",""
"14017",352,2,2016,3,2,"6/23/2016","Spotted_skunk",2016-06-12 00:03:14,"","","","6/12/2016","12:03:14 AM","6/12/2016","1:04:56 AM",85,102,18,1,0,"N","","",NA,"",""
"14018",352,2,2016,3,2,"6/23/2016","Spotted_skunk",2016-06-14 01:52:53,"","","","6/14/2016","1:52:53 AM","6/14/2016","4:23:49 AM",166,240,75,1,0,"N","","",NA,"",""
"14019",352,2,2016,3,2,"6/23/2016","Spotted_skunk",2016-06-10 02:29:40,"","","","6/10/2016","2:29:40 AM","6/10/2016","3:41:43 AM",10,33,24,1,0,"N","","",NA,"",""
"14020",352,2,2016,3,2,"6/23/2016","Spotted_skunk",2016-06-13 03:24:22,"","","","6/13/2016","3:24:22 AM","6/13/2016","3:41:43 AM",148,165,18,1,0,"N","","",NA,"156, 157","skunk takes bait"
"14021",352,2,2016,3,2,"6/23/2016","Spotted_skunk",2016-06-22 23:00:41,"","","","6/22/2016","11:00:41 PM","6/22/2016","11:01:05 PM",364,369,6,1,0,"N","","",NA,"",""
"14022",352,2,2016,3,2,"6/23/2016","Spotted_skunk",2016-06-11 01:17:15,"","","","6/11/2016","1:17:15 AM","6/11/2016","2:24:56 AM",49,81,33,1,0,"N","","",NA,"",""
"14023",352,2,2016,3,2,"6/23/2016","Spotted_skunk",2016-06-20 02:59:09,"","","","6/20/2016","2:59:09 AM","6/20/2016","3:36:25 AM",346,363,18,1,0,"N","","",NA,"",""
"14024",352,2,2016,3,2,"6/23/2016","Spotted_skunk",2016-06-12 02:14:11,"","","","6/12/2016","2:14:11 AM","6/12/2016","2:35:23 AM",103,120,18,1,0,"N","","",NA,"",""
"14025",352,2,2016,3,3,"7/7/2016","Spotted_skunk",2016-07-04 04:39:48,"","","","7/4/2016","4:39:48 AM","7/4/2016","4:40:19 AM",184,189,6,1,0,"N","","Y",NA,"189","last time skunk in TCB"
"14026",352,2,2016,3,3,"7/7/2016","Spotted_skunk",2016-07-01 00:12:11,"","","","7/1/2016","12:12:11 AM","7/1/2016","12:12:36 AM",145,150,6,1,0,"N","","",NA,"",""
"14027",352,2,2016,3,3,"7/7/2016","Spotted_skunk",2016-06-28 04:10:24,"","","","6/28/2016","4:10:24 AM","6/28/2016","4:18:41 AM",121,138,18,1,0,"N","","",NA,"",""
"14028",352,2,2016,3,3,"7/7/2016","Spotted_skunk",2016-06-27 23:26:05,"","","","6/27/2016","11:26:05 PM","6/27/2016","11:36:56 PM",106,120,15,1,0,"N","","",NA,"",""
"14029",352,2,2016,3,3,"7/7/2016","Spotted_skunk",2016-06-27 03:15:38,"","","","6/27/2016","3:15:38 AM","6/27/2016","3:15:51 AM",100,105,6,1,0,"N","Y","",NA,"106","skunk takes tree bait"
"14030",352,2,2016,3,3,"7/7/2016","Spotted_skunk",2016-06-25 00:27:50,"","","","6/25/2016","12:27:50 AM","6/25/2016","12:54:19 AM",10,21,12,1,0,"N","","",NA,"",""
"14031",352,2,2016,3,3,"7/7/2016","Spotted_skunk",2016-06-26 22:59:27,"","","","6/26/2016","10:59:27 PM","6/26/2016","11:11:14 PM",79,87,9,1,0,"N","","",NA,"",""
"14032",352,2,2016,3,3,"7/7/2016","Spotted_skunk",2016-06-26 03:16:19,"","","","6/26/2016","3:16:19 AM","6/26/2016","3:46:40 AM",61,78,18,1,0,"N","","",NA,"",""
"14033",352,2,2016,3,3,"7/7/2016","Spotted_skunk",2016-06-25 23:17:36,"","","","6/25/2016","11:17:36 PM","6/25/2016","11:30:14 PM",40,60,21,1,0,"N","","",NA,"",""
"14034",352,2,2016,3,3,"7/7/2016","Spotted_skunk",2016-06-25 02:53:11,"","","","6/25/2016","2:53:11 AM","6/25/2016","3:39:28 AM",22,36,15,1,0,"N","","",NA,"",""
"14035",352,2,2016,3,3,"7/7/2016","Spotted_skunk",2016-06-27 01:40:11,"","","","6/27/2016","1:40:11 AM","6/27/2016","1:42:55 AM",88,99,12,1,0,"N","","",NA,"",""
"14036",352,2,2016,3,3,"7/7/2016","Spotted_skunk",2016-07-02 23:11:07,"","","","7/2/2016","11:11:07 PM","7/2/2016","11:44:47 PM",151,171,21,1,0,"N","","",NA,"",""
"14037",353,1,2014,2,2,"7/24/2014","Spotted_skunk",2014-07-12 03:12:38,"","","","7/12/2014","3:12:38 AM","7/12/2014","3:12:40 AM",76,78,3,1,0,"N","","",NA,"",""
"14038",353,2,2016,2,1,"7/25/2016","Spotted_skunk",2016-07-24 02:49:36,"","","","7/24/2016","2:49:36 AM","7/24/2016","2:52:28 AM",25,33,9,1,0,"N","","",NA,"",""
"14039",353,2,2016,2,1,"7/25/2016","Spotted_skunk",2016-07-18 22:11:02,"","","","7/18/2016","10:11:02 PM","7/18/2016","10:11:03 PM",22,24,3,1,0,"N","","",NA,"",""
"14040",353,2,2016,2,1,"7/25/2016","Spotted_skunk",2016-07-18 03:50:55,"","","","7/18/2016","3:50:55 AM","7/18/2016","3:50:57 AM",13,15,3,1,0,"N","","",NA,"",""
"14041",353,2,2016,2,2,"8/8/2016","Spotted_skunk",2016-08-07 02:44:52,"","","","8/7/2016","2:44:52 AM","8/7/2016","2:48:16 AM",10,15,6,1,0,"N","","",NA,"",""
"14042",353,2,2016,2,3,"8/22/2016","Spotted_skunk",2016-08-15 00:06:10,"","","","8/15/2016","12:06:10 AM","8/15/2016","12:06:12 AM",4,6,3,1,0,"N","","",NA,"",""
"14043",355,1,2015,1,1,"10/5/2015","Spotted_skunk",2015-10-01 21:55:01,"","","","10/1/2015","9:55:01 PM","10/1/2015","10:42:37 PM",52,60,9,1,0,"N","","",NA,"",""
"14044",355,1,2015,1,1,"10/5/2015","Spotted_skunk",2015-09-30 03:57:35,"","","","9/30/2015","3:57:35 AM","9/30/2015","3:57:36 AM",46,48,3,1,0,"N","","",NA,"",""
"14045",355,1,2015,1,1,"10/5/2015","Spotted_skunk",2015-09-29 02:48:45,"","","","9/29/2015","2:48:45 AM","9/29/2015","2:48:46 AM",40,42,3,1,0,"N","","",NA,"",""
"14046",355,1,2015,1,1,"10/5/2015","Spotted_skunk",2015-09-28 05:24:41,"","","","9/28/2015","5:24:41 AM","9/28/2015","5:34:02 AM",22,27,6,1,0,"N","","",NA,"",""
"14047",355,1,2015,1,1,"10/5/2015","Spotted_skunk",2015-09-28 02:52:25,"","","","9/28/2015","2:52:25 AM","9/28/2015","2:52:26 AM",19,21,3,1,0,"N","","",NA,"",""
"14048",355,1,2015,1,1,"10/5/2015","Spotted_skunk",2015-09-27 06:12:50,"","","","9/27/2015","6:12:50 AM","9/27/2015","6:16:05 AM",13,18,6,1,0,"N","","",NA,"",""
"14049",355,1,2015,1,2,"10/19/2015","Spotted_skunk",2015-10-06 22:17:53,"","","","10/6/2015","10:17:53 PM","10/6/2015","10:17:54 PM",46,48,3,1,0,"N","","",NA,"",""
"14050",355,1,2015,1,2,"10/19/2015","Spotted_skunk",2015-10-08 19:02:26,"","","","10/8/2015","7:02:26 PM","10/8/2015","7:28:40 PM",148,156,9,1,0,"N","Y","",NA,"",""
"14051",355,1,2015,1,2,"10/19/2015","Spotted_skunk",2015-10-06 19:53:38,"","","","10/6/2015","7:53:38 PM","10/6/2015","9:11:50 PM",13,45,33,1,0,"N","","",NA,"",""
"14052",355,1,2015,1,2,"10/19/2015","Spotted_skunk",2015-10-08 05:18:09,"","","","10/8/2015","5:18:09 AM","10/8/2015","5:20:33 AM",121,126,6,1,0,"N","","",NA,"",""
"14053",355,1,2015,1,2,"10/19/2015","Spotted_skunk",2015-10-07 05:24:46,"","","","10/7/2015","5:24:46 AM","10/7/2015","5:44:52 AM",70,78,9,1,0,"N","","",NA,"",""
"14054",355,1,2015,1,2,"10/19/2015","Spotted_skunk",2015-10-06 23:24:51,"","","","10/6/2015","11:24:51 PM","10/6/2015","11:24:53 PM",55,57,3,1,0,"N","","",NA,"",""
"14055",355,1,2015,1,2,"10/19/2015","Spotted_skunk",2015-10-08 22:39:34,"","","","10/8/2015","10:39:34 PM","10/8/2015","10:39:35 PM",160,162,3,1,0,"N","","",NA,"",""
"14056",355,1,2015,1,2,"10/19/2015","Spotted_skunk",2015-10-08 16:48:10,"","","","10/8/2015","4:48:10 PM","10/8/2015","4:56:35 PM",142,147,6,1,0,"N","","",NA,"",""
"14057",355,1,2015,1,2,"10/19/2015","Spotted_skunk",2015-10-08 05:59:25,"","","","10/8/2015","5:59:25 AM","10/8/2015","5:59:27 AM",127,129,3,2,0,"N","","",NA,"",""
"14058",355,1,2015,1,2,"10/19/2015","Spotted_skunk",2015-10-08 23:35:54,"","","","10/8/2015","11:35:54 PM","10/8/2015","11:35:55 PM",166,168,3,1,0,"N","","",NA,"",""
"14059",355,1,2015,1,2,"10/19/2015","Spotted_skunk",2015-10-08 04:32:57,"","","","10/8/2015","4:32:57 AM","10/8/2015","4:48:57 AM",106,114,9,1,0,"N","","",NA,"",""
"14060",355,1,2015,1,2,"10/19/2015","Spotted_skunk",2015-10-07 13:23:13,"","","","10/7/2015","1:23:13 PM","10/7/2015","1:26:56 PM",79,84,6,1,0,"N","","",NA,"",""
"14061",355,1,2015,1,2,"10/19/2015","Spotted_skunk",2015-10-07 22:26:53,"","","","10/7/2015","10:26:53 PM","10/7/2015","10:29:00 PM",88,93,6,1,0,"N","","",NA,"",""
"14062",355,1,2015,1,2,"10/19/2015","Spotted_skunk",2015-10-08 00:56:02,"","","","10/8/2015","12:56:02 AM","10/8/2015","1:19:42 AM",94,105,12,1,0,"N","","",NA,"",""
"14063",355,1,2015,1,2,"10/19/2015","Spotted_skunk",2015-10-08 14:40:59,"","","","10/8/2015","2:40:59 PM","10/8/2015","2:41:01 PM",139,141,3,1,0,"N","","",NA,"",""
"14064",355,1,2015,1,2,"10/19/2015","Spotted_skunk",2015-10-08 06:05:28,"","","","10/8/2015","6:05:28 AM","10/8/2015","6:37:58 AM",130,135,6,1,0,"N","","",NA,"",""
"14065",355,1,2015,1,2,"10/19/2015","Spotted_skunk",2015-10-11 00:53:04,"","","","10/11/2015","12:53:04 AM","10/11/2015","12:53:06 AM",202,204,3,1,0,"N","","",NA,"",""
"14066",355,1,2015,1,2,"10/19/2015","Spotted_skunk",2015-10-10 07:02:41,"","","","10/10/2015","7:02:41 AM","10/10/2015","7:02:45 AM",199,201,3,1,0,"N","","",NA,"",""
"14067",355,1,2015,1,2,"10/19/2015","Spotted_skunk",2015-10-10 05:01:55,"","","","10/10/2015","5:01:55 AM","10/10/2015","5:01:57 AM",196,198,3,1,0,"N","","",NA,"",""
"14068",355,1,2015,1,2,"10/19/2015","Spotted_skunk",2015-10-09 21:49:49,"","","","10/9/2015","9:49:49 PM","10/9/2015","9:49:51 PM",193,195,3,1,0,"N","","",NA,"",""
"14069",355,1,2015,1,2,"10/19/2015","Spotted_skunk",2015-10-09 19:51:30,"","","","10/9/2015","7:51:30 PM","10/9/2015","7:51:32 PM",190,192,3,1,0,"N","","",NA,"",""
"14070",355,1,2015,1,2,"10/19/2015","Spotted_skunk",2015-10-09 18:44:40,"","","","10/9/2015","6:44:40 PM","10/9/2015","6:44:41 PM",187,189,3,1,0,"N","","",NA,"",""
"14071",355,1,2015,1,2,"10/19/2015","Spotted_skunk",2015-10-09 04:39:35,"","","","10/9/2015","4:39:35 AM","10/9/2015","6:07:33 AM",175,186,12,1,0,"N","","",NA,"",""
"14072",355,1,2015,1,2,"10/19/2015","Spotted_skunk",2015-10-17 02:50:07,"","","","10/17/2015","2:50:07 AM","10/17/2015","2:50:09 AM",220,222,3,1,0,"N","","",NA,"",""
"14073",355,1,2015,1,2,"10/19/2015","Spotted_skunk",2015-10-12 03:33:11,"","","","10/12/2015","3:33:11 AM","10/12/2015","3:33:13 AM",205,207,3,1,0,"N","","",NA,"",""
"14074",355,1,2015,1,2,"10/19/2015","Spotted_skunk",2015-10-15 01:32:27,"","","","10/15/2015","1:32:27 AM","10/15/2015","1:32:28 AM",211,213,3,1,0,"N","","",NA,"",""
"14075",355,1,2015,1,2,"10/19/2015","Spotted_skunk",2015-10-07 00:50:11,"","","","10/7/2015","12:50:11 AM","10/7/2015","1:04:41 AM",58,66,9,1,0,"N","","",NA,"",""
"14076",355,1,2015,1,2,"10/19/2015","Spotted_skunk",2015-10-14 02:08:17,"","","","10/14/2015","2:08:17 AM","10/14/2015","2:08:19 AM",208,210,3,1,0,"N","","",NA,"",""
"14077",355,1,2015,1,2,"10/19/2015","Spotted_skunk",2015-10-09 01:05:36,"","","","10/9/2015","1:05:36 AM","10/9/2015","1:05:37 AM",172,174,3,1,0,"N","","",NA,"",""
"14078",355,1,2015,1,3,"11/2/2015","Spotted_skunk",2015-10-22 00:57:16,"","","","10/22/2015","12:57:16 AM","10/22/2015","12:57:18 AM",250,252,3,1,0,"N","","",NA,"",""
"14079",355,1,2015,1,3,"11/2/2015","Spotted_skunk",2015-10-22 18:38:45,"","","","10/22/2015","6:38:45 PM","10/22/2015","6:53:38 PM",253,261,9,1,0,"N","","",NA,"",""
"14080",355,1,2015,1,3,"11/2/2015","Spotted_skunk",2015-10-23 05:31:47,"","","","10/23/2015","5:31:47 AM","10/23/2015","5:33:46 AM",262,270,9,1,0,"N","","",NA,"",""
"14081",355,1,2015,1,3,"11/2/2015","Spotted_skunk",2015-10-23 19:35:21,"","","","10/23/2015","7:35:21 PM","10/23/2015","7:39:02 PM",271,276,6,1,0,"N","","",NA,"",""
"14082",355,1,2015,1,3,"11/2/2015","Spotted_skunk",2015-10-24 21:33:50,"","","","10/24/2015","9:33:50 PM","10/24/2015","10:11:57 PM",280,288,9,1,0,"N","","",NA,"",""
"14083",355,1,2015,1,3,"11/2/2015","Spotted_skunk",2015-10-28 03:04:15,"","","","10/28/2015","3:04:15 AM","10/28/2015","3:04:17 AM",295,297,3,1,0,"N","","",NA,"",""
"14084",355,1,2015,1,3,"11/2/2015","Spotted_skunk",2015-10-21 22:35:31,"","","","10/21/2015","10:35:31 PM","10/21/2015","11:18:45 PM",226,249,24,1,0,"N","","",NA,"",""
"14085",355,1,2015,1,3,"11/2/2015","Spotted_skunk",2015-10-20 01:22:19,"","","","10/20/2015","1:22:19 AM","10/20/2015","1:43:21 AM",16,24,9,1,0,"N","","",NA,"",""
"14086",355,1,2015,1,3,"11/2/2015","Spotted_skunk",2015-10-21 18:37:43,"","","","10/21/2015","6:37:43 PM","10/21/2015","8:17:13 PM",190,225,36,2,0,"N","Y","",NA,"2015-h355-s1-v3-spotted skunk-EK000196","Tree bait gone- taken by skunk"
"14087",355,1,2015,1,3,"11/2/2015","Spotted_skunk",2015-10-21 14:27:28,"","","","10/21/2015","2:27:28 PM","10/21/2015","2:42:58 PM",160,189,30,1,0,"N","","",NA,"162",""
"14088",355,1,2015,1,3,"11/2/2015","Spotted_skunk",2015-10-21 05:08:32,"","","","10/21/2015","5:08:32 AM","10/21/2015","7:02:41 AM",112,159,48,1,0,"N","","",NA,"",""
"14089",355,1,2015,1,3,"11/2/2015","Spotted_skunk",2015-10-21 03:55:52,"","","","10/21/2015","3:55:52 AM","10/21/2015","3:58:04 AM",106,111,6,1,0,"N","","",NA,"",""
"14090",355,1,2015,1,3,"11/2/2015","Spotted_skunk",2015-10-21 02:49:41,"","","","10/21/2015","2:49:41 AM","10/21/2015","2:54:44 AM",97,105,9,1,0,"N","","",NA,"",""
"14091",355,1,2015,1,3,"11/2/2015","Spotted_skunk",2015-10-21 00:11:34,"","","","10/21/2015","12:11:34 AM","10/21/2015","1:41:11 AM",64,96,33,2,0,"N","","",NA,"",""
"14092",355,1,2015,1,3,"11/2/2015","Spotted_skunk",2015-10-20 22:43:55,"","","","10/20/2015","10:43:55 PM","10/20/2015","11:57:22 PM",49,63,15,2,0,"N","","",NA,"",""
"14093",355,1,2015,1,3,"11/2/2015","Spotted_skunk",2015-10-20 06:07:30,"","","","10/20/2015","6:07:30 AM","10/20/2015","6:17:46 AM",25,33,9,1,0,"N","","",NA,"",""
"14094",355,1,2015,1,3,"11/2/2015","Spotted_skunk",2015-10-20 00:24:08,"","","","10/20/2015","12:24:08 AM","10/20/2015","12:24:10 AM",13,15,3,1,0,"N","","",NA,"",""
"14095",355,1,2015,1,3,"11/2/2015","Spotted_skunk",2015-10-19 21:14:34,"","","","10/19/2015","9:14:34 PM","10/19/2015","11:03:31 PM",4,12,9,1,0,"N","","",NA,"",""
"14096",355,1,2015,1,3,"11/2/2015","Spotted_skunk",2015-10-20 18:16:20,"","","","10/20/2015","6:16:20 PM","10/20/2015","6:38:46 PM",34,45,12,1,0,"N","","",NA,"",""
"14097",355,1,2015,1,4,"11/20/2015","Spotted_skunk",2015-11-07 00:49:51,"","","","11/7/2015","12:49:51 AM","11/7/2015","12:49:53 AM",328,330,3,NA,NA,"","","",NA,"",""
"14098",355,1,2015,1,4,"11/20/2015","Spotted_skunk",2015-11-06 21:45:25,"","","","11/6/2015","9:45:25 PM","11/6/2015","9:45:33 PM",325,327,3,NA,NA,"","","",NA,"",""
"14099",355,1,2015,1,4,"11/20/2015","Spotted_skunk",2015-11-06 18:58:35,"","","","11/6/2015","6:58:35 PM","11/6/2015","7:41:56 PM",319,324,6,NA,NA,"","","",NA,"",""
"14100",355,1,2015,1,4,"11/20/2015","Spotted_skunk",2015-11-05 21:20:10,"","","","11/5/2015","9:20:10 PM","11/5/2015","10:52:15 PM",286,318,33,NA,NA,"","","",NA,"312",""
"14101",355,1,2015,1,4,"11/20/2015","Spotted_skunk",2015-11-05 18:29:32,"","","","11/5/2015","6:29:32 PM","11/5/2015","8:05:19 PM",271,285,15,NA,NA,"","","",NA,"",""
"14102",355,1,2015,1,4,"11/20/2015","Spotted_skunk",2015-11-05 12:58:57,"","","","11/5/2015","12:58:57 PM","11/5/2015","12:58:58 PM",265,267,3,NA,NA,"","","",NA,"",""
"14103",355,1,2015,1,4,"11/20/2015","Spotted_skunk",2015-11-05 06:08:28,"","","","11/5/2015","6:08:28 AM","11/5/2015","6:40:46 AM",247,258,12,1,NA,"","","",NA,"",""
"14104",355,1,2015,1,4,"11/20/2015","Spotted_skunk",2015-11-04 20:13:46,"","","","11/4/2015","8:13:46 PM","11/5/2015","4:26:45 AM",52,246,195,2,NA,"","","",NA,"skunk whole time, weasel comes and goes","goes in cubby"
"14105",355,1,2015,1,4,"11/20/2015","Spotted_skunk",2015-11-04 06:10:08,"","","","11/4/2015","6:10:08 AM","11/4/2015","6:25:02 AM",37,45,9,1,NA,"","","",NA,"",""
"14106",355,1,2015,1,4,"11/20/2015","Spotted_skunk",2015-11-04 04:11:12,"","","","11/4/2015","4:11:12 AM","11/4/2015","4:11:17 AM",34,36,3,1,NA,"","","",NA,"",""
"14107",355,1,2015,1,4,"11/20/2015","Spotted_skunk",2015-11-20 00:56:41,"","","","11/20/2015","12:56:41 AM","11/20/2015","12:56:42 AM",379,381,3,NA,NA,"","","",NA,"",""
"14108",355,1,2015,1,4,"11/20/2015","Spotted_skunk",2015-11-18 21:11:10,"","","","11/18/2015","9:11:10 PM","11/18/2015","9:11:12 PM",370,372,3,NA,NA,"","","",NA,"",""
"14109",355,1,2015,1,4,"11/20/2015","Spotted_skunk",2015-11-17 20:57:45,"","","","11/17/2015","8:57:45 PM","11/17/2015","8:57:47 PM",367,369,3,NA,NA,"","","",NA,"",""
"14110",355,1,2015,1,4,"11/20/2015","Spotted_skunk",2015-11-15 05:24:44,"","","","11/15/2015","5:24:44 AM","11/15/2015","5:24:45 AM",364,366,3,NA,NA,"","","",NA,"",""
"14111",355,1,2015,1,4,"11/20/2015","Spotted_skunk",2015-11-14 20:01:06,"","","","11/14/2015","8:01:06 PM","11/14/2015","8:01:07 PM",361,363,3,NA,NA,"","","",NA,"",""
"14112",355,1,2015,1,4,"11/20/2015","Spotted_skunk",2015-11-09 00:10:04,"","","","11/9/2015","12:10:04 AM","11/9/2015","12:10:20 AM",340,345,6,NA,NA,"","","",NA,"",""
"14113",355,1,2015,1,4,"11/20/2015","Spotted_skunk",2015-11-10 02:26:44,"","","","11/10/2015","2:26:44 AM","11/10/2015","2:26:45 AM",358,360,3,NA,NA,"","","",NA,"",""
"14114",355,1,2015,1,4,"11/20/2015","Spotted_skunk",2015-11-09 19:58:58,"","","","11/9/2015","7:58:58 PM","11/9/2015","8:41:23 PM",352,357,6,NA,NA,"","","",NA,"",""
"14115",355,1,2015,3,1,"10/5/2015","Spotted_skunk",2015-10-02 03:47:22,"","","","10/2/2015","3:47:22 AM","10/2/2015","3:47:23 AM",139,141,3,1,0,"N","","",NA,"",""
"14116",355,1,2015,3,1,"10/5/2015","Spotted_skunk",2015-10-02 23:51:12,"","","","10/2/2015","11:51:12 PM","10/2/2015","11:51:14 PM",142,144,3,1,0,"N","","",NA,"",""
"14117",355,1,2015,3,1,"10/5/2015","Spotted_skunk",2015-09-29 03:29:19,"","","","9/29/2015","3:29:19 AM","9/29/2015","3:30:07 AM",124,132,9,1,0,"N","","",NA,"",""
"14118",355,1,2015,3,2,"10/19/2015","Spotted_skunk",2015-10-10 06:29:44,"","","","10/10/2015","6:29:44 AM","10/10/2015","6:29:45 AM",40,42,3,1,0,"N","","",NA,"",""
"14119",355,1,2015,3,2,"10/19/2015","Spotted_skunk",2015-10-15 03:52:44,"","","","10/15/2015","3:52:44 AM","10/15/2015","3:52:46 AM",61,63,3,1,0,"N","","",NA,"",""
"14120",355,1,2015,3,2,"10/19/2015","Spotted_skunk",2015-10-15 00:14:01,"","","","10/15/2015","12:14:01 AM","10/15/2015","12:41:07 AM",52,60,9,1,0,"N","","",NA,"",""
"14121",355,1,2015,3,2,"10/19/2015","Spotted_skunk",2015-10-11 02:38:02,"","","","10/11/2015","2:38:02 AM","10/11/2015","2:38:03 AM",46,48,3,1,0,"N","","",NA,"",""
"14122",355,1,2015,3,2,"10/19/2015","Spotted_skunk",2015-10-16 06:25:48,"","","","10/16/2015","6:25:48 AM","10/16/2015","6:26:07 AM",64,69,6,1,0,"N","","",NA,"",""
"14123",355,1,2015,3,2,"10/19/2015","Spotted_skunk",2015-10-17 23:21:11,"","","","10/17/2015","11:21:11 PM","10/17/2015","11:21:13 PM",70,72,3,1,0,"N","","",NA,"",""
"14124",355,1,2015,3,3,"11/2/2015","Spotted_skunk",2015-10-26 21:11:35,"","","","10/26/2015","9:11:35 PM","10/26/2015","9:12:25 PM",130,135,6,1,0,"N","","",NA,"",""
"14125",355,1,2015,3,3,"11/2/2015","Spotted_skunk",2015-11-01 23:00:30,"","","","11/1/2015","11:00:30 PM","11/1/2015","11:00:53 PM",151,156,6,1,0,"N","","",NA,"",""
"14126",355,1,2015,3,3,"11/2/2015","Spotted_skunk",2015-10-30 19:11:14,"","","","10/30/2015","7:11:14 PM","10/30/2015","7:11:15 PM",148,150,3,1,0,"N","","",NA,"",""
"14127",355,1,2015,3,3,"11/2/2015","Spotted_skunk",2015-10-28 19:06:19,"","","","10/28/2015","7:06:19 PM","10/28/2015","7:06:20 PM",142,144,3,1,0,"N","","",NA,"",""
"14128",355,1,2015,3,3,"11/2/2015","Spotted_skunk",2015-11-02 04:48:41,"","","","11/2/2015","4:48:41 AM","11/2/2015","4:48:42 AM",157,159,3,1,0,"N","","",NA,"",""
"14129",355,1,2015,3,3,"11/2/2015","Spotted_skunk",2015-10-21 01:49:16,"","","","10/21/2015","1:49:16 AM","10/21/2015","2:12:29 AM",97,111,15,1,0,"N","","",NA,"",""
"14130",355,1,2015,3,3,"11/2/2015","Spotted_skunk",2015-10-21 05:00:18,"","","","10/21/2015","5:00:18 AM","10/21/2015","5:11:48 AM",112,117,6,1,0,"N","","",NA,"",""
"14131",355,1,2015,3,3,"11/2/2015","Spotted_skunk",2015-10-21 00:19:56,"","","","10/21/2015","12:19:56 AM","10/21/2015","12:19:57 AM",94,96,3,1,0,"N","","",NA,"",""
"14132",355,1,2015,3,3,"11/2/2015","Spotted_skunk",2015-10-20 00:13:56,"","","","10/20/2015","12:13:56 AM","10/20/2015","12:13:58 AM",34,36,3,1,0,"N","","",NA,"",""
"14133",355,1,2015,3,3,"11/2/2015","Spotted_skunk",2015-10-20 02:44:07,"","","","10/20/2015","2:44:07 AM","10/20/2015","3:24:47 AM",37,54,18,1,0,"N","","",NA,"",""
"14134",355,1,2015,3,3,"11/2/2015","Spotted_skunk",2015-10-20 05:23:36,"","","","10/20/2015","5:23:36 AM","10/20/2015","6:36:24 AM",55,78,24,1,0,"N","","",NA,"",""
"14135",355,1,2015,3,3,"11/2/2015","Spotted_skunk",2015-10-19 22:53:07,"","","","10/19/2015","10:53:07 PM","10/19/2015","11:59:10 PM",7,33,27,1,0,"N","","",NA,"",""
"14136",355,1,2015,3,3,"11/2/2015","Spotted_skunk",2015-10-28 06:27:23,"","","","10/28/2015","6:27:23 AM","10/28/2015","6:34:06 AM",136,141,6,1,0,"N","","",NA,"",""
"14137",355,1,2015,3,3,"11/2/2015","Spotted_skunk",2015-10-20 21:02:48,"","","","10/20/2015","9:02:48 PM","10/20/2015","9:07:39 PM",85,93,9,1,0,"N","","",NA,"",""
"14138",355,1,2015,3,3,"11/2/2015","Spotted_skunk",2015-10-21 18:49:56,"","","","10/21/2015","6:49:56 PM","10/21/2015","6:50:31 PM",118,123,6,1,0,"N","","",NA,"",""
"14139",356,2,2015,1,3,"11/2/2015","Spotted_skunk",2015-10-23 21:36:34,"","","","10/23/2015","9:36:34 PM","10/23/2015","9:45:43 PM",76,81,6,1,0,"N","","",NA,"",""
"14140",356,2,2015,1,3,"11/2/2015","Spotted_skunk",2015-10-25 06:24:32,"","","","10/25/2015","6:24:32 AM","10/25/2015","6:46:58 AM",148,156,9,1,0,"N","","",NA,"",""
"14141",356,2,2015,1,3,"11/2/2015","Spotted_skunk",2015-10-25 03:54:48,"","","","10/25/2015","3:54:48 AM","10/25/2015","3:58:11 AM",127,138,12,1,0,"N","","",NA,"",""
"14142",356,2,2015,1,3,"11/2/2015","Spotted_skunk",2015-10-24 05:50:27,"","","","10/24/2015","5:50:27 AM","10/24/2015","5:53:46 AM",121,126,6,1,0,"N","","",NA,"",""
"14143",356,2,2015,1,3,"11/2/2015","Spotted_skunk",2015-10-24 03:31:29,"","","","10/24/2015","3:31:29 AM","10/24/2015","3:46:15 AM",106,120,15,1,0,"N","","",NA,"",""
"14144",356,2,2015,1,3,"11/2/2015","Spotted_skunk",2015-10-24 00:45:06,"","","","10/24/2015","12:45:06 AM","10/24/2015","12:54:00 AM",97,105,9,1,0,"N","","",NA,"",""
"14145",356,2,2015,1,3,"11/2/2015","Spotted_skunk",2015-10-23 23:09:06,"","","","10/23/2015","11:09:06 PM","10/23/2015","11:21:18 PM",82,87,6,1,0,"N","","",NA,"",""
"14146",356,2,2015,1,3,"11/2/2015","Spotted_skunk",2015-10-23 20:18:07,"","","","10/23/2015","8:18:07 PM","10/23/2015","8:21:20 PM",70,75,6,1,0,"N","","",NA,"",""
"14147",356,2,2015,1,3,"11/2/2015","Spotted_skunk",2015-10-23 05:25:03,"","","","10/23/2015","5:25:03 AM","10/23/2015","6:06:17 AM",40,69,30,1,0,"N","","",NA,"",""
"14148",356,2,2015,1,3,"11/2/2015","Spotted_skunk",2015-10-25 23:15:42,"","","","10/25/2015","11:15:42 PM","10/25/2015","11:22:03 PM",160,165,6,1,0,"N","","",NA,"",""
"14149",356,2,2015,1,3,"11/2/2015","Spotted_skunk",2015-10-28 03:47:03,"","","","10/28/2015","3:47:03 AM","10/28/2015","3:47:04 AM",190,192,3,1,0,"N","","",NA,"",""
"14150",356,2,2015,1,3,"11/2/2015","Spotted_skunk",2015-10-26 05:32:41,"","","","10/26/2015","5:32:41 AM","10/26/2015","6:18:10 AM",175,186,12,1,0,"N","","",NA,"",""
"14151",356,2,2015,1,3,"11/2/2015","Spotted_skunk",2015-10-26 00:49:15,"","","","10/26/2015","12:49:15 AM","10/26/2015","1:02:28 AM",166,171,6,1,0,"N","","",NA,"",""
"14152",364,1,2013,1,2,"8/10/2013","Spotted_skunk",2013-08-09 03:20:33,"","","","8/9/2013","3:20:33 AM","8/9/2013","3:20:34 AM",26,28,3,1,0,"N","","",0,"none",""
"14229",400,1,2013,1,1,"9/27/2013","Spotted_skunk",2013-09-16 04:06:53,"","","","9/16/2013","4:06:53 AM","9/16/2013","4:07:00 AM",16,18,3,1,0,"N","","",0,"none",""
"14230",400,1,2013,1,1,"9/27/2013","Spotted_skunk",2013-09-15 21:53:36,"","","","9/15/2013","9:53:36 PM","9/15/2013","10:02:22 PM",7,15,9,1,0,"N","","",0,"none",""
"14231",400,1,2013,1,1,"9/27/2013","Spotted_skunk",2013-09-18 04:05:25,"","","","9/18/2013","4:05:25 AM","9/18/2013","5:27:37 AM",70,96,27,1,0,"N","","",0,"none",""
"14232",400,1,2013,1,1,"9/27/2013","Spotted_skunk",2013-09-20 00:04:27,"","","","9/20/2013","12:04:27 AM","9/20/2013","12:04:28 AM",136,138,3,1,0,"N","","",0,"none",""
"14233",400,1,2013,1,1,"9/27/2013","Spotted_skunk",2013-09-18 01:23:09,"","","","9/18/2013","1:23:09 AM","9/18/2013","1:52:46 AM",52,57,6,1,0,"N","","",0,"none",""
"14234",400,1,2013,1,1,"9/27/2013","Spotted_skunk",2013-09-19 04:29:48,"","","","9/19/2013","4:29:48 AM","9/19/2013","5:24:09 AM",106,135,30,1,0,"N","","",0,"none",""
"14235",400,1,2013,1,1,"9/27/2013","Spotted_skunk",2013-09-17 03:47:10,"","","","9/17/2013","3:47:10 AM","9/17/2013","4:30:02 AM",34,48,15,1,0,"N","","",0,"none",""
"14236",400,1,2013,1,1,"9/27/2013","Spotted_skunk",2013-09-17 02:36:09,"","","","9/17/2013","2:36:09 AM","9/17/2013","2:36:11 AM",31,33,3,1,0,"N","","",0,"none",""
"14237",400,1,2013,1,1,"9/27/2013","Spotted_skunk",2013-09-17 00:32:47,"","","","9/17/2013","12:32:47 AM","9/17/2013","12:33:53 AM",19,30,12,1,0,"N","","",0,"none",""
"14238",400,1,2013,1,1,"9/27/2013","Spotted_skunk",2013-09-25 21:48:37,"","","","9/25/2013","9:48:37 PM","9/25/2013","10:27:03 PM",163,168,6,1,0,"N","","",0,"none",""
"14239",400,1,2013,1,1,"9/27/2013","Spotted_skunk",2013-09-26 03:47:41,"","","","9/26/2013","3:47:41 AM","9/26/2013","3:47:43 AM",169,171,3,1,0,"N","","",0,"none",""
"14240",400,1,2013,1,1,"9/27/2013","Spotted_skunk",2013-09-23 22:27:15,"","","","9/23/2013","10:27:15 PM","9/23/2013","10:27:17 PM",154,156,3,1,0,"N","","",0,"none",""
"14241",400,1,2013,1,1,"9/27/2013","Spotted_skunk",2013-09-21 20:32:08,"","","","9/21/2013","8:32:08 PM","9/21/2013","8:32:09 PM",151,153,3,1,0,"N","","",0,"none","bait gone"
"14242",400,1,2013,1,1,"9/27/2013","Spotted_skunk",2013-09-21 05:46:15,"","","","9/21/2013","5:46:15 AM","9/21/2013","5:46:17 AM",139,141,3,1,0,"N","","",0,"none",""
"14243",400,1,2013,1,2,"10/19/2013","Spotted_skunk",2013-09-28 19:41:12,"","","","9/28/2013","7:41:12 PM","9/28/2013","7:53:18 PM",52,57,6,1,0,"N","","",0,"none",""
"14244",400,1,2013,1,2,"10/19/2013","Spotted_skunk",2013-09-27 22:14:57,"","","","9/27/2013","10:14:57 PM","9/27/2013","10:36:47 PM",7,27,21,1,0,"N","","",0,"none",""
"14245",400,1,2013,1,2,"10/19/2013","Spotted_skunk",2013-09-28 01:25:28,"","","","9/28/2013","1:25:28 AM","9/28/2013","1:25:43 AM",28,33,6,1,0,"N","","",0,"none",""
"14246",400,1,2013,1,2,"10/19/2013","Spotted_skunk",2013-09-28 03:28:26,"","","","9/28/2013","3:28:26 AM","9/28/2013","3:28:28 AM",34,36,3,1,0,"N","","",0,"none",""
"14247",400,1,2013,1,2,"10/19/2013","Spotted_skunk",2013-09-28 05:05:03,"","","","9/28/2013","5:05:03 AM","9/28/2013","5:22:50 AM",37,45,9,1,0,"N","","",0,"none",""
"14248",400,1,2013,1,2,"10/19/2013","Spotted_skunk",2013-10-01 20:48:33,"","","","10/1/2013","8:48:33 PM","10/1/2013","8:48:35 PM",82,84,3,1,0,"N","","",0,"none",""
"14249",400,1,2013,1,2,"10/19/2013","Spotted_skunk",2013-10-05 01:43:05,"","","","10/5/2013","1:43:05 AM","10/5/2013","1:44:30 AM",97,102,6,1,0,"N","","",0,"none",""
"14250",400,1,2013,1,2,"10/19/2013","Spotted_skunk",2013-09-29 20:28:03,"","","","9/29/2013","8:28:03 PM","9/29/2013","8:29:16 PM",58,63,6,1,0,"N","","",0,"none",""
"14251",400,1,2013,1,2,"10/19/2013","Spotted_skunk",2013-09-30 04:39:21,"","","","9/30/2013","4:39:21 AM","9/30/2013","5:37:36 AM",64,75,12,1,0,"N","","",0,"none","bait gone"
"14252",400,1,2013,1,3,"11/2/2013","Spotted_skunk",2013-10-20 02:13:56,"","","","10/20/2013","2:13:56 AM","10/20/2013","2:40:15 AM",7,21,15,1,0,"N","","",0,"none",""
"14253",400,1,2013,1,3,"11/2/2013","Spotted_skunk",2013-10-31 05:19:48,"","","","10/31/2013","5:19:48 AM","10/31/2013","7:13:06 PM",82,99,18,1,0,"N","","",0,"none",""
"14254",400,1,2013,1,3,"11/2/2013","Spotted_skunk",2013-10-22 02:39:24,"","","","10/22/2013","2:39:24 AM","10/22/2013","2:41:28 AM",40,48,9,1,0,"N","","",0,"none",""
"14255",400,1,2013,1,3,"11/2/2013","Spotted_skunk",2013-10-31 03:12:03,"","","","10/31/2013","3:12:03 AM","10/31/2013","3:12:05 AM",79,81,3,1,0,"N","","",0,"none",""
"14256",400,1,2013,2,2,"10/19/2013","Spotted_skunk",2013-10-19 04:21:50,"","","","10/19/2013","4:21:50 AM","10/19/2013","4:21:51 AM",85,87,3,1,0,"N","","",NA,"",""
"14257",400,1,2013,2,2,"10/19/2013","Spotted_skunk",2013-10-08 03:01:23,"","","","10/8/2013","3:01:23 AM","10/8/2013","3:01:25 AM",49,51,3,1,0,"N","","",0,"none",""
"14258",400,1,2013,2,2,"10/19/2013","Spotted_skunk",2013-10-06 05:28:48,"","","","10/6/2013","5:28:48 AM","10/6/2013","5:40:02 AM",43,48,6,1,0,"N","","",0,"none",""
"14259",400,1,2013,2,2,"10/19/2013","Spotted_skunk",2013-10-11 04:00:00,"","","","10/11/2013","4:00:00 AM","10/11/2013","4:00:02 AM",52,54,3,1,0,"N","","",0,"none",""
"14260",400,1,2013,2,2,"10/19/2013","Spotted_skunk",2013-10-18 02:34:23,"","","","10/18/2013","2:34:23 AM","10/18/2013","2:47:09 AM",76,84,9,1,0,"N","","",0,"none",""
"14261",400,1,2013,2,2,"10/19/2013","Spotted_skunk",2013-10-15 02:17:18,"","","","10/15/2013","2:17:18 AM","10/15/2013","2:22:21 AM",61,66,6,1,0,"N","","",0,"none",""
"14262",400,1,2013,2,2,"10/19/2013","Spotted_skunk",2013-10-16 03:12:08,"","","","10/16/2013","3:12:08 AM","10/16/2013","3:14:39 AM",70,75,6,1,0,"N","","",0,"none",""
"14263",400,1,2013,2,2,"10/19/2013","Spotted_skunk",2013-10-04 22:24:24,"","","","10/4/2013","10:24:24 PM","10/4/2013","11:20:25 PM",31,42,12,1,0,"N","","",0,"none",""
"14264",400,1,2013,2,3,"11/2/2013","Spotted_skunk",2013-10-30 21:42:52,"","","","10/30/2013","9:42:52 PM","10/30/2013","9:43:24 PM",355,360,6,1,0,"N","","",0,"none",""
"14265",400,1,2013,2,3,"11/2/2013","Spotted_skunk",2013-10-31 06:40:27,"","","","10/31/2013","6:40:27 AM","10/31/2013","6:40:28 AM",361,363,3,1,0,"N","","",0,"none",""
"14266",400,1,2013,2,3,"11/2/2013","Spotted_skunk",2013-10-30 00:57:40,"","","","10/30/2013","12:57:40 AM","10/30/2013","1:57:40 AM",256,264,9,1,0,"N","","",0,"none",""
"14267",400,1,2013,2,3,"11/2/2013","Spotted_skunk",2013-10-28 23:56:53,"","","","10/28/2013","11:56:53 PM","10/29/2013","12:18:08 AM",49,54,6,1,0,"N","","",0,"none",""
"14268",400,1,2013,2,3,"11/2/2013","Spotted_skunk",2013-10-26 21:16:12,"","","","10/26/2013","9:16:12 PM","10/26/2013","9:16:14 PM",37,39,3,1,0,"N","","",0,"none",""
"14269",400,1,2013,2,3,"11/2/2013","Spotted_skunk",2013-10-28 04:09:01,"","","","10/28/2013","4:09:01 AM","10/28/2013","4:09:02 AM",43,45,3,1,0,"N","","",0,"none",""
"14270",400,1,2013,2,3,"11/2/2013","Spotted_skunk",2013-10-28 05:11:34,"","","","10/28/2013","5:11:34 AM","10/28/2013","5:11:36 AM",46,48,3,1,0,"N","","",0,"none",""
"14271",400,1,2013,2,3,"11/2/2013","Spotted_skunk",2013-10-27 01:03:27,"","","","10/27/2013","1:03:27 AM","10/27/2013","1:03:28 AM",40,42,3,1,0,"N","","",0,"none",""
"14272",400,1,2013,2,3,"11/2/2013","Spotted_skunk",2013-10-29 01:39:12,"","","","10/29/2013","1:39:12 AM","10/29/2013","1:39:13 AM",55,57,3,1,0,"N","","",0,"none",""
"14273",400,1,2013,3,1,"9/27/2013","Spotted_skunk",2013-09-20 05:56:19,"","","","9/20/2013","5:56:19 AM","9/20/2013","5:56:21 AM",139,141,3,1,0,"N","","",0,"none",""
"14274",400,1,2013,3,1,"9/27/2013","Spotted_skunk",2013-09-20 03:23:42,"","","","9/20/2013","3:23:42 AM","9/20/2013","3:23:44 AM",136,138,3,1,0,"N","","",0,"none",""
"14275",400,1,2013,3,1,"9/27/2013","Spotted_skunk",2013-09-19 04:38:30,"","","","9/19/2013","4:38:30 AM","9/19/2013","5:04:43 AM",124,129,6,2,0,"N","","",0,"none",""
"14276",400,1,2013,3,1,"9/27/2013","Spotted_skunk",2013-09-19 19:51:39,"","","","9/19/2013","7:51:39 PM","9/19/2013","7:52:55 PM",130,135,6,1,0,"N","","",0,"none",""
"14277",400,1,2013,3,1,"9/27/2013","Spotted_skunk",2013-09-24 21:01:03,"","","","9/24/2013","9:01:03 PM","9/24/2013","9:01:05 PM",148,150,3,1,0,"N","","",0,"none",""
"14278",400,1,2013,3,1,"9/27/2013","Spotted_skunk",2013-09-21 22:00:53,"","","","9/21/2013","10:00:53 PM","9/21/2013","10:00:55 PM",142,144,3,1,0,"N","","",0,"none",""
"14279",400,1,2013,3,1,"9/27/2013","Spotted_skunk",2013-09-18 20:26:28,"","","","9/18/2013","8:26:28 PM","9/18/2013","8:50:17 PM",94,102,9,1,0,"N","","",0,"none",""
"14280",400,1,2013,3,1,"9/27/2013","Spotted_skunk",2013-09-17 03:47:12,"","","","9/17/2013","3:47:12 AM","9/17/2013","3:47:13 AM",25,27,3,1,0,"N","","",0,"none",""
"14281",400,1,2013,3,1,"9/27/2013","Spotted_skunk",2013-09-17 00:19:41,"","","","9/17/2013","12:19:41 AM","9/17/2013","12:22:35 AM",16,24,9,1,0,"N","","",0,"none",""
"14282",400,1,2013,3,1,"9/27/2013","Spotted_skunk",2013-09-17 20:55:55,"","","","9/17/2013","8:55:55 PM","9/17/2013","11:47:35 PM",34,57,24,1,0,"N","","",0,"none",""
"14283",400,1,2013,3,1,"9/27/2013","Spotted_skunk",2013-09-18 02:15:20,"","","","9/18/2013","2:15:20 AM","9/18/2013","2:49:53 AM",58,72,15,2,0,"N","","",0,"none",""
"14284",400,1,2013,3,1,"9/27/2013","Spotted_skunk",2013-09-19 02:12:21,"","","","9/19/2013","2:12:21 AM","9/19/2013","2:12:23 AM",118,120,3,1,0,"N","","",0,"none",""
"14285",400,1,2013,3,1,"9/27/2013","Spotted_skunk",2013-09-18 04:12:59,"","","","9/18/2013","4:12:59 AM","9/18/2013","5:40:59 AM",73,93,21,2,0,"N","","",0,"none",""
"14286",400,1,2013,3,1,"9/27/2013","Spotted_skunk",2013-09-19 00:58:42,"","","","9/19/2013","12:58:42 AM","9/19/2013","1:01:17 AM",112,117,6,1,0,"N","","",0,"none",""
"14287",400,1,2013,3,1,"9/27/2013","Spotted_skunk",2013-09-18 21:51:32,"","","","9/18/2013","9:51:32 PM","9/18/2013","10:04:14 PM",103,111,9,2,0,"N","","",0,"none",""
"14288",400,1,2013,3,1,"9/27/2013","Spotted_skunk",2013-09-25 02:35:57,"","","","9/25/2013","2:35:57 AM","9/25/2013","2:36:00 AM",151,153,3,1,0,"N","","",0,"none",""
"14289",400,1,2013,3,1,"9/27/2013","Spotted_skunk",2013-09-19 03:35:19,"","","","9/19/2013","3:35:19 AM","9/19/2013","3:35:20 AM",121,123,3,1,0,"N","","",0,"none",""
"14290",400,1,2013,3,2,"10/19/2013","Spotted_skunk",2013-10-05 22:42:44,"","","","10/5/2013","10:42:44 PM","10/5/2013","10:42:46 PM",97,99,3,1,0,"N","","",NA,"",""
"14291",400,1,2013,3,2,"10/19/2013","Spotted_skunk",2013-09-30 03:46:32,"","","","9/30/2013","3:46:32 AM","9/30/2013","4:02:16 AM",28,33,6,1,0,"N","","",0,"none",""
"14292",400,1,2013,3,2,"10/19/2013","Spotted_skunk",2013-09-30 19:55:02,"","","","9/30/2013","7:55:02 PM","9/30/2013","7:55:04 PM",34,36,3,1,0,"N","","",0,"none",""
"14293",400,1,2013,3,2,"10/19/2013","Spotted_skunk",2013-10-02 00:18:58,"","","","10/2/2013","12:18:58 AM","10/2/2013","12:18:58 AM",52,54,3,1,0,"N","","",0,"none","bait gone"
"14294",400,1,2013,3,2,"10/19/2013","Spotted_skunk",2013-10-01 05:20:22,"","","","10/1/2013","5:20:22 AM","10/1/2013","5:41:46 AM",43,48,6,1,0,"N","","",0,"none",""
"14295",400,1,2013,3,2,"10/19/2013","Spotted_skunk",2013-10-01 02:13:37,"","","","10/1/2013","2:13:37 AM","10/1/2013","2:40:20 AM",37,42,6,1,0,"N","","",0,"none",""
"14296",400,1,2013,3,2,"10/19/2013","Spotted_skunk",2013-10-02 04:40:12,"","","","10/2/2013","4:40:12 AM","10/2/2013","4:40:14 AM",55,57,3,1,0,"N","","",0,"none",""
"14297",400,1,2013,3,2,"10/19/2013","Spotted_skunk",2013-10-01 20:00:17,"","","","10/1/2013","8:00:17 PM","10/1/2013","8:00:19 PM",49,51,3,1,0,"N","","",0,"none",""
"14298",400,1,2013,3,2,"10/19/2013","Spotted_skunk",2013-10-10 02:37:15,"","","","10/10/2013","2:37:15 AM","10/10/2013","2:37:49 AM",109,114,6,1,0,"N","","",0,"none",""
"14299",400,1,2013,3,2,"10/19/2013","Spotted_skunk",2013-10-11 22:06:22,"","","","10/11/2013","10:06:22 PM","10/11/2013","10:06:42 PM",118,123,6,1,0,"N","","",0,"none",""
"14300",400,1,2013,3,2,"10/19/2013","Spotted_skunk",2013-09-29 23:12:47,"","","","9/29/2013","11:12:47 PM","9/29/2013","11:12:48 PM",25,27,3,1,0,"N","","",0,"none",""
"14301",400,1,2013,3,2,"10/19/2013","Spotted_skunk",2013-10-18 02:56:48,"","","","10/18/2013","2:56:48 AM","10/18/2013","2:57:40 AM",163,168,6,1,0,"N","","",0,"none",""
"14302",400,1,2013,3,2,"10/19/2013","Spotted_skunk",2013-10-03 00:33:15,"","","","10/3/2013","12:33:15 AM","10/3/2013","12:44:09 AM",58,72,15,1,0,"N","","",0,"none",""
"14303",400,1,2013,3,2,"10/19/2013","Spotted_skunk",2013-10-08 22:05:46,"","","","10/8/2013","10:05:46 PM","10/8/2013","10:05:47 PM",103,105,3,1,0,"N","","",0,"none",""
"14304",400,1,2013,3,2,"10/19/2013","Spotted_skunk",2013-10-05 21:22:11,"","","","10/5/2013","9:22:11 PM","10/5/2013","9:22:13 PM",94,96,3,1,0,"N","","",0,"none",""
"14305",400,1,2013,3,2,"10/19/2013","Spotted_skunk",2013-10-04 02:14:32,"","","","10/4/2013","2:14:32 AM","10/4/2013","2:35:23 AM",76,93,18,1,0,"N","","",0,"none",""
"14306",400,1,2013,3,2,"10/19/2013","Spotted_skunk",2013-10-03 04:56:28,"","","","10/3/2013","4:56:28 AM","10/3/2013","4:56:29 AM",73,75,3,1,0,"N","","",0,"none",""
"14307",400,1,2013,3,2,"10/19/2013","Spotted_skunk",2013-10-15 05:35:25,"","","","10/15/2013","5:35:25 AM","10/15/2013","6:09:33 AM",136,144,9,1,0,"N","","",0,"none",""
"14308",400,1,2013,3,2,"10/19/2013","Spotted_skunk",2013-09-29 20:10:54,"","","","9/29/2013","8:10:54 PM","9/29/2013","8:11:15 PM",19,24,6,1,0,"N","","",0,"none",""
"14309",400,1,2013,3,2,"10/19/2013","Spotted_skunk",2013-09-28 21:47:12,"","","","9/28/2013","9:47:12 PM","9/28/2013","9:47:13 PM",16,18,3,1,0,"N","","",0,"none",""
"14310",400,1,2013,3,2,"10/19/2013","Spotted_skunk",2013-09-28 01:56:45,"","","","9/28/2013","1:56:45 AM","9/28/2013","1:56:47 AM",13,15,3,1,0,"N","","",0,"none",""
"14311",400,1,2013,3,2,"10/19/2013","Spotted_skunk",2013-09-27 22:12:47,"","","","9/27/2013","10:12:47 PM","9/27/2013","10:12:48 PM",10,12,3,2,0,"N","","",0,"none",""
"14312",400,1,2013,3,2,"10/19/2013","Spotted_skunk",2013-10-14 00:20:25,"","","","10/14/2013","12:20:25 AM","10/14/2013","12:47:28 AM",127,135,9,1,0,"N","","",0,"none",""
"14313",400,1,2013,3,3,"11/2/2013","Spotted_skunk",2013-10-23 19:52:34,"","","","10/23/2013","7:52:34 PM","10/23/2013","7:53:57 PM",64,69,6,1,0,"N","","",0,"none",""
"14314",400,1,2013,3,3,"11/2/2013","Spotted_skunk",2013-10-20 19:13:12,"","","","10/20/2013","7:13:12 PM","10/20/2013","7:14:16 PM",22,27,6,1,0,"N","","",0,"none",""
"14315",400,1,2013,3,3,"11/2/2013","Spotted_skunk",2013-10-21 00:49:18,"","","","10/21/2013","12:49:18 AM","10/21/2013","12:49:20 AM",31,33,3,1,0,"N","","",0,"none",""
"14316",400,1,2013,3,3,"11/2/2013","Spotted_skunk",2013-10-21 05:24:04,"","","","10/21/2013","5:24:04 AM","10/21/2013","5:24:06 AM",34,36,3,1,0,"N","","",0,"none",""
"14317",400,1,2013,3,3,"11/2/2013","Spotted_skunk",2013-10-22 02:37:10,"","","","10/22/2013","2:37:10 AM","10/22/2013","2:38:08 AM",37,42,6,1,0,"N","","",0,"none",""
"14318",400,1,2013,3,3,"11/2/2013","Spotted_skunk",2013-10-22 19:18:59,"","","","10/22/2013","7:18:59 PM","10/22/2013","7:19:29 PM",43,48,6,1,0,"N","","",0,"none","bait gone"
"14319",400,1,2013,3,3,"11/2/2013","Spotted_skunk",2013-10-23 01:02:29,"","","","10/23/2013","1:02:29 AM","10/23/2013","2:02:07 AM",49,60,12,1,0,"N","","",0,"none",""
"14320",400,1,2013,3,3,"11/2/2013","Spotted_skunk",2013-10-29 23:57:04,"","","","10/29/2013","11:57:04 PM","10/29/2013","11:58:27 PM",115,126,12,1,0,"N","","",0,"none",""
"14321",400,1,2013,3,3,"11/2/2013","Spotted_skunk",2013-10-29 05:29:55,"","","","10/29/2013","5:29:55 AM","10/29/2013","5:29:57 AM",106,108,3,1,0,"N","","",0,"none",""
"14322",400,1,2013,3,3,"11/2/2013","Spotted_skunk",2013-10-19 21:38:22,"","","","10/19/2013","9:38:22 PM","10/19/2013","10:03:15 PM",10,15,6,1,0,"N","","",0,"none",""
"14323",400,1,2013,3,3,"11/2/2013","Spotted_skunk",2013-10-28 23:10:03,"","","","10/28/2013","11:10:03 PM","10/28/2013","11:10:41 PM",100,105,6,1,0,"N","","",0,"none",""
"14324",400,1,2013,3,3,"11/2/2013","Spotted_skunk",2013-10-27 03:57:05,"","","","10/27/2013","3:57:05 AM","10/27/2013","3:57:07 AM",97,99,3,1,0,"N","","",0,"none",""
"14325",400,1,2013,3,3,"11/2/2013","Spotted_skunk",2013-10-26 00:14:48,"","","","10/26/2013","12:14:48 AM","10/26/2013","12:14:49 AM",94,96,3,1,0,"N","","",0,"none",""
"14326",400,1,2013,3,3,"11/2/2013","Spotted_skunk",2013-10-25 02:17:15,"","","","10/25/2013","2:17:15 AM","10/25/2013","2:52:51 AM",73,93,21,1,0,"N","","",0,"none",""
"14327",400,1,2013,3,3,"11/2/2013","Spotted_skunk",2013-10-24 20:57:45,"","","","10/24/2013","8:57:45 PM","10/24/2013","8:57:46 PM",70,72,3,1,0,"N","","",0,"none",""
"14328",400,1,2013,3,3,"11/2/2013","Spotted_skunk",2013-10-29 22:38:46,"","","","10/29/2013","10:38:46 PM","10/29/2013","10:39:14 PM",109,114,6,1,0,"N","","",0,"none",""
"14329",400,1,2013,3,3,"11/2/2013","Spotted_skunk",2013-10-30 19:09:10,"","","","10/30/2013","7:09:10 PM","10/30/2013","7:09:12 PM",127,129,3,1,0,"N","","",0,"none",""
"14330",400,1,2013,3,3,"11/2/2013","Spotted_skunk",2013-11-02 00:57:27,"","","","11/2/2013","12:57:27 AM","11/2/2013","12:57:29 AM",130,132,3,1,0,"N","","",0,"none",""
"14331",400,1,2013,3,3,"11/2/2013","Spotted_skunk",2013-10-20 06:04:35,"","","","10/20/2013","6:04:35 AM","10/20/2013","6:15:59 AM",16,21,6,1,0,"N","","",0,"none",""
"14332",400,2,2015,1,1,"10/6/2015","Spotted_skunk",2015-09-30 19:42:08,"","","","9/30/2015","7:42:08 PM","9/30/2015","8:25:24 PM",145,156,12,1,0,"N","","",NA,"",""
"14333",400,2,2015,1,1,"10/6/2015","Spotted_skunk",2015-09-29 05:10:53,"","","","9/29/2015","5:10:53 AM","9/29/2015","6:34:31 AM",76,123,48,1,0,"N","","",NA,"",""
"14334",400,2,2015,1,1,"10/6/2015","Spotted_skunk",2015-09-29 02:58:19,"","","","9/29/2015","2:58:19 AM","9/29/2015","3:20:23 AM",61,75,15,1,0,"N","","",NA,"",""
"14335",400,2,2015,1,1,"10/6/2015","Spotted_skunk",2015-09-24 06:12:41,"","","","9/24/2015","6:12:41 AM","9/24/2015","7:01:58 AM",13,30,18,1,0,"N","","",NA,"",""
"14336",400,2,2015,1,1,"10/6/2015","Spotted_skunk",2015-09-25 05:17:32,"","","","9/25/2015","5:17:32 AM","9/25/2015","5:41:42 AM",31,36,6,1,0,"N","","",NA,"",""
"14337",400,2,2015,1,1,"10/6/2015","Spotted_skunk",2015-09-28 19:53:33,"","","","9/28/2015","7:53:33 PM","9/28/2015","9:15:05 PM",40,60,21,1,0,"N","","",NA,"",""
"14338",400,2,2015,1,1,"10/6/2015","Spotted_skunk",2015-10-02 20:06:07,"","","","10/2/2015","8:06:07 PM","10/2/2015","8:06:07 PM",181,183,3,1,0,"N","","",NA,"",""
"14339",400,2,2015,1,1,"10/6/2015","Spotted_skunk",2015-10-01 01:01:28,"","","","10/1/2015","1:01:28 AM","10/1/2015","1:38:15 AM",157,174,18,1,0,"N","Y","",NA,"",""
"14340",400,2,2015,1,1,"10/6/2015","Spotted_skunk",2015-09-30 05:32:23,"","","","9/30/2015","5:32:23 AM","9/30/2015","5:32:23 AM",142,144,3,1,0,"N","","",NA,"",""
"14341",400,2,2015,1,1,"10/6/2015","Spotted_skunk",2015-09-30 03:08:47,"","","","9/30/2015","3:08:47 AM","9/30/2015","3:44:11 AM",130,141,12,1,0,"N","","",NA,"",""
"14342",400,2,2015,1,1,"10/6/2015","Spotted_skunk",2015-09-29 23:30:35,"","","","9/29/2015","11:30:35 PM","9/29/2015","11:30:35 PM",127,129,3,1,0,"N","","",NA,"",""
"14343",400,2,2015,1,1,"10/6/2015","Spotted_skunk",2015-09-29 19:35:06,"","","","9/29/2015","7:35:06 PM","9/29/2015","7:35:06 PM",124,126,3,1,0,"N","","",NA,"",""
"14344",400,2,2015,1,1,"10/6/2015","Spotted_skunk",2015-10-01 20:23:48,"","","","10/1/2015","8:23:48 PM","10/1/2015","8:28:17 PM",175,180,6,1,0,"N","","",NA,"",""
"14345",400,2,2015,1,2,"10/20/2015","Spotted_skunk",2015-10-08 05:31:57,"","","","10/8/2015","5:31:57 AM","10/8/2015","5:31:57 AM",49,51,3,1,0,"N","","",NA,"",""
"14346",400,2,2015,1,2,"10/20/2015","Spotted_skunk",2015-10-16 04:19:43,"","","","10/16/2015","4:19:43 AM","10/16/2015","4:19:43 AM",61,63,3,1,0,"N","","",NA,"",""
"14347",400,2,2015,1,2,"10/20/2015","Spotted_skunk",2015-10-07 05:35:40,"","","","10/7/2015","5:35:40 AM","10/7/2015","6:25:56 AM",34,42,9,1,0,"N","","",NA,"",""
"14348",400,2,2015,1,2,"10/20/2015","Spotted_skunk",2015-10-10 02:46:48,"","","","10/10/2015","2:46:48 AM","10/10/2015","2:46:48 AM",52,54,3,1,0,"N","","",NA,"",""
"14349",400,2,2015,1,2,"10/20/2015","Spotted_skunk",2015-10-07 22:08:04,"","","","10/7/2015","10:08:04 PM","10/7/2015","10:19:26 PM",43,48,6,1,0,"N","Y","",NA,"10070046","Tree bait gone"
"14350",400,2,2015,1,2,"10/20/2015","Spotted_skunk",2015-10-07 05:09:33,"","","","10/7/2015","5:09:33 AM","10/7/2015","5:09:48 AM",28,33,6,1,0,"N","","",NA,"",""
"14351",400,2,2015,1,2,"10/20/2015","Spotted_skunk",2015-10-07 03:28:15,"","","","10/7/2015","3:28:15 AM","10/7/2015","3:28:15 AM",25,27,3,1,0,"N","","",NA,"",""
"14352",400,2,2015,1,2,"10/20/2015","Spotted_skunk",2015-10-07 00:07:00,"","","","10/7/2015","12:07:00 AM","10/7/2015","12:56:25 AM",10,24,15,1,0,"N","","",NA,"",""
"14353",400,2,2015,3,1,"10/6/2015","Spotted_skunk",2015-10-05 00:59:55,"","","","10/5/2015","12:59:55 AM","10/5/2015","12:59:55 AM",679,681,3,1,NA,"","","",NA,"",""
"14354",400,2,2015,3,1,"10/6/2015","Spotted_skunk",2015-10-03 05:01:17,"","","","10/3/2015","5:01:17 AM","10/3/2015","5:14:12 AM",460,480,21,1,0,"","","",NA,"",""
"14355",400,2,2015,3,1,"10/6/2015","Spotted_skunk",2015-10-02 10:19:20,"","","","10/2/2015","10:19:20 AM","10/2/2015","10:19:20 AM",376,378,3,1,0,"","","",NA,"",""
"14356",400,2,2015,3,1,"10/6/2015","Spotted_skunk",2015-10-01 01:52:11,"","","","10/1/2015","1:52:11 AM","10/1/2015","1:58:48 AM",73,87,15,1,0,"","","",NA,"",""
"14357",400,2,2015,3,1,"10/6/2015","Spotted_skunk",2015-10-01 04:08:01,"","","","10/1/2015","4:08:01 AM","10/1/2015","6:18:22 AM",88,183,96,2,0,"","","Y",NA,"",""
"14358",400,2,2015,3,1,"10/6/2015","Spotted_skunk",2015-10-01 19:02:09,"","","","10/1/2015","7:02:09 PM","10/1/2015","7:02:09 PM",193,195,3,1,0,"","","",NA,"",""
"14359",400,2,2015,3,1,"10/6/2015","Spotted_skunk",2015-10-01 20:02:22,"","","","10/1/2015","8:02:22 PM","10/1/2015","10:58:41 PM",196,261,66,1,0,"","","",NA,"",""
"14360",400,2,2015,3,1,"10/6/2015","Spotted_skunk",2015-09-30 19:14:25,"","","","9/30/2015","7:14:25 PM","9/30/2015","7:14:25 PM",22,24,3,1,0,"","","",NA,"",""
"14361",400,2,2015,3,1,"10/6/2015","Spotted_skunk",2015-10-03 02:47:49,"","","","10/3/2015","2:47:49 AM","10/3/2015","3:03:55 AM",427,459,33,1,0,"","","",NA,"",""
"14362",400,2,2015,3,1,"10/6/2015","Spotted_skunk",2015-10-02 00:05:21,"","","","10/2/2015","12:05:21 AM","10/2/2015","12:23:51 AM",262,276,15,1,0,"","","",NA,"",""
"14363",400,2,2015,3,1,"10/6/2015","Spotted_skunk",2015-10-02 19:26:16,"","","","10/2/2015","7:26:16 PM","10/2/2015","7:57:39 PM",400,426,27,1,0,"","","",NA,"",""
"14364",400,2,2015,3,1,"10/6/2015","Spotted_skunk",2015-10-02 01:38:05,"","","","10/2/2015","1:38:05 AM","10/2/2015","3:06:59 AM",277,294,18,1,0,"","","",NA,"",""
"14365",400,2,2015,3,1,"10/6/2015","Spotted_skunk",2015-10-02 04:22:09,"","","","10/2/2015","4:22:09 AM","10/2/2015","6:46:10 AM",295,375,81,1,0,"","Y","",NA,"",""
"14366",400,2,2015,3,1,"10/6/2015","Spotted_skunk",2015-10-02 13:38:08,"","","","10/2/2015","1:38:08 PM","10/2/2015","1:41:08 PM",379,399,21,1,0,"","","",NA,"",""
"14367",400,2,2015,3,1,"10/6/2015","Spotted_skunk",2015-10-04 03:19:42,"","","","10/4/2015","3:19:42 AM","10/4/2015","3:22:25 AM",652,672,21,1,0,"","","",NA,"",""
"14368",400,2,2015,3,1,"10/6/2015","Spotted_skunk",2015-09-30 12:55:04,"","","","9/30/2015","12:55:04 PM","9/30/2015","12:55:04 PM",19,21,3,1,0,"","","",NA,"",""
"14369",400,2,2015,3,1,"10/6/2015","Spotted_skunk",2015-10-05 03:24:13,"","","","10/5/2015","3:24:13 AM","10/5/2015","3:46:01 AM",682,705,24,1,0,"","","",NA,"",""
"14370",400,2,2015,3,1,"10/6/2015","Spotted_skunk",2015-09-30 20:25:57,"","","","9/30/2015","8:25:57 PM","9/30/2015","9:41:07 PM",28,72,45,1,0,"","","",NA,"",""
"14371",400,2,2015,3.1,2,"10/20/2015","Spotted_skunk",2015-10-07 18:08:09,"","","","10/7/2015","6:08:09 PM","10/7/2015","6:15:57 PM",31,39,9,1,0,"N","","",NA,"",""
"14372",400,2,2015,3.1,2,"10/20/2015","Spotted_skunk",2015-10-08 20:04:25,"","","","10/8/2015","8:04:25 PM","10/8/2015","8:04:26 PM",70,72,3,1,0,"N","","",NA,"",""
"14373",400,2,2015,3.1,2,"10/20/2015","Spotted_skunk",2015-10-08 04:55:06,"","","","10/8/2015","4:55:06 AM","10/8/2015","6:48:25 AM",46,69,24,1,0,"N","","",NA,"",""
"14374",400,2,2015,3.1,2,"10/20/2015","Spotted_skunk",2015-10-07 21:49:42,"","","","10/7/2015","9:49:42 PM","10/7/2015","9:49:46 PM",40,42,3,1,0,"N","","",NA,"",""
"14375",400,2,2015,3.1,2,"10/20/2015","Spotted_skunk",2015-10-07 07:17:55,"","","","10/7/2015","7:17:55 AM","10/7/2015","7:17:57 AM",28,30,3,1,0,"N","","Y",NA,"EK000028","Cubby is moved from original position - likley bait was taken"
"14376",400,2,2015,3.1,2,"10/20/2015","Spotted_skunk",2015-10-07 03:52:11,"","","","10/7/2015","3:52:11 AM","10/7/2015","5:02:45 AM",13,27,15,1,0,"N","","",NA,"",""
"14377",400,2,2015,3.1,2,"10/20/2015","Spotted_skunk",2015-10-08 00:37:32,"","","","10/8/2015","12:37:32 AM","10/8/2015","12:37:33 AM",43,45,3,1,0,"N","","",NA,"",""
"14378",400,2,2015,3.1,2,"10/20/2015","Spotted_skunk",2015-10-14 21:09:16,"","","","10/14/2015","9:09:16 PM","10/14/2015","9:09:29 PM",115,120,6,1,0,"N","","",NA,"",""
"14379",400,2,2015,3.1,2,"10/20/2015","Spotted_skunk",2015-10-11 05:49:04,"","","","10/11/2015","5:49:04 AM","10/11/2015","5:49:06 AM",103,105,3,1,0,"N","","",NA,"",""
"14380",400,2,2015,3.1,2,"10/20/2015","Spotted_skunk",2015-10-09 20:56:41,"","","","10/9/2015","8:56:41 PM","10/9/2015","8:56:42 PM",100,102,3,1,0,"N","","",NA,"",""
"14381",400,2,2015,3.1,2,"10/20/2015","Spotted_skunk",2015-10-09 05:44:59,"","","","10/9/2015","5:44:59 AM","10/9/2015","7:01:12 AM",73,99,27,1,0,"N","Y","",NA,"91 tree bait taken",""
"14382",400,2,2015,3.1,2,"10/20/2015","Spotted_skunk",2015-10-07 02:12:09,"","","","10/7/2015","2:12:09 AM","10/7/2015","2:12:33 AM",7,12,6,1,0,"N","","",NA,"",""
"14383",400,2,2015,3.1,3,"11/3/2015","Spotted_skunk",2015-10-25 22:10:26,"","","","10/25/2015","10:10:26 PM","10/25/2015","10:10:28 PM",277,279,3,1,0,"N","","",NA,"",""
"14384",400,2,2015,3.1,3,"11/3/2015","Spotted_skunk",2015-10-26 22:22:34,"","","","10/26/2015","10:22:34 PM","10/26/2015","10:22:35 PM",280,282,3,1,0,"N","","",NA,"",""
"14385",400,2,2015,3.1,3,"11/3/2015","Spotted_skunk",2015-10-22 04:38:55,"","","","10/22/2015","4:38:55 AM","10/22/2015","5:05:30 AM",202,219,18,1,0,"N","","",NA,"",""
"14386",400,2,2015,3.1,3,"11/3/2015","Spotted_skunk",2015-10-22 01:22:15,"","","","10/22/2015","1:22:15 AM","10/22/2015","1:23:31 AM",193,201,9,1,0,"N","","",NA,"",""
"14387",400,2,2015,3.1,3,"11/3/2015","Spotted_skunk",2015-10-22 19:12:19,"","","","10/22/2015","7:12:19 PM","10/22/2015","7:15:19 PM",220,225,6,1,0,"N","","",NA,"",""
"14388",400,2,2015,3.1,3,"11/3/2015","Spotted_skunk",2015-10-21 18:34:44,"","","","10/21/2015","6:34:44 PM","10/21/2015","7:51:50 PM",139,171,33,2,0,"N","","",NA,"",""
"14389",400,2,2015,3.1,3,"11/3/2015","Spotted_skunk",2015-10-23 19:14:24,"","","","10/23/2015","7:14:24 PM","10/23/2015","8:42:48 PM",235,246,12,1,0,"N","","",NA,"",""
"14390",400,2,2015,3.1,3,"11/3/2015","Spotted_skunk",2015-10-29 01:18:22,"","","","10/29/2015","1:18:22 AM","10/29/2015","1:18:26 AM",283,285,3,1,0,"N","","",NA,"",""
"14391",400,2,2015,3.1,3,"11/3/2015","Spotted_skunk",2015-10-21 22:21:51,"","","","10/21/2015","10:21:51 PM","10/21/2015","11:06:32 PM",172,192,21,1,0,"N","Y","",NA,"177 last of the bait",""
"14392",400,2,2015,3.1,3,"11/3/2015","Spotted_skunk",2015-10-23 05:51:09,"","","","10/23/2015","5:51:09 AM","10/23/2015","5:52:35 AM",226,234,9,1,0,"N","","",NA,"",""
"14393",400,2,2015,3.1,3,"11/3/2015","Spotted_skunk",2015-10-25 19:10:57,"","","","10/25/2015","7:10:57 PM","10/25/2015","8:15:30 PM",253,276,24,1,0,"N","","",NA,"",""
"14394",400,2,2015,3.1,3,"11/3/2015","Spotted_skunk",2015-10-20 19:10:53,"","","","10/20/2015","7:10:53 PM","10/20/2015","9:43:25 PM",10,48,39,2,0,"N","","",NA,"",""
"14395",400,2,2015,3.1,3,"11/3/2015","Spotted_skunk",2015-10-20 23:26:12,"","","","10/20/2015","11:26:12 PM","10/20/2015","11:38:16 PM",49,54,6,1,0,"N","","",NA,"",""
"14396",400,2,2015,3.1,3,"11/3/2015","Spotted_skunk",2015-10-21 01:22:18,"","","","10/21/2015","1:22:18 AM","10/21/2015","1:23:07 AM",55,63,9,1,0,"N","","",NA,"",""
"14397",400,2,2015,3.1,3,"11/3/2015","Spotted_skunk",2015-10-21 04:28:50,"","","","10/21/2015","4:28:50 AM","10/21/2015","7:34:54 AM",64,138,75,2,0,"N","","",NA,"",""
"14398",401,1,2013,1,1,"8/7/2013","Spotted_skunk",2013-08-04 03:55:13,"","","","8/4/2013","3:55:13 AM","8/4/2013","3:55:44 AM",181,186,6,1,0,"N","","",0,"none",""
"14399",401,1,2013,1,1,"8/7/2013","Spotted_skunk",2013-07-30 03:27:13,"","","","7/30/2013","3:27:13 AM","7/30/2013","3:28:26 AM",55,63,9,1,0,"N","","",0,"none",""
"14400",401,1,2013,1,1,"8/7/2013","Spotted_skunk",2013-07-29 01:49:33,"","","","7/29/2013","1:49:33 AM","7/29/2013","1:49:35 AM",52,54,3,1,0,"N","","",0,"none",""
"14401",401,1,2013,1,1,"8/7/2013","Spotted_skunk",2013-07-28 03:50:11,"","","","7/28/2013","3:50:11 AM","7/28/2013","4:31:27 AM",31,51,21,1,0,"N","","",0,"none",""
"14402",401,1,2013,1,1,"8/7/2013","Spotted_skunk",2013-08-03 00:03:12,"","","","8/3/2013","12:03:12 AM","8/3/2013","12:07:00 AM",163,171,9,1,0,"N","","",0,"none",""
"14403",401,1,2013,1,1,"8/7/2013","Spotted_skunk",2013-08-02 22:09:12,"","","","8/2/2013","10:09:12 PM","8/2/2013","10:28:50 PM",145,156,12,1,0,"N","","",0,"none",""
"14404",401,1,2013,1,1,"8/7/2013","Spotted_skunk",2013-08-02 00:15:06,"","","","8/2/2013","12:15:06 AM","8/2/2013","12:21:50 AM",67,75,9,1,0,"N","","",0,"none",""
"14405",401,1,2013,1,3,"9/4/2013","Spotted_skunk",2013-08-29 03:52:01,"","","","8/29/2013","3:52:01 AM","8/29/2013","3:52:02 AM",10,12,3,1,0,"N","","",0,"none",""
"14406",401,1,2013,2,1,"8/7/2013","Spotted_skunk",2013-08-01 01:42:04,"","","","8/1/2013","1:42:04 AM","8/1/2013","1:45:02 AM",22,27,6,1,NA,"","","",NA,"",""
"14407",401,1,2013,2,2,"8/21/2013","Spotted_skunk",2013-08-14 02:04:51,"","","","8/14/2013","2:04:51 AM","8/14/2013","2:06:58 AM",113,118,6,1,NA,"","","",NA,"",""
"14408",401,1,2013,2,2,"8/21/2013","Spotted_skunk",2013-08-14 05:09:29,"","","","8/14/2013","5:09:29 AM","8/14/2013","5:21:43 AM",119,127,9,1,NA,"","","",NA,"",""
"14409",401,1,2013,2,2,"8/21/2013","Spotted_skunk",2013-08-13 03:11:10,"","","","8/13/2013","3:11:10 AM","8/13/2013","3:11:33 AM",92,97,6,1,NA,"","","",NA,"",""
"14410",401,1,2013,2,2,"8/21/2013","Spotted_skunk",2013-08-10 01:32:07,"","","","8/10/2013","1:32:07 AM","8/10/2013","2:05:10 AM",11,34,24,1,NA,"","","",NA,"",""
"14411",401,1,2013,2,2,"8/21/2013","Spotted_skunk",2013-08-10 03:17:31,"","","","8/10/2013","3:17:31 AM","8/10/2013","4:23:38 AM",35,73,39,2,NA,"","","",NA,"",""
"14412",401,1,2013,2,2,"8/21/2013","Spotted_skunk",2013-08-11 01:37:00,"","","","8/11/2013","1:37:00 AM","8/11/2013","2:24:03 AM",80,88,9,1,NA,"","","",NA,"",""
"14413",401,1,2013,2,3,"9/4/2013","Spotted_skunk",2013-08-25 02:41:30,"","","","8/25/2013","2:41:30 AM","8/25/2013","2:41:30 AM",16,18,3,1,NA,"","","",NA,"",""
"14414",401,1,2013,2,3,"9/4/2013","Spotted_skunk",2013-08-27 04:47:01,"","","","8/27/2013","4:47:01 AM","8/27/2013","4:49:30 AM",25,33,9,1,NA,"","","",NA,"",""
"14415",401,1,2013,2,3,"9/4/2013","Spotted_skunk",2013-09-04 03:33:30,"","","","9/4/2013","3:33:30 AM","9/4/2013","3:33:31 AM",205,207,3,1,NA,"","","",NA,"",""
"14416",401,1,2013,2,3,"9/4/2013","Spotted_skunk",2013-09-03 04:20:34,"","","","9/3/2013","4:20:34 AM","9/3/2013","5:19:36 AM",172,204,33,1,NA,"","","",NA,"",""
"14417",401,1,2013,2,3,"9/4/2013","Spotted_skunk",2013-08-31 01:43:09,"","","","8/31/2013","1:43:09 AM","8/31/2013","1:43:52 AM",34,39,6,1,NA,"","","",NA,"",""
"14418",401,1,2013,2,3,"9/4/2013","Spotted_skunk",2013-09-02 01:37:33,"","","","9/2/2013","1:37:33 AM","9/2/2013","5:42:25 AM",52,144,93,2,NA,"","","",NA,"",""
"14419",401,1,2013,2,3,"9/4/2013","Spotted_skunk",2013-09-02 23:55:32,"","","","9/2/2013","11:55:32 PM","9/3/2013","12:56:53 AM",145,171,27,1,NA,"","","",NA,"",""
"14420",401,1,2013,3,2,"8/21/2013","Spotted_skunk",2013-08-11 23:29:59,"","","","8/11/2013","11:29:59 PM","8/12/2013","12:17:57 AM",127,138,12,2,NA,"","","",NA,"",""
"14421",401,1,2013,3,2,"8/21/2013","Spotted_skunk",2013-08-13 00:57:21,"","","","8/13/2013","12:57:21 AM","8/13/2013","1:08:00 AM",229,237,9,1,NA,"","","",NA,"",""
"14422",401,1,2013,3,2,"8/21/2013","Spotted_skunk",2013-08-16 23:02:33,"","","","8/16/2013","11:02:33 PM","8/16/2013","11:02:34 PM",241,243,3,1,NA,"","","",NA,"",""
"14423",401,1,2013,3,2,"8/21/2013","Spotted_skunk",2013-08-11 21:48:52,"","","","8/11/2013","9:48:52 PM","8/11/2013","10:12:17 PM",112,126,15,2,NA,"","","",NA,"",""
"14424",401,1,2013,3,2,"8/21/2013","Spotted_skunk",2013-08-17 02:00:03,"","","","8/17/2013","2:00:03 AM","8/17/2013","2:02:39 AM",244,249,6,1,NA,"","","",NA,"",""
"14425",401,1,2013,3,2,"8/21/2013","Spotted_skunk",2013-08-12 02:01:17,"","","","8/12/2013","2:01:17 AM","8/12/2013","4:43:43 AM",139,228,90,4,NA,"","","",NA,"",""
"14426",401,1,2013,3,2,"8/21/2013","Spotted_skunk",2013-08-11 03:45:58,"","","","8/11/2013","3:45:58 AM","8/11/2013","4:52:11 AM",64,111,48,2,NA,"","","",NA,"",""
"14427",401,1,2013,3,2,"8/21/2013","Spotted_skunk",2013-08-10 04:14:30,"","","","8/10/2013","4:14:30 AM","8/10/2013","4:20:36 AM",7,15,9,1,NA,"","","",NA,"",""
"14428",401,1,2013,3,2,"8/21/2013","Spotted_skunk",2013-08-10 21:55:28,"","","","8/10/2013","9:55:28 PM","8/10/2013","10:09:36 PM",16,27,12,1,NA,"","","",NA,"",""
"14429",401,1,2013,3,2,"8/21/2013","Spotted_skunk",2013-08-10 23:34:54,"","","","8/10/2013","11:34:54 PM","8/11/2013","12:10:12 AM",28,63,36,3,NA,"","","",NA,"",""
"14430",401,1,2013,3,3,"9/4/2013","Spotted_skunk",2013-08-28 14:06:46,"","","","8/28/2013","2:06:46 PM","8/28/2013","2:12:37 PM",94,99,6,1,NA,"","","",NA,"daytime skunk",""
"14431",401,1,2013,3,3,"9/4/2013","Spotted_skunk",2013-09-03 23:04:45,"","","","9/3/2013","11:04:45 PM","9/3/2013","11:22:43 PM",187,195,9,1,NA,"","","",NA,"still bones left on bait",""
"14432",401,1,2013,3,3,"9/4/2013","Spotted_skunk",2013-09-02 23:07:00,"","","","9/2/2013","11:07:00 PM","9/2/2013","11:08:02 PM",181,186,6,1,NA,"","","",NA,"",""
"14433",401,1,2013,3,3,"9/4/2013","Spotted_skunk",2013-08-31 04:09:44,"","","","8/31/2013","4:09:44 AM","8/31/2013","4:09:46 AM",178,180,3,1,NA,"","","",NA,"",""
"14434",401,1,2013,3,3,"9/4/2013","Spotted_skunk",2013-08-28 21:30:41,"","","","8/28/2013","9:30:41 PM","8/28/2013","9:30:42 PM",100,102,3,1,NA,"","","",NA,"",""
"14435",401,1,2013,3,3,"9/4/2013","Spotted_skunk",2013-08-28 04:57:43,"","","","8/28/2013","4:57:43 AM","8/28/2013","5:51:47 AM",88,93,6,1,NA,"","","",NA,"",""
"14436",401,1,2013,3,3,"9/4/2013","Spotted_skunk",2013-08-28 22:33:48,"","","","8/28/2013","10:33:48 PM","8/28/2013","10:33:50 PM",103,105,3,1,NA,"","","",NA,"",""
"14437",401,1,2013,3,3,"9/4/2013","Spotted_skunk",2013-08-27 23:00:28,"","","","8/27/2013","11:00:28 PM","8/27/2013","11:01:10 PM",79,84,6,1,NA,"","","",NA,"",""
"14438",401,1,2013,3,3,"9/4/2013","Spotted_skunk",2013-08-27 20:30:12,"","","","8/27/2013","8:30:12 PM","8/27/2013","8:41:00 PM",67,78,12,1,NA,"","","",NA,"",""
"14439",401,1,2013,3,3,"9/4/2013","Spotted_skunk",2013-08-27 07:24:19,"","","","8/27/2013","7:24:19 AM","8/27/2013","7:24:21 AM",64,66,3,1,NA,"","","",NA,"",""
"14440",401,1,2013,3,3,"9/4/2013","Spotted_skunk",2013-08-27 04:46:50,"","","","8/27/2013","4:46:50 AM","8/27/2013","5:51:25 AM",37,63,27,3,NA,"","","",NA,"",""
"14441",401,1,2013,3,3,"9/4/2013","Spotted_skunk",2013-08-29 00:32:33,"","","","8/29/2013","12:32:33 AM","8/29/2013","5:47:18 AM",106,171,66,2,NA,"","","",NA,"",""
"14442",401,2,2015,1,1,"10/6/2015","Spotted_skunk",2015-10-02 00:08:29,"","","","10/2/2015","12:08:29 AM","10/2/2015","12:30:58 AM",241,249,9,1,0,"N","","",NA,"",""
"14443",401,2,2015,1,1,"10/6/2015","Spotted_skunk",2015-09-30 21:17:02,"","","","9/30/2015","9:17:02 PM","9/30/2015","9:40:10 PM",196,213,18,1,0,"N","","",NA,"",""
"14444",401,2,2015,1,1,"10/6/2015","Spotted_skunk",2015-10-01 02:14:08,"","","","10/1/2015","2:14:08 AM","10/1/2015","2:32:36 AM",214,231,18,1,0,"N","","",NA,"",""
"14445",401,2,2015,1,1,"10/6/2015","Spotted_skunk",2015-10-03 01:44:57,"","","","10/3/2015","1:44:57 AM","10/3/2015","1:55:32 AM",292,300,9,1,0,"N","","",NA,"",""
"14446",401,2,2015,1,1,"10/6/2015","Spotted_skunk",2015-10-04 00:42:05,"","","","10/4/2015","12:42:05 AM","10/4/2015","12:42:05 AM",352,354,3,1,0,"N","Y","",NA,"10040352","tree bait gone"
"14447",401,2,2015,1,1,"10/6/2015","Spotted_skunk",2015-10-03 23:04:24,"","","","10/3/2015","11:04:24 PM","10/3/2015","11:24:15 PM",346,351,6,1,0,"N","","",NA,"",""
"14448",401,2,2015,1,1,"10/6/2015","Spotted_skunk",2015-10-03 20:03:07,"","","","10/3/2015","8:03:07 PM","10/3/2015","9:02:29 PM",328,342,15,1,0,"N","","",NA,"",""
"14449",401,2,2015,1,1,"10/6/2015","Spotted_skunk",2015-10-03 04:14:48,"","","","10/3/2015","4:14:48 AM","10/3/2015","5:44:51 AM",301,324,24,1,0,"N","","",NA,"",""
"14450",401,2,2015,1,1,"10/6/2015","Spotted_skunk",2015-10-01 04:04:12,"","","","10/1/2015","4:04:12 AM","10/1/2015","4:04:12 AM",232,234,3,1,0,"N","","",NA,"",""
"14451",401,2,2015,1,1,"10/6/2015","Spotted_skunk",2015-10-02 22:52:58,"","","","10/2/2015","10:52:58 PM","10/2/2015","11:24:49 PM",280,291,12,1,0,"N","","",NA,"",""
"14452",401,2,2015,1,1,"10/6/2015","Spotted_skunk",2015-10-02 21:49:36,"","","","10/2/2015","9:49:36 PM","10/2/2015","9:50:44 PM",274,279,6,1,0,"N","","",NA,"",""
"14453",401,2,2015,1,1,"10/6/2015","Spotted_skunk",2015-10-02 19:29:27,"","","","10/2/2015","7:29:27 PM","10/2/2015","7:29:27 PM",271,273,3,1,0,"N","","",NA,"",""
"14454",401,2,2015,1,1,"10/6/2015","Spotted_skunk",2015-10-02 03:42:46,"","","","10/2/2015","3:42:46 AM","10/2/2015","4:46:51 AM",250,270,21,1,0,"N","","",NA,"",""
"14455",401,2,2015,1,1,"10/6/2015","Spotted_skunk",2015-09-29 22:10:15,"","","","9/29/2015","10:10:15 PM","9/29/2015","10:10:25 PM",85,90,6,1,0,"N","","",NA,"",""
"14456",401,2,2015,1,1,"10/6/2015","Spotted_skunk",2015-10-01 19:24:33,"","","","10/1/2015","7:24:33 PM","10/1/2015","7:24:33 PM",238,240,3,1,0,"N","","",NA,"",""
"14457",401,2,2015,1,1,"10/6/2015","Spotted_skunk",2015-09-28 20:58:21,"","","","9/28/2015","8:58:21 PM","9/28/2015","9:01:44 PM",46,60,15,1,0,"N","","",NA,"",""
"14458",401,2,2015,1,1,"10/6/2015","Spotted_skunk",2015-09-30 02:33:09,"","","","9/30/2015","2:33:09 AM","9/30/2015","2:35:31 AM",100,117,18,1,0,"N","","",NA,"",""
"14459",401,2,2015,1,1,"10/6/2015","Spotted_skunk",2015-09-30 19:22:23,"","","","9/30/2015","7:22:23 PM","9/30/2015","7:33:00 PM",187,195,9,1,0,"N","","",NA,"",""
"14460",401,2,2015,1,1,"10/6/2015","Spotted_skunk",2015-10-06 03:17:29,"","","","10/6/2015","3:17:29 AM","10/6/2015","3:17:54 AM",361,366,6,1,0,"N","","",NA,"",""
"14461",401,2,2015,1,1,"10/6/2015","Spotted_skunk",2015-09-29 07:59:59,"","","","9/29/2015","7:59:59 AM","9/29/2015","8:36:24 AM",64,69,6,1,0,"N","","",NA,"",""
"14462",401,2,2015,1,1,"10/6/2015","Spotted_skunk",2015-09-29 19:36:44,"","","","9/29/2015","7:36:44 PM","9/29/2015","7:43:17 PM",70,78,9,1,0,"N","","",NA,"",""
"14463",401,2,2015,1,1,"10/6/2015","Spotted_skunk",2015-09-29 20:55:32,"","","","9/29/2015","8:55:32 PM","9/29/2015","8:55:49 PM",79,84,6,1,0,"N","","",NA,"",""
"14464",401,2,2015,1,1,"10/6/2015","Spotted_skunk",2015-09-29 23:20:13,"","","","9/29/2015","11:20:13 PM","9/29/2015","11:23:57 PM",91,99,9,1,0,"N","","",NA,"",""
"14465",401,2,2015,1,1,"10/6/2015","Spotted_skunk",2015-09-30 04:01:43,"","","","9/30/2015","4:01:43 AM","9/30/2015","6:16:19 AM",118,171,54,1,0,"N","","",NA,"",""
"14466",401,2,2015,1,1,"10/6/2015","Spotted_skunk",2015-09-30 18:15:43,"","","","9/30/2015","6:15:43 PM","9/30/2015","6:17:25 PM",172,186,15,1,0,"N","","",NA,"",""
"14467",401,2,2015,1,2,"10/20/2015","Spotted_skunk",2015-10-17 06:45:52,"","","","10/17/2015","6:45:52 AM","10/17/2015","6:51:59 AM",148,156,9,1,0,"N","Y","",NA,"10170148","Bait taken"
"14468",401,2,2015,1,2,"10/20/2015","Spotted_skunk",2015-10-16 19:59:27,"","","","10/16/2015","7:59:27 PM","10/16/2015","8:14:25 PM",142,147,6,1,0,"N","","",NA,"",""
"14469",401,2,2015,1,2,"10/20/2015","Spotted_skunk",2015-10-15 21:03:02,"","","","10/15/2015","9:03:02 PM","10/15/2015","9:11:29 PM",118,123,6,1,0,"N","","",NA,"",""
"14470",401,2,2015,1,2,"10/20/2015","Spotted_skunk",2015-10-13 01:59:31,"","","","10/13/2015","1:59:31 AM","10/13/2015","2:20:20 AM",64,69,6,1,0,"N","","",NA,"",""
"14471",401,2,2015,1,2,"10/20/2015","Spotted_skunk",2015-10-15 06:10:08,"","","","10/15/2015","6:10:08 AM","10/15/2015","6:25:37 AM",109,114,6,1,0,"N","","",NA,"",""
"14472",401,2,2015,1,2,"10/20/2015","Spotted_skunk",2015-10-16 02:29:20,"","","","10/16/2015","2:29:20 AM","10/16/2015","4:15:09 AM",124,141,18,1,0,"N","","",NA,"",""
"14473",401,2,2015,1,2,"10/20/2015","Spotted_skunk",2015-10-20 05:30:00,"","","","10/20/2015","5:30:00 AM","10/20/2015","5:30:00 AM",184,186,3,1,0,"N","","",NA,"",""
"14474",401,2,2015,1,2,"10/20/2015","Spotted_skunk",2015-10-14 23:03:48,"","","","10/14/2015","11:03:48 PM","10/14/2015","11:20:53 PM",94,99,6,1,0,"N","","",NA,"",""
"14475",401,2,2015,1,2,"10/20/2015","Spotted_skunk",2015-10-19 20:35:32,"","","","10/19/2015","8:35:32 PM","10/19/2015","8:36:45 PM",175,183,9,1,0,"N","","",NA,"",""
"14476",401,2,2015,1,2,"10/20/2015","Spotted_skunk",2015-10-15 02:29:06,"","","","10/15/2015","2:29:06 AM","10/15/2015","2:57:15 AM",103,108,6,1,0,"N","","",NA,"",""
"14477",401,2,2015,1,2,"10/20/2015","Spotted_skunk",2015-10-14 20:03:58,"","","","10/14/2015","8:03:58 PM","10/14/2015","8:19:54 PM",82,90,9,1,0,"N","","",NA,"",""
"14478",401,2,2015,1,2,"10/20/2015","Spotted_skunk",2015-10-13 00:51:31,"","","","10/13/2015","12:51:31 AM","10/13/2015","12:51:31 AM",61,63,3,1,0,"N","","",NA,"",""
"14479",401,2,2015,1,2,"10/20/2015","Spotted_skunk",2015-10-10 16:34:04,"","","","10/10/2015","4:34:04 PM","10/10/2015","4:50:27 PM",10,15,6,1,0,"N","","",NA,"",""
"14480",401,2,2015,1,2,"10/20/2015","Spotted_skunk",2015-10-10 21:15:22,"","","","10/10/2015","9:15:22 PM","10/10/2015","9:15:22 PM",16,18,3,1,0,"N","","",NA,"",""
"14481",401,2,2015,1,2,"10/20/2015","Spotted_skunk",2015-10-11 00:38:28,"","","","10/11/2015","12:38:28 AM","10/11/2015","12:38:28 AM",19,21,3,1,0,"N","","",NA,"",""
"14482",401,2,2015,1,2,"10/20/2015","Spotted_skunk",2015-10-11 22:29:43,"","","","10/11/2015","10:29:43 PM","10/11/2015","10:58:33 PM",22,30,9,1,0,"N","","",NA,"",""
"14483",401,2,2015,1,2,"10/20/2015","Spotted_skunk",2015-10-12 01:41:52,"","","","10/12/2015","1:41:52 AM","10/12/2015","1:41:52 AM",31,33,3,1,0,"N","","",NA,"",""
"14484",401,2,2015,1,2,"10/20/2015","Spotted_skunk",2015-10-12 05:17:34,"","","","10/12/2015","5:17:34 AM","10/12/2015","6:14:50 AM",34,48,15,1,0,"N","","",NA,"",""
"14485",401,2,2015,1,2,"10/20/2015","Spotted_skunk",2015-10-12 19:36:15,"","","","10/12/2015","7:36:15 PM","10/12/2015","7:45:16 PM",49,60,12,1,0,"N","","",NA,"",""
"14486",401,2,2015,1,2,"10/20/2015","Spotted_skunk",2015-10-13 04:29:08,"","","","10/13/2015","4:29:08 AM","10/13/2015","4:29:08 AM",70,72,3,1,0,"N","","",NA,"",""
"14487",401,2,2015,1,2,"10/20/2015","Spotted_skunk",2015-10-14 01:51:49,"","","","10/14/2015","1:51:49 AM","10/14/2015","1:51:49 AM",73,75,3,1,0,"N","","",NA,"",""
"14488",401,2,2015,1,3,"11/3/2015","Spotted_skunk",2015-10-23 05:18:14,"","","","10/23/2015","5:18:14 AM","10/23/2015","5:27:59 AM",88,93,6,1,0,"N","","",NA,"",""
"14489",401,2,2015,1,3,"11/3/2015","Spotted_skunk",2015-10-24 05:03:02,"","","","10/24/2015","5:03:02 AM","10/24/2015","5:03:38 AM",109,114,6,1,0,"N","","",NA,"",""
"14490",401,2,2015,1,3,"11/3/2015","Spotted_skunk",2015-10-24 21:24:16,"","","","10/24/2015","9:24:16 PM","10/24/2015","9:24:17 PM",115,117,3,1,0,"N","","",NA,"",""
"14491",401,2,2015,1,3,"11/3/2015","Spotted_skunk",2015-10-25 03:12:34,"","","","10/25/2015","3:12:34 AM","10/25/2015","3:12:39 AM",118,120,3,1,0,"N","","",NA,"",""
"14492",401,2,2015,1,3,"11/3/2015","Spotted_skunk",2015-10-22 21:39:51,"","","","10/22/2015","9:39:51 PM","10/22/2015","9:39:52 PM",85,87,3,1,0,"N","","",NA,"",""
"14493",401,2,2015,1,3,"11/3/2015","Spotted_skunk",2015-10-21 23:33:26,"","","","10/21/2015","11:33:26 PM","10/21/2015","11:33:27 PM",64,66,3,1,0,"N","","",NA,"",""
"14494",401,2,2015,1,3,"11/3/2015","Spotted_skunk",2015-10-22 03:12:22,"","","","10/22/2015","3:12:22 AM","10/22/2015","3:13:08 AM",70,75,6,1,0,"N","","",NA,"",""
"14495",401,2,2015,1,3,"11/3/2015","Spotted_skunk",2015-10-21 05:20:12,"","","","10/21/2015","5:20:12 AM","10/21/2015","5:51:46 AM",22,36,15,1,0,"N","","",NA,"",""
"14496",401,2,2015,2.1,2,"10/20/2015","Spotted_skunk",2015-10-07 03:20:49,"","","","10/7/2015","3:20:49 AM","10/7/2015","3:22:07 AM",70,75,6,1,0,"N","","",NA,"",""
"14497",401,2,2015,2.1,2,"10/20/2015","Spotted_skunk",2015-10-06 21:15:17,"","","","10/6/2015","9:15:17 PM","10/6/2015","9:30:46 PM",55,66,12,1,0,"N","","",NA,"",""
"14498",401,2,2015,2.1,2,"10/20/2015","Spotted_skunk",2015-10-07 00:32:16,"","","","10/7/2015","12:32:16 AM","10/7/2015","12:32:16 AM",67,69,3,1,0,"N","","",NA,"",""
"14499",401,2,2015,2.1,2,"10/20/2015","Spotted_skunk",2015-10-09 05:29:17,"","","","10/9/2015","5:29:17 AM","10/9/2015","5:39:19 AM",88,93,6,1,0,"N","","",NA,"",""
"14500",401,2,2015,2.1,2,"10/20/2015","Spotted_skunk",2015-10-07 06:39:10,"","","","10/7/2015","6:39:10 AM","10/7/2015","6:39:10 AM",76,78,3,1,0,"N","","",NA,"78. cubby bait gone",""
"14501",401,2,2015,2.1,2,"10/20/2015","Spotted_skunk",2015-10-08 22:45:57,"","","","10/8/2015","10:45:57 PM","10/8/2015","10:45:57 PM",85,87,3,1,0,"N","","",NA,"",""
"14502",401,2,2015,2.1,3,"11/3/2015","Spotted_skunk",2015-10-29 20:48:08,"","","","10/29/2015","8:48:08 PM","10/29/2015","8:48:08 PM",31,33,3,1,0,"N","","",NA,"10290031","Last of tree bait gone"
"14503",401,2,2015,2.1,3,"11/3/2015","Spotted_skunk",2015-10-27 22:41:16,"","","","10/27/2015","10:41:16 PM","10/27/2015","10:41:16 PM",28,30,3,1,0,"N","","",NA,"",""
"14504",401,2,2015,2.1,3,"11/3/2015","Spotted_skunk",2015-10-27 06:03:34,"","","","10/27/2015","6:03:34 AM","10/27/2015","6:03:34 AM",25,27,3,1,0,"N","","",NA,"",""
"14505",401,2,2015,3,2,"10/20/2015","Spotted_skunk",2015-10-09 04:52:05,"","","","10/9/2015","4:52:05 AM","10/9/2015","5:31:00 AM",97,117,21,1,0,"N","","",NA,"",""
"14506",401,2,2015,3,2,"10/20/2015","Spotted_skunk",2015-10-09 19:52:52,"","","","10/9/2015","7:52:52 PM","10/9/2015","7:53:06 PM",121,126,6,1,0,"N","","",NA,"",""
"14507",401,2,2015,3,2,"10/20/2015","Spotted_skunk",2015-10-09 22:29:52,"","","","10/9/2015","10:29:52 PM","10/9/2015","11:25:53 PM",127,132,6,1,0,"N","","",NA,"",""
"14508",401,2,2015,3,2,"10/20/2015","Spotted_skunk",2015-10-10 04:05:12,"","","","10/10/2015","4:05:12 AM","10/10/2015","5:06:56 AM",136,162,27,1,0,"N","","",NA,"",""
"14509",401,2,2015,3,2,"10/20/2015","Spotted_skunk",2015-10-11 04:28:08,"","","","10/11/2015","4:28:08 AM","10/11/2015","5:09:43 AM",181,189,9,1,0,"N","","",NA,"",""
"14510",401,2,2015,3,2,"10/20/2015","Spotted_skunk",2015-10-11 00:02:02,"","","","10/11/2015","12:02:02 AM","10/11/2015","12:26:52 AM",169,180,12,1,0,"N","","",NA,"",""
"14511",401,2,2015,3,2,"10/20/2015","Spotted_skunk",2015-10-11 19:16:23,"","","","10/11/2015","7:16:23 PM","10/11/2015","7:16:54 PM",241,246,6,1,0,"N","","",NA,"",""
"14512",401,2,2015,3,2,"10/20/2015","Spotted_skunk",2015-10-12 04:33:39,"","","","10/12/2015","4:33:39 AM","10/12/2015","5:35:42 AM",256,276,21,1,0,"N","","",NA,"",""
"14513",401,2,2015,3,2,"10/20/2015","Spotted_skunk",2015-10-17 22:03:50,"","","","10/17/2015","10:03:50 PM","10/17/2015","10:03:50 PM",352,354,3,1,0,"N","","",NA,"",""
"14514",401,2,2015,3,2,"10/20/2015","Spotted_skunk",2015-10-07 20:27:40,"","","","10/7/2015","8:27:40 PM","10/7/2015","8:27:40 PM",40,42,3,1,0,"N","","",NA,"",""
"14515",401,2,2015,3,2,"10/20/2015","Spotted_skunk",2015-10-14 23:28:51,"","","","10/14/2015","11:28:51 PM","10/14/2015","11:53:44 PM",313,321,9,1,0,"N","Y","",NA,"",""
"14516",401,2,2015,3,2,"10/20/2015","Spotted_skunk",2015-10-13 19:55:21,"","","","10/13/2015","7:55:21 PM","10/13/2015","8:09:33 PM",301,309,9,1,0,"N","","",NA,"",""
"14517",401,2,2015,3,2,"10/20/2015","Spotted_skunk",2015-10-16 06:01:59,"","","","10/16/2015","6:01:59 AM","10/16/2015","6:08:13 AM",337,351,15,1,0,"N","","",NA,"",""
"14518",401,2,2015,3,2,"10/20/2015","Spotted_skunk",2015-10-18 04:47:06,"","","","10/18/2015","4:47:06 AM","10/18/2015","4:49:13 AM",355,360,6,1,0,"N","","",NA,"",""
"14519",401,2,2015,3,2,"10/20/2015","Spotted_skunk",2015-10-10 19:19:03,"","","","10/10/2015","7:19:03 PM","10/10/2015","7:19:45 PM",163,168,6,1,0,"N","","",NA,"",""
"14520",401,2,2015,3,2,"10/20/2015","Spotted_skunk",2015-10-07 02:28:56,"","","","10/7/2015","2:28:56 AM","10/7/2015","2:45:50 AM",16,30,15,1,0,"N","","",NA,"",""
"14521",401,2,2015,3,2,"10/20/2015","Spotted_skunk",2015-10-12 03:16:31,"","","","10/12/2015","3:16:31 AM","10/12/2015","3:16:31 AM",253,255,3,1,0,"N","","",NA,"",""
"14522",401,2,2015,3,2,"10/20/2015","Spotted_skunk",2015-10-09 03:23:39,"","","","10/9/2015","3:23:39 AM","10/9/2015","3:23:39 AM",94,96,3,1,0,"N","","",NA,"",""
"14523",401,2,2015,3,2,"10/20/2015","Spotted_skunk",2015-10-09 00:07:10,"","","","10/9/2015","12:07:10 AM","10/9/2015","12:07:10 AM",91,93,3,1,0,"N","","",NA,"",""
"14524",401,2,2015,3,2,"10/20/2015","Spotted_skunk",2015-10-08 21:20:27,"","","","10/8/2015","9:20:27 PM","10/8/2015","9:29:53 PM",79,90,12,1,0,"N","","",NA,"",""
"14525",401,2,2015,3,2,"10/20/2015","Spotted_skunk",2015-10-08 19:32:36,"","","","10/8/2015","7:32:36 PM","10/8/2015","7:39:20 PM",67,78,12,1,0,"N","","",NA,"",""
"14526",401,2,2015,3,2,"10/20/2015","Spotted_skunk",2015-10-14 19:44:30,"","","","10/14/2015","7:44:30 PM","10/14/2015","7:44:30 PM",310,312,3,1,0,"N","","",NA,"",""
"14527",401,2,2015,3,2,"10/20/2015","Spotted_skunk",2015-10-08 06:10:01,"","","","10/8/2015","6:10:01 AM","10/8/2015","6:10:53 AM",49,54,6,1,0,"N","","",NA,"",""
"14528",401,2,2015,3,2,"10/20/2015","Spotted_skunk",2015-10-11 20:49:06,"","","","10/11/2015","8:49:06 PM","10/11/2015","9:09:13 PM",247,252,6,1,0,"N","","",NA,"",""
"14529",401,2,2015,3,2,"10/20/2015","Spotted_skunk",2015-10-08 03:26:12,"","","","10/8/2015","3:26:12 AM","10/8/2015","3:26:12 AM",43,45,3,1,0,"N","","",NA,"",""
"14530",401,2,2015,3,2,"10/20/2015","Spotted_skunk",2015-10-07 05:16:42,"","","","10/7/2015","5:16:42 AM","10/7/2015","5:34:26 AM",31,36,6,1,0,"N","","",NA,"",""
"14531",401,2,2015,3,2,"10/20/2015","Spotted_skunk",2015-10-12 22:09:58,"","","","10/12/2015","10:09:58 PM","10/12/2015","10:10:32 PM",283,288,6,1,0,"N","","",NA,"",""
"14532",401,2,2015,3,2,"10/20/2015","Spotted_skunk",2015-10-13 02:00:30,"","","","10/13/2015","2:00:30 AM","10/13/2015","2:15:55 AM",289,297,9,1,0,"N","","",NA,"",""
"14533",401,2,2015,3,3,"11/3/2015","Spotted_skunk",2015-10-22 20:08:54,"","","","10/22/2015","8:08:54 PM","10/22/2015","8:11:27 PM",223,231,9,1,0,"N","","",NA,"",""
"14534",401,2,2015,3,3,"11/3/2015","Spotted_skunk",2015-10-21 18:43:06,"","","","10/21/2015","6:43:06 PM","10/21/2015","6:43:06 PM",82,84,3,1,0,"N","","",NA,"",""
"14535",401,2,2015,3,3,"11/3/2015","Spotted_skunk",2015-10-21 23:49:53,"","","","10/21/2015","11:49:53 PM","10/21/2015","11:50:57 PM",85,93,9,1,0,"N","","",NA,"",""
"14536",401,2,2015,3,3,"11/3/2015","Spotted_skunk",2015-10-22 03:24:33,"","","","10/22/2015","3:24:33 AM","10/22/2015","6:20:04 AM",148,213,66,1,0,"N","","",NA,"10220172","bait gone from tree"
"14537",401,2,2015,3,3,"11/3/2015","Spotted_skunk",2015-10-21 05:12:41,"","","","10/21/2015","5:12:41 AM","10/21/2015","6:32:39 AM",19,30,12,1,0,"N","","",NA,"",""
"14538",401,2,2015,3,3,"11/3/2015","Spotted_skunk",2015-10-22 22:42:55,"","","","10/22/2015","10:42:55 PM","10/22/2015","10:51:07 PM",232,240,9,1,0,"N","","",NA,"",""
"14539",401,2,2015,3,3,"11/3/2015","Spotted_skunk",2015-10-23 03:23:16,"","","","10/23/2015","3:23:16 AM","10/23/2015","4:03:35 AM",241,261,21,1,0,"N","","",NA,"",""
"14540",401,2,2015,3,3,"11/3/2015","Spotted_skunk",2015-10-23 06:19:49,"","","","10/23/2015","6:19:49 AM","10/23/2015","6:31:13 AM",262,270,9,1,0,"N","","",NA,"",""
"14541",401,2,2015,3,3,"11/3/2015","Spotted_skunk",2015-10-23 20:07:17,"","","","10/23/2015","8:07:17 PM","10/23/2015","8:07:17 PM",289,291,3,1,0,"N","","",NA,"",""
"14542",401,2,2015,3,3,"11/3/2015","Spotted_skunk",2015-10-24 03:25:51,"","","","10/24/2015","3:25:51 AM","10/24/2015","4:09:46 AM",292,303,12,1,0,"N","","",NA,"10240294","maybe skunk took TCB bait here?!"
"14543",401,2,2015,3,3,"11/3/2015","Spotted_skunk",2015-10-26 01:03:26,"","","","10/26/2015","1:03:26 AM","10/26/2015","1:03:26 AM",316,318,3,1,0,"N","","",NA,"",""
"14544",401,2,2015,3,3,"11/3/2015","Spotted_skunk",2015-10-25 19:11:53,"","","","10/25/2015","7:11:53 PM","10/25/2015","7:11:53 PM",313,315,3,1,0,"N","","",NA,"",""
"14545",401,2,2015,3,3,"11/3/2015","Spotted_skunk",2015-10-22 00:00:40,"","","","10/22/2015","12:00:40 AM","10/22/2015","12:04:19 AM",94,105,12,1,0,"N","","",NA,"",""
"14546",401,2,2015,3,3,"11/3/2015","Spotted_skunk",2015-10-21 04:03:19,"","","","10/21/2015","4:03:19 AM","10/21/2015","4:03:19 AM",16,18,3,1,0,"N","","",NA,"",""
"14547",401,2,2015,3,3,"11/3/2015","Spotted_skunk",2015-10-26 05:04:34,"","","","10/26/2015","5:04:34 AM","10/26/2015","5:05:27 AM",319,327,9,1,0,"N","","",NA,"",""
"14548",402,1,2014,1.1,3,"9/4/2014","Spotted_skunk",2014-08-25 04:52:16,"","","","8/25/2014","4:52:16 AM","8/25/2014","5:03:21 AM",85,90,6,1,0,"N","","",NA,"",""
"14549",402,1,2014,1.1,3,"9/4/2014","Spotted_skunk",2014-08-24 02:46:47,"","","","8/24/2014","2:46:47 AM","8/24/2014","3:39:27 AM",76,81,6,1,1,"N","","",NA,"",""
"14550",402,1,2014,3,3,"9/4/2014","Spotted_skunk",2014-09-03 00:09:56,"","","","9/3/2014","12:09:56 AM","9/3/2014","12:16:57 AM",262,282,21,1,0,"N","","",NA,"",""
"14551",402,1,2014,3,3,"9/4/2014","Spotted_skunk",2014-09-01 01:31:22,"","","","9/1/2014","1:31:22 AM","9/1/2014","2:56:13 AM",85,135,51,1,0,"N","","",NA,"",""
"14552",402,1,2014,3,3,"9/4/2014","Spotted_skunk",2014-08-31 22:57:09,"","","","8/31/2014","10:57:09 PM","8/31/2014","11:42:28 PM",25,84,60,1,0,"N","","",NA,"",""
"14553",402,1,2014,3,3,"9/4/2014","Spotted_skunk",2014-09-01 04:56:22,"","","","9/1/2014","4:56:22 AM","9/1/2014","5:03:33 AM",136,153,18,1,0,"N","","",NA,"",""
"14554",402,1,2014,3,3,"9/4/2014","Spotted_skunk",2014-09-02 22:39:48,"","","","9/2/2014","10:39:48 PM","9/2/2014","11:01:16 PM",211,261,51,1,0,"N","","",NA,"",""
"14555",402,1,2014,3,3,"9/4/2014","Spotted_skunk",2014-09-02 02:30:53,"","","","9/2/2014","2:30:53 AM","9/2/2014","2:45:14 AM",154,210,57,1,0,"N","","",NA,"",""
"14556",402,2,2016,1,3,"10/26/2016","Spotted_skunk",2016-10-25 23:37:10,"","","","10/25/2016","11:37:10 PM","10/25/2016","11:37:12 PM",7,9,3,1,0,"N","","",NA,"",""
"14557",402,2,2016,1,3,"10/26/2016","Spotted_skunk",2016-10-25 03:08:04,"","","","10/25/2016","3:08:04 AM","10/25/2016","3:08:06 AM",4,6,3,1,0,"N","","",NA,"",""
"14558",403,2,2016,1,1,"6/17/2016","Spotted_skunk",2016-06-13 04:31:14,"","","","6/13/2016","4:31:14 AM","6/13/2016","4:31:16 AM",46,48,3,1,0,"N","","",NA,"",""
"14559",403,2,2016,1,1,"6/17/2016","Spotted_skunk",2016-06-14 00:51:14,"","","","6/14/2016","12:51:14 AM","6/14/2016","12:51:16 AM",49,51,3,1,0,"N","","Y",NA,"photo 51 skunk in cubby",""
"14560",403,2,2016,1,2,"8/2/2016","Spotted_skunk",2016-06-25 04:00:26,"","","","6/25/2016","4:00:26 AM","6/25/2016","4:35:55 AM",100,114,15,1,0,"N","Y","",NA,"106","bait gone"
"14561",403,2,2016,1,2,"8/2/2016","Spotted_skunk",2016-06-23 17:43:19,"","","","6/23/2016","5:43:19 PM","6/23/2016","5:54:07 PM",79,93,15,1,0,"N","","",NA,"",""
"14562",403,2,2016,1,2,"8/2/2016","Spotted_skunk",2016-06-23 02:34:48,"","","","6/23/2016","2:34:48 AM","6/23/2016","2:51:19 AM",70,78,9,1,0,"N","","",NA,"",""
"14563",403,2,2016,1,2,"8/2/2016","Spotted_skunk",2016-06-21 05:47:28,"","","","6/21/2016","5:47:28 AM","6/21/2016","6:12:55 AM",10,42,33,1,0,"N","","",NA,"",""
"14564",403,2,2016,1,2,"8/2/2016","Spotted_skunk",2016-06-18 01:41:40,"","","","6/18/2016","1:41:40 AM","6/18/2016","1:41:42 AM",4,6,3,1,0,"N","","",NA,"",""
"14565",403,2,2016,1,2,"8/2/2016","Spotted_skunk",2016-06-22 03:23:57,"","","","6/22/2016","3:23:57 AM","6/22/2016","4:20:21 AM",46,69,24,1,0,"N","","",NA,"",""
"14566",403,2,2016,2,3,"7/12/2016","Spotted_skunk",2016-07-02 04:15:56,"","","","7/2/2016","4:15:56 AM","7/2/2016","4:15:57 AM",67,69,3,1,0,"N","","",NA,"",""
"14567",403,2,2016,2,3,"7/12/2016","Spotted_skunk",2016-07-10 01:31:23,"","","","7/10/2016","1:31:23 AM","7/10/2016","1:31:24 AM",103,105,3,1,0,"N","","",NA,"",""
"14568",405,1,2014,1,1,"10/2/2014","Spotted_skunk",2014-09-20 04:02:55,"","","","9/20/2014","4:02:55 AM","9/20/2014","4:03:36 AM",7,12,6,1,0,"N","","",NA,"",""
"14569",405,1,2014,1,1,"10/2/2014","Spotted_skunk",2014-09-27 01:10:46,"","","","9/27/2014","1:10:46 AM","9/27/2014","1:15:48 AM",19,24,6,1,0,"N","","",NA,"",""
"14570",405,1,2014,1,2,"10/16/2014","Spotted_skunk",2014-10-04 20:27:23,"","","","10/4/2014","8:27:23 PM","10/4/2014","8:27:24 PM",22,24,3,1,0,"N","","",NA,"",""
"14571",405,1,2014,1,2,"10/16/2014","Spotted_skunk",2014-10-05 01:41:10,"","","","10/5/2014","1:41:10 AM","10/5/2014","1:41:49 AM",25,30,6,1,0,"N","","",NA,"",""
"14572",405,1,2014,1,2,"10/16/2014","Spotted_skunk",2014-10-05 03:42:27,"","","","10/5/2014","3:42:27 AM","10/5/2014","4:06:27 AM",31,42,12,1,0,"N","","",NA,"",""
"14573",405,1,2014,1,2,"10/16/2014","Spotted_skunk",2014-10-05 06:01:52,"","","","10/5/2014","6:01:52 AM","10/5/2014","6:01:54 AM",43,45,3,1,0,"N","","",NA,"",""
"14574",405,1,2014,1,2,"10/16/2014","Spotted_skunk",2014-10-10 21:43:33,"","","","10/10/2014","9:43:33 PM","10/10/2014","9:45:56 PM",85,99,15,1,0,"N","","",NA,"",""
"14575",405,1,2014,1,2,"10/16/2014","Spotted_skunk",2014-10-13 00:16:08,"","","","10/13/2014","12:16:08 AM","10/13/2014","12:16:12 AM",103,105,3,1,0,"N","","",NA,"2014_H405_S1_V2_E18_Skunk_in_TCB_EK000103","Skunk in TCB"
"14576",405,1,2014,1,3,"10/30/2014","Spotted_skunk",2014-10-20 00:39:56,"","","","10/20/2014","12:39:56 AM","10/20/2014","12:39:58 AM",37,39,3,1,0,"N","","",NA,"",""
"14577",405,1,2014,1,3,"10/30/2014","Spotted_skunk",2014-10-27 02:32:12,"","","","10/27/2014","2:32:12 AM","10/27/2014","2:37:36 AM",58,69,12,1,0,"N","","",NA,"",""
"14578",405,1,2014,1,3,"10/30/2014","Spotted_skunk",2014-10-22 04:24:52,"","","","10/22/2014","4:24:52 AM","10/22/2014","4:24:56 AM",40,45,6,1,0,"N","","",NA,"",""
"14579",405,1,2014,1,3,"10/30/2014","Spotted_skunk",2014-10-19 04:06:40,"","","","10/19/2014","4:06:40 AM","10/19/2014","5:08:06 AM",13,36,24,1,0,"N","","",NA,"",""
"14580",405,1,2014,1,3,"10/30/2014","Spotted_skunk",2014-10-18 21:38:58,"","","","10/18/2014","9:38:58 PM","10/18/2014","9:39:00 PM",10,12,3,1,0,"N","","",NA,"",""
"14581",405,1,2014,1,3,"10/30/2014","Spotted_skunk",2014-10-23 20:44:42,"","","","10/23/2014","8:44:42 PM","10/23/2014","8:47:23 PM",46,57,12,1,0,"N","","",NA,"",""
"14611",450,1,2013,1,2,"10/15/2013","Spotted_skunk",2013-10-11 01:39:14,"","","","10/11/2013","1:39:14 AM","10/11/2013","2:03:17 AM",24,42,19,1,0,"N","","",NA,"",""
"14612",450,1,2013,1,2,"10/15/2013","Spotted_skunk",2013-10-11 03:35:53,"","","","10/11/2013","3:35:53 AM","10/11/2013","5:26:58 AM",43,96,54,1,0,"N","","",NA,"",""
"14613",450,1,2013,1,2,"10/15/2013","Spotted_skunk",2013-10-09 03:28:56,"","","","10/9/2013","3:28:56 AM","10/9/2013","3:34:24 AM",16,30,15,1,0,"N","","",NA,"",""
"14614",450,1,2013,1,2,"10/15/2013","Spotted_skunk",2013-10-09 00:32:22,"","","","10/9/2013","12:32:22 AM","10/9/2013","12:34:27 AM",7,15,9,1,0,"N","","",NA,"",""
"14615",450,1,2013,1,2,"10/15/2013","Spotted_skunk",2013-10-09 22:34:01,"","","","10/9/2013","10:34:01 PM","10/9/2013","10:34:03 PM",31,33,3,1,0,"N","","",NA,"",""
"14616",450,1,2013,1,2,"10/15/2013","Spotted_skunk",2013-10-11 19:42:36,"","","","10/11/2013","7:42:36 PM","10/11/2013","8:16:05 PM",97,117,21,1,0,"N","","",NA,"",""
"14617",450,1,2013,1,2,"10/15/2013","Spotted_skunk",2013-10-12 05:57:49,"","","","10/12/2013","5:57:49 AM","10/12/2013","5:57:51 AM",139,141,3,1,0,"N","","",NA,"",""
"14618",450,1,2013,1,2,"10/15/2013","Spotted_skunk",2013-10-15 04:49:50,"","","","10/15/2013","4:49:50 AM","10/15/2013","4:57:48 AM",253,258,6,1,0,"N","","",NA,"",""
"14619",450,1,2013,1,2,"10/15/2013","Spotted_skunk",2013-10-12 02:47:08,"","","","10/12/2013","2:47:08 AM","10/12/2013","3:56:12 AM",118,138,21,1,0,"N","Y","",NA,"130","bait gone"
"14620",450,1,2013,1,3,"10/29/2013","Spotted_skunk",2013-10-28 03:18:32,"","","","10/28/2013","3:18:32 AM","10/28/2013","3:53:11 AM",94,99,6,1,0,"N","","",NA,"",""
"14621",450,1,2013,1,3,"10/29/2013","Spotted_skunk",2013-10-29 04:14:40,"","","","10/29/2013","4:14:40 AM","10/29/2013","5:06:08 AM",142,168,27,1,0,"N","Y","",NA,"157","bait gone"
"14622",450,1,2013,1,3,"10/29/2013","Spotted_skunk",2013-10-29 02:15:28,"","","","10/29/2013","2:15:28 AM","10/29/2013","2:58:46 AM",136,141,6,1,0,"N","","",NA,"",""
"14623",450,1,2013,1,3,"10/29/2013","Spotted_skunk",2013-10-28 19:51:31,"","","","10/28/2013","7:51:31 PM","10/28/2013","8:49:11 PM",115,135,21,1,0,"N","","",NA,"",""
"14624",450,1,2013,1,3,"10/29/2013","Spotted_skunk",2013-10-27 19:48:29,"","","","10/27/2013","7:48:29 PM","10/27/2013","8:01:04 PM",79,93,15,1,0,"N","","",NA,"",""
"14625",450,1,2013,1,3,"10/29/2013","Spotted_skunk",2013-10-26 22:59:31,"","","","10/26/2013","10:59:31 PM","10/26/2013","10:59:33 PM",76,78,3,1,0,"N","","",NA,"",""
"14626",450,1,2013,1,3,"10/29/2013","Spotted_skunk",2013-10-26 05:12:40,"","","","10/26/2013","5:12:40 AM","10/26/2013","5:36:48 AM",64,75,12,1,0,"N","","",NA,"",""
"14627",450,1,2013,1,3,"10/29/2013","Spotted_skunk",2013-10-25 23:20:04,"","","","10/25/2013","11:20:04 PM","10/25/2013","11:39:19 PM",49,60,12,1,0,"N","","",NA,"",""
"14628",450,1,2013,1,3,"10/29/2013","Spotted_skunk",2013-10-24 23:57:38,"","","","10/24/2013","11:57:38 PM","10/24/2013","11:57:40 PM",31,33,3,1,0,"N","","",NA,"",""
"14629",450,1,2013,1,3,"10/29/2013","Spotted_skunk",2013-10-25 19:44:21,"","","","10/25/2013","7:44:21 PM","10/25/2013","7:45:32 PM",37,45,9,1,0,"N","","",NA,"",""
"14630",450,1,2013,1,3,"10/29/2013","Spotted_skunk",2013-10-25 01:25:38,"","","","10/25/2013","1:25:38 AM","10/25/2013","1:25:40 AM",34,36,3,1,0,"N","","",NA,"",""
"14631",450,1,2013,2,1,"10/1/2013","Spotted_skunk",2013-10-01 02:56:44,"","","","10/1/2013","2:56:44 AM","10/1/2013","3:00:36 AM",88,96,9,1,0,"N","","",NA,"",""
"14632",450,1,2013,2,3,"10/29/2013","Spotted_skunk",2013-10-23 23:16:54,"","","","10/23/2013","11:16:54 PM","10/23/2013","11:17:24 PM",139,144,6,1,0,"N","","",NA,"",""
"14633",450,1,2013,2,3,"10/29/2013","Spotted_skunk",2013-10-17 22:56:33,"","","","10/17/2013","10:56:33 PM","10/17/2013","10:56:35 PM",43,45,3,1,0,"N","","",NA,"",""
"14634",450,1,2013,2,3,"10/29/2013","Spotted_skunk",2013-10-16 00:36:34,"","","","10/16/2013","12:36:34 AM","10/16/2013","12:36:35 AM",10,12,3,1,0,"N","","",NA,"",""
"14635",450,1,2013,2,3,"10/29/2013","Spotted_skunk",2013-10-16 05:37:27,"","","","10/16/2013","5:37:27 AM","10/16/2013","6:27:58 AM",13,39,27,1,0,"N","","",NA,"",""
"14636",450,1,2013,3,1,"10/1/2013","Spotted_skunk",2013-09-24 02:35:01,"","","","9/24/2013","2:35:01 AM","9/24/2013","2:35:02 AM",16,18,3,1,0,"N","","",NA,"",""
"14637",450,1,2013,3,1,"10/1/2013","Spotted_skunk",2013-09-26 22:31:37,"","","","9/26/2013","10:31:37 PM","9/26/2013","10:31:39 PM",49,51,3,1,0,"N","","Y",NA,"51","last time skunk in TCB"
"14638",450,1,2013,3,1,"10/1/2013","Spotted_skunk",2013-09-26 05:53:03,"","","","9/26/2013","5:53:03 AM","9/26/2013","5:53:04 AM",46,48,3,1,0,"N","","",NA,"",""
"14639",450,1,2013,3,1,"10/1/2013","Spotted_skunk",2013-09-26 03:42:18,"","","","9/26/2013","3:42:18 AM","9/26/2013","4:00:46 AM",40,45,6,1,0,"N","","",NA,"",""
"14640",450,1,2013,3,1,"10/1/2013","Spotted_skunk",2013-09-26 00:06:09,"","","","9/26/2013","12:06:09 AM","9/26/2013","12:28:36 AM",31,39,9,1,0,"N","","",NA,"",""
"14641",450,1,2013,3,1,"10/1/2013","Spotted_skunk",2013-09-25 20:07:18,"","","","9/25/2013","8:07:18 PM","9/25/2013","8:07:19 PM",28,30,3,1,0,"N","","",NA,"",""
"14642",450,1,2013,3,1,"10/1/2013","Spotted_skunk",2013-09-22 04:10:03,"","","","9/22/2013","4:10:03 AM","9/22/2013","4:10:05 AM",10,12,3,1,0,"N","","",NA,"",""
"14643",450,1,2013,3,1,"10/1/2013","Spotted_skunk",2013-09-24 23:06:36,"","","","9/24/2013","11:06:36 PM","9/24/2013","11:06:38 PM",19,21,3,1,0,"N","","",NA,"",""
"14644",450,1,2013,3,1,"10/1/2013","Spotted_skunk",2013-09-23 23:13:04,"","","","9/23/2013","11:13:04 PM","9/23/2013","11:13:06 PM",13,15,3,1,0,"N","","",NA,"",""
"14645",450,1,2013,3,1,"10/1/2013","Spotted_skunk",2013-09-22 02:20:10,"","","","9/22/2013","2:20:10 AM","9/22/2013","2:21:37 AM",4,9,6,1,0,"N","","",NA,"",""
"14646",450,1,2013,3,1,"10/1/2013","Spotted_skunk",2013-09-25 03:16:34,"","","","9/25/2013","3:16:34 AM","9/25/2013","3:20:28 AM",22,27,6,1,0,"N","","",NA,"",""
"14647",450,1,2013,3,2,"10/15/2013","Spotted_skunk",2013-10-03 14:56:23,"","","","10/3/2013","2:56:23 PM","10/3/2013","2:56:24 PM",31,33,3,1,0,"N","","",NA,"",""
"14648",450,1,2013,3,2,"10/15/2013","Spotted_skunk",2013-10-15 03:20:09,"","","","10/15/2013","3:20:09 AM","10/15/2013","3:20:11 AM",124,126,3,1,0,"N","","",NA,"",""
"14649",450,1,2013,3,2,"10/15/2013","Spotted_skunk",2013-10-02 06:37:01,"","","","10/2/2013","6:37:01 AM","10/2/2013","6:37:03 AM",7,9,3,1,0,"N","","",NA,"",""
"14650",450,1,2013,3,2,"10/15/2013","Spotted_skunk",2013-10-02 19:34:44,"","","","10/2/2013","7:34:44 PM","10/2/2013","8:27:46 PM",10,18,9,1,0,"N","","Y",NA,"12","skunk in TCB"
"14651",450,1,2013,3,2,"10/15/2013","Spotted_skunk",2013-10-03 04:57:17,"","","","10/3/2013","4:57:17 AM","10/3/2013","4:58:29 AM",25,30,6,1,0,"N","","",NA,"",""
"14652",450,1,2013,3,2,"10/15/2013","Spotted_skunk",2013-10-05 03:46:20,"","","","10/5/2013","3:46:20 AM","10/5/2013","4:15:20 AM",64,72,9,1,0,"N","Y","",NA,"67","bait gone"
"14653",450,1,2013,3,2,"10/15/2013","Spotted_skunk",2013-10-05 19:55:58,"","","","10/5/2013","7:55:58 PM","10/5/2013","7:56:00 PM",97,99,3,1,0,"N","","",NA,"",""
"14654",450,1,2013,3,2,"10/15/2013","Spotted_skunk",2013-10-03 01:14:34,"","","","10/3/2013","1:14:34 AM","10/3/2013","1:15:16 AM",19,24,6,1,0,"N","","",NA,"",""
"14655",450,1,2013,3,3,"10/29/2013","Spotted_skunk",2013-10-23 20:54:19,"","","","10/23/2013","8:54:19 PM","10/23/2013","8:54:21 PM",61,63,3,1,0,"N","","",NA,"",""
"14656",450,1,2013,3,3,"10/29/2013","Spotted_skunk",2013-10-20 07:08:04,"","","","10/20/2013","7:08:04 AM","10/20/2013","7:26:09 AM",31,39,9,1,0,"N","","",NA,"",""
"14657",450,1,2013,3,3,"10/29/2013","Spotted_skunk",2013-10-21 05:11:23,"","","","10/21/2013","5:11:23 AM","10/21/2013","5:45:34 AM",43,54,12,1,0,"N","","",NA,"",""
"14658",450,1,2013,3,3,"10/29/2013","Spotted_skunk",2013-10-22 02:31:38,"","","","10/22/2013","2:31:38 AM","10/22/2013","2:32:21 AM",55,60,6,1,0,"N","","",NA,"",""
"14659",450,2,2015,1,1,"9/9/2015","Spotted_skunk",2015-09-08 02:59:15,"","","","9/8/2015","2:59:15 AM","9/8/2015","2:59:17 AM",253,255,3,1,0,"N","","",NA,"",""
"14660",450,2,2015,1,1,"9/9/2015","Spotted_skunk",2015-09-07 21:58:07,"","","","9/7/2015","9:58:07 PM","9/7/2015","10:10:49 PM",247,252,6,1,0,"N","","",NA,"",""
"14661",450,2,2015,1,1,"9/9/2015","Spotted_skunk",2015-09-07 03:26:44,"","","","9/7/2015","3:26:44 AM","9/7/2015","4:07:01 AM",223,246,24,1,0,"N","","",NA,"",""
"14662",450,2,2015,1,1,"9/9/2015","Spotted_skunk",2015-09-02 20:26:23,"","","","9/2/2015","8:26:23 PM","9/2/2015","8:26:24 PM",37,39,3,1,0,"N","","",NA,"",""
"14663",450,2,2015,1,1,"9/9/2015","Spotted_skunk",2015-09-02 01:48:30,"","","","9/2/2015","1:48:30 AM","9/2/2015","2:22:34 AM",19,30,12,1,0,"N","","Y",NA,"EK000024_2015_H450_S1_V1_E5_Skunk_in_TCB","Last time skunk was seen going into cubby- best guess that bait was taken in this time frame"
"14664",450,2,2015,1,2,"9/23/2015","Spotted_skunk",2015-09-11 22:06:11,"","","","9/11/2015","10:06:11 PM","9/11/2015","10:06:12 PM",55,57,3,1,0,"N","","",NA,"",""
"14665",450,2,2015,1,2,"9/23/2015","Spotted_skunk",2015-09-23 04:35:11,"","","","9/23/2015","4:35:11 AM","9/23/2015","5:01:17 AM",367,375,9,1,0,"N","","",NA,"",""
"14666",450,2,2015,1,2,"9/23/2015","Spotted_skunk",2015-09-23 05:25:08,"","","","9/23/2015","5:25:08 AM","9/23/2015","5:52:43 AM",379,384,6,1,0,"N","","",NA,"",""
"14667",450,2,2015,1,2,"9/23/2015","Spotted_skunk",2015-09-12 05:03:47,"","","","9/12/2015","5:03:47 AM","9/12/2015","5:18:54 AM",67,72,6,1,0,"N","Y","",NA,"EK000067_2015_H450_S1_V2_E8","Last of bait taken by skunk"
"14668",450,2,2015,1,2,"9/23/2015","Spotted_skunk",2015-09-12 01:10:03,"","","","9/12/2015","1:10:03 AM","9/12/2015","1:10:05 AM",58,60,3,1,0,"N","","",NA,"",""
"14669",450,2,2015,1,2,"9/23/2015","Spotted_skunk",2015-09-11 03:21:46,"","","","9/11/2015","3:21:46 AM","9/11/2015","3:28:42 AM",37,45,9,1,0,"N","","",NA,"",""
"14670",450,2,2015,1,2,"9/23/2015","Spotted_skunk",2015-09-11 01:34:05,"","","","9/11/2015","1:34:05 AM","9/11/2015","2:13:48 AM",22,36,15,1,0,"N","","",NA,"",""
"14671",450,2,2015,1,2,"9/23/2015","Spotted_skunk",2015-09-12 03:45:01,"","","","9/12/2015","3:45:01 AM","9/12/2015","3:53:52 AM",61,66,6,1,0,"N","","",NA,"",""
"14672",450,2,2015,1,2,"9/23/2015","Spotted_skunk",2015-09-14 22:30:02,"","","","9/14/2015","10:30:02 PM","9/14/2015","10:32:21 PM",220,228,9,1,0,"N","","",NA,"",""
"14673",450,2,2015,1,2,"9/23/2015","Spotted_skunk",2015-09-15 02:28:49,"","","","9/15/2015","2:28:49 AM","9/15/2015","2:36:01 AM",232,240,9,1,0,"N","","",NA,"",""
"14674",450,2,2015,1,2,"9/23/2015","Spotted_skunk",2015-09-15 03:40:07,"","","","9/15/2015","3:40:07 AM","9/15/2015","3:40:09 AM",241,243,3,1,0,"N","","",NA,"",""
"14675",450,2,2015,1,2,"9/23/2015","Spotted_skunk",2015-09-15 00:29:53,"","","","9/15/2015","12:29:53 AM","9/15/2015","12:29:55 AM",229,231,3,1,0,"N","","",NA,"",""
"14676",450,2,2015,1,2,"9/23/2015","Spotted_skunk",2015-09-15 21:09:57,"","","","9/15/2015","9:09:57 PM","9/15/2015","9:10:00 PM",247,249,3,1,0,"N","","",NA,"",""
"14677",450,2,2015,1,2,"9/23/2015","Spotted_skunk",2015-09-18 03:09:05,"","","","9/18/2015","3:09:05 AM","9/18/2015","3:13:41 AM",250,258,9,1,0,"N","","",NA,"",""
"14678",450,2,2015,1,2,"9/23/2015","Spotted_skunk",2015-09-13 01:04:16,"","","","9/13/2015","1:04:16 AM","9/13/2015","1:05:04 AM",97,102,6,1,0,"N","","",NA,"",""
"14679",450,2,2015,1,2,"9/23/2015","Spotted_skunk",2015-09-22 04:07:24,"","","","9/22/2015","4:07:24 AM","9/22/2015","4:57:40 AM",280,294,15,1,0,"N","","",NA,"",""
"14680",450,2,2015,1,3,"10/7/2015","Spotted_skunk",2015-10-02 00:58:34,"","","","10/2/2015","12:58:34 AM","10/2/2015","1:27:44 AM",910,924,15,1,0,"N","","",NA,"",""
"14681",450,2,2015,1,3,"10/7/2015","Spotted_skunk",2015-09-30 05:46:46,"","","","9/30/2015","5:46:46 AM","9/30/2015","5:46:48 AM",871,873,3,1,0,"N","","",NA,"",""
"14682",450,2,2015,1,3,"10/7/2015","Spotted_skunk",2015-09-29 23:27:48,"","","","9/29/2015","11:27:48 PM","9/29/2015","11:30:00 PM",862,870,9,1,0,"N","","",NA,"",""
"14683",450,2,2015,1,3,"10/7/2015","Spotted_skunk",2015-09-29 19:46:45,"","","","9/29/2015","7:46:45 PM","9/29/2015","9:07:50 PM",823,861,39,1,0,"N","","",NA,"",""
"14684",450,2,2015,1,3,"10/7/2015","Spotted_skunk",2015-09-26 20:19:47,"","","","9/26/2015","8:19:47 PM","9/26/2015","8:34:52 PM",445,468,24,1,0,"N","","",NA,"",""
"14685",450,2,2015,1,3,"10/7/2015","Spotted_skunk",2015-09-25 04:23:02,"","","","9/25/2015","4:23:02 AM","9/25/2015","4:34:55 AM",397,402,6,1,0,"N","","",NA,"",""
"14686",450,2,2015,1,3,"10/7/2015","Spotted_skunk",2015-09-26 02:38:17,"","","","9/26/2015","2:38:17 AM","9/26/2015","3:35:27 AM",403,423,21,1,0,"N","","",NA,"",""
"14687",450,2,2015,1,3,"10/7/2015","Spotted_skunk",2015-10-06 00:40:25,"","","","10/6/2015","12:40:25 AM","10/6/2015","12:41:13 AM",1066,1071,6,1,0,"N","","",NA,"",""
"14688",450,2,2015,1,3,"10/7/2015","Spotted_skunk",2015-10-07 02:19:07,"","","","10/7/2015","2:19:07 AM","10/7/2015","2:24:22 AM",1075,1080,6,1,0,"N","","",NA,"",""
"14689",450,2,2015,1,3,"10/7/2015","Spotted_skunk",2015-10-06 01:48:46,"","","","10/6/2015","1:48:46 AM","10/6/2015","1:48:48 AM",1072,1074,3,1,0,"N","","",NA,"",""
"14690",450,2,2015,1,3,"10/7/2015","Spotted_skunk",2015-09-29 03:24:42,"","","","9/29/2015","3:24:42 AM","9/29/2015","6:36:17 AM",637,753,117,1,0,"N","","",NA,"",""
"14691",450,2,2015,2,1,"9/9/2015","Spotted_skunk",2015-09-09 03:20:35,"","","","9/9/2015","3:20:35 AM","9/9/2015","3:20:36 AM",61,63,3,1,0,"N","","",NA,"",""
"14692",450,2,2015,2,1,"9/9/2015","Spotted_skunk",2015-09-04 00:16:02,"","","","9/4/2015","12:16:02 AM","9/4/2015","1:04:36 AM",25,39,15,1,0,"N","","",NA,"",""
"14693",450,2,2015,2,1,"9/9/2015","Spotted_skunk",2015-09-04 04:05:27,"","","","9/4/2015","4:05:27 AM","9/4/2015","4:07:44 AM",40,45,6,1,0,"N","","",NA,"",""
"14694",450,2,2015,2,1,"9/9/2015","Spotted_skunk",2015-09-07 02:29:03,"","","","9/7/2015","2:29:03 AM","9/7/2015","2:29:04 AM",55,57,3,1,0,"N","","",NA,"",""
"14695",450,2,2015,2,2,"9/23/2015","Spotted_skunk",2015-09-16 05:32:36,"","","","9/16/2015","5:32:36 AM","9/16/2015","5:32:40 AM",28,30,3,1,0,"N","","",NA,"",""
"14696",450,2,2015,2,2,"9/23/2015","Spotted_skunk",2015-09-14 02:32:44,"","","","9/14/2015","2:32:44 AM","9/14/2015","2:32:46 AM",25,27,3,1,0,"N","Y","",NA,"EK000025_2015_H450_S2_V2_E5","skunk takes last of tree bait"
"14697",450,2,2015,2,2,"9/23/2015","Spotted_skunk",2015-09-12 21:02:52,"","","","9/12/2015","9:02:52 PM","9/12/2015","9:02:53 PM",16,18,3,1,0,"N","","",NA,"",""
"14698",450,2,2015,2,2,"9/23/2015","Spotted_skunk",2015-09-12 03:17:06,"","","","9/12/2015","3:17:06 AM","9/12/2015","3:27:45 AM",10,15,6,1,0,"N","","",NA,"",""
"14699",450,2,2015,2,2,"9/23/2015","Spotted_skunk",2015-09-13 22:38:47,"","","","9/13/2015","10:38:47 PM","9/13/2015","10:39:23 PM",19,24,6,1,0,"N","","",NA,"",""
"14700",450,2,2015,2,3,"10/7/2015","Spotted_skunk",2015-09-29 03:36:00,"","","","9/29/2015","3:36:00 AM","9/29/2015","3:42:36 AM",154,162,9,1,0,"N","","",NA,"",""
"14701",450,2,2015,2,3,"10/7/2015","Spotted_skunk",2015-09-29 23:40:32,"","","","9/29/2015","11:40:32 PM","9/29/2015","11:50:04 PM",178,186,9,1,0,"N","","",NA,"",""
"14702",450,2,2015,2,3,"10/7/2015","Spotted_skunk",2015-09-28 21:44:01,"","","","9/28/2015","9:44:01 PM","9/28/2015","10:21:35 PM",145,150,6,1,0,"N","","",NA,"",""
"14703",450,2,2015,2,3,"10/7/2015","Spotted_skunk",2015-09-28 05:32:32,"","","","9/28/2015","5:32:32 AM","9/28/2015","5:32:34 AM",133,135,3,1,0,"N","","",NA,"",""
"14704",450,2,2015,2,3,"10/7/2015","Spotted_skunk",2015-09-30 21:36:30,"","","","9/30/2015","9:36:30 PM","9/30/2015","9:38:43 PM",190,198,9,1,0,"N","","",NA,"",""
"14705",450,2,2015,2,3,"10/7/2015","Spotted_skunk",2015-10-01 21:58:36,"","","","10/1/2015","9:58:36 PM","10/1/2015","10:03:02 PM",199,207,9,1,0,"N","","",NA,"",""
"14706",450,2,2015,2,3,"10/7/2015","Spotted_skunk",2015-09-27 03:49:03,"","","","9/27/2015","3:49:03 AM","9/27/2015","6:53:58 AM",85,123,39,1,0,"N","","",NA,"",""
"14707",450,2,2015,2,3,"10/7/2015","Spotted_skunk",2015-09-27 20:17:52,"","","","9/27/2015","8:17:52 PM","9/27/2015","8:17:53 PM",130,132,3,1,0,"N","","Y",NA,"EK000132_2015_H450_S2_V3_E12_Skunk_in_TCB","Last time skunk in TCB- best guess as to when it was taken"
"14708",450,2,2015,2,3,"10/7/2015","Spotted_skunk",2015-09-27 00:56:20,"","","","9/27/2015","12:56:20 AM","9/27/2015","1:54:40 AM",70,84,15,1,0,"N","","",NA,"",""
"14709",450,2,2015,3,1,"9/9/2015","Spotted_skunk",2015-09-04 00:11:46,"","","","9/4/2015","12:11:46 AM","9/4/2015","1:24:02 AM",73,84,12,1,0,"N","","",NA,"",""
"14710",450,2,2015,3,1,"9/9/2015","Spotted_skunk",2015-08-28 21:54:12,"","","","8/28/2015","9:54:12 PM","8/28/2015","10:06:33 PM",37,42,6,1,0,"N","","",NA,"",""
"14711",450,2,2015,3,1,"9/9/2015","Spotted_skunk",2015-08-29 01:18:22,"","","","8/29/2015","1:18:22 AM","8/29/2015","1:28:31 AM",43,48,6,1,0,"N","","",NA,"",""
"14712",450,2,2015,3,1,"9/9/2015","Spotted_skunk",2015-08-29 03:13:56,"","","","8/29/2015","3:13:56 AM","8/29/2015","3:13:58 AM",49,51,3,1,0,"N","","",NA,"",""
"14713",450,2,2015,3,1,"9/9/2015","Spotted_skunk",2015-08-30 05:00:56,"","","","8/30/2015","5:00:56 AM","8/30/2015","5:00:57 AM",52,54,3,1,0,"N","","",NA,"",""
"14714",450,2,2015,3,1,"9/9/2015","Spotted_skunk",2015-08-31 00:48:09,"","","","8/31/2015","12:48:09 AM","8/31/2015","12:53:06 AM",55,60,6,1,0,"N","","",NA,"",""
"14715",450,2,2015,3,1,"9/9/2015","Spotted_skunk",2015-09-01 05:53:50,"","","","9/1/2015","5:53:50 AM","9/1/2015","5:53:52 AM",61,63,3,1,0,"N","","",NA,"",""
"14716",450,2,2015,3,1,"9/9/2015","Spotted_skunk",2015-08-28 04:12:10,"","","","8/28/2015","4:12:10 AM","8/28/2015","5:03:22 AM",13,36,24,1,0,"N","","",NA,"",""
"14717",450,2,2015,3,1,"9/9/2015","Spotted_skunk",2015-09-03 20:49:37,"","","","9/3/2015","8:49:37 PM","9/3/2015","8:57:51 PM",67,72,6,1,0,"N","","",NA,"",""
"14718",450,2,2015,3,1,"9/9/2015","Spotted_skunk",2015-09-04 04:11:06,"","","","9/4/2015","4:11:06 AM","9/4/2015","4:34:52 AM",85,90,6,1,0,"N","","",NA,"",""
"14719",450,2,2015,3,1,"9/9/2015","Spotted_skunk",2015-09-05 23:22:27,"","","","9/5/2015","11:22:27 PM","9/5/2015","11:22:29 PM",97,99,3,1,0,"N","","",NA,"",""
"14720",450,2,2015,3,1,"9/9/2015","Spotted_skunk",2015-09-06 20:55:04,"","","","9/6/2015","8:55:04 PM","9/6/2015","8:55:06 PM",100,102,3,1,0,"N","","",NA,"",""
"14721",450,2,2015,3,1,"9/9/2015","Spotted_skunk",2015-09-03 01:40:43,"","","","9/3/2015","1:40:43 AM","9/3/2015","1:40:44 AM",64,66,3,1,0,"N","","",NA,"",""
"14722",450,2,2015,3,1,"9/9/2015","Spotted_skunk",2015-09-04 22:22:23,"","","","9/4/2015","10:22:23 PM","9/4/2015","10:26:49 PM",91,96,6,1,0,"N","","Y",NA,"EK000093_2015_H450_S3_V1_E12_Skunk_in_TCB","Last time skunk was in TCB- probably ate last of bait here"
"14723",450,2,2015,3,2,"9/23/2015","Spotted_skunk",2015-09-14 22:22:18,"","","","9/14/2015","10:22:18 PM","9/14/2015","10:22:20 PM",43,45,3,1,0,"N","","",NA,"",""
"14724",450,2,2015,3,2,"9/23/2015","Spotted_skunk",2015-09-10 04:13:45,"","","","9/10/2015","4:13:45 AM","9/10/2015","5:25:57 AM",16,24,9,1,0,"N","","",NA,"",""
"14725",450,2,2015,3,2,"9/23/2015","Spotted_skunk",2015-09-11 01:27:32,"","","","9/11/2015","1:27:32 AM","9/11/2015","1:27:36 AM",25,27,3,1,0,"N","","",NA,"",""
"14726",450,2,2015,3,2,"9/23/2015","Spotted_skunk",2015-09-11 05:17:17,"","","","9/11/2015","5:17:17 AM","9/11/2015","5:17:19 AM",28,30,3,1,0,"N","","",NA,"",""
"14727",450,2,2015,3,2,"9/23/2015","Spotted_skunk",2015-09-12 04:58:13,"","","","9/12/2015","4:58:13 AM","9/12/2015","4:58:15 AM",31,33,3,1,0,"N","","",NA,"",""
"14728",450,2,2015,3,2,"9/23/2015","Spotted_skunk",2015-09-13 03:38:35,"","","","9/13/2015","3:38:35 AM","9/13/2015","4:27:40 AM",37,42,6,1,0,"N","Y","",NA,"EK000040_2015_H450_S3_V2_E7","Skunk takes last of tree bait"
"14729",450,2,2015,3,2,"9/23/2015","Spotted_skunk",2015-09-17 23:06:26,"","","","9/17/2015","11:06:26 PM","9/17/2015","11:06:27 PM",46,48,3,1,0,"N","","",NA,"",""
"14730",450,2,2015,3,2,"9/23/2015","Spotted_skunk",2015-09-23 02:23:33,"","","","9/23/2015","2:23:33 AM","9/23/2015","2:24:15 AM",49,54,6,1,0,"N","","",NA,"",""
"14731",450,2,2015,3,2,"9/23/2015","Spotted_skunk",2015-09-12 23:48:32,"","","","9/12/2015","11:48:32 PM","9/12/2015","11:48:34 PM",34,36,3,1,0,"N","","",NA,"",""
"14732",450,2,2015,3,3,"10/7/2015","Spotted_skunk",2015-09-24 05:40:28,"","","","9/24/2015","5:40:28 AM","9/24/2015","6:32:40 AM",58,84,27,1,0,"N","","",NA,"",""
"14733",450,2,2015,3,3,"10/7/2015","Spotted_skunk",2015-10-03 21:57:37,"","","","10/3/2015","9:57:37 PM","10/3/2015","9:57:39 PM",112,114,3,1,0,"N","","",NA,"",""
"14734",450,2,2015,3,3,"10/7/2015","Spotted_skunk",2015-10-03 23:36:10,"","","","10/3/2015","11:36:10 PM","10/3/2015","11:44:34 PM",115,120,6,1,0,"N","","",NA,"",""
"14735",450,2,2015,3,3,"10/7/2015","Spotted_skunk",2015-10-04 22:01:48,"","","","10/4/2015","10:01:48 PM","10/4/2015","10:01:50 PM",121,123,3,1,0,"N","","",NA,"",""
"14736",450,2,2015,3,3,"10/7/2015","Spotted_skunk",2015-10-05 01:28:22,"","","","10/5/2015","1:28:22 AM","10/5/2015","1:47:14 AM",124,132,9,1,0,"N","","Y",NA,"EK000126_2015_S3_V3_E10_Skunk_in_TCB","skunk in TCB for last time- best guess as to when bait was taken"
"14737",450,2,2015,3,3,"10/7/2015","Spotted_skunk",2015-09-30 04:31:02,"","","","9/30/2015","4:31:02 AM","9/30/2015","4:31:03 AM",88,90,3,1,0,"N","","",NA,"",""
"14738",450,2,2015,3,3,"10/7/2015","Spotted_skunk",2015-09-30 21:44:34,"","","","9/30/2015","9:44:34 PM","9/30/2015","9:44:35 PM",91,93,3,1,0,"N","Y","",NA,"EK000091_2015_S3_V3_E10_Skunk_takes_bait","Last of tree bait gone"
"14739",450,2,2015,3,3,"10/7/2015","Spotted_skunk",2015-10-01 04:52:57,"","","","10/1/2015","4:52:57 AM","10/1/2015","5:30:12 AM",94,108,15,1,0,"N","","",NA,"",""
"14740",451,1,2014,2,2,"8/21/2014","Spotted_skunk",2014-08-10 02:35:50,"","","","8/10/2014","2:35:50 AM","8/10/2014","3:33:28 AM",49,69,21,3,2,"N","","",NA,"",""
"14741",451,1,2014,2,2,"8/21/2014","Spotted_skunk",2014-08-10 21:52:49,"","","","8/10/2014","9:52:49 PM","8/10/2014","11:16:01 PM",94,102,9,3,2,"N","","",NA,"",""
"14742",451,1,2014,2,2,"8/21/2014","Spotted_skunk",2014-08-20 03:31:34,"","","","8/20/2014","3:31:34 AM","8/20/2014","3:31:36 AM",109,111,3,1,0,"N","","",NA,"",""
"14743",451,1,2014,2,2,"8/21/2014","Spotted_skunk",2014-08-09 21:50:14,"","","","8/9/2014","9:50:14 PM","8/10/2014","12:44:53 AM",22,48,27,3,2,"N","","",NA,"",""
"14744",451,1,2014,2,2,"8/21/2014","Spotted_skunk",2014-08-10 05:00:34,"","","","8/10/2014","5:00:34 AM","8/10/2014","5:36:12 AM",70,90,21,5,4,"N","","",NA,"2014-h451-s2-v2-e5-5spotted skunks-EK000082_5","bait gone #0090"
"14745",451,1,2014,2,2,"8/21/2014","Spotted_skunk",2014-08-13 01:52:35,"","","","8/13/2014","1:52:35 AM","8/13/2014","1:52:37 AM",103,105,3,1,0,"N","","",NA,"",""
"14746",451,1,2014,2.1,3,"9/4/2014","Spotted_skunk",2014-08-25 23:15:32,"","","","8/25/2014","11:15:32 PM","8/25/2014","11:19:26 PM",22,27,6,1,0,"N","","",NA,"",""
"14747",451,1,2014,2.1,3,"9/4/2014","Spotted_skunk",2014-08-24 04:45:35,"","","","8/24/2014","4:45:35 AM","8/24/2014","4:51:38 AM",16,21,6,1,0,"N","","",NA,"",""
"14748",451,1,2014,2.1,3,"9/4/2014","Spotted_skunk",2014-08-27 02:20:23,"","","","8/27/2014","2:20:23 AM","8/27/2014","2:40:11 AM",28,33,6,2,0,"N","","",NA,"","last of tree bait #33"
"14749",451,1,2014,2.1,3,"9/4/2014","Spotted_skunk",2014-09-01 21:31:01,"","","","9/1/2014","9:31:01 PM","9/1/2014","9:31:03 PM",88,90,3,1,0,"N","","",NA,"",""
"14750",451,1,2014,2.1,3,"9/4/2014","Spotted_skunk",2014-09-02 00:41:36,"","","","9/2/2014","12:41:36 AM","9/2/2014","12:41:37 AM",91,93,3,1,0,"N","","",NA,"",""
"14751",451,1,2014,2.1,3,"9/4/2014","Spotted_skunk",2014-09-02 03:37:08,"","","","9/2/2014","3:37:08 AM","9/2/2014","3:37:09 AM",94,96,3,1,0,"N","","",NA,"",""
"14752",451,1,2014,2.1,3,"9/4/2014","Spotted_skunk",2014-08-29 22:29:54,"","","","8/29/2014","10:29:54 PM","8/29/2014","11:07:23 PM",37,87,51,4,3,"N","","",NA,"",""
"14753",451,1,2014,3,3,"9/4/2014","Spotted_skunk",2014-08-25 03:51:49,"","","","8/25/2014","3:51:49 AM","8/25/2014","4:09:57 AM",25,48,24,1,0,"N","","",NA,"",""
"14754",451,1,2014,3,3,"9/4/2014","Spotted_skunk",2014-08-28 01:11:05,"","","","8/28/2014","1:11:05 AM","8/28/2014","5:04:10 AM",49,75,27,1,0,"N","","",NA,"",""
"14755",451,2,2016,2,1,"9/28/2016","Spotted_skunk",2016-09-23 04:30:35,"","","","9/23/2016","4:30:35 AM","9/23/2016","4:30:37 AM",40,42,3,1,0,"N","","",NA,"",""
"14756",451,2,2016,2,1,"9/28/2016","Spotted_skunk",2016-09-28 02:28:05,"","","","9/28/2016","2:28:05 AM","9/28/2016","2:30:51 AM",301,312,12,1,0,"N","","",NA,"",""
"14757",451,2,2016,2,1,"9/28/2016","Spotted_skunk",2016-09-27 22:29:11,"","","","9/27/2016","10:29:11 PM","9/27/2016","10:37:40 PM",292,300,9,1,0,"N","","",NA,"",""
"14758",451,2,2016,2,1,"9/28/2016","Spotted_skunk",2016-09-27 02:35:39,"","","","9/27/2016","2:35:39 AM","9/27/2016","3:17:16 AM",286,291,6,1,0,"N","","",NA,"",""
"14759",451,2,2016,2,1,"9/28/2016","Spotted_skunk",2016-09-28 04:47:14,"","","","9/28/2016","4:47:14 AM","9/28/2016","4:47:58 AM",313,321,9,1,0,"N","","",NA,"",""
"14760",451,2,2016,2,1,"9/28/2016","Spotted_skunk",2016-09-26 20:24:58,"","","","9/26/2016","8:24:58 PM","9/26/2016","9:07:50 PM",265,285,21,1,0,"N","Y","",NA,"277","tree bait gone"
"14761",451,2,2016,2,1,"9/28/2016","Spotted_skunk",2016-09-24 02:28:25,"","","","9/24/2016","2:28:25 AM","9/24/2016","5:24:51 AM",43,81,39,1,0,"N","","",NA,"",""
"14762",451,2,2016,2,1,"9/28/2016","Spotted_skunk",2016-09-26 00:57:38,"","","","9/26/2016","12:57:38 AM","9/26/2016","1:40:35 AM",247,255,9,1,0,"N","","",NA,"",""
"14763",451,2,2016,2,1,"9/28/2016","Spotted_skunk",2016-09-25 00:18:58,"","","","9/25/2016","12:18:58 AM","9/25/2016","12:44:54 AM",100,123,24,1,0,"N","","",NA,"",""
"14764",451,2,2016,2,1,"9/28/2016","Spotted_skunk",2016-09-24 22:25:41,"","","","9/24/2016","10:25:41 PM","9/24/2016","11:11:30 PM",91,99,9,1,0,"N","","",NA,"",""
"14765",451,2,2016,2,1,"9/28/2016","Spotted_skunk",2016-09-21 04:21:16,"","","","9/21/2016","4:21:16 AM","9/21/2016","5:20:09 AM",16,21,6,1,0,"N","","Y",NA,"18","only time skunk in TCB"
"14766",451,2,2016,2,1,"9/28/2016","Spotted_skunk",2016-09-22 00:07:16,"","","","9/22/2016","12:07:16 AM","9/22/2016","12:07:18 AM",22,24,3,1,0,"N","","",NA,"",""
"14767",451,2,2016,2,1,"9/28/2016","Spotted_skunk",2016-09-22 22:00:25,"","","","9/22/2016","10:00:25 PM","9/22/2016","10:41:56 PM",25,39,15,1,0,"N","","",NA,"",""
"14768",451,2,2016,2,1,"9/28/2016","Spotted_skunk",2016-09-24 20:24:18,"","","","9/24/2016","8:24:18 PM","9/24/2016","8:51:21 PM",82,90,9,1,0,"N","","",NA,"",""
"14769",451,2,2016,2,1,"9/28/2016","Spotted_skunk",2016-09-26 05:24:48,"","","","9/26/2016","5:24:48 AM","9/26/2016","5:48:12 AM",256,264,9,2,0,"N","","",NA,"",""
"14770",451,2,2016,2,2,"10/12/2016","Spotted_skunk",2016-09-30 21:35:00,"","","","9/30/2016","9:35:00 PM","9/30/2016","9:43:16 PM",28,33,6,1,0,"N","","",NA,"",""
"14771",451,2,2016,2,2,"10/12/2016","Spotted_skunk",2016-09-29 21:46:08,"","","","9/29/2016","9:46:08 PM","9/29/2016","9:46:12 PM",13,15,3,1,0,"N","","",NA,"",""
"14772",451,2,2016,2,2,"10/12/2016","Spotted_skunk",2016-10-10 23:24:42,"","","","10/10/2016","11:24:42 PM","10/10/2016","11:24:44 PM",124,126,3,1,0,"N","","",NA,"",""
"14773",451,2,2016,2,2,"10/12/2016","Spotted_skunk",2016-10-10 19:48:16,"","","","10/10/2016","7:48:16 PM","10/10/2016","7:52:53 PM",115,120,6,1,0,"N","","",NA,"",""
"14774",451,2,2016,2,2,"10/12/2016","Spotted_skunk",2016-10-08 00:52:04,"","","","10/8/2016","12:52:04 AM","10/8/2016","12:52:42 AM",91,99,9,1,0,"N","","",NA,"",""
"14775",451,2,2016,2,2,"10/12/2016","Spotted_skunk",2016-09-30 01:39:52,"","","","9/30/2016","1:39:52 AM","9/30/2016","1:42:00 AM",19,27,9,1,0,"N","","",NA,"",""
"14776",451,2,2016,2,2,"10/12/2016","Spotted_skunk",2016-10-05 02:38:13,"","","","10/5/2016","2:38:13 AM","10/5/2016","2:38:54 AM",79,87,9,1,0,"N","","",NA,"",""
"14777",451,2,2016,2,2,"10/12/2016","Spotted_skunk",2016-10-04 05:14:14,"","","","10/4/2016","5:14:14 AM","10/4/2016","5:18:53 AM",70,78,9,1,0,"N","","",NA,"",""
"14778",451,2,2016,2,2,"10/12/2016","Spotted_skunk",2016-10-03 20:23:20,"","","","10/3/2016","8:23:20 PM","10/3/2016","8:45:05 PM",55,69,15,1,0,"N","","",NA,"",""
"14779",451,2,2016,2,2,"10/12/2016","Spotted_skunk",2016-10-10 00:53:01,"","","","10/10/2016","12:53:01 AM","10/10/2016","1:37:35 AM",100,114,15,1,0,"N","","",NA,"",""
"14780",451,2,2016,2,3,"10/26/2016","Spotted_skunk",2016-10-12 20:46:55,"","","","10/12/2016","8:46:55 PM","10/12/2016","8:46:57 PM",4,6,3,1,0,"N","","",NA,"",""
"14781",451,2,2016,2,3,"10/26/2016","Spotted_skunk",2016-10-15 04:46:43,"","","","10/15/2016","4:46:43 AM","10/15/2016","4:46:45 AM",7,9,3,1,0,"N","","",NA,"",""
"14782",451,2,2016,2,3,"10/26/2016","Spotted_skunk",2016-10-17 19:25:06,"","","","10/17/2016","7:25:06 PM","10/17/2016","7:25:39 PM",13,18,6,1,0,"N","Y","",NA,"13","bait taken by skunk"
"14783",451,2,2016,2,3,"10/26/2016","Spotted_skunk",2016-10-17 02:29:14,"","","","10/17/2016","2:29:14 AM","10/17/2016","2:29:16 AM",10,12,3,1,0,"N","","",NA,"",""
"14784",451,2,2016,3,1,"9/29/2016","Spotted_skunk",2016-09-20 06:27:43,"","","","9/20/2016","6:27:43 AM","9/20/2016","6:27:44 AM",19,21,3,1,0,"N","","",NA,"",""
"14785",451,2,2016,3,1,"9/29/2016","Spotted_skunk",2016-09-20 22:44:09,"","","","9/20/2016","10:44:09 PM","9/20/2016","10:54:08 PM",22,27,6,1,0,"N","","",NA,"",""
"14786",451,2,2016,3,2,"10/12/2016","Spotted_skunk",2016-10-10 00:57:12,"","","","10/10/2016","12:57:12 AM","10/10/2016","12:59:36 AM",61,66,6,1,0,"N","","",NA,"",""
"14787",451,2,2016,3,2,"10/12/2016","Spotted_skunk",2016-10-10 03:27:14,"","","","10/10/2016","3:27:14 AM","10/10/2016","3:28:29 AM",67,72,6,1,0,"N","","",NA,"",""
"14788",451,2,2016,3,2,"10/12/2016","Spotted_skunk",2016-10-11 02:48:20,"","","","10/11/2016","2:48:20 AM","10/11/2016","3:19:31 AM",112,129,18,1,0,"N","","",NA,"",""
"14789",451,2,2016,3,2,"10/12/2016","Spotted_skunk",2016-10-11 00:28:23,"","","","10/11/2016","12:28:23 AM","10/11/2016","1:15:54 AM",88,111,24,1,0,"N","Y","",NA,"94","skunk takes tree bait"
"14790",451,2,2016,3,2,"10/12/2016","Spotted_skunk",2016-10-12 00:00:25,"","","","10/12/2016","12:00:25 AM","10/12/2016","12:51:20 AM",130,156,27,1,0,"N","","Y",NA,"147","last time skunk in TCB"
"14791",451,2,2016,3,2,"10/12/2016","Spotted_skunk",2016-10-06 01:07:26,"","","","10/6/2016","1:07:26 AM","10/6/2016","2:47:50 AM",13,27,15,1,0,"N","","",NA,"",""
"14792",451,2,2016,3,2,"10/12/2016","Spotted_skunk",2016-10-06 04:03:12,"","","","10/6/2016","4:03:12 AM","10/6/2016","4:10:06 AM",28,36,9,1,0,"N","","",NA,"",""
"14793",451,2,2016,3,2,"10/12/2016","Spotted_skunk",2016-10-10 20:30:29,"","","","10/10/2016","8:30:29 PM","10/10/2016","8:31:09 PM",82,87,6,1,0,"N","","",NA,"",""
"14794",451,2,2016,3,2,"10/12/2016","Spotted_skunk",2016-10-10 05:09:32,"","","","10/10/2016","5:09:32 AM","10/10/2016","6:10:31 AM",73,81,9,1,0,"N","","",NA,"",""
"14795",451,2,2016,3,2,"10/12/2016","Spotted_skunk",2016-10-07 04:08:34,"","","","10/7/2016","4:08:34 AM","10/7/2016","4:08:36 AM",37,39,3,1,0,"N","","",NA,"",""
"14796",451,2,2016,3,2,"10/12/2016","Spotted_skunk",2016-10-09 02:36:22,"","","","10/9/2016","2:36:22 AM","10/9/2016","8:57:14 PM",43,60,18,1,0,"N","","",NA,"",""
"14797",451,2,2016,3,2,"10/12/2016","Spotted_skunk",2016-10-08 21:25:52,"","","","10/8/2016","9:25:52 PM","10/8/2016","9:25:56 PM",40,42,3,1,0,"N","","",NA,"",""
"14798",451,2,2016,3,3,"10/26/2016","Spotted_skunk",2016-10-14 23:28:35,"","","","10/14/2016","11:28:35 PM","10/14/2016","11:59:35 PM",79,90,12,1,0,"N","","",NA,"",""
"14799",451,2,2016,3,3,"10/26/2016","Spotted_skunk",2016-10-14 01:36:48,"","","","10/14/2016","1:36:48 AM","10/14/2016","2:54:39 AM",55,78,24,2,0,"N","","",NA,"",""
"14800",451,2,2016,3,3,"10/26/2016","Spotted_skunk",2016-10-15 06:47:27,"","","","10/15/2016","6:47:27 AM","10/15/2016","6:49:09 AM",91,96,6,1,0,"N","","",NA,"",""
"14801",451,2,2016,3,3,"10/26/2016","Spotted_skunk",2016-10-13 01:14:13,"","","","10/13/2016","1:14:13 AM","10/13/2016","1:20:39 AM",40,45,6,1,0,"N","","",NA,"",""
"14802",451,2,2016,3,3,"10/26/2016","Spotted_skunk",2016-10-12 23:20:52,"","","","10/12/2016","11:20:52 PM","10/12/2016","11:27:40 PM",31,39,9,1,0,"N","","",NA,"","bait taken"
"14803",451,2,2016,3,3,"10/26/2016","Spotted_skunk",2016-10-12 21:20:44,"","","","10/12/2016","9:20:44 PM","10/12/2016","9:51:33 PM",4,30,27,1,0,"N","","",NA,"",""
"14804",451,2,2016,3,3,"10/26/2016","Spotted_skunk",2016-10-13 02:31:41,"","","","10/13/2016","2:31:41 AM","10/13/2016","2:31:43 AM",46,48,3,1,0,"N","","",NA,"",""
"14805",451,2,2016,3,3,"10/26/2016","Spotted_skunk",2016-10-17 21:16:44,"","","","10/17/2016","9:16:44 PM","10/17/2016","9:16:45 PM",100,102,3,1,0,"N","","",NA,"",""
"14806",451,2,2016,3,3,"10/26/2016","Spotted_skunk",2016-10-18 04:11:54,"","","","10/18/2016","4:11:54 AM","10/18/2016","4:11:55 AM",103,105,3,1,0,"N","","Y",NA,"105","last time skunk in TCB"
"14807",451,2,2016,3,3,"10/26/2016","Spotted_skunk",2016-10-22 03:53:43,"","","","10/22/2016","3:53:43 AM","10/22/2016","3:53:44 AM",106,108,3,1,0,"N","","",NA,"",""
"14808",451,2,2016,3,3,"10/26/2016","Spotted_skunk",2016-10-24 03:41:57,"","","","10/24/2016","3:41:57 AM","10/24/2016","3:42:01 AM",109,111,3,1,0,"N","","",NA,"",""
"14809",451,2,2016,3,3,"10/26/2016","Spotted_skunk",2016-10-25 00:43:37,"","","","10/25/2016","12:43:37 AM","10/25/2016","12:43:39 AM",112,114,3,1,0,"N","","",NA,"",""
"14810",451,2,2016,3,3,"10/26/2016","Spotted_skunk",2016-10-25 02:21:34,"","","","10/25/2016","2:21:34 AM","10/25/2016","2:21:36 AM",115,117,3,1,0,"N","","",NA,"",""
"14811",451,2,2016,3,3,"10/26/2016","Spotted_skunk",2016-10-13 05:27:55,"","","","10/13/2016","5:27:55 AM","10/13/2016","5:57:00 AM",49,54,6,2,0,"N","Y","",NA,"52","last of tree bait taken"
"14812",451,2,2016,3,3,"10/26/2016","Spotted_skunk",2016-10-15 19:19:13,"","","","10/15/2016","7:19:13 PM","10/15/2016","7:19:15 PM",97,99,3,1,0,"N","","",NA,"",""
"14813",452,1,2013,1,2,"10/15/2013","Spotted_skunk",2013-10-06 20:18:15,"","","","10/6/2013","8:18:15 PM","10/6/2013","8:18:16 PM",28,30,3,1,0,"N","","",NA,"",""
"14814",452,1,2013,1,2,"10/15/2013","Spotted_skunk",2013-10-06 02:30:24,"","","","10/6/2013","2:30:24 AM","10/6/2013","2:30:26 AM",22,24,3,1,0,"N","","",NA,"",""
"14815",452,1,2013,1,2,"10/15/2013","Spotted_skunk",2013-10-06 23:24:16,"","","","10/6/2013","11:24:16 PM","10/6/2013","11:24:17 PM",31,33,3,1,0,"N","","",NA,"",""
"14816",452,1,2013,1,2,"10/15/2013","Spotted_skunk",2013-10-14 01:25:32,"","","","10/14/2013","1:25:32 AM","10/14/2013","1:25:33 AM",145,147,3,1,0,"N","Y","",NA,"145","bait gone"
"14817",452,1,2013,1,2,"10/15/2013","Spotted_skunk",2013-10-13 01:11:55,"","","","10/13/2013","1:11:55 AM","10/13/2013","1:29:36 AM",115,120,6,1,0,"N","","",NA,"",""
"14818",452,1,2013,1,2,"10/15/2013","Spotted_skunk",2013-10-13 04:52:24,"","","","10/13/2013","4:52:24 AM","10/13/2013","4:52:26 AM",124,126,3,1,0,"N","","",NA,"",""
"14819",452,1,2013,1,2,"10/15/2013","Spotted_skunk",2013-10-14 03:08:27,"","","","10/14/2013","3:08:27 AM","10/14/2013","3:25:43 AM",148,165,18,1,0,"N","","",NA,"",""
"14820",452,1,2013,1,2,"10/15/2013","Spotted_skunk",2013-10-07 06:12:36,"","","","10/7/2013","6:12:36 AM","10/7/2013","6:12:37 AM",34,36,3,1,0,"N","","",NA,"",""
"14821",452,1,2013,1,2,"10/15/2013","Spotted_skunk",2013-10-13 02:47:48,"","","","10/13/2013","2:47:48 AM","10/13/2013","2:47:50 AM",121,123,3,1,0,"N","","",NA,"",""
"14822",452,1,2013,1,2,"10/15/2013","Spotted_skunk",2013-10-12 22:49:37,"","","","10/12/2013","10:49:37 PM","10/12/2013","10:49:39 PM",112,114,3,1,0,"N","","",NA,"",""
"14823",452,1,2013,1,2,"10/15/2013","Spotted_skunk",2013-10-12 20:31:47,"","","","10/12/2013","8:31:47 PM","10/12/2013","8:46:37 PM",100,111,12,1,0,"N","","",NA,"",""
"14824",452,1,2013,1,2,"10/15/2013","Spotted_skunk",2013-10-08 06:42:37,"","","","10/8/2013","6:42:37 AM","10/8/2013","6:47:05 AM",40,45,6,1,0,"N","","",NA,"",""
"14825",452,1,2013,1,2,"10/15/2013","Spotted_skunk",2013-10-12 01:45:04,"","","","10/12/2013","1:45:04 AM","10/12/2013","1:45:06 AM",85,87,3,1,0,"N","","",NA,"",""
"14826",452,1,2013,1,2,"10/15/2013","Spotted_skunk",2013-10-11 23:45:18,"","","","10/11/2013","11:45:18 PM","10/11/2013","11:45:20 PM",82,84,3,1,0,"N","","",NA,"",""
"14827",452,1,2013,1,2,"10/15/2013","Spotted_skunk",2013-10-11 02:14:05,"","","","10/11/2013","2:14:05 AM","10/11/2013","2:20:22 AM",73,81,9,1,0,"N","","",NA,"",""
"14828",452,1,2013,1,2,"10/15/2013","Spotted_skunk",2013-10-09 03:24:01,"","","","10/9/2013","3:24:01 AM","10/9/2013","3:24:03 AM",70,72,3,1,0,"N","","",NA,"",""
"14829",452,1,2013,1,2,"10/15/2013","Spotted_skunk",2013-10-08 23:24:24,"","","","10/8/2013","11:24:24 PM","10/8/2013","11:33:41 PM",58,69,12,1,0,"N","","",NA,"60","skunk in TCB"
"14830",452,1,2013,1,2,"10/15/2013","Spotted_skunk",2013-10-13 19:29:08,"","","","10/13/2013","7:29:08 PM","10/13/2013","11:56:41 PM",127,144,18,1,0,"N","","",NA,"",""
"14831",452,1,2013,1,3,"10/29/2013","Spotted_skunk",2013-10-22 06:58:08,"","","","10/22/2013","6:58:08 AM","10/22/2013","6:58:10 AM",55,57,3,1,NA,"","","",NA,"",""
"14832",452,1,2013,1,3,"10/29/2013","Spotted_skunk",2013-10-21 20:53:38,"","","","10/21/2013","8:53:38 PM","10/21/2013","8:53:40 PM",52,54,3,1,NA,"","","",NA,"",""
"14833",452,1,2013,1,3,"10/29/2013","Spotted_skunk",2013-10-21 19:36:45,"","","","10/21/2013","7:36:45 PM","10/21/2013","7:36:46 PM",49,51,3,1,NA,"","","",NA,"",""
"14834",452,1,2013,1,3,"10/29/2013","Spotted_skunk",2013-10-21 05:43:52,"","","","10/21/2013","5:43:52 AM","10/21/2013","5:52:21 AM",37,45,9,1,NA,"","","",NA,"",""
"14835",452,1,2013,1,3,"10/29/2013","Spotted_skunk",2013-10-21 00:50:32,"","","","10/21/2013","12:50:32 AM","10/21/2013","1:04:23 AM",28,36,9,1,NA,"","","",NA,"",""
"14836",452,1,2013,1,3,"10/29/2013","Spotted_skunk",2013-10-25 04:49:07,"","","","10/25/2013","4:49:07 AM","10/25/2013","4:49:08 AM",76,78,3,1,NA,"","","",NA,"",""
"14837",452,1,2013,1,3,"10/29/2013","Spotted_skunk",2013-10-22 21:06:03,"","","","10/22/2013","9:06:03 PM","10/22/2013","9:06:05 PM",61,63,3,1,NA,"","","",NA,"",""
"14838",452,1,2013,1,3,"10/29/2013","Spotted_skunk",2013-10-23 05:45:22,"","","","10/23/2013","5:45:22 AM","10/23/2013","5:45:24 AM",67,69,3,1,NA,"","","",NA,"",""
"14839",452,1,2013,1,3,"10/29/2013","Spotted_skunk",2013-10-24 05:11:06,"","","","10/24/2013","5:11:06 AM","10/24/2013","5:11:08 AM",73,75,3,1,NA,"","Y","",NA,"no more tree bait",""
"14840",452,1,2013,1,3,"10/29/2013","Spotted_skunk",2013-10-27 05:54:12,"","","","10/27/2013","5:54:12 AM","10/27/2013","5:55:12 AM",79,84,6,1,NA,"","","",NA,"",""
"14841",452,1,2013,1,3,"10/29/2013","Spotted_skunk",2013-10-28 07:16:37,"","","","10/28/2013","7:16:37 AM","10/28/2013","7:19:10 AM",85,90,6,1,NA,"","","",NA,"",""
"14842",452,1,2013,1,3,"10/29/2013","Spotted_skunk",2013-10-23 23:48:23,"","","","10/23/2013","11:48:23 PM","10/23/2013","11:48:25 PM",70,72,3,1,NA,"","","",NA,"",""
"14843",452,1,2013,2,3,"10/29/2013","Spotted_skunk",2013-10-28 03:53:29,"","","","10/28/2013","3:53:29 AM","10/28/2013","4:14:42 AM",37,45,9,1,NA,"","","",NA,"",""
"14844",452,1,2013,2,3,"10/29/2013","Spotted_skunk",2013-10-29 01:47:22,"","","","10/29/2013","1:47:22 AM","10/29/2013","1:47:23 AM",58,60,3,NA,NA,"","","",NA,"",""
"14845",452,1,2013,2,3,"10/29/2013","Spotted_skunk",2013-10-16 05:28:46,"","","","10/16/2013","5:28:46 AM","10/16/2013","6:23:47 AM",7,21,15,1,NA,"","","",NA,"",""
"14846",452,1,2013,3,1,"10/1/2013","Spotted_skunk",2013-09-28 17:41:18,"","","","9/28/2013","5:41:18 PM","9/28/2013","5:41:20 PM",40,42,3,1,0,"N","","",NA,"",""
"14847",453,1,2015,2,1,"6/3/2015","Spotted_skunk",2015-05-23 00:02:24,"","","","5/23/2015","12:02:24 AM","5/23/2015","12:02:26 AM",7,9,3,1,0,"N","","",NA,"",""
"14848",454,1,2014,1,1,"10/5/2014","Spotted_skunk",2014-09-29 03:44:19,"","","","9/29/2014","3:44:19 AM","9/29/2014","3:44:21 AM",19,21,3,1,0,"N","","",NA,"",""
"14849",454,1,2014,2,1,"10/5/2014","Spotted_skunk",2014-09-29 00:51:39,"","","","9/29/2014","12:51:39 AM","9/29/2014","12:51:41 AM",13,15,3,1,0,"N","","",NA,"",""
"14850",454,1,2014,2,3,"11/1/2014","Spotted_skunk",2014-10-24 22:12:15,"","","","10/24/2014","10:12:15 PM","10/24/2014","10:26:11 PM",10,18,9,1,0,"N","","",NA,"",""
"14851",454,1,2014,2,3,"11/1/2014","Spotted_skunk",2014-11-01 01:04:01,"","","","11/1/2014","1:04:01 AM","11/1/2014","1:11:34 AM",130,144,15,1,0,"N","","",NA,"",""
"14852",454,1,2014,2,3,"11/1/2014","Spotted_skunk",2014-10-31 22:58:38,"","","","10/31/2014","10:58:38 PM","10/31/2014","11:08:07 PM",121,129,9,1,0,"N","","",NA,"",""
"14853",454,1,2014,2,3,"11/1/2014","Spotted_skunk",2014-10-25 03:18:48,"","","","10/25/2014","3:18:48 AM","10/25/2014","3:18:50 AM",19,21,3,1,0,"N","","",NA,"",""
"14854",454,1,2014,2,3,"11/1/2014","Spotted_skunk",2014-10-29 03:01:58,"","","","10/29/2014","3:01:58 AM","10/29/2014","3:02:02 AM",106,108,3,1,0,"N","","",NA,"",""
"14855",454,1,2014,2,3,"11/1/2014","Spotted_skunk",2014-10-28 06:26:38,"","","","10/28/2014","6:26:38 AM","10/28/2014","6:29:15 AM",100,105,6,1,0,"N","","",NA,"",""
"14856",454,1,2014,2,3,"11/1/2014","Spotted_skunk",2014-10-28 00:42:55,"","","","10/28/2014","12:42:55 AM","10/28/2014","2:02:07 AM",79,99,21,1,0,"N","","",NA,"",""
"14857",454,1,2014,2,3,"11/1/2014","Spotted_skunk",2014-10-27 22:36:22,"","","","10/27/2014","10:36:22 PM","10/27/2014","10:48:45 PM",73,78,6,1,0,"N","","",NA,"",""
"14858",454,1,2014,2,3,"11/1/2014","Spotted_skunk",2014-10-26 18:34:51,"","","","10/26/2014","6:34:51 PM","10/26/2014","6:35:06 PM",64,69,6,1,0,"N","","",NA,"",""
"14859",454,1,2014,2,3,"11/1/2014","Spotted_skunk",2014-10-26 03:03:24,"","","","10/26/2014","3:03:24 AM","10/26/2014","3:22:48 AM",22,39,18,1,0,"N","","",NA,"",""
"14860",454,1,2014,2,3,"11/1/2014","Spotted_skunk",2014-10-26 06:10:16,"","","","10/26/2014","6:10:16 AM","10/26/2014","7:07:29 AM",43,63,21,1,0,"N","","",NA,"",""
"14861",454,1,2014,3,3,"11/1/2014","Spotted_skunk",2014-10-21 02:36:02,"","","","10/21/2014","2:36:02 AM","10/21/2014","3:23:33 AM",10,24,15,1,0,"N","","",NA,"",""
"14862",454,1,2014,3,3,"11/1/2014","Spotted_skunk",2014-10-21 05:56:09,"","","","10/21/2014","5:56:09 AM","10/21/2014","6:38:02 AM",25,33,9,1,0,"N","","",NA,"",""
"14863",454,1,2014,3,3,"11/1/2014","Spotted_skunk",2014-10-22 20:13:46,"","","","10/22/2014","8:13:46 PM","10/22/2014","9:00:55 PM",43,48,6,1,0,"N","","",NA,"",""
"14864",454,1,2014,3,3,"11/1/2014","Spotted_skunk",2014-10-20 22:26:44,"","","","10/20/2014","10:26:44 PM","10/20/2014","10:26:48 PM",7,9,3,1,0,"N","","",NA,"",""
"14865",454,1,2014,3,3,"11/1/2014","Spotted_skunk",2014-10-22 04:47:48,"","","","10/22/2014","4:47:48 AM","10/22/2014","6:09:42 AM",34,42,9,1,0,"N","","",NA,"",""
"14866",458,1,2014,2,3,"9/4/2014","Spotted_skunk",2014-09-01 22:39:06,"","","","9/1/2014","10:39:06 PM","9/1/2014","10:54:09 PM",10,15,6,1,0,"N","","",NA,"",""
"14867",458,2,2016,1,1,"8/8/2016","Spotted_skunk",2016-08-06 04:16:58,"","","","8/6/2016","4:16:58 AM","8/6/2016","4:21:47 AM",82,96,15,1,0,"N","","",NA,"",""
"14868",458,2,2016,2,3,"9/6/2016","Spotted_skunk",2016-08-28 23:50:46,"","","","8/28/2016","11:50:46 PM","8/29/2016","12:00:18 AM",88,96,9,1,0,"N","","",NA,"",""
"14869",458,2,2016,2,3,"9/6/2016","Spotted_skunk",2016-08-28 22:05:11,"","","","8/28/2016","10:05:11 PM","8/28/2016","10:32:52 PM",76,87,12,1,0,"N","","",NA,"",""
"14870",458,2,2016,2,3,"9/6/2016","Spotted_skunk",2016-08-28 03:40:57,"","","","8/28/2016","3:40:57 AM","8/28/2016","3:40:58 AM",73,75,3,1,0,"N","","",NA,"",""
"14871",458,2,2016,2,3,"9/6/2016","Spotted_skunk",2016-08-29 01:50:26,"","","","8/29/2016","1:50:26 AM","8/29/2016","2:00:32 AM",97,108,12,1,0,"N","","",NA,"",""
"14872",458,2,2016,2,3,"9/6/2016","Spotted_skunk",2016-08-27 00:10:31,"","","","8/27/2016","12:10:31 AM","8/27/2016","12:37:00 AM",10,36,27,1,0,"N","Y","",NA,"",""
"14873",458,2,2016,2,3,"9/6/2016","Spotted_skunk",2016-08-28 01:40:48,"","","","8/28/2016","1:40:48 AM","8/28/2016","2:18:59 AM",37,72,36,1,0,"N","","",NA,"",""
"14874",458,2,2016,2,3,"9/6/2016","Spotted_skunk",2016-09-02 00:52:27,"","","","9/2/2016","12:52:27 AM","9/2/2016","1:04:53 AM",112,126,15,1,0,"N","Y","",NA,"112","tree bait gone"
"14875",462,1,2014,1,3,"7/15/2014","Spotted_skunk",2014-07-05 00:55:10,"","","","7/5/2014","12:55:10 AM","7/5/2014","1:13:31 AM",4,18,15,NA,NA,"N","","",NA,"",""
"14876",462,2,2016,1,1,"6/14/2016","Spotted_skunk",2016-06-14 01:51:36,"","","","6/14/2016","1:51:36 AM","6/14/2016","2:08:44 AM",25,54,30,1,0,"N","","",NA,"",""
"14877",462,2,2016,1,3,"7/10/2016","Spotted_skunk",2016-07-09 02:21:35,"","","","7/9/2016","2:21:35 AM","7/9/2016","2:21:36 AM",160,162,3,1,0,"N","","",NA,"",""
"14905",501,1,2014,1,1,"10/9/2014","Spotted_skunk",2014-10-09 04:42:11,"","","","10/9/2014","4:42:11 AM","10/9/2014","4:43:40 AM",295,303,9,1,0,"N","","",NA,"",""
"14906",501,1,2014,1,1,"10/9/2014","Spotted_skunk",2014-09-29 19:40:47,"","","","9/29/2014","7:40:47 PM","9/29/2014","7:40:49 PM",289,291,3,1,0,"N","","",NA,"",""
"14907",501,1,2014,1,1,"10/9/2014","Spotted_skunk",2014-09-29 06:25:18,"","","","9/29/2014","6:25:18 AM","9/29/2014","6:26:11 AM",283,288,6,1,0,"N","","",NA,"",""
"14908",501,1,2014,1,1,"10/9/2014","Spotted_skunk",2014-09-28 18:25:18,"","","","9/28/2014","6:25:18 PM","9/28/2014","6:43:56 PM",208,255,48,1,0,"N","","",NA,"2014_h501-s1-v1-e6-spotted skunk-EK000227- good black and white","#255 last of the tree bait"
"14909",501,1,2014,1,1,"10/9/2014","Spotted_skunk",2014-09-28 03:48:28,"","","","9/28/2014","3:48:28 AM","9/28/2014","6:20:26 AM",136,207,72,1,0,"N","","",NA,"","#183 by cubby,"
"14910",501,1,2014,1,1,"10/9/2014","Spotted_skunk",2014-09-27 23:42:29,"","","","9/27/2014","11:42:29 PM","9/28/2014","12:29:15 AM",82,135,54,1,0,"N","","",NA,"",""
"14911",501,1,2014,1,1,"10/9/2014","Spotted_skunk",2014-09-27 18:22:25,"","","","9/27/2014","6:22:25 PM","9/27/2014","7:57:23 PM",58,81,24,1,0,"N","","",NA,"",""
"14912",501,1,2014,1,1,"10/9/2014","Spotted_skunk",2014-09-27 06:36:54,"","","","9/27/2014","6:36:54 AM","9/27/2014","7:17:30 AM",22,57,36,1,0,"N","","",NA,"",""
"14913",501,1,2014,1,1,"10/9/2014","Spotted_skunk",2014-09-28 22:07:42,"","","","9/28/2014","10:07:42 PM","9/28/2014","10:47:21 PM",256,273,18,1,0,"N","","",NA,"",""
"14914",501,1,2014,1,2,"10/23/2014","Spotted_skunk",2014-10-10 01:49:28,"","","","10/10/2014","1:49:28 AM","10/10/2014","2:26:40 AM",10,36,27,1,0,"N","","",NA,"",""
"14915",501,1,2014,1,2,"10/23/2014","Spotted_skunk",2014-10-11 04:39:16,"","","","10/11/2014","4:39:16 AM","10/11/2014","5:10:43 AM",82,90,9,1,0,"N","","",NA,"",""
"14916",501,1,2014,1,2,"10/23/2014","Spotted_skunk",2014-10-12 05:16:42,"","","","10/12/2014","5:16:42 AM","10/12/2014","5:48:42 AM",139,147,9,1,0,"N","","",NA,"",""
"14917",501,1,2014,1,2,"10/23/2014","Spotted_skunk",2014-10-13 03:59:06,"","","","10/13/2014","3:59:06 AM","10/13/2014","3:59:58 AM",172,177,6,1,0,"N","","",NA,"",""
"14918",501,1,2014,1,2,"10/23/2014","Spotted_skunk",2014-10-10 16:42:45,"","","","10/10/2014","4:42:45 PM","10/10/2014","4:45:05 PM",55,60,6,1,0,"N","","",NA,"",""
"14919",501,1,2014,1,2,"10/23/2014","Spotted_skunk",2014-10-12 18:48:55,"","","","10/12/2014","6:48:55 PM","10/12/2014","7:11:51 PM",148,153,6,1,0,"N","","",NA,"",""
"14920",501,1,2014,1,2,"10/23/2014","Spotted_skunk",2014-10-10 05:23:10,"","","","10/10/2014","5:23:10 AM","10/10/2014","6:19:34 AM",37,54,18,1,0,"N","","",NA,"",""
"14921",501,1,2014,1,2,"10/23/2014","Spotted_skunk",2014-10-12 02:30:30,"","","","10/12/2014","2:30:30 AM","10/12/2014","2:51:22 AM",118,138,21,1,0,"N","","",NA,"","#122 last of tree bait"
"14922",501,1,2014,1,2,"10/23/2014","Spotted_skunk",2014-10-11 20:12:57,"","","","10/11/2014","8:12:57 PM","10/11/2014","9:05:23 PM",97,117,21,1,0,"N","","",NA,"",""
"14923",501,1,2014,1,2,"10/23/2014","Spotted_skunk",2014-10-11 06:20:49,"","","","10/11/2014","6:20:49 AM","10/11/2014","6:22:08 AM",91,96,6,1,0,"N","","",NA,"",""
"14924",501,1,2014,1,2,"10/23/2014","Spotted_skunk",2014-10-10 22:38:48,"","","","10/10/2014","10:38:48 PM","10/10/2014","11:03:11 PM",61,81,21,1,0,"N","","",NA,"",""
"14925",501,1,2014,1,2,"10/23/2014","Spotted_skunk",2014-10-12 22:15:16,"","","","10/12/2014","10:15:16 PM","10/12/2014","10:34:49 PM",154,171,18,1,0,"N","","",NA,"",""
"14926",501,1,2014,1,3,"11/6/2014","Spotted_skunk",2014-10-30 06:07:02,"","","","10/30/2014","6:07:02 AM","10/30/2014","6:16:08 AM",204,209,6,1,0,"N","","",NA,"",""
"14927",501,1,2014,1,3,"11/6/2014","Spotted_skunk",2014-10-24 06:22:20,"","","","10/24/2014","6:22:20 AM","10/24/2014","6:22:31 AM",186,188,3,1,0,"N","","",NA,"","#188 last of the tree bait"
"14928",501,1,2014,1,3,"11/6/2014","Spotted_skunk",2014-11-01 02:43:03,"","","","11/1/2014","2:43:03 AM","11/1/2014","2:43:05 AM",210,212,3,1,0,"N","","",NA,"",""
"14929",501,1,2014,1,3,"11/6/2014","Spotted_skunk",2014-11-02 00:11:46,"","","","11/2/2014","12:11:46 AM","11/2/2014","12:11:48 AM",216,218,3,1,0,"N","","",NA,"",""
"14930",501,1,2014,2,3,"11/6/2014","Spotted_skunk",2014-11-05 18:58:26,"","","","11/5/2014","6:58:26 PM","11/5/2014","6:58:27 PM",55,57,3,1,0,"N","","",NA,"",""
"14931",501,1,2014,2,3,"11/6/2014","Spotted_skunk",2014-11-03 06:07:08,"","","","11/3/2014","6:07:08 AM","11/3/2014","6:07:10 AM",37,39,3,1,0,"N","","",NA,"",""
"14932",501,1,2014,2,3,"11/6/2014","Spotted_skunk",2014-11-06 05:36:13,"","","","11/6/2014","5:36:13 AM","11/6/2014","5:36:15 AM",61,63,3,1,0,"N","","",NA,"",""
"14933",501,1,2014,2,3,"11/6/2014","Spotted_skunk",2014-11-02 23:54:09,"","","","11/2/2014","11:54:09 PM","11/3/2014","1:04:02 AM",31,36,6,1,0,"N","","",NA,"",""
"14934",501,1,2014,2,3,"11/6/2014","Spotted_skunk",2014-11-03 22:29:02,"","","","11/3/2014","10:29:02 PM","11/3/2014","10:29:04 PM",40,42,3,1,0,"N","","",NA,"",""
"14935",501,1,2014,2,3,"11/6/2014","Spotted_skunk",2014-11-04 04:43:41,"","","","11/4/2014","4:43:41 AM","11/4/2014","4:43:43 AM",43,45,3,1,0,"N","","",NA,"",""
"14936",501,1,2014,2,3,"11/6/2014","Spotted_skunk",2014-11-06 00:25:39,"","","","11/6/2014","12:25:39 AM","11/6/2014","12:25:41 AM",58,60,3,1,0,"N","","",NA,"",""
"14937",501,1,2014,2,3,"11/6/2014","Spotted_skunk",2014-11-05 06:16:34,"","","","11/5/2014","6:16:34 AM","11/5/2014","6:59:31 AM",46,54,9,1,0,"N","","",NA,"","#0057 last of the tree bait"
"14938",501,2,2016,1,3,"9/15/2016","Spotted_skunk",2016-09-04 20:51:16,"","","","9/4/2016","8:51:16 PM","9/4/2016","8:59:23 PM",343,354,12,1,0,"N","","",NA,"",""
"14939",501,2,2016,1,3,"9/15/2016","Spotted_skunk",2016-09-04 04:18:02,"","","","9/4/2016","4:18:02 AM","9/4/2016","4:27:15 AM",295,315,21,1,0,"N","","Y",NA,"297","last time skunk in TCB"
"14940",501,2,2016,1,3,"9/15/2016","Spotted_skunk",2016-09-03 04:19:21,"","","","9/3/2016","4:19:21 AM","9/3/2016","5:10:00 AM",256,294,39,1,0,"N","","",NA,"",""
"14941",501,2,2016,1,3,"9/15/2016","Spotted_skunk",2016-09-02 21:02:27,"","","","9/2/2016","9:02:27 PM","9/2/2016","9:05:20 PM",247,255,9,1,0,"N","","",NA,"",""
"14942",501,2,2016,1,3,"9/15/2016","Spotted_skunk",2016-09-01 21:28:31,"","","","9/1/2016","9:28:31 PM","9/1/2016","10:01:00 PM",217,231,15,1,0,"N","","",NA,"",""
"14943",501,2,2016,1,3,"9/15/2016","Spotted_skunk",2016-09-02 05:16:19,"","","","9/2/2016","5:16:19 AM","9/2/2016","5:24:01 AM",232,240,9,1,0,"N","","",NA,"",""
"14944",501,2,2016,2,2,"9/1/2016","Spotted_skunk",2016-08-28 04:49:00,"","","","8/28/2016","4:49:00 AM","8/28/2016","5:45:39 AM",97,126,30,1,0,"N","","",NA,"",""
"14945",501,2,2016,2,2,"9/1/2016","Spotted_skunk",2016-08-28 22:31:49,"","","","8/28/2016","10:31:49 PM","8/28/2016","10:34:55 PM",127,135,9,1,0,"N","","",NA,"",""
"14946",501,2,2016,2,3,"9/15/2016","Spotted_skunk",2016-09-02 21:08:19,"","","","9/2/2016","9:08:19 PM","9/2/2016","9:29:06 PM",172,183,12,1,0,"N","","",NA,"",""
"14947",501,2,2016,2,3,"9/15/2016","Spotted_skunk",2016-09-04 02:00:38,"","","","9/4/2016","2:00:38 AM","9/4/2016","2:17:20 AM",229,240,12,1,0,"N","","",NA,"",""
"14948",501,2,2016,2,3,"9/15/2016","Spotted_skunk",2016-09-03 03:13:22,"","","","9/3/2016","3:13:22 AM","9/3/2016","5:46:46 AM",190,222,33,1,0,"N","","Y",NA,"192","last time skunk in TCB"
"14949",501,2,2016,2,3,"9/15/2016","Spotted_skunk",2016-09-04 20:28:53,"","","","9/4/2016","8:28:53 PM","9/4/2016","9:16:56 PM",247,267,21,1,0,"","","",NA,"",""
"14950",501,2,2016,2,3,"9/15/2016","Spotted_skunk",2016-09-03 21:21:15,"","","","9/3/2016","9:21:15 PM","9/3/2016","9:39:57 PM",223,228,6,1,0,"N","","",NA,"",""
"14951",501,2,2016,2,3,"9/15/2016","Spotted_skunk",2016-09-02 22:54:24,"","","","9/2/2016","10:54:24 PM","9/2/2016","11:08:08 PM",184,189,6,1,0,"N","","",NA,"",""
"14952",501,2,2016,2,3,"9/15/2016","Spotted_skunk",2016-09-04 05:02:20,"","","","9/4/2016","5:02:20 AM","9/4/2016","5:28:48 AM",241,246,6,1,0,"N","","",NA,"",""
"14953",501,2,2016,2,3,"9/15/2016","Spotted_skunk",2016-09-02 05:21:27,"","","","9/2/2016","5:21:27 AM","9/2/2016","5:21:29 AM",169,171,3,1,0,"N","","",NA,"",""
"14954",501,2,2016,2,3,"9/15/2016","Spotted_skunk",2016-09-02 03:42:28,"","","","9/2/2016","3:42:28 AM","9/2/2016","3:50:16 AM",160,168,9,1,0,"N","","",NA,"",""
"14955",501,2,2016,2,3,"9/15/2016","Spotted_skunk",2016-09-02 00:22:10,"","","","9/2/2016","12:22:10 AM","9/2/2016","12:55:27 AM",145,159,15,1,0,"N","","",NA,"",""
"14956",501,2,2016,2,3,"9/15/2016","Spotted_skunk",2016-09-01 22:41:10,"","","","9/1/2016","10:41:10 PM","9/1/2016","10:41:12 PM",142,144,3,1,0,"N","","",NA,"",""
"14957",502,2,2015,1,1,"10/4/2015","Spotted_skunk",2015-09-28 03:25:18,"","","","9/28/2015","3:25:18 AM","9/28/2015","3:46:21 AM",232,246,15,1,0,"N","","",NA,"",""
"14958",502,2,2015,1,1,"10/4/2015","Spotted_skunk",2015-09-28 21:33:00,"","","","9/28/2015","9:33:00 PM","9/28/2015","9:34:42 PM",262,270,9,1,0,"N","","",NA,"",""
"14959",502,2,2015,1,1,"10/4/2015","Spotted_skunk",2015-09-27 04:08:10,"","","","9/27/2015","4:08:10 AM","9/27/2015","6:10:20 AM",190,216,27,1,0,"N","Y","",NA,"207 last of bait",""
"14960",502,2,2015,1,1,"10/4/2015","Spotted_skunk",2015-09-24 05:25:25,"","","","9/24/2015","5:25:25 AM","9/24/2015","5:38:30 AM",19,42,24,1,0,"N","","",NA,"",""
"14961",502,2,2015,1,1,"10/4/2015","Spotted_skunk",2015-09-25 00:38:56,"","","","9/25/2015","12:38:56 AM","9/25/2015","12:44:11 AM",46,51,6,1,0,"N","","",NA,"",""
"14962",502,2,2015,1,1,"10/4/2015","Spotted_skunk",2015-09-25 04:56:09,"","","","9/25/2015","4:56:09 AM","9/25/2015","5:19:40 AM",52,66,15,1,0,"N","","",NA,"",""
"14963",502,2,2015,1,1,"10/4/2015","Spotted_skunk",2015-09-25 22:42:01,"","","","9/25/2015","10:42:01 PM","9/25/2015","10:55:18 PM",67,75,9,1,0,"N","","",NA,"",""
"14964",502,2,2015,1,1,"10/4/2015","Spotted_skunk",2015-09-26 02:31:19,"","","","9/26/2015","2:31:19 AM","9/26/2015","6:39:37 AM",76,162,87,1,0,"N","","",NA,"",""
"14965",502,2,2015,1,1,"10/4/2015","Spotted_skunk",2015-09-26 20:58:23,"","","","9/26/2015","8:58:23 PM","9/26/2015","10:11:52 PM",163,180,18,1,0,"N","","",NA,"",""
"14966",502,2,2015,1,1,"10/4/2015","Spotted_skunk",2015-09-23 22:18:34,"","","","9/23/2015","10:18:34 PM","9/23/2015","10:53:49 PM",13,18,6,1,0,"N","","",NA,"",""
"14967",502,2,2015,1,1,"10/4/2015","Spotted_skunk",2015-09-26 23:12:45,"","","","9/26/2015","11:12:45 PM","9/27/2015","12:10:00 AM",181,189,9,1,0,"N","","",NA,"",""
"14968",502,2,2015,1,1,"10/4/2015","Spotted_skunk",2015-10-01 23:36:06,"","","","10/1/2015","11:36:06 PM","10/1/2015","11:37:43 PM",310,318,9,1,0,"N","","",NA,"",""
"14969",502,2,2015,1,1,"10/4/2015","Spotted_skunk",2015-09-27 21:52:17,"","","","9/27/2015","9:52:17 PM","9/27/2015","9:54:40 PM",217,231,15,1,0,"N","","",NA,"",""
"14970",502,2,2015,1,1,"10/4/2015","Spotted_skunk",2015-10-02 21:35:59,"","","","10/2/2015","9:35:59 PM","10/2/2015","9:35:59 PM",322,324,3,1,0,"N","","",NA,"",""
"14971",502,2,2015,1,1,"10/4/2015","Spotted_skunk",2015-09-30 21:31:27,"","","","9/30/2015","9:31:27 PM","9/30/2015","9:31:27 PM",283,285,3,1,0,"N","","",NA,"",""
"14972",502,2,2015,1,1,"10/4/2015","Spotted_skunk",2015-09-29 22:24:10,"","","","9/29/2015","10:24:10 PM","9/29/2015","10:24:10 PM",280,282,3,1,0,"N","","",NA,"",""
"14973",502,2,2015,1,2,"10/18/2015","Spotted_skunk",2015-10-08 03:13:50,"","","","10/8/2015","3:13:50 AM","10/8/2015","3:13:50 AM",163,165,3,1,0,"N","","",NA,"",""
"14974",502,2,2015,1,2,"10/18/2015","Spotted_skunk",2015-10-04 22:40:10,"","","","10/4/2015","10:40:10 PM","10/4/2015","11:06:57 PM",7,21,15,1,0,"N","","",NA,"",""
"14975",502,2,2015,1,2,"10/18/2015","Spotted_skunk",2015-10-05 22:40:26,"","","","10/5/2015","10:40:26 PM","10/5/2015","11:36:08 PM",25,51,27,1,0,"N","","",NA,"",""
"14976",502,2,2015,1,2,"10/18/2015","Spotted_skunk",2015-10-06 00:36:15,"","","","10/6/2015","12:36:15 AM","10/6/2015","1:12:06 AM",52,60,9,1,0,"N","","",NA,"",""
"14977",502,2,2015,1,2,"10/18/2015","Spotted_skunk",2015-10-06 06:04:49,"","","","10/6/2015","6:04:49 AM","10/6/2015","6:17:41 AM",61,66,6,1,0,"N","","",NA,"",""
"14978",502,2,2015,1,2,"10/18/2015","Spotted_skunk",2015-10-06 19:17:18,"","","","10/6/2015","7:17:18 PM","10/6/2015","7:36:55 PM",73,84,12,1,0,"N","","",NA,"",""
"14979",502,2,2015,1,2,"10/18/2015","Spotted_skunk",2015-10-06 22:17:07,"","","","10/6/2015","10:17:07 PM","10/6/2015","10:33:42 PM",85,108,24,2,0,"N","","",NA,"",""
"14980",502,2,2015,1,2,"10/18/2015","Spotted_skunk",2015-10-07 00:37:39,"","","","10/7/2015","12:37:39 AM","10/7/2015","1:41:21 AM",109,120,12,1,0,"N","","",NA,"",""
"14981",502,2,2015,1,2,"10/18/2015","Spotted_skunk",2015-10-07 04:31:54,"","","","10/7/2015","4:31:54 AM","10/7/2015","4:31:54 AM",121,123,3,1,0,"N","","",NA,"",""
"14982",502,2,2015,1,2,"10/18/2015","Spotted_skunk",2015-10-07 05:39:13,"","","","10/7/2015","5:39:13 AM","10/7/2015","6:33:48 AM",124,141,18,1,0,"N","","",NA,"",""
"14983",502,2,2015,1,2,"10/18/2015","Spotted_skunk",2015-10-17 23:17:40,"","","","10/17/2015","11:17:40 PM","10/17/2015","11:17:54 PM",253,258,6,1,0,"N","","",NA,"",""
"14984",502,2,2015,1,2,"10/18/2015","Spotted_skunk",2015-10-08 01:02:27,"","","","10/8/2015","1:02:27 AM","10/8/2015","1:16:10 AM",154,162,9,1,0,"N","","",NA,"",""
"14985",502,2,2015,1,2,"10/18/2015","Spotted_skunk",2015-10-16 22:00:06,"","","","10/16/2015","10:00:06 PM","10/16/2015","10:00:06 PM",250,252,3,1,0,"N","","",NA,"",""
"14986",502,2,2015,1,2,"10/18/2015","Spotted_skunk",2015-10-08 22:56:53,"","","","10/8/2015","10:56:53 PM","10/8/2015","11:46:59 PM",166,177,12,1,0,"N","Y","",NA,"1007172","last of tree bait taken by skunk"
"14987",502,2,2015,1,2,"10/18/2015","Spotted_skunk",2015-10-09 02:34:28,"","","","10/9/2015","2:34:28 AM","10/9/2015","2:37:44 AM",178,189,12,1,0,"N","","",NA,"",""
"14988",502,2,2015,1,2,"10/18/2015","Spotted_skunk",2015-10-11 20:15:35,"","","","10/11/2015","8:15:35 PM","10/11/2015","8:15:35 PM",190,192,3,1,0,"N","","",NA,"",""
"14989",502,2,2015,1,2,"10/18/2015","Spotted_skunk",2015-10-11 22:49:27,"","","","10/11/2015","10:49:27 PM","10/11/2015","10:49:27 PM",193,195,3,1,0,"N","","",NA,"",""
"14990",502,2,2015,1,2,"10/18/2015","Spotted_skunk",2015-10-13 06:38:13,"","","","10/13/2015","6:38:13 AM","10/13/2015","6:42:40 AM",196,204,9,1,0,"N","","",NA,"",""
"14991",502,2,2015,1,2,"10/18/2015","Spotted_skunk",2015-10-13 21:31:35,"","","","10/13/2015","9:31:35 PM","10/13/2015","9:31:35 PM",208,210,3,1,0,"N","","",NA,"",""
"14992",502,2,2015,1,2,"10/18/2015","Spotted_skunk",2015-10-14 22:48:22,"","","","10/14/2015","10:48:22 PM","10/14/2015","10:48:44 PM",211,216,6,1,0,"N","","",NA,"",""
"14993",502,2,2015,1,2,"10/18/2015","Spotted_skunk",2015-10-15 02:29:48,"","","","10/15/2015","2:29:48 AM","10/15/2015","3:10:44 AM",217,231,15,1,0,"N","","",NA,"",""
"14994",502,2,2015,1,2,"10/18/2015","Spotted_skunk",2015-10-07 19:42:19,"","","","10/7/2015","7:42:19 PM","10/7/2015","7:50:27 PM",142,153,12,1,0,"N","","",NA,"",""
"14995",502,2,2015,1,3,"11/1/2015","Spotted_skunk",2015-10-30 19:44:02,"","","","10/30/2015","7:44:02 PM","10/30/2015","7:48:11 PM",277,294,18,1,0,"N","","",NA,"",""
"14996",502,2,2015,1,3,"11/1/2015","Spotted_skunk",2015-10-25 00:08:42,"","","","10/25/2015","12:08:42 AM","10/25/2015","12:26:52 AM",217,231,15,1,0,"N","","",NA,"",""
"14997",502,2,2015,1,3,"11/1/2015","Spotted_skunk",2015-10-25 04:43:08,"","","","10/25/2015","4:43:08 AM","10/25/2015","4:48:15 AM",232,240,9,1,0,"N","","",NA,"",""
"14998",502,2,2015,1,3,"11/1/2015","Spotted_skunk",2015-10-26 03:41:35,"","","","10/26/2015","3:41:35 AM","10/26/2015","3:47:40 AM",241,255,15,1,0,"N","","",NA,"",""
"14999",502,2,2015,1,3,"11/1/2015","Spotted_skunk",2015-10-22 15:40:50,"","","","10/22/2015","3:40:50 PM","10/22/2015","3:59:43 PM",67,72,6,1,0,"N","","",NA,"",""
"15000",502,2,2015,1,3,"11/1/2015","Spotted_skunk",2015-10-21 23:03:09,"","","","10/21/2015","11:03:09 PM","10/21/2015","11:19:09 PM",28,39,12,1,0,"N","","",NA,"",""
"15001",502,2,2015,1,3,"11/1/2015","Spotted_skunk",2015-10-21 00:20:54,"","","","10/21/2015","12:20:54 AM","10/21/2015","12:28:36 AM",22,27,6,1,0,"N","","",NA,"",""
"15002",502,2,2015,1,3,"11/1/2015","Spotted_skunk",2015-10-22 04:21:23,"","","","10/22/2015","4:21:23 AM","10/22/2015","4:59:04 AM",40,48,9,1,0,"N","","",NA,"",""
"15003",502,2,2015,1,3,"11/1/2015","Spotted_skunk",2015-10-23 00:52:31,"","","","10/23/2015","12:52:31 AM","10/23/2015","12:52:31 AM",85,87,3,1,0,"N","","",NA,"",""
"15004",502,2,2015,1,3,"11/1/2015","Spotted_skunk",2015-10-23 02:16:14,"","","","10/23/2015","2:16:14 AM","10/23/2015","2:27:39 AM",88,105,18,1,0,"N","","",NA,"",""
"15005",502,2,2015,1,3,"11/1/2015","Spotted_skunk",2015-10-23 04:48:58,"","","","10/23/2015","4:48:58 AM","10/23/2015","5:53:25 AM",106,123,18,1,0,"N","","",NA,"",""
"15006",502,2,2015,1,3,"11/1/2015","Spotted_skunk",2015-10-24 23:52:01,"","","","10/24/2015","11:52:01 PM","10/24/2015","11:52:30 PM",211,216,6,1,0,"N","","",NA,"",""
"15007",502,2,2015,1,3,"11/1/2015","Spotted_skunk",2015-10-24 21:59:34,"","","","10/24/2015","9:59:34 PM","10/24/2015","10:14:54 PM",193,210,18,1,0,"N","","",NA,"",""
"15008",502,2,2015,1,3,"11/1/2015","Spotted_skunk",2015-10-23 18:59:20,"","","","10/23/2015","6:59:20 PM","10/23/2015","7:07:53 PM",130,135,6,1,0,"N","","",NA,"",""
"15009",502,2,2015,1,3,"11/1/2015","Spotted_skunk",2015-10-22 06:52:23,"","","","10/22/2015","6:52:23 AM","10/22/2015","7:06:03 AM",49,54,6,1,0,"N","","",NA,"",""
"15010",502,2,2015,1,3,"11/1/2015","Spotted_skunk",2015-10-24 04:46:38,"","","","10/24/2015","4:46:38 AM","10/24/2015","5:36:31 AM",148,186,39,1,0,"N","Y","",NA,"10240151","last of bait taken by skunk"
"15011",502,2,2015,1,3,"11/1/2015","Spotted_skunk",2015-10-22 18:46:40,"","","","10/22/2015","6:46:40 PM","10/22/2015","6:46:40 PM",82,84,3,1,0,"N","","",NA,"",""
"15012",502,2,2015,1,3,"11/1/2015","Spotted_skunk",2015-10-24 02:01:44,"","","","10/24/2015","2:01:44 AM","10/24/2015","2:09:49 AM",142,147,6,1,0,"N","","",NA,"",""
"15013",502,2,2015,1,3,"11/1/2015","Spotted_skunk",2015-10-23 22:26:01,"","","","10/23/2015","10:26:01 PM","10/23/2015","10:54:44 PM",136,141,6,1,0,"N","","",NA,"",""
"15014",502,2,2015,2,1,"10/4/2015","Spotted_skunk",2015-10-03 00:22:39,"","","","10/3/2015","12:22:39 AM","10/3/2015","12:22:39 AM",13,15,3,1,0,"N","","",NA,"",""
"15015",502,2,2015,2,1,"10/4/2015","Spotted_skunk",2015-10-03 03:53:12,"","","","10/3/2015","3:53:12 AM","10/3/2015","3:53:12 AM",16,18,3,1,0,"N","","",NA,"",""
"15016",502,2,2015,2,1,"10/4/2015","Spotted_skunk",2015-10-01 22:25:26,"","","","10/1/2015","10:25:26 PM","10/1/2015","10:25:26 PM",4,6,3,1,0,"N","","",NA,"",""
"15017",502,2,2015,2,1,"10/4/2015","Spotted_skunk",2015-10-02 22:38:59,"","","","10/2/2015","10:38:59 PM","10/2/2015","11:16:08 PM",7,12,6,1,0,"N","","",NA,"",""
"15018",502,2,2015,2,1,"10/4/2015","Spotted_skunk",2015-10-03 05:11:04,"","","","10/3/2015","5:11:04 AM","10/3/2015","5:24:00 AM",19,24,6,1,0,"N","","",NA,"1000300024","Last photo still has bone for tree bait"
"15019",502,2,2015,2,2,"10/18/2015","Spotted_skunk",2015-10-06 01:00:42,"","","","10/6/2015","1:00:42 AM","10/6/2015","2:50:55 AM",13,24,12,1,0,"N","Y","",NA,"10060019","Last of bait taken by skunk"
"15020",502,2,2015,2,2,"10/18/2015","Spotted_skunk",2015-10-05 20:01:20,"","","","10/5/2015","8:01:20 PM","10/5/2015","8:01:20 PM",10,12,3,1,0,"N","","",NA,"",""
"15021",502,2,2015,2.1,3,"11/1/2015","Spotted_skunk",2015-10-29 18:41:03,"","","","10/29/2015","6:41:03 PM","10/29/2015","6:41:03 PM",34,36,3,1,0,"N","","",NA,"last of bait",""
"15022",502,2,2015,2.1,3,"11/1/2015","Spotted_skunk",2015-10-27 20:42:25,"","","","10/27/2015","8:42:25 PM","10/27/2015","8:42:25 PM",31,33,3,1,0,"N","","",NA,"",""
"15023",502,2,2015,3,3,"11/1/2015","Spotted_skunk",2015-10-20 06:02:29,"","","","10/20/2015","6:02:29 AM","10/20/2015","6:36:50 AM",73,93,21,1,0,"N","","",NA,"",""
"15024",502,2,2015,3,3,"11/1/2015","Spotted_skunk",2015-10-20 01:59:43,"","","","10/20/2015","1:59:43 AM","10/20/2015","2:02:34 AM",64,72,9,1,0,"N","","",NA,"",""
"15025",502,2,2015,3,3,"11/1/2015","Spotted_skunk",2015-10-19 23:21:00,"","","","10/19/2015","11:21:00 PM","10/19/2015","11:25:04 PM",55,63,9,1,0,"N","","",NA,"",""
"15026",502,2,2015,3,3,"11/1/2015","Spotted_skunk",2015-10-19 20:32:08,"","","","10/19/2015","8:32:08 PM","10/19/2015","9:40:36 PM",40,54,15,1,0,"N","","",NA,"",""
"15027",502,2,2015,3,3,"11/1/2015","Spotted_skunk",2015-10-19 03:22:21,"","","","10/19/2015","3:22:21 AM","10/19/2015","3:22:21 AM",34,36,3,1,0,"N","","",NA,"",""
"15028",502,2,2015,3,3,"11/1/2015","Spotted_skunk",2015-10-19 01:16:09,"","","","10/19/2015","1:16:09 AM","10/19/2015","1:16:09 AM",31,33,3,1,0,"N","","",NA,"",""
"15029",502,2,2015,3,3,"11/1/2015","Spotted_skunk",2015-10-20 19:19:05,"","","","10/20/2015","7:19:05 PM","10/20/2015","8:19:51 PM",94,105,12,1,0,"N","","",NA,"",""
"15030",502,2,2015,3,3,"11/1/2015","Spotted_skunk",2015-10-18 23:58:02,"","","","10/18/2015","11:58:02 PM","10/18/2015","11:58:20 PM",25,30,6,1,0,"N","","",NA,"",""
"15031",502,2,2015,3,3,"11/1/2015","Spotted_skunk",2015-10-23 00:01:03,"","","","10/23/2015","12:01:03 AM","10/23/2015","12:03:45 AM",199,207,9,1,0,"N","","",NA,"",""
"15032",502,2,2015,3,3,"11/1/2015","Spotted_skunk",2015-10-23 02:58:54,"","","","10/23/2015","2:58:54 AM","10/23/2015","2:59:57 AM",220,225,6,1,0,"N","","Y",NA,"10230225","Last time skunk was in TCB- most likely took last of bait"
"15033",502,2,2015,3,3,"11/1/2015","Spotted_skunk",2015-10-20 21:56:14,"","","","10/20/2015","9:56:14 PM","10/20/2015","10:05:35 PM",106,123,18,1,0,"N","","",NA,"",""
"15034",502,2,2015,3,3,"11/1/2015","Spotted_skunk",2015-10-18 22:55:08,"","","","10/18/2015","10:55:08 PM","10/18/2015","10:55:16 PM",19,24,6,1,0,"N","","",NA,"",""
"15035",502,2,2015,3,3,"11/1/2015","Spotted_skunk",2015-10-23 01:22:35,"","","","10/23/2015","1:22:35 AM","10/23/2015","1:24:52 AM",208,219,12,1,0,"N","","",NA,"",""
"15036",502,2,2015,3,3,"11/1/2015","Spotted_skunk",2015-10-29 22:58:15,"","","","10/29/2015","10:58:15 PM","10/29/2015","10:58:15 PM",253,255,3,1,0,"N","","",NA,"",""
"15037",502,2,2015,3,3,"11/1/2015","Spotted_skunk",2015-10-28 05:20:05,"","","","10/28/2015","5:20:05 AM","10/28/2015","5:20:05 AM",250,252,3,1,0,"N","","",NA,"",""
"15038",502,2,2015,3,3,"11/1/2015","Spotted_skunk",2015-10-27 23:39:19,"","","","10/27/2015","11:39:19 PM","10/27/2015","11:39:34 PM",244,249,6,1,0,"N","","",NA,"",""
"15039",502,2,2015,3,3,"11/1/2015","Spotted_skunk",2015-10-30 20:45:01,"","","","10/30/2015","8:45:01 PM","10/30/2015","8:45:01 PM",256,258,3,1,0,"N","","",NA,"",""
"15040",502,2,2015,3,3,"11/1/2015","Spotted_skunk",2015-10-27 04:08:28,"","","","10/27/2015","4:08:28 AM","10/27/2015","4:09:13 AM",235,240,6,1,0,"N","","",NA,"",""
"15041",502,2,2015,3,3,"11/1/2015","Spotted_skunk",2015-10-22 03:02:36,"","","","10/22/2015","3:02:36 AM","10/22/2015","4:33:13 AM",172,198,27,1,0,"N","","",NA,"",""
"15042",502,2,2015,3,3,"11/1/2015","Spotted_skunk",2015-10-26 21:57:31,"","","","10/26/2015","9:57:31 PM","10/26/2015","10:04:50 PM",229,234,6,1,0,"N","","",NA,"",""
"15043",502,2,2015,3,3,"11/1/2015","Spotted_skunk",2015-10-26 03:37:19,"","","","10/26/2015","3:37:19 AM","10/26/2015","3:37:19 AM",226,228,3,1,0,"N","","",NA,"",""
"15044",502,2,2015,3,3,"11/1/2015","Spotted_skunk",2015-10-21 22:33:49,"","","","10/21/2015","10:33:49 PM","10/21/2015","10:38:11 PM",163,171,9,1,0,"N","","",NA,"",""
"15045",502,2,2015,3,3,"11/1/2015","Spotted_skunk",2015-10-21 18:59:51,"","","","10/21/2015","6:59:51 PM","10/21/2015","7:22:46 PM",148,162,15,1,0,"N","Y","",NA,"10210154","skunk took last of tree bait"
"15046",502,2,2015,3,3,"11/1/2015","Spotted_skunk",2015-10-21 02:55:02,"","","","10/21/2015","2:55:02 AM","10/21/2015","3:17:59 AM",130,147,18,1,0,"N","","",NA,"",""
"15047",502,2,2015,3,3,"11/1/2015","Spotted_skunk",2015-10-21 00:49:46,"","","","10/21/2015","12:49:46 AM","10/21/2015","1:24:47 AM",124,129,6,1,0,"N","","",NA,"",""
"15048",503,1,2013,1,2,"7/1/2013","Spotted_skunk",2013-06-21 00:54:01,"","","","6/21/2013","12:54:01 AM","6/21/2013","1:01:44 AM",56,61,6,1,NA,"N","","",NA,"",""
"15049",503,1,2013,1,2,"7/1/2013","Spotted_skunk",2013-06-23 03:27:22,"","","","6/23/2013","3:27:22 AM","6/23/2013","3:36:08 AM",173,178,6,1,0,"N","","",NA,"",""
"15050",503,1,2013,1,2,"7/1/2013","Spotted_skunk",2013-06-23 00:46:15,"","","","6/23/2013","12:46:15 AM","6/23/2013","12:46:17 AM",170,172,3,1,0,"N","","",NA,"",""
"15051",503,1,2013,1,2,"7/1/2013","Spotted_skunk",2013-06-22 04:41:52,"","","","6/22/2013","4:41:52 AM","6/22/2013","4:52:30 AM",146,151,6,1,0,"N","","",NA,"",""
"15052",503,1,2013,1,2,"7/1/2013","Spotted_skunk",2013-06-22 03:22:59,"","","","6/22/2013","3:22:59 AM","6/22/2013","3:32:30 AM",140,145,6,1,0,"N","","",NA,"",""
"15053",503,1,2013,1,2,"7/1/2013","Spotted_skunk",2013-06-22 00:47:29,"","","","6/22/2013","12:47:29 AM","6/22/2013","1:55:21 AM",131,139,9,1,0,"N","","",NA,"",""
"15054",503,1,2013,1,2,"7/1/2013","Spotted_skunk",2013-06-21 02:52:08,"","","","6/21/2013","2:52:08 AM","6/21/2013","5:02:06 AM",62,88,27,1,0,"N","","",NA,"",""
"15055",503,1,2013,1,3,"7/15/2013","Spotted_skunk",2013-07-03 04:07:36,"","","","7/3/2013","4:07:36 AM","7/3/2013","4:07:37 AM",25,27,3,1,0,"N","","",NA,"27","SKUNK IN TCB"
"15056",503,1,2013,1,3,"7/15/2013","Spotted_skunk",2013-07-03 23:01:44,"","","","7/3/2013","11:01:44 PM","7/3/2013","11:01:46 PM",49,51,3,1,0,"N","","",NA,"",""
"15057",503,1,2013,1,3,"7/15/2013","Spotted_skunk",2013-07-04 03:51:08,"","","","7/4/2013","3:51:08 AM","7/4/2013","3:57:25 AM",52,60,9,1,0,"N","","",NA,"",""
"15058",503,1,2013,1,3,"7/15/2013","Spotted_skunk",2013-07-12 01:58:45,"","","","7/12/2013","1:58:45 AM","7/12/2013","1:59:15 AM",130,135,6,1,0,"N","","",NA,"",""
"15059",503,1,2013,1,3,"7/15/2013","Spotted_skunk",2013-07-05 00:19:55,"","","","7/5/2013","12:19:55 AM","7/5/2013","12:19:57 AM",67,69,3,1,0,"N","","",NA,"",""
"15060",503,1,2013,1,3,"7/15/2013","Spotted_skunk",2013-07-11 00:18:51,"","","","7/11/2013","12:18:51 AM","7/11/2013","12:19:24 AM",124,129,6,1,0,"N","","",NA,"",""
"15061",503,1,2013,1,3,"7/15/2013","Spotted_skunk",2013-07-06 03:57:21,"","","","7/6/2013","3:57:21 AM","7/6/2013","4:37:00 AM",73,78,6,1,0,"N","","",NA,"",""
"15062",503,1,2013,1,3,"7/15/2013","Spotted_skunk",2013-07-07 03:22:47,"","","","7/7/2013","3:22:47 AM","7/7/2013","3:22:49 AM",85,87,3,1,0,"N","","",NA,"",""
"15063",503,1,2013,1,3,"7/15/2013","Spotted_skunk",2013-07-08 22:03:36,"","","","7/8/2013","10:03:36 PM","7/8/2013","10:11:31 PM",100,108,9,1,0,"N","","",NA,"",""
"15064",503,1,2013,1,3,"7/15/2013","Spotted_skunk",2013-07-07 00:34:26,"","","","7/7/2013","12:34:26 AM","7/7/2013","12:34:28 AM",82,84,3,1,0,"N","","",NA,"",""
"15065",503,1,2013,1,3,"7/15/2013","Spotted_skunk",2013-07-05 03:33:40,"","","","7/5/2013","3:33:40 AM","7/5/2013","3:33:42 AM",70,72,3,1,0,"N","","",NA,"",""
"15066",503,1,2013,1,3,"7/15/2013","Spotted_skunk",2013-07-08 04:11:05,"","","","7/8/2013","4:11:05 AM","7/8/2013","4:11:06 AM",97,99,3,1,0,"N","","",NA,"",""
"15067",503,1,2013,3,2,"7/1/2013","Spotted_skunk",2013-06-20 02:40:41,"","","","6/20/2013","2:40:41 AM","6/20/2013","2:40:42 AM",7,9,3,1,0,"N","","",NA,"",""
"15068",503,2,2015,1,1,"9/9/2015","Spotted_skunk",2015-09-06 23:28:48,"","","","9/6/2015","11:28:48 PM","9/6/2015","11:29:21 PM",64,69,6,1,0,"N","","",NA,"",""
"15069",503,2,2015,1,1,"9/9/2015","Spotted_skunk",2015-09-08 00:14:09,"","","","9/8/2015","12:14:09 AM","9/8/2015","12:14:11 AM",70,72,3,1,0,"N","","",NA,"",""
"15070",503,2,2015,1,1,"9/9/2015","Spotted_skunk",2015-09-02 01:58:09,"","","","9/2/2015","1:58:09 AM","9/2/2015","2:07:44 AM",25,33,9,1,0,"N","","",NA,"",""
"15071",503,2,2015,1,2,"9/23/2015","Spotted_skunk",2015-09-21 01:43:17,"","","","9/21/2015","1:43:17 AM","9/21/2015","2:19:39 AM",136,153,18,1,0,"N","Y","",NA,"EK000139_2015_H503_S1_V2_E13_skuck_takes_TreeBait","Skunk takes last of tree bait"
"15072",503,2,2015,1,2,"9/23/2015","Spotted_skunk",2015-09-20 20:40:22,"","","","9/20/2015","8:40:22 PM","9/20/2015","8:40:23 PM",133,135,3,1,0,"N","","",NA,"",""
"15073",503,2,2015,1,2,"9/23/2015","Spotted_skunk",2015-09-19 22:32:29,"","","","9/19/2015","10:32:29 PM","9/19/2015","10:32:30 PM",130,132,3,1,0,"N","","",NA,"",""
"15074",503,2,2015,1,2,"9/23/2015","Spotted_skunk",2015-09-18 21:52:01,"","","","9/18/2015","9:52:01 PM","9/18/2015","9:53:05 PM",124,129,6,1,0,"N","","",NA,"",""
"15075",503,2,2015,1,2,"9/23/2015","Spotted_skunk",2015-09-17 03:34:07,"","","","9/17/2015","3:34:07 AM","9/17/2015","4:19:06 AM",109,123,15,1,0,"N","","",NA,"",""
"15076",503,2,2015,1,2,"9/23/2015","Spotted_skunk",2015-09-11 00:03:24,"","","","9/11/2015","12:03:24 AM","9/11/2015","12:07:20 AM",25,33,9,1,0,"N","","",NA,"",""
"15077",503,2,2015,1,2,"9/23/2015","Spotted_skunk",2015-09-15 21:31:05,"","","","9/15/2015","9:31:05 PM","9/15/2015","9:33:18 PM",88,102,15,1,0,"N","","",NA,"",""
"15078",503,2,2015,1,2,"9/23/2015","Spotted_skunk",2015-09-10 23:56:04,"","","","9/10/2015","11:56:04 PM","9/10/2015","11:56:06 PM",22,24,3,1,0,"N","","",NA,"",""
"15079",503,2,2015,1,2,"9/23/2015","Spotted_skunk",2015-09-15 01:27:18,"","","","9/15/2015","1:27:18 AM","9/15/2015","3:45:13 AM",34,69,36,1,0,"N","","",NA,"",""
"15080",503,2,2015,1,2,"9/23/2015","Spotted_skunk",2015-09-10 05:08:22,"","","","9/10/2015","5:08:22 AM","9/10/2015","5:08:24 AM",4,6,3,1,0,"N","","",NA,"",""
"15081",503,2,2015,1,2,"9/23/2015","Spotted_skunk",2015-09-10 21:06:31,"","","","9/10/2015","9:06:31 PM","9/10/2015","9:35:04 PM",7,21,15,1,0,"N","","",NA,"",""
"15082",503,2,2015,1,2,"9/23/2015","Spotted_skunk",2015-09-17 01:24:28,"","","","9/17/2015","1:24:28 AM","9/17/2015","1:26:54 AM",103,108,6,1,0,"N","","",NA,"",""
"15083",503,2,2015,1,3,"10/7/2015","Spotted_skunk",2015-09-25 04:03:37,"","","","9/25/2015","4:03:37 AM","9/25/2015","4:03:39 AM",190,192,3,1,0,"N","","",NA,"",""
"15084",503,2,2015,1,3,"10/7/2015","Spotted_skunk",2015-10-04 04:40:24,"","","","10/4/2015","4:40:24 AM","10/4/2015","4:40:26 AM",382,384,3,1,0,"N","Y","",NA,"EK000382_2015_H503_S1_V3_E19","Skunk took last of tree bait"
"15085",503,2,2015,1,3,"10/7/2015","Spotted_skunk",2015-09-23 23:27:33,"","","","9/23/2015","11:27:33 PM","9/23/2015","11:28:08 PM",163,168,6,1,0,"N","","",NA,"",""
"15086",503,2,2015,1,3,"10/7/2015","Spotted_skunk",2015-09-24 02:47:08,"","","","9/24/2015","2:47:08 AM","9/24/2015","2:47:09 AM",169,171,3,1,0,"N","","",NA,"",""
"15087",503,2,2015,1,3,"10/7/2015","Spotted_skunk",2015-09-24 04:43:51,"","","","9/24/2015","4:43:51 AM","9/24/2015","5:11:22 AM",172,183,12,1,0,"N","","",NA,"",""
"15088",503,2,2015,1,3,"10/7/2015","Spotted_skunk",2015-09-25 01:10:20,"","","","9/25/2015","1:10:20 AM","9/25/2015","1:10:39 AM",184,189,6,1,0,"N","","",NA,"",""
"15089",503,2,2015,1,3,"10/7/2015","Spotted_skunk",2015-09-25 05:50:18,"","","","9/25/2015","5:50:18 AM","9/25/2015","5:58:16 AM",193,213,21,1,0,"N","","",NA,"",""
"15090",503,2,2015,1,3,"10/7/2015","Spotted_skunk",2015-09-27 00:58:44,"","","","9/27/2015","12:58:44 AM","9/27/2015","1:05:26 AM",214,225,12,1,0,"N","","Y",NA,"EK000219_2015_H503_S1_V3_E8","Skunk seen going into TCB- best guess of when TCB bait was taken"
"15091",503,2,2015,1,3,"10/7/2015","Spotted_skunk",2015-10-03 01:39:10,"","","","10/3/2015","1:39:10 AM","10/3/2015","1:49:36 AM",373,381,9,1,0,"N","","",NA,"",""
"15092",503,2,2015,1,3,"10/7/2015","Spotted_skunk",2015-09-30 22:15:12,"","","","9/30/2015","10:15:12 PM","9/30/2015","10:15:33 PM",331,336,6,1,0,"N","","",NA,"",""
"15093",503,2,2015,1,3,"10/7/2015","Spotted_skunk",2015-10-01 04:56:21,"","","","10/1/2015","4:56:21 AM","10/1/2015","5:10:36 AM",337,345,9,1,0,"N","","",NA,"",""
"15094",503,2,2015,1,3,"10/7/2015","Spotted_skunk",2015-10-01 20:44:40,"","","","10/1/2015","8:44:40 PM","10/1/2015","9:32:21 PM",349,363,15,1,0,"N","","",NA,"",""
"15095",503,2,2015,1,3,"10/7/2015","Spotted_skunk",2015-10-02 03:33:03,"","","","10/2/2015","3:33:03 AM","10/2/2015","3:35:25 AM",364,369,6,1,0,"N","","",NA,"",""
"15096",503,2,2015,1,3,"10/7/2015","Spotted_skunk",2015-09-28 03:50:31,"","","","9/28/2015","3:50:31 AM","9/28/2015","3:55:13 AM",226,237,12,1,0,"N","","",NA,"",""
"15097",503,2,2015,2,2,"9/23/2015","Spotted_skunk",2015-09-12 00:50:23,"","","","9/12/2015","12:50:23 AM","9/12/2015","1:19:23 AM",7,30,24,1,0,"N","","",NA,"",""
"15098",503,2,2015,2,2,"9/23/2015","Spotted_skunk",2015-09-12 04:51:17,"","","","9/12/2015","4:51:17 AM","9/12/2015","5:21:22 AM",31,45,15,1,0,"N","","",NA,"",""
"15099",503,2,2015,2,2,"9/23/2015","Spotted_skunk",2015-09-12 21:09:25,"","","","9/12/2015","9:09:25 PM","9/12/2015","9:09:26 PM",46,48,3,1,0,"N","","Y",NA,"EK000048_2015_H503_S2_V2_E3_Skunk_in_TCB","Last time skunk seen heading into TCB-Best guess of when bait was taken"
"15100",503,2,2015,2,2,"9/23/2015","Spotted_skunk",2015-09-20 21:48:19,"","","","9/20/2015","9:48:19 PM","9/20/2015","9:48:21 PM",61,63,3,1,0,"N","","",NA,"",""
"15101",504,1,2014,2,2,"6/26/2014","Spotted_skunk",2014-06-22 04:51:45,"","","","6/22/2014","4:51:45 AM","6/22/2014","4:56:37 AM",64,72,9,1,0,"N","","",NA,"",""
"15102",504,1,2014,2,2,"6/26/2014","Spotted_skunk",2014-06-21 22:13:02,"","","","6/21/2014","10:13:02 PM","6/21/2014","10:13:03 PM",61,63,3,1,0,"N","","",NA,"",""
"15103",504,1,2014,2,2,"6/26/2014","Spotted_skunk",2014-06-21 03:23:15,"","","","6/21/2014","3:23:15 AM","6/21/2014","4:25:30 AM",49,60,12,1,0,"N","","",NA,"",""
"15104",504,1,2014,2,2,"6/26/2014","Spotted_skunk",2014-06-20 21:48:24,"","","","6/20/2014","9:48:24 PM","6/20/2014","9:54:39 PM",43,48,6,1,0,"N","","",NA,"",""
"15105",504,1,2014,2,2,"6/26/2014","Spotted_skunk",2014-06-20 04:00:10,"","","","6/20/2014","4:00:10 AM","6/20/2014","4:00:11 AM",40,42,3,1,0,"N","","",NA,"",""
"15106",504,1,2014,2,2,"6/26/2014","Spotted_skunk",2014-06-20 01:08:33,"","","","6/20/2014","1:08:33 AM","6/20/2014","1:32:56 AM",13,39,27,1,0,"N","","",NA,"",""
"15107",504,1,2014,2,2,"6/26/2014","Spotted_skunk",2014-06-23 02:24:53,"","","","6/23/2014","2:24:53 AM","6/23/2014","2:37:18 AM",76,99,24,1,0,"N","","",NA,"",""
"15108",504,1,2014,2,2,"6/26/2014","Spotted_skunk",2014-06-26 04:35:14,"","","","6/26/2014","4:35:14 AM","6/26/2014","4:35:18 AM",160,162,3,1,0,"N","","",NA,"",""
"15109",504,1,2014,2,2,"6/26/2014","Spotted_skunk",2014-06-25 21:48:23,"","","","6/25/2014","9:48:23 PM","6/25/2014","9:51:46 PM",151,156,6,1,0,"N","","",NA,"",""
"15110",504,1,2014,2,2,"6/26/2014","Spotted_skunk",2014-06-25 03:06:39,"","","","6/25/2014","3:06:39 AM","6/25/2014","3:19:51 AM",130,150,21,2,0,"N","","",NA,"",""
"15111",504,1,2014,2,2,"6/26/2014","Spotted_skunk",2014-06-24 21:44:29,"","","","6/24/2014","9:44:29 PM","6/24/2014","10:08:11 PM",106,126,21,1,0,"N","","",NA,"",""
"15112",504,1,2014,2,2,"6/26/2014","Spotted_skunk",2014-06-23 04:43:47,"","","","6/23/2014","4:43:47 AM","6/23/2014","4:48:23 AM",100,105,6,1,0,"N","","",NA,"",""
"15113",504,1,2014,2,3,"7/10/2014","Spotted_skunk",2014-06-30 04:15:10,"","","","6/30/2014","4:15:10 AM","6/30/2014","4:15:34 AM",49,54,6,1,0,"N","","",NA,"",""
"15114",504,1,2014,2,3,"7/10/2014","Spotted_skunk",2014-06-27 04:04:57,"","","","6/27/2014","4:04:57 AM","6/27/2014","4:39:27 AM",4,12,9,1,0,"N","","",NA,"",""
"15115",504,1,2014,2,3,"7/10/2014","Spotted_skunk",2014-06-28 01:22:42,"","","","6/28/2014","1:22:42 AM","6/28/2014","1:26:20 AM",16,21,6,1,0,"N","","",NA,"",""
"15116",504,1,2014,2,3,"7/10/2014","Spotted_skunk",2014-07-05 03:41:54,"","","","7/5/2014","3:41:54 AM","7/5/2014","4:21:44 AM",97,114,18,1,0,"N","","",NA,"",""
"15117",504,1,2014,2,3,"7/10/2014","Spotted_skunk",2014-06-29 03:48:08,"","","","6/29/2014","3:48:08 AM","6/29/2014","4:09:17 AM",31,39,9,1,0,"N","","",NA,"",""
"15118",504,1,2014,2,3,"7/10/2014","Spotted_skunk",2014-06-28 03:23:52,"","","","6/28/2014","3:23:52 AM","6/28/2014","3:44:06 AM",22,30,9,1,0,"N","","",NA,"",""
"15119",504,1,2014,2,3,"7/10/2014","Spotted_skunk",2014-07-03 00:24:21,"","","","7/3/2014","12:24:21 AM","7/3/2014","12:30:19 AM",82,90,9,1,0,"N","","",NA,"",""
"15120",504,1,2014,2,3,"7/10/2014","Spotted_skunk",2014-07-01 04:18:14,"","","","7/1/2014","4:18:14 AM","7/1/2014","4:22:29 AM",64,78,15,1,0,"N","","",NA,"",""
"15121",504,1,2014,2,3,"7/10/2014","Spotted_skunk",2014-07-01 02:04:51,"","","","7/1/2014","2:04:51 AM","7/1/2014","2:08:59 AM",55,63,9,1,0,"N","","",NA,"",""
"15122",504,1,2014,2,3,"7/10/2014","Spotted_skunk",2014-06-29 22:16:11,"","","","6/29/2014","10:16:11 PM","6/29/2014","10:23:44 PM",40,48,9,1,0,"N","","",NA,"",""
"15123",504,2,2016,3,1,"6/14/2016","Spotted_skunk",2016-06-12 01:18:28,"","","","6/12/2016","1:18:28 AM","6/12/2016","1:21:40 AM",13,21,9,1,0,"N","","",NA,"",""
"15124",504,2,2016,3,1,"6/14/2016","Spotted_skunk",2016-06-11 02:30:09,"","","","6/11/2016","2:30:09 AM","6/11/2016","2:30:10 AM",7,9,3,1,0,"N","","",NA,"",""
"15125",504,2,2016,3,1,"6/14/2016","Spotted_skunk",2016-06-11 03:58:04,"","","","6/11/2016","3:58:04 AM","6/11/2016","3:58:05 AM",10,12,3,1,0,"N","","",NA,"",""
"15126",504,2,2016,3,2,"6/30/2016","Spotted_skunk",2016-06-27 23:54:52,"","","","6/27/2016","11:54:52 PM","6/27/2016","11:58:16 PM",64,78,15,1,0,"N","","",NA,"",""
"15127",504,2,2016,3,2,"6/30/2016","Spotted_skunk",2016-06-30 05:03:00,"","","","6/30/2016","5:03:00 AM","6/30/2016","5:03:01 AM",124,126,3,1,NA,"","","",NA,"",""
"15128",504,2,2016,3,2,"6/30/2016","Spotted_skunk",2016-06-29 23:06:07,"","","","6/29/2016","11:06:07 PM","6/29/2016","11:06:08 PM",121,123,3,1,0,"N","","",NA,"",""
"15129",504,2,2016,3,2,"6/30/2016","Spotted_skunk",2016-06-27 01:26:17,"","","","6/27/2016","1:26:17 AM","6/27/2016","3:17:50 AM",16,63,48,1,0,"N","","",NA,"",""
"15130",504,2,2016,3,2,"6/30/2016","Spotted_skunk",2016-06-29 03:22:50,"","","","6/29/2016","3:22:50 AM","6/29/2016","4:43:47 AM",94,120,27,2,0,"N","Y","",NA,"112","bait gone"
"15131",504,2,2016,3,2,"6/30/2016","Spotted_skunk",2016-06-29 01:56:18,"","","","6/29/2016","1:56:18 AM","6/29/2016","2:10:19 AM",85,93,9,1,0,"N","","",NA,"",""
"15132",504,2,2016,3,2,"6/30/2016","Spotted_skunk",2016-06-28 03:33:30,"","","","6/28/2016","3:33:30 AM","6/28/2016","3:55:22 AM",79,84,6,1,0,"N","","",NA,"",""
"15133",504,2,2016,3,3,"7/12/2016","Spotted_skunk",2016-07-06 04:19:51,"","","","7/6/2016","4:19:51 AM","7/6/2016","4:33:18 AM",37,51,15,1,0,"N","","",NA,"",""
"15134",504,2,2016,3,3,"7/12/2016","Spotted_skunk",2016-07-07 04:56:28,"","","","7/7/2016","4:56:28 AM","7/7/2016","4:56:30 AM",55,57,3,1,0,"N","","",NA,"",""
"15135",504,2,2016,3,3,"7/12/2016","Spotted_skunk",2016-07-06 22:12:53,"","","","7/6/2016","10:12:53 PM","7/6/2016","10:12:55 PM",52,54,3,1,0,"N","","",NA,"",""
"15136",504,2,2016,3,3,"7/12/2016","Spotted_skunk",2016-07-05 04:19:39,"","","","7/5/2016","4:19:39 AM","7/5/2016","4:19:40 AM",31,33,3,1,0,"N","","",NA,"",""
"15137",504,2,2016,3,3,"7/12/2016","Spotted_skunk",2016-07-04 22:08:07,"","","","7/4/2016","10:08:07 PM","7/4/2016","10:08:08 PM",28,30,3,1,0,"N","","",NA,"",""
"15138",504,2,2016,3,3,"7/12/2016","Spotted_skunk",2016-07-03 01:37:27,"","","","7/3/2016","1:37:27 AM","7/3/2016","1:37:29 AM",19,21,3,1,0,"N","","",NA,"",""
"15139",504,2,2016,3,3,"7/12/2016","Spotted_skunk",2016-07-02 04:14:37,"","","","7/2/2016","4:14:37 AM","7/2/2016","4:15:16 AM",13,18,6,1,0,"N","","",NA,"",""
"15140",504,2,2016,3,3,"7/12/2016","Spotted_skunk",2016-07-01 23:19:14,"","","","7/1/2016","11:19:14 PM","7/1/2016","11:19:16 PM",10,12,3,1,0,"N","","",NA,"",""
"15141",504,2,2016,3,3,"7/12/2016","Spotted_skunk",2016-07-08 03:51:27,"","","","7/8/2016","3:51:27 AM","7/8/2016","3:52:32 AM",58,63,6,1,0,"N","Y","",NA,"58","bait gone"
"15142",504,2,2016,3,3,"7/12/2016","Spotted_skunk",2016-07-05 22:46:49,"","","","7/5/2016","10:46:49 PM","7/5/2016","10:46:53 PM",34,36,3,1,0,"N","","",NA,"",""
"15143",504,2,2016,3,3,"7/12/2016","Spotted_skunk",2016-07-04 05:03:23,"","","","7/4/2016","5:03:23 AM","7/4/2016","5:11:07 AM",22,27,6,1,0,"N","","",NA,"",""
"15144",505,1,2014,1,3,"7/9/2014","Spotted_skunk",2014-07-08 21:34:23,"","","","7/8/2014","9:34:23 PM","7/8/2014","9:36:41 PM",19,27,9,1,0,"N","","",NA,"",""
"15145",505,1,2014,1,3,"7/9/2014","Spotted_skunk",2014-06-30 01:04:31,"","","","6/30/2014","1:04:31 AM","6/30/2014","1:07:01 AM",13,18,6,1,0,"N","","",NA,"",""
"15146",505,2,2016,1,2,"6/30/2016","Spotted_skunk",2016-06-19 03:37:38,"","","","6/19/2016","3:37:38 AM","6/19/2016","3:50:39 AM",103,108,6,1,NA,"","","",NA,"",""
"15147",505,2,2016,1,2,"6/30/2016","Spotted_skunk",2016-06-18 22:21:55,"","","","6/18/2016","10:21:55 PM","6/18/2016","10:26:06 PM",97,102,6,1,NA,"","","",NA,"",""
"15148",505,2,2016,1,2,"6/30/2016","Spotted_skunk",2016-06-18 03:09:11,"","","","6/18/2016","3:09:11 AM","6/18/2016","3:14:34 AM",85,90,6,1,NA,"","","",NA,"",""
"15149",505,2,2016,1,2,"6/30/2016","Spotted_skunk",2016-06-18 02:01:27,"","","","6/18/2016","2:01:27 AM","6/18/2016","2:01:27 AM",82,84,3,1,NA,"","","",NA,"",""
"15150",505,2,2016,1,2,"6/30/2016","Spotted_skunk",2016-06-22 22:43:10,"","","","6/22/2016","10:43:10 PM","6/22/2016","10:46:18 PM",145,150,6,1,NA,"","","",NA,"",""
"15151",505,2,2016,1,2,"6/30/2016","Spotted_skunk",2016-06-23 01:49:58,"","","","6/23/2016","1:49:58 AM","6/23/2016","2:26:30 AM",151,165,15,1,NA,"N","Y","",NA,"151","Bait gone"
"15152",505,2,2016,1,2,"6/30/2016","Spotted_skunk",2016-06-23 22:32:58,"","","","6/23/2016","10:32:58 PM","6/23/2016","10:33:05 PM",166,171,6,1,NA,"","","",NA,"",""
"15153",505,2,2016,1,2,"6/30/2016","Spotted_skunk",2016-06-26 22:48:01,"","","","6/26/2016","10:48:01 PM","6/26/2016","10:50:59 PM",181,186,6,1,NA,"","","",NA,"",""
"15154",505,2,2016,1,2,"6/30/2016","Spotted_skunk",2016-06-22 00:33:51,"","","","6/22/2016","12:33:51 AM","6/22/2016","12:48:36 AM",127,138,12,1,NA,"","","",NA,"",""
"15155",505,2,2016,1,2,"6/30/2016","Spotted_skunk",2016-06-17 02:03:44,"","","","6/17/2016","2:03:44 AM","6/17/2016","3:36:08 AM",46,72,27,1,NA,"","","",NA,"",""
"15156",505,2,2016,1,2,"6/30/2016","Spotted_skunk",2016-06-17 22:10:26,"","","","6/17/2016","10:10:26 PM","6/17/2016","10:33:37 PM",76,81,6,1,NA,"","","",NA,"",""
"15157",505,2,2016,1,3,"7/12/2016","Spotted_skunk",2016-07-11 01:23:05,"","","","7/11/2016","1:23:05 AM","7/11/2016","1:23:31 AM",112,117,6,1,0,"","","",NA,"",""
"15158",505,2,2016,1,3,"7/12/2016","Spotted_skunk",2016-07-04 22:36:19,"","","","7/4/2016","10:36:19 PM","7/4/2016","10:36:19 PM",61,63,3,1,0,"","","",NA,"",""
"15159",505,2,2016,1,3,"7/12/2016","Spotted_skunk",2016-07-01 02:53:36,"","","","7/1/2016","2:53:36 AM","7/1/2016","3:59:41 AM",22,42,21,1,0,"N","","",NA,"",""
"15160",505,2,2016,1,3,"7/12/2016","Spotted_skunk",2016-07-06 04:27:02,"","","","7/6/2016","4:27:02 AM","7/6/2016","4:36:48 AM",67,75,9,1,0,"","","",NA,"",""
"15161",505,2,2016,1,3,"7/12/2016","Spotted_skunk",2016-07-09 21:34:38,"","","","7/9/2016","9:34:38 PM","7/9/2016","9:43:19 PM",79,93,15,1,0,"","","",NA,"",""
"15162",505,2,2016,1,3,"7/12/2016","Spotted_skunk",2016-07-10 00:37:05,"","","","7/10/2016","12:37:05 AM","7/10/2016","12:37:05 AM",94,96,3,1,0,"","","",NA,"",""
"15163",505,2,2016,1,3,"7/12/2016","Spotted_skunk",2016-07-12 03:39:36,"","","","7/12/2016","3:39:36 AM","7/12/2016","3:54:12 AM",118,126,9,1,0,"","Y","",NA,"124","bait gone"
"15164",505,2,2016,1,3,"7/12/2016","Spotted_skunk",2016-07-10 21:24:48,"","","","7/10/2016","9:24:48 PM","7/10/2016","9:24:48 PM",109,111,3,1,0,"","","",NA,"",""
"15165",505,2,2016,1,3,"7/12/2016","Spotted_skunk",2016-07-01 22:28:19,"","","","7/1/2016","10:28:19 PM","7/1/2016","11:07:55 PM",43,51,9,1,0,"","","",NA,"",""
"15166",505,2,2016,1,3,"7/12/2016","Spotted_skunk",2016-07-02 03:20:47,"","","","7/2/2016","3:20:47 AM","7/2/2016","3:32:47 AM",52,60,9,1,0,"","","",NA,"",""
"15167",505,2,2016,1,3,"7/12/2016","Spotted_skunk",2016-06-30 23:28:09,"","","","6/30/2016","11:28:09 PM","6/30/2016","11:45:40 PM",10,21,12,1,0,"","","",NA,"",""
"15168",505,2,2016,1,3,"7/12/2016","Spotted_skunk",2016-07-10 03:41:18,"","","","7/10/2016","3:41:18 AM","7/10/2016","3:43:12 AM",97,108,12,1,0,"","","",NA,"",""
"15169",506,1,2013,3.1,4,"9/10/2013","Spotted_skunk",2013-09-09 13:21:51,"","","","9/9/2013","1:21:51 PM","9/9/2013","1:21:51 PM",7,9,3,1,0,"N","","",0,"none",""
"15170",506,2,2015,1,1,"6/14/2015","Spotted_skunk",2015-06-10 00:38:53,"","","","6/10/2015","12:38:53 AM","6/10/2015","12:56:30 AM",37,45,9,1,0,"N","","",NA,"",""
"15171",506,2,2015,1,1,"6/14/2015","Spotted_skunk",2015-06-10 03:22:18,"","","","6/10/2015","3:22:18 AM","6/10/2015","3:22:20 AM",49,51,3,1,0,"N","","",NA,"",""
"15172",506,2,2015,1,1,"6/14/2015","Spotted_skunk",2015-06-10 02:09:36,"","","","6/10/2015","2:09:36 AM","6/10/2015","2:09:37 AM",46,48,3,1,0,"N","","",NA,"",""
"15173",506,2,2015,1,1,"6/14/2015","Spotted_skunk",2015-06-12 02:00:01,"","","","6/12/2015","2:00:01 AM","6/12/2015","2:39:24 AM",58,69,12,1,0,"N","","",NA,"",""
"15174",506,2,2015,1,2,"6/28/2015","Spotted_skunk",2015-06-26 02:17:03,"","","","6/26/2015","2:17:03 AM","6/26/2015","2:23:33 AM",52,57,6,1,0,"N","","",NA,"",""
"15175",507,1,2014,2,1,"10/5/2014","Spotted_skunk",2014-10-03 05:17:14,"","","","10/3/2014","5:17:14 AM","10/3/2014","6:11:37 AM",37,63,27,1,0,"N","","",NA,"",""
"15176",507,1,2014,2,1,"10/5/2014","Spotted_skunk",2014-10-04 01:57:57,"","","","10/4/2014","1:57:57 AM","10/4/2014","2:14:41 AM",64,108,45,1,0,"N","","",NA,"",""
"15177",507,2,2016,3,2,"6/26/2016","Spotted_skunk",2016-06-15 03:15:23,"","","","6/15/2016","3:15:23 AM","6/15/2016","3:15:26 AM",7,9,3,1,0,"N","","",NA,"",""
"15178",507,2,2016,3,3,"7/9/2016","Spotted_skunk",2016-07-07 02:22:44,"","","","7/7/2016","2:22:44 AM","7/7/2016","2:22:46 AM",10,12,3,1,0,"N","","",NA,"",""
"15179",509,1,2013,1,1,"8/6/2013","Spotted_skunk",2013-08-02 01:29:04,"","","","8/2/2013","1:29:04 AM","8/2/2013","1:30:40 AM",4,9,6,1,0,"N","","",0,"2013_H509_S1_V1_E1_Spotted_Skunk_EK000007",""
"15180",509,1,2013,1,3,"9/3/2013","Spotted_skunk",2013-09-02 22:38:20,"","","","9/2/2013","10:38:20 PM","9/2/2013","11:02:21 PM",247,285,39,1,0,"N","","",1,"none",""
"15181",509,1,2013,1,3,"9/3/2013","Spotted_skunk",2013-08-27 00:16:48,"","","","8/27/2013","12:16:48 AM","8/27/2013","12:16:50 AM",79,81,3,1,0,"N","","",0,"none",""
"15182",510,2,2016,3,1,"8/6/2016","Spotted_skunk",2016-08-03 03:48:29,"","","","8/3/2016","3:48:29 AM","8/3/2016","3:49:38 AM",16,24,9,1,0,"N","","",NA,"",""
"15183",512,1,2014,1,2,"10/22/2014","Spotted_skunk",2014-10-17 01:38:16,"","","","10/17/2014","1:38:16 AM","10/17/2014","1:38:17 AM",58,60,3,1,0,"N","","",NA,"",""
"15184",512,1,2014,2,1,"10/8/2014","Spotted_skunk",2014-10-04 04:54:50,"","","","10/4/2014","4:54:50 AM","10/4/2014","4:55:14 AM",16,21,6,1,0,"N","","",NA,"",""
"15185",512,2,2016,2,2,"6/28/2016","Spotted_skunk",2016-06-24 02:47:29,"","","","6/24/2016","2:47:29 AM","6/24/2016","2:48:05 AM",10,15,6,1,0,"N","","",NA,"",""
"15186",512,2,2016,2,2,"6/28/2016","Spotted_skunk",2016-06-26 01:48:07,"","","","6/26/2016","1:48:07 AM","6/26/2016","1:50:53 AM",16,24,9,1,0,"N","","",NA,"",""
"15187",513,1,2014,1,4,"11/12/2014","Spotted_skunk",2014-11-02 03:10:21,"","","","11/2/2014","3:10:21 AM","11/2/2014","3:12:04 AM",10,15,6,1,0,"N","","",NA,"",""
"15188",513,1,2014,2,4,"11/12/2014","Spotted_skunk",2014-10-31 04:46:03,"","","","10/31/2014","4:46:03 AM","10/31/2014","4:46:06 AM",28,30,3,1,0,"N","","",NA,"2014_H513_S2_V4_E2_Skunk_bait_gone_IMG_0028","bait gone"
"15189",513,1,2014,2,4,"11/12/2014","Spotted_skunk",2014-11-02 04:50:41,"","","","11/2/2014","4:50:41 AM","11/2/2014","4:50:44 AM",31,33,3,1,0,"N","","",NA,"",""
"15190",513,1,2014,2,4,"11/12/2014","Spotted_skunk",2014-10-30 05:41:46,"","","","10/30/2014","5:41:46 AM","10/30/2014","5:41:49 AM",25,27,3,1,0,"N","","",NA,"",""
"15191",513,1,2014,3,3,"10/29/2014","Spotted_skunk",2014-10-22 02:39:11,"","","","10/22/2014","2:39:11 AM","10/22/2014","2:39:15 AM",28,30,3,1,0,"N","","",NA,"",""
"15192",513,2,2016,1,1,"8/31/2016","Spotted_skunk",2016-08-31 04:54:55,"","","","8/31/2016","4:54:55 AM","8/31/2016","4:58:54 AM",46,51,6,1,0,"N","","",NA,"",""
"15193",513,2,2016,1,1,"8/31/2016","Spotted_skunk",2016-08-29 22:44:03,"","","","8/29/2016","10:44:03 PM","8/29/2016","10:44:03 PM",43,45,3,1,0,"N","","",NA,"",""
"15194",513,2,2016,1,3,"9/28/2016","Spotted_skunk",2016-09-23 01:21:20,"","","","9/23/2016","1:21:20 AM","9/23/2016","1:22:36 AM",70,81,12,1,0,"N","","",NA,"",""
"15195",513,2,2016,1,3,"9/28/2016","Spotted_skunk",2016-09-17 23:10:08,"","","","9/17/2016","11:10:08 PM","9/17/2016","11:10:10 PM",43,45,3,1,0,"N","","",NA,"",""
"15196",513,2,2016,1,3,"9/28/2016","Spotted_skunk",2016-09-25 00:54:32,"","","","9/25/2016","12:54:32 AM","9/25/2016","1:09:17 AM",91,99,9,1,0,"N","","",NA,"",""
"15197",513,2,2016,1,3,"9/28/2016","Spotted_skunk",2016-09-18 02:53:51,"","","","9/18/2016","2:53:51 AM","9/18/2016","2:53:52 AM",46,48,3,1,0,"N","","",NA,"",""
"15198",513,2,2016,1,3,"9/28/2016","Spotted_skunk",2016-09-26 02:22:13,"","","","9/26/2016","2:22:13 AM","9/26/2016","2:25:52 AM",103,108,6,1,0,"N","","",NA,"",""
"15199",513,2,2016,1,3,"9/28/2016","Spotted_skunk",2016-09-20 02:02:16,"","","","9/20/2016","2:02:16 AM","9/20/2016","2:03:26 AM",49,54,6,1,0,"N","","",NA,"",""
"15200",513,2,2016,1,4,"10/13/2016","Spotted_skunk",2016-10-04 23:52:29,"","","","10/4/2016","11:52:29 PM","10/5/2016","1:11:59 AM",82,102,21,1,0,"N","","",NA,"",""
"15201",513,2,2016,1,4,"10/13/2016","Spotted_skunk",2016-10-09 02:01:40,"","","","10/9/2016","2:01:40 AM","10/9/2016","2:21:10 AM",151,165,15,1,0,"N","","",NA,"",""
"15202",513,2,2016,1,4,"10/13/2016","Spotted_skunk",2016-10-08 20:35:00,"","","","10/8/2016","8:35:00 PM","10/8/2016","8:35:01 PM",148,150,3,1,0,"N","","",NA,"",""
"15203",513,2,2016,1,4,"10/13/2016","Spotted_skunk",2016-10-08 03:30:04,"","","","10/8/2016","3:30:04 AM","10/8/2016","3:30:52 AM",142,147,6,1,0,"N","","Y",NA,"144","last skunk in TCB"
"15204",513,2,2016,1,4,"10/13/2016","Spotted_skunk",2016-10-06 22:47:57,"","","","10/6/2016","10:47:57 PM","10/6/2016","10:52:38 PM",127,141,15,1,0,"N","Y","",NA,"133","bait gone"
"15205",513,2,2016,1,4,"10/13/2016","Spotted_skunk",2016-10-06 04:07:24,"","","","10/6/2016","4:07:24 AM","10/6/2016","4:10:04 AM",121,126,6,1,0,"N","","",NA,"",""
"15206",513,2,2016,1,4,"10/13/2016","Spotted_skunk",2016-10-05 03:05:04,"","","","10/5/2016","3:05:04 AM","10/5/2016","4:06:46 AM",103,117,15,2,0,"N","","",NA,"",""
"15207",513,2,2016,1,4,"10/13/2016","Spotted_skunk",2016-10-10 04:25:43,"","","","10/10/2016","4:25:43 AM","10/10/2016","4:25:45 AM",172,174,3,1,0,"N","","",NA,"",""
"15208",513,2,2016,1,4,"10/13/2016","Spotted_skunk",2016-10-04 01:50:35,"","","","10/4/2016","1:50:35 AM","10/4/2016","6:12:02 AM",49,78,30,2,0,"N","","",NA,"",""
"15209",513,2,2016,1,4,"10/13/2016","Spotted_skunk",2016-10-02 04:51:48,"","","","10/2/2016","4:51:48 AM","10/2/2016","4:51:50 AM",40,42,3,1,0,"N","","",NA,"",""
"15210",513,2,2016,1,4,"10/13/2016","Spotted_skunk",2016-10-02 00:06:38,"","","","10/2/2016","12:06:38 AM","10/2/2016","3:22:30 AM",16,39,24,2,0,"N","","",NA,"",""
"15211",513,2,2016,1,4,"10/13/2016","Spotted_skunk",2016-10-06 01:17:09,"","","","10/6/2016","1:17:09 AM","10/6/2016","1:17:10 AM",118,120,3,1,0,"N","","",NA,"",""
"15212",513,2,2016,1,4,"10/13/2016","Spotted_skunk",2016-10-11 02:11:05,"","","","10/11/2016","2:11:05 AM","10/11/2016","2:11:06 AM",175,177,3,1,0,"N","","",NA,"",""
"15213",513,2,2016,1,4,"10/13/2016","Spotted_skunk",2016-09-30 03:51:15,"","","","9/30/2016","3:51:15 AM","9/30/2016","4:02:49 AM",7,15,9,1,0,"N","","",NA,"",""
"15214",513,2,2016,1,4,"10/13/2016","Spotted_skunk",2016-10-09 22:25:28,"","","","10/9/2016","10:25:28 PM","10/9/2016","10:26:16 PM",166,171,6,1,0,"N","","",NA,"",""
"15215",513,2,2016,2,2,"9/14/2016","Spotted_skunk",2016-09-12 02:23:32,"","","","9/12/2016","2:23:32 AM","9/12/2016","2:25:34 AM",79,90,12,1,0,"N","","",NA,"",""
"15216",513,2,2016,2,2,"9/14/2016","Spotted_skunk",2016-09-05 20:27:21,"","","","9/5/2016","8:27:21 PM","9/5/2016","8:27:25 PM",49,51,3,1,0,"N","","",NA,"",""
"15217",513,2,2016,2,3,"9/28/2016","Spotted_skunk",2016-09-18 21:49:44,"","","","9/18/2016","9:49:44 PM","9/18/2016","9:49:45 PM",17,19,3,1,0,"N","","",NA,"",""
"15218",513,2,2016,2,3,"9/28/2016","Spotted_skunk",2016-09-28 01:07:31,"","","","9/28/2016","1:07:31 AM","9/28/2016","1:07:32 AM",56,58,3,1,0,"N","","",NA,"",""
"15219",513,2,2016,2,4,"10/13/2016","Spotted_skunk",2016-10-04 20:39:08,"","","","10/4/2016","8:39:08 PM","10/4/2016","8:39:09 PM",61,63,3,1,0,"N","","",NA,"",""
"15220",513,2,2016,3,2,"9/14/2016","Spotted_skunk",2016-09-09 04:22:31,"","","","9/9/2016","4:22:31 AM","9/9/2016","4:48:19 AM",22,27,6,1,0,"N","","",NA,"",""
"15221",513,2,2016,3,2,"9/14/2016","Spotted_skunk",2016-09-09 00:05:21,"","","","9/9/2016","12:05:21 AM","9/9/2016","12:05:23 AM",16,18,3,1,0,"N","","",NA,"",""
"15222",513,2,2016,3,2,"9/14/2016","Spotted_skunk",2016-09-09 01:29:32,"","","","9/9/2016","1:29:32 AM","9/9/2016","1:29:37 AM",19,21,3,1,0,"N","","",NA,"",""
"15223",513,2,2016,3,3,"9/28/2016","Spotted_skunk",2016-09-23 03:26:51,"","","","9/23/2016","3:26:51 AM","9/23/2016","3:27:34 AM",49,54,6,1,0,"N","","",NA,"",""
"15224",513,2,2016,3,4,"10/13/2016","Spotted_skunk",2016-10-12 01:26:19,"","","","10/12/2016","1:26:19 AM","10/12/2016","1:26:21 AM",187,189,3,1,0,"N","","",NA,"",""
"15225",514,1,2014,1,1,"10/7/2014","Spotted_skunk",2014-09-27 21:04:52,"","","","9/27/2014","9:04:52 PM","9/27/2014","9:07:26 PM",55,63,9,1,0,"N","","",NA,"",""
"15226",514,1,2014,1,1,"10/7/2014","Spotted_skunk",2014-09-29 02:15:00,"","","","9/29/2014","2:15:00 AM","9/29/2014","2:15:14 AM",67,72,6,1,0,"N","","",NA,"",""
"15227",514,1,2014,1,2,"10/21/2014","Spotted_skunk",2014-10-18 02:14:55,"","","","10/18/2014","2:14:55 AM","10/18/2014","2:15:00 AM",178,180,3,1,0,"N","","",NA,"",""
"15228",514,1,2014,1,2,"10/21/2014","Spotted_skunk",2014-10-11 05:49:13,"","","","10/11/2014","5:49:13 AM","10/11/2014","5:49:14 AM",55,57,3,1,0,"N","","",NA,"",""
"15229",514,1,2014,1,2,"10/21/2014","Spotted_skunk",2014-10-12 00:17:26,"","","","10/12/2014","12:17:26 AM","10/12/2014","12:17:27 AM",85,87,3,1,0,"N","","",NA,"",""
"15230",514,1,2014,1,2,"10/21/2014","Spotted_skunk",2014-10-11 21:00:31,"","","","10/11/2014","9:00:31 PM","10/11/2014","9:00:33 PM",82,84,3,1,0,"N","","",NA,"",""
"15231",514,1,2014,1,2,"10/21/2014","Spotted_skunk",2014-10-11 19:07:12,"","","","10/11/2014","7:07:12 PM","10/11/2014","7:42:27 PM",73,81,9,2,1,"N","","",NA,"",""
"15232",514,1,2014,1,2,"10/21/2014","Spotted_skunk",2014-10-11 03:20:10,"","","","10/11/2014","3:20:10 AM","10/11/2014","3:20:11 AM",52,54,3,1,0,"N","","",NA,"",""
"15233",514,1,2014,1,2,"10/21/2014","Spotted_skunk",2014-10-10 19:29:10,"","","","10/10/2014","7:29:10 PM","10/10/2014","7:29:12 PM",49,51,3,1,0,"N","","",NA,"",""
"15234",514,1,2014,1,2,"10/21/2014","Spotted_skunk",2014-10-09 21:39:19,"","","","10/9/2014","9:39:19 PM","10/9/2014","10:25:34 PM",37,48,12,1,0,"N","","",NA,"",""
"15235",514,1,2014,1,2,"10/21/2014","Spotted_skunk",2014-10-08 20:43:45,"","","","10/8/2014","8:43:45 PM","10/8/2014","8:51:49 PM",25,33,9,1,0,"N","","",NA,"",""
"15236",514,1,2014,1,2,"10/21/2014","Spotted_skunk",2014-10-08 00:54:17,"","","","10/8/2014","12:54:17 AM","10/8/2014","1:56:28 AM",7,24,18,1,0,"N","","",NA,"",""
"15237",514,1,2014,1,2,"10/21/2014","Spotted_skunk",2014-10-15 19:38:49,"","","","10/15/2014","7:38:49 PM","10/15/2014","7:38:50 PM",136,138,3,1,0,"N","","",NA,"",""
"15238",514,1,2014,1,2,"10/21/2014","Spotted_skunk",2014-10-16 05:47:18,"","","","10/16/2014","5:47:18 AM","10/16/2014","6:01:02 AM",139,147,9,1,0,"N","","",NA,"",""
"15239",514,1,2014,1,2,"10/21/2014","Spotted_skunk",2014-10-14 20:04:46,"","","","10/14/2014","8:04:46 PM","10/14/2014","8:07:33 PM",121,126,6,1,0,"N","","",NA,"",""
"15240",514,1,2014,1,2,"10/21/2014","Spotted_skunk",2014-10-13 00:07:15,"","","","10/13/2014","12:07:15 AM","10/13/2014","12:07:19 AM",109,111,3,1,0,"N","","",NA,"",""
"15241",514,1,2014,1,3,"11/4/2014","Spotted_skunk",2014-10-24 00:01:23,"","","","10/24/2014","12:01:23 AM","10/24/2014","12:01:25 AM",22,24,3,1,0,"N","","",NA,"",""
"15242",514,1,2014,1,3,"11/4/2014","Spotted_skunk",2014-10-24 03:56:37,"","","","10/24/2014","3:56:37 AM","10/24/2014","3:59:46 AM",25,33,9,1,0,"N","","",NA,"",""
"15243",514,1,2014,1,3,"11/4/2014","Spotted_skunk",2014-10-25 19:21:08,"","","","10/25/2014","7:21:08 PM","10/25/2014","7:48:26 PM",49,60,12,1,0,"N","","",NA,"",""
"15244",514,1,2014,1,3,"11/4/2014","Spotted_skunk",2014-10-27 23:50:26,"","","","10/27/2014","11:50:26 PM","10/27/2014","11:57:33 PM",70,75,6,1,0,"N","","",NA,"",""
"15245",514,1,2014,1,3,"11/4/2014","Spotted_skunk",2014-10-30 04:03:34,"","","","10/30/2014","4:03:34 AM","10/30/2014","4:03:36 AM",100,102,3,1,0,"N","","",NA,"",""
"15246",514,1,2014,1,3,"11/4/2014","Spotted_skunk",2014-10-31 23:17:14,"","","","10/31/2014","11:17:14 PM","10/31/2014","11:17:15 PM",106,108,3,1,0,"N","","",NA,"",""
"15247",514,1,2014,1,3,"11/4/2014","Spotted_skunk",2014-11-01 22:05:06,"","","","11/1/2014","10:05:06 PM","11/1/2014","11:56:02 PM",109,123,15,1,0,"N","","",NA,"",""
"15248",514,1,2014,1,3,"11/4/2014","Spotted_skunk",2014-11-03 01:18:19,"","","","11/3/2014","1:18:19 AM","11/3/2014","1:18:23 AM",136,138,3,1,0,"N","","",NA,"",""
"15249",514,1,2014,1,3,"11/4/2014","Spotted_skunk",2014-10-24 22:11:27,"","","","10/24/2014","10:11:27 PM","10/24/2014","10:12:04 PM",37,42,6,1,0,"N","","",NA,"",""
"15250",514,1,2014,1,3,"11/4/2014","Spotted_skunk",2014-10-24 20:12:00,"","","","10/24/2014","8:12:00 PM","10/24/2014","8:12:01 PM",34,36,3,1,0,"N","","",NA,"",""
"15251",514,1,2014,1,3,"11/4/2014","Spotted_skunk",2014-11-04 04:13:10,"","","","11/4/2014","4:13:10 AM","11/4/2014","4:13:12 AM",142,144,3,1,0,"N","","",NA,"",""
"15252",514,1,2014,1,3,"11/4/2014","Spotted_skunk",2014-10-24 23:17:30,"","","","10/24/2014","11:17:30 PM","10/24/2014","11:36:27 PM",43,48,6,1,0,"N","","",NA,"",""
"15253",514,2,2016,1,2,"9/7/2016","Spotted_skunk",2016-08-27 23:30:54,"","","","8/27/2016","11:30:54 PM","8/27/2016","11:30:54 PM",4,6,3,1,0,"N","","",NA,"",""
"15254",514,2,2016,1,4,"10/6/2016","Spotted_skunk",2016-10-04 05:40:55,"","","","10/4/2016","5:40:55 AM","10/4/2016","5:41:19 AM",133,138,6,1,0,"N","","",NA,"",""
"15255",514,2,2016,1,4,"10/6/2016","Spotted_skunk",2016-10-01 01:01:13,"","","","10/1/2016","1:01:13 AM","10/1/2016","1:06:12 AM",124,132,9,1,0,"N","","",NA,"",""
"15256",514,2,2016,1,4,"10/6/2016","Spotted_skunk",2016-10-06 04:20:48,"","","","10/6/2016","4:20:48 AM","10/6/2016","4:20:52 AM",142,144,3,1,0,"N","","",NA,"",""
"15257",514,2,2016,1,4,"10/6/2016","Spotted_skunk",2016-09-30 22:48:40,"","","","9/30/2016","10:48:40 PM","9/30/2016","10:49:03 PM",118,123,6,1,0,"N","","",NA,"",""
"15258",514,2,2016,1,4,"10/6/2016","Spotted_skunk",2016-09-30 00:41:26,"","","","9/30/2016","12:41:26 AM","9/30/2016","12:41:30 AM",115,117,3,1,0,"N","","",NA,"",""
"15259",514,2,2016,1,4,"10/6/2016","Spotted_skunk",2016-09-29 01:05:49,"","","","9/29/2016","1:05:49 AM","9/29/2016","1:05:53 AM",97,99,3,1,0,"N","","",NA,"",""
"15260",514,2,2016,1,4,"10/6/2016","Spotted_skunk",2016-09-24 22:10:48,"","","","9/24/2016","10:10:48 PM","9/24/2016","10:12:37 PM",61,72,12,1,0,"N","","",NA,"",""
"15261",515,1,2014,1,1,"10/7/2014","Spotted_skunk",2014-10-06 20:45:11,"","","","10/6/2014","8:45:11 PM","10/6/2014","8:45:15 PM",139,141,3,1,0,"N","","",NA,"",""
"15262",515,1,2014,1,1,"10/7/2014","Spotted_skunk",2014-09-30 00:46:10,"","","","9/30/2014","12:46:10 AM","9/30/2014","1:22:56 AM",70,84,15,1,0,"N","","",NA,"",""
"15263",515,1,2014,1,1,"10/7/2014","Spotted_skunk",2014-09-29 03:14:19,"","","","9/29/2014","3:14:19 AM","9/29/2014","5:28:12 AM",34,63,30,1,0,"N","","",NA,"",""
"15264",515,1,2014,1,1,"10/7/2014","Spotted_skunk",2014-09-27 22:27:24,"","","","9/27/2014","10:27:24 PM","9/27/2014","10:27:26 PM",31,33,3,1,0,"N","","",NA,"",""
"15265",515,1,2014,1,1,"10/7/2014","Spotted_skunk",2014-10-02 02:19:50,"","","","10/2/2014","2:19:50 AM","10/2/2014","2:23:00 AM",121,126,6,1,0,"N","","",NA,"",""
"15266",515,1,2014,1,2,"10/21/2014","Spotted_skunk",2014-10-17 21:19:00,"","","","10/17/2014","9:19:00 PM","10/17/2014","9:19:01 PM",28,30,3,1,0,"N","","",NA,"",""
"15267",515,1,2014,1,2,"10/21/2014","Spotted_skunk",2014-10-10 22:23:00,"","","","10/10/2014","10:23:00 PM","10/10/2014","10:23:01 PM",19,21,3,1,0,"N","","",NA,"",""
"15268",515,1,2014,1,2,"10/21/2014","Spotted_skunk",2014-10-21 01:57:00,"","","","10/21/2014","1:57:00 AM","10/21/2014","2:02:00 AM",61,66,6,1,0,"N","","",NA,"",""
"15269",515,1,2014,1,2,"10/21/2014","Spotted_skunk",2014-10-20 22:26:00,"","","","10/20/2014","10:26:00 PM","10/20/2014","10:26:59 PM",55,60,6,1,0,"N","","",NA,"",""
"15270",515,1,2014,1,2,"10/21/2014","Spotted_skunk",2014-10-19 05:27:00,"","","","10/19/2014","5:27:00 AM","10/19/2014","5:27:01 AM",37,39,3,1,0,"N","","",NA,"",""
"15271",515,1,2014,1,3,"11/4/2014","Spotted_skunk",2014-11-04 06:31:22,"","","","11/4/2014","6:31:22 AM","11/4/2014","6:46:12 AM",91,102,12,1,0,"N","","",NA,"",""
"15272",515,1,2014,1,3,"11/4/2014","Spotted_skunk",2014-11-03 19:04:39,"","","","11/3/2014","7:04:39 PM","11/3/2014","7:06:16 PM",82,90,9,1,0,"N","","",NA,"",""
"15273",515,1,2014,1,3,"11/4/2014","Spotted_skunk",2014-11-03 06:34:06,"","","","11/3/2014","6:34:06 AM","11/3/2014","6:34:08 AM",55,57,3,1,0,"N","","",NA,"",""
"15274",515,1,2014,1,3,"11/4/2014","Spotted_skunk",2014-10-28 04:32:36,"","","","10/28/2014","4:32:36 AM","10/28/2014","4:32:38 AM",19,21,3,1,0,"N","","",NA,"",""
"15275",515,1,2014,1,3,"11/4/2014","Spotted_skunk",2014-10-29 21:05:28,"","","","10/29/2014","9:05:28 PM","10/29/2014","9:05:30 PM",22,24,3,1,0,"N","","",NA,"",""
"15276",515,1,2014,1,3,"11/4/2014","Spotted_skunk",2014-11-03 05:28:47,"","","","11/3/2014","5:28:47 AM","11/3/2014","5:28:49 AM",52,54,3,1,0,"N","","",NA,"",""
"15277",515,1,2014,1,3,"11/4/2014","Spotted_skunk",2014-10-29 02:35:27,"","","","10/29/2014","2:35:27 AM","10/29/2014","2:35:29 AM",25,27,3,1,0,"N","","",NA,"",""
"15278",515,1,2014,1,3,"11/4/2014","Spotted_skunk",2014-10-30 06:34:06,"","","","10/30/2014","6:34:06 AM","10/30/2014","6:36:12 AM",28,33,6,1,0,"N","","",NA,"",""
"15279",515,1,2014,1,3,"11/4/2014","Spotted_skunk",2014-11-02 19:26:36,"","","","11/2/2014","7:26:36 PM","11/2/2014","7:27:31 PM",43,48,6,1,0,"N","","",NA,"",""
"15280",515,1,2014,1,3,"11/4/2014","Spotted_skunk",2014-11-03 02:59:02,"","","","11/3/2014","2:59:02 AM","11/3/2014","2:59:04 AM",49,51,3,1,0,"N","","",NA,"",""
"15281",515,1,2014,1,3,"11/4/2014","Spotted_skunk",2014-10-28 02:59:08,"","","","10/28/2014","2:59:08 AM","10/28/2014","3:05:53 AM",7,18,12,1,0,"N","","",NA,"",""
"15282",515,1,2014,1,3,"11/4/2014","Spotted_skunk",2014-11-01 02:35:42,"","","","11/1/2014","2:35:42 AM","11/1/2014","2:35:44 AM",37,39,3,1,0,"N","","",NA,"",""
"15283",515,2,2016,1,1,"8/24/2016","Spotted_skunk",2016-08-18 03:39:49,"","","","8/18/2016","3:39:49 AM","8/18/2016","3:39:49 AM",38,40,3,1,0,"N","","",NA,"",""
"15284",515,2,2016,1,2,"9/7/2016","Spotted_skunk",2016-09-01 23:09:33,"","","","9/1/2016","11:09:33 PM","9/1/2016","11:09:33 PM",1,3,3,1,0,"N","","",NA,"",""
"15285",515,2,2016,1,2,"9/7/2016","Spotted_skunk",2016-09-05 03:30:02,"","","","9/5/2016","3:30:02 AM","9/5/2016","3:30:33 AM",4,9,6,1,0,"N","","",NA,"",""
"15286",515,2,2016,1,3,"9/21/2016","Spotted_skunk",2016-09-14 22:00:26,"","","","9/14/2016","10:00:26 PM","9/14/2016","10:00:26 PM",1,3,3,1,0,"N","","",NA,"",""
"15287",515,2,2016,1,3,"9/21/2016","Spotted_skunk",2016-09-20 23:23:16,"","","","9/20/2016","11:23:16 PM","9/20/2016","11:23:16 PM",4,6,3,1,0,"N","","",NA,"",""
"15307",552,1,2014,3,1,"6/23/2014","Spotted_skunk",2014-06-14 23:38:29,"","","","6/14/2014","11:38:29 PM","6/14/2014","11:42:29 PM",91,105,15,1,0,"","","",NA,"",""
"15308",552,1,2014,3,1,"6/23/2014","Spotted_skunk",2014-06-15 00:07:46,"","","","6/15/2014","12:07:46 AM","6/15/2014","12:07:47 AM",106,108,3,1,0,"","","",NA,"",""
"15309",552,1,2014,3,1,"6/23/2014","Spotted_skunk",2014-06-20 22:41:03,"","","","6/20/2014","10:41:03 PM","6/20/2014","10:41:05 PM",154,156,3,1,0,"","","",NA,"",""
"15310",552,1,2014,3,1,"6/23/2014","Spotted_skunk",2014-06-21 22:10:57,"","","","6/21/2014","10:10:57 PM","6/21/2014","10:11:01 PM",166,168,3,1,0,"","","",NA,"",""
"15311",552,1,2014,3,1,"6/23/2014","Spotted_skunk",2014-06-12 22:19:36,"","","","6/12/2014","10:19:36 PM","6/12/2014","11:22:24 PM",49,60,12,1,0,"","","",NA,"",""
"15312",552,1,2014,3,1,"6/23/2014","Spotted_skunk",2014-06-12 03:45:44,"","","","6/12/2014","3:45:44 AM","6/12/2014","3:45:46 AM",31,33,3,1,0,"","","",NA,"",""
"15313",552,1,2014,3,1,"6/23/2014","Spotted_skunk",2014-06-16 03:26:27,"","","","6/16/2014","3:26:27 AM","6/16/2014","3:26:29 AM",139,141,3,1,0,"","","",NA,"",""
"15314",552,1,2014,3,1,"6/23/2014","Spotted_skunk",2014-06-11 22:32:25,"","","","6/11/2014","10:32:25 PM","6/11/2014","10:32:27 PM",28,30,3,1,0,"","","",NA,"",""
"15315",552,1,2014,3,3,"7/21/2014","Spotted_skunk",2014-07-13 00:38:11,"","","","7/13/2014","12:38:11 AM","7/13/2014","12:39:37 AM",25,30,6,1,0,"","","",NA,"",""
"15316",552,2,2016,1,3,"9/15/2016","Spotted_skunk",2016-09-08 06:22:28,"","","","9/8/2016","6:22:28 AM","9/8/2016","6:29:44 AM",151,159,9,1,0,"N","","",NA,"",""
"15317",552,2,2016,1,3,"9/15/2016","Spotted_skunk",2016-09-09 03:14:23,"","","","9/9/2016","3:14:23 AM","9/9/2016","3:28:54 AM",160,174,15,1,0,"N","Y","",NA,"174","bait gone"
"15318",552,2,2016,1,3,"9/15/2016","Spotted_skunk",2016-09-14 03:17:02,"","","","9/14/2016","3:17:02 AM","9/14/2016","3:17:04 AM",181,183,3,1,0,"N","","",NA,"",""
"15319",552,2,2016,1,3,"9/15/2016","Spotted_skunk",2016-09-08 03:29:25,"","","","9/8/2016","3:29:25 AM","9/8/2016","4:06:01 AM",145,150,6,1,0,"N","","",NA,"",""
"15320",552,2,2016,2,1,"8/18/2016","Spotted_skunk",2016-08-12 02:17:08,"","","","8/12/2016","2:17:08 AM","8/12/2016","2:34:04 AM",55,66,12,1,0,"N","","",NA,"",""
"15321",552,2,2016,2,3,"9/15/2016","Spotted_skunk",2016-09-04 20:06:06,"","","","9/4/2016","8:06:06 PM","9/4/2016","8:34:17 PM",64,75,12,1,0,"N","","Y",NA,"66","skunk in TCB"
"15322",552,2,2016,2,3,"9/15/2016","Spotted_skunk",2016-09-06 21:25:48,"","","","9/6/2016","9:25:48 PM","9/6/2016","9:52:56 PM",190,201,12,1,0,"N","","",NA,"",""
"15323",552,2,2016,2,3,"9/15/2016","Spotted_skunk",2016-09-04 23:21:47,"","","","9/4/2016","11:21:47 PM","9/5/2016","2:37:28 AM",76,120,45,1,0,"N","","",NA,"",""
"15324",552,2,2016,2,3,"9/15/2016","Spotted_skunk",2016-09-03 23:52:23,"","","","9/3/2016","11:52:23 PM","9/4/2016","12:23:00 AM",19,33,15,1,0,"N","","",NA,"",""
"15325",552,2,2016,2,3,"9/15/2016","Spotted_skunk",2016-09-06 00:52:12,"","","","9/6/2016","12:52:12 AM","9/6/2016","12:52:12 AM",187,189,3,1,0,"N","Y","",NA,"184","bait gone"
"15326",552,2,2016,2,3,"9/15/2016","Spotted_skunk",2016-09-05 03:47:54,"","","","9/5/2016","3:47:54 AM","9/5/2016","6:02:58 AM",121,177,57,1,0,"N","","",NA,"",""
"15327",552,2,2016,2,3,"9/15/2016","Spotted_skunk",2016-09-07 22:13:16,"","","","9/7/2016","10:13:16 PM","9/7/2016","10:13:27 PM",205,210,6,1,0,"N","","",NA,"",""
"15328",552,2,2016,2,3,"9/15/2016","Spotted_skunk",2016-09-10 01:18:20,"","","","9/10/2016","1:18:20 AM","9/10/2016","1:45:38 AM",211,219,9,1,0,"N","","",NA,"",""
"15329",552,2,2016,2,3,"9/15/2016","Spotted_skunk",2016-09-05 20:35:47,"","","","9/5/2016","8:35:47 PM","9/5/2016","9:31:41 PM",178,186,9,1,0,"N","","",NA,"",""
"15330",552,2,2016,2,3,"9/15/2016","Spotted_skunk",2016-09-04 04:53:43,"","","","9/4/2016","4:53:43 AM","9/4/2016","5:43:34 AM",55,63,9,1,0,"N","","",NA,"",""
"15331",552,2,2016,2,3,"9/15/2016","Spotted_skunk",2016-09-04 03:26:54,"","","","9/4/2016","3:26:54 AM","9/4/2016","3:51:42 AM",49,54,6,1,0,"N","","",NA,"",""
"15332",552,2,2016,2,3,"9/15/2016","Spotted_skunk",2016-09-04 01:27:12,"","","","9/4/2016","1:27:12 AM","9/4/2016","1:49:30 AM",34,48,15,1,0,"N","","",NA,"",""
"15333",552,2,2016,3,1,"8/18/2016","Spotted_skunk",2016-08-10 02:58:34,"","","","8/10/2016","2:58:34 AM","8/10/2016","2:59:03 AM",13,18,6,1,0,"N","","",NA,"",""
"15334",552,2,2016,3,1,"8/18/2016","Spotted_skunk",2016-08-14 01:43:14,"","","","8/14/2016","1:43:14 AM","8/14/2016","1:44:03 AM",19,27,9,1,0,"N","","",NA,"",""
"15335",552,2,2016,3,3,"9/15/2016","Spotted_skunk",2016-09-05 03:53:33,"","","","9/5/2016","3:53:33 AM","9/5/2016","3:53:35 AM",55,57,3,1,0,"N","","",NA,"",""
"15336",552,2,2016,3,3,"9/15/2016","Spotted_skunk",2016-09-02 20:20:57,"","","","9/2/2016","8:20:57 PM","9/2/2016","8:20:59 PM",28,30,3,1,0,"N","","",NA,"",""
"15337",552,2,2016,3,3,"9/15/2016","Spotted_skunk",2016-09-03 05:06:29,"","","","9/3/2016","5:06:29 AM","9/3/2016","5:06:31 AM",31,33,3,2,0,"N","","",NA,"",""
"15338",552,2,2016,3,3,"9/15/2016","Spotted_skunk",2016-09-09 04:52:30,"","","","9/9/2016","4:52:30 AM","9/9/2016","4:52:32 AM",58,60,3,1,0,"N","","Y",NA,"60","last time skunk in TCB"
"15339",552,2,2016,3,3,"9/15/2016","Spotted_skunk",2016-09-03 21:55:06,"","","","9/3/2016","9:55:06 PM","9/3/2016","9:55:08 PM",46,48,3,1,0,"N","Y","",NA,"46","bait gone"
"15340",553,1,2013,1,2,"8/21/2013","Spotted_skunk",2013-08-10 01:21:00,"","","","8/10/2013","1:21:00 AM","8/10/2013","2:41:04 AM",31,51,21,1,0,"N","","",NA,"",""
"15341",553,1,2013,1,2,"8/21/2013","Spotted_skunk",2013-08-14 01:20:37,"","","","8/14/2013","1:20:37 AM","8/14/2013","1:24:20 AM",91,96,6,1,0,"N","","",NA,"91","SKUNK IN TCB"
"15342",553,1,2013,1,2,"8/21/2013","Spotted_skunk",2013-08-16 22:59:08,"","","","8/16/2013","10:59:08 PM","8/16/2013","10:59:09 PM",100,102,3,1,0,"N","","",NA,"",""
"15343",553,1,2013,1,2,"8/21/2013","Spotted_skunk",2013-08-08 23:38:47,"","","","8/8/2013","11:38:47 PM","8/8/2013","11:44:48 PM",22,30,9,1,0,"N","","",NA,"",""
"15344",553,1,2013,1,2,"8/21/2013","Spotted_skunk",2013-08-08 22:09:15,"","","","8/8/2013","10:09:15 PM","8/8/2013","10:17:52 PM",7,21,15,1,0,"N","","",NA,"",""
"15345",553,1,2013,1,2,"8/21/2013","Spotted_skunk",2013-08-11 22:29:37,"","","","8/11/2013","10:29:37 PM","8/11/2013","10:31:04 PM",55,60,6,1,0,"N","","",NA,"",""
"15346",553,1,2013,2,2,"8/21/2013","Spotted_skunk",2013-08-17 05:05:05,"","","","8/17/2013","5:05:05 AM","8/17/2013","5:05:07 AM",13,15,3,1,0,"N","","",NA,"",""
"15347",553,1,2013,2,3,"9/4/2013","Spotted_skunk",2013-08-26 23:02:28,"","","","8/26/2013","11:02:28 PM","8/26/2013","11:02:30 PM",7,9,3,1,0,"N","","",NA,"",""
"15348",553,1,2013,2,3,"9/4/2013","Spotted_skunk",2013-08-28 02:24:14,"","","","8/28/2013","2:24:14 AM","8/28/2013","2:24:16 AM",10,12,3,1,0,"N","","",NA,"",""
"15349",553,1,2013,2,3,"9/4/2013","Spotted_skunk",2013-08-29 05:44:24,"","","","8/29/2013","5:44:24 AM","8/29/2013","5:44:25 AM",13,15,3,1,0,"N","","",NA,"",""
"15350",553,1,2013,2,3,"9/4/2013","Spotted_skunk",2013-08-31 00:51:04,"","","","8/31/2013","12:51:04 AM","8/31/2013","12:53:42 AM",16,21,6,1,0,"N","","",NA,"",""
"15351",553,1,2013,2,3,"9/4/2013","Spotted_skunk",2013-08-31 04:34:48,"","","","8/31/2013","4:34:48 AM","8/31/2013","4:36:33 AM",22,30,9,1,0,"N","","",NA,"",""
"15352",553,2,2015,1,1,"10/4/2015","Spotted_skunk",2015-09-21 23:12:41,"","","","9/21/2015","11:12:41 PM","9/21/2015","11:28:55 PM",7,18,12,1,0,"N","","",NA,"",""
"15353",553,2,2015,1,1,"10/4/2015","Spotted_skunk",2015-09-23 07:51:47,"","","","9/23/2015","7:51:47 AM","9/23/2015","7:51:48 AM",67,69,3,1,0,"N","","",NA,"",""
"15354",553,2,2015,1,1,"10/4/2015","Spotted_skunk",2015-09-23 01:15:34,"","","","9/23/2015","1:15:34 AM","9/23/2015","1:15:53 AM",61,66,6,1,0,"N","","",NA,"",""
"15355",553,2,2015,1,1,"10/4/2015","Spotted_skunk",2015-09-22 01:35:55,"","","","9/22/2015","1:35:55 AM","9/22/2015","2:55:25 AM",19,48,30,1,0,"N","","Y",NA,"EK000021","skunk in cubby, next photo almost hour later, most likely took TCB bait here"
"15356",553,2,2015,1,1,"10/4/2015","Spotted_skunk",2015-09-28 02:53:56,"","","","9/28/2015","2:53:56 AM","9/28/2015","2:57:00 AM",229,246,18,1,0,"N","","",NA,"",""
"15357",553,2,2015,1,1,"10/4/2015","Spotted_skunk",2015-09-28 23:14:45,"","","","9/28/2015","11:14:45 PM","9/28/2015","11:14:47 PM",247,249,3,1,0,"N","","",NA,"",""
"15358",553,2,2015,1,1,"10/4/2015","Spotted_skunk",2015-09-29 05:04:04,"","","","9/29/2015","5:04:04 AM","9/29/2015","5:10:36 AM",250,258,9,1,0,"N","","",NA,"",""
"15359",553,2,2015,1,1,"10/4/2015","Spotted_skunk",2015-09-26 03:05:46,"","","","9/26/2015","3:05:46 AM","9/26/2015","4:50:35 AM",139,165,27,1,0,"N","","",NA,"",""
"15360",553,2,2015,1,1,"10/4/2015","Spotted_skunk",2015-09-27 00:26:42,"","","","9/27/2015","12:26:42 AM","9/27/2015","1:31:40 AM",202,225,24,1,0,"N","","",NA,"",""
"15361",553,2,2015,1,1,"10/4/2015","Spotted_skunk",2015-09-26 20:39:31,"","","","9/26/2015","8:39:31 PM","9/26/2015","8:51:26 PM",184,201,18,1,0,"N","Y","",NA,"EK000184","tree bait gone- skunk took last bit"
"15362",553,2,2015,1,1,"10/4/2015","Spotted_skunk",2015-09-26 19:31:33,"","","","9/26/2015","7:31:33 PM","9/26/2015","7:31:37 PM",181,183,3,1,0,"N","","",NA,"",""
"15363",553,2,2015,1,1,"10/4/2015","Spotted_skunk",2015-09-26 01:38:13,"","","","9/26/2015","1:38:13 AM","9/26/2015","1:40:42 AM",121,138,18,1,0,"N","","",NA,"",""
"15364",553,2,2015,1,1,"10/4/2015","Spotted_skunk",2015-09-25 22:07:36,"","","","9/25/2015","10:07:36 PM","9/25/2015","10:07:38 PM",118,120,3,1,0,"N","","",NA,"",""
"15365",553,2,2015,1,1,"10/4/2015","Spotted_skunk",2015-09-25 05:36:23,"","","","9/25/2015","5:36:23 AM","9/25/2015","6:00:12 AM",94,102,9,1,0,"N","","",NA,"",""
"15366",553,2,2015,1,1,"10/4/2015","Spotted_skunk",2015-09-25 02:45:05,"","","","9/25/2015","2:45:05 AM","9/25/2015","3:13:31 AM",85,93,9,1,0,"N","","",NA,"",""
"15367",553,2,2015,1,2,"10/18/2015","Spotted_skunk",2015-10-09 06:47:40,"","","","10/9/2015","6:47:40 AM","10/9/2015","6:47:42 AM",172,174,3,1,0,"N","","",NA,"",""
"15368",553,2,2015,1,2,"10/18/2015","Spotted_skunk",2015-10-17 03:59:43,"","","","10/17/2015","3:59:43 AM","10/17/2015","3:59:44 AM",223,225,3,1,0,"N","","",NA,"",""
"15369",553,2,2015,1,2,"10/18/2015","Spotted_skunk",2015-10-17 01:57:21,"","","","10/17/2015","1:57:21 AM","10/17/2015","1:57:22 AM",220,222,3,1,0,"N","","",NA,"",""
"15370",553,2,2015,1,2,"10/18/2015","Spotted_skunk",2015-10-15 19:27:28,"","","","10/15/2015","7:27:28 PM","10/15/2015","7:29:20 PM",199,210,12,1,0,"N","","",NA,"",""
"15371",553,2,2015,1,2,"10/18/2015","Spotted_skunk",2015-10-13 05:36:19,"","","","10/13/2015","5:36:19 AM","10/13/2015","5:36:21 AM",196,198,3,1,0,"N","","",NA,"",""
"15372",553,2,2015,1,2,"10/18/2015","Spotted_skunk",2015-10-13 02:11:58,"","","","10/13/2015","2:11:58 AM","10/13/2015","2:12:00 AM",193,195,3,1,0,"N","","",NA,"",""
"15373",553,2,2015,1,2,"10/18/2015","Spotted_skunk",2015-10-13 00:57:40,"","","","10/13/2015","12:57:40 AM","10/13/2015","12:57:41 AM",190,192,3,1,0,"N","","",NA,"",""
"15374",553,2,2015,1,2,"10/18/2015","Spotted_skunk",2015-10-12 20:03:05,"","","","10/12/2015","8:03:05 PM","10/12/2015","8:03:07 PM",187,189,3,1,0,"N","","",NA,"",""
"15375",553,2,2015,1,2,"10/18/2015","Spotted_skunk",2015-10-11 02:54:07,"","","","10/11/2015","2:54:07 AM","10/11/2015","2:54:09 AM",181,183,3,1,0,"N","","",NA,"",""
"15376",553,2,2015,1,2,"10/18/2015","Spotted_skunk",2015-10-17 20:46:00,"","","","10/17/2015","8:46:00 PM","10/17/2015","8:46:04 PM",226,228,3,1,0,"N","","",NA,"",""
"15377",553,2,2015,1,2,"10/18/2015","Spotted_skunk",2015-10-09 19:12:34,"","","","10/9/2015","7:12:34 PM","10/9/2015","7:12:35 PM",175,177,3,1,0,"N","","",NA,"",""
"15378",553,2,2015,1,2,"10/18/2015","Spotted_skunk",2015-10-07 06:02:13,"","","","10/7/2015","6:02:13 AM","10/7/2015","6:02:15 AM",121,123,3,1,0,"N","","",NA,"",""
"15379",553,2,2015,1,2,"10/18/2015","Spotted_skunk",2015-10-08 21:49:56,"","","","10/8/2015","9:49:56 PM","10/8/2015","10:02:31 PM",154,171,18,1,0,"N","","",NA,"",""
"15380",553,2,2015,1,2,"10/18/2015","Spotted_skunk",2015-10-08 06:38:04,"","","","10/8/2015","6:38:04 AM","10/8/2015","6:38:05 AM",151,153,3,1,0,"N","","",NA,"",""
"15381",553,2,2015,1,2,"10/18/2015","Spotted_skunk",2015-10-08 04:52:47,"","","","10/8/2015","4:52:47 AM","10/8/2015","5:13:19 AM",142,150,9,1,0,"N","","",NA,"",""
"15382",553,2,2015,1,2,"10/18/2015","Spotted_skunk",2015-10-08 03:13:46,"","","","10/8/2015","3:13:46 AM","10/8/2015","3:42:11 AM",133,141,9,1,0,"N","Y","",NA,"EK000136","Tree bait gone"
"15383",553,2,2015,1,2,"10/18/2015","Spotted_skunk",2015-10-08 01:49:35,"","","","10/8/2015","1:49:35 AM","10/8/2015","1:59:13 AM",127,132,6,1,0,"N","","",NA,"",""
"15384",553,2,2015,1,2,"10/18/2015","Spotted_skunk",2015-10-07 21:07:40,"","","","10/7/2015","9:07:40 PM","10/7/2015","9:07:42 PM",124,126,3,1,0,"N","","",NA,"",""
"15385",553,2,2015,1,2,"10/18/2015","Spotted_skunk",2015-10-06 22:32:36,"","","","10/6/2015","10:32:36 PM","10/6/2015","10:56:46 PM",91,108,18,1,0,"N","","",NA,"",""
"15386",553,2,2015,1,2,"10/18/2015","Spotted_skunk",2015-10-07 00:22:44,"","","","10/7/2015","12:22:44 AM","10/7/2015","12:35:22 AM",109,120,12,1,0,"N","","",NA,"",""
"15387",553,2,2015,1,2,"10/18/2015","Spotted_skunk",2015-10-06 01:24:56,"","","","10/6/2015","1:24:56 AM","10/6/2015","1:49:14 AM",58,75,18,1,0,"N","","",NA,"",""
"15388",553,2,2015,1,2,"10/18/2015","Spotted_skunk",2015-10-05 21:16:07,"","","","10/5/2015","9:16:07 PM","10/5/2015","9:56:20 PM",40,57,18,1,0,"N","","Y",NA,"EK000042 and EK000043","skunk is in TCB for 30 min- mist likely ate bait here"
"15389",553,2,2015,1,2,"10/18/2015","Spotted_skunk",2015-10-05 20:04:41,"","","","10/5/2015","8:04:41 PM","10/5/2015","8:08:29 PM",28,39,12,1,0,"N","","",NA,"",""
"15390",553,2,2015,1,2,"10/18/2015","Spotted_skunk",2015-10-10 04:47:43,"","","","10/10/2015","4:47:43 AM","10/10/2015","4:47:45 AM",178,180,3,1,0,"N","","",NA,"",""
"15391",553,2,2015,1,2,"10/18/2015","Spotted_skunk",2015-10-06 05:28:48,"","","","10/6/2015","5:28:48 AM","10/6/2015","5:39:23 AM",76,87,12,1,0,"N","","",NA,"",""
"15392",553,2,2015,1.1,3,"11/1/2015","Spotted_skunk",2015-10-27 00:40:00,"","","","10/27/2015","12:40:00 AM","10/27/2015","12:54:15 AM",94,99,6,1,0,"N","","",NA,"",""
"15393",553,2,2015,1.1,3,"11/1/2015","Spotted_skunk",2015-10-27 19:24:01,"","","","10/27/2015","7:24:01 PM","10/27/2015","7:24:03 PM",124,126,3,1,0,"N","","",NA,"",""
"15394",553,2,2015,1.1,3,"11/1/2015","Spotted_skunk",2015-10-27 06:13:14,"","","","10/27/2015","6:13:14 AM","10/27/2015","6:14:56 AM",118,123,6,1,0,"N","","",NA,"",""
"15395",553,2,2015,1.1,3,"11/1/2015","Spotted_skunk",2015-10-29 04:30:08,"","","","10/29/2015","4:30:08 AM","10/29/2015","5:24:55 AM",169,183,15,1,0,"N","","",NA,"",""
"15396",553,2,2015,1.1,3,"11/1/2015","Spotted_skunk",2015-10-30 23:58:24,"","","","10/30/2015","11:58:24 PM","10/30/2015","11:58:26 PM",190,192,3,1,0,"N","","",NA,"",""
"15397",553,2,2015,1.1,3,"11/1/2015","Spotted_skunk",2015-10-29 06:36:49,"","","","10/29/2015","6:36:49 AM","10/29/2015","6:36:50 AM",184,186,3,1,0,"N","Y","",NA,"EK000184","Last of bait taken by skunk"
"15398",553,2,2015,1.1,3,"11/1/2015","Spotted_skunk",2015-10-28 02:55:26,"","","","10/28/2015","2:55:26 AM","10/28/2015","2:55:27 AM",127,129,3,1,0,"N","","",NA,"",""
"15399",553,2,2015,1.1,3,"11/1/2015","Spotted_skunk",2015-10-26 05:59:11,"","","","10/26/2015","5:59:11 AM","10/26/2015","6:27:21 AM",64,93,30,1,0,"N","","",NA,"",""
"15400",553,2,2015,1.1,3,"11/1/2015","Spotted_skunk",2015-10-28 23:27:01,"","","","10/28/2015","11:27:01 PM","10/28/2015","11:27:03 PM",166,168,3,1,0,"N","","",NA,"",""
"15401",553,2,2015,1.1,3,"11/1/2015","Spotted_skunk",2015-10-24 01:36:52,"","","","10/24/2015","1:36:52 AM","10/24/2015","1:47:14 AM",34,63,30,1,0,"N","","",NA,"",""
"15402",553,2,2015,1.1,3,"11/1/2015","Spotted_skunk",2015-10-20 22:17:26,"","","","10/20/2015","10:17:26 PM","10/20/2015","10:19:38 PM",19,33,15,1,0,"N","","",NA,"",""
"15403",553,2,2015,1.1,3,"11/1/2015","Spotted_skunk",2015-10-20 05:49:58,"","","","10/20/2015","5:49:58 AM","10/20/2015","5:50:00 AM",16,18,3,1,0,"N","","",NA,"",""
"15404",553,2,2015,1.1,3,"11/1/2015","Spotted_skunk",2015-10-20 02:22:10,"","","","10/20/2015","2:22:10 AM","10/20/2015","2:22:32 AM",10,15,6,1,0,"N","","",NA,"",""
"15405",553,2,2015,1.1,3,"11/1/2015","Spotted_skunk",2015-10-27 04:04:57,"","","","10/27/2015","4:04:57 AM","10/27/2015","5:09:37 AM",100,117,18,1,0,"N","","",NA,"",""
"15406",553,2,2015,1.1,3,"11/1/2015","Spotted_skunk",2015-10-28 18:48:50,"","","","10/28/2015","6:48:50 PM","10/28/2015","6:59:55 PM",160,165,6,1,0,"N","","",NA,"",""
"15407",553,2,2015,1.1,3,"11/1/2015","Spotted_skunk",2015-10-28 04:33:30,"","","","10/28/2015","4:33:30 AM","10/28/2015","6:04:07 AM",130,159,30,1,0,"N","","Y",NA,"EK000153","Last time skunk was next to cubby- next trigger 1 hour later- probably took bait here"
"15408",553,2,2015,2,1,"10/4/2015","Spotted_skunk",2015-09-26 23:34:10,"","","","9/26/2015","11:34:10 PM","9/26/2015","11:39:23 PM",37,42,6,1,0,"N","","",NA,"",""
"15409",553,2,2015,2,1,"10/4/2015","Spotted_skunk",2015-09-30 21:37:30,"","","","9/30/2015","9:37:30 PM","9/30/2015","9:37:32 PM",82,84,3,1,0,"N","","",NA,"",""
"15410",553,2,2015,2,1,"10/4/2015","Spotted_skunk",2015-09-30 02:03:49,"","","","9/30/2015","2:03:49 AM","9/30/2015","2:25:47 AM",76,81,6,1,0,"N","Y","",NA,"EK000076","Tree bait gone"
"15411",553,2,2015,2,1,"10/4/2015","Spotted_skunk",2015-09-29 20:52:29,"","","","9/29/2015","8:52:29 PM","9/29/2015","8:52:31 PM",73,75,3,1,0,"N","","",NA,"",""
"15412",553,2,2015,2,1,"10/4/2015","Spotted_skunk",2015-09-29 04:58:40,"","","","9/29/2015","4:58:40 AM","9/29/2015","4:58:42 AM",67,69,3,1,0,"N","","",NA,"",""
"15413",553,2,2015,2,1,"10/4/2015","Spotted_skunk",2015-09-28 23:55:49,"","","","9/28/2015","11:55:49 PM","9/28/2015","11:55:50 PM",58,60,3,1,0,"N","","",NA,"",""
"15414",553,2,2015,2,1,"10/4/2015","Spotted_skunk",2015-09-27 05:02:27,"","","","9/27/2015","5:02:27 AM","9/27/2015","5:25:07 AM",43,54,12,1,0,"N","","",NA,"",""
"15415",553,2,2015,2,1,"10/4/2015","Spotted_skunk",2015-09-29 06:31:12,"","","","9/29/2015","6:31:12 AM","9/29/2015","6:31:14 AM",70,72,3,1,0,"N","","",NA,"",""
"15416",553,2,2015,2,1,"10/4/2015","Spotted_skunk",2015-09-26 03:10:31,"","","","9/26/2015","3:10:31 AM","9/26/2015","3:42:04 AM",28,36,9,1,0,"N","","",NA,"",""
"15417",553,2,2015,2,1,"10/4/2015","Spotted_skunk",2015-09-25 05:34:05,"","","","9/25/2015","5:34:05 AM","9/25/2015","5:34:07 AM",25,27,3,1,0,"N","","",NA,"",""
"15418",553,2,2015,2,1,"10/4/2015","Spotted_skunk",2015-09-25 04:30:45,"","","","9/25/2015","4:30:45 AM","9/25/2015","4:30:46 AM",22,24,3,1,0,"N","","",NA,"",""
"15419",553,2,2015,2,1,"10/4/2015","Spotted_skunk",2015-09-25 01:08:00,"","","","9/25/2015","1:08:00 AM","9/25/2015","1:08:02 AM",19,21,3,1,0,"N","","",NA,"",""
"15420",553,2,2015,2,1,"10/4/2015","Spotted_skunk",2015-09-24 05:10:45,"","","","9/24/2015","5:10:45 AM","9/24/2015","5:10:46 AM",16,18,3,1,0,"N","","",NA,"",""
"15421",553,2,2015,2,1,"10/4/2015","Spotted_skunk",2015-09-24 02:07:34,"","","","9/24/2015","2:07:34 AM","9/24/2015","2:33:21 AM",4,15,12,1,0,"N","","",NA,"",""
"15422",553,2,2015,2,1,"10/4/2015","Spotted_skunk",2015-09-28 01:52:55,"","","","9/28/2015","1:52:55 AM","9/28/2015","1:52:57 AM",55,57,3,1,0,"N","","",NA,"",""
"15423",553,2,2015,2,1,"10/4/2015","Spotted_skunk",2015-09-29 01:11:36,"","","","9/29/2015","1:11:36 AM","9/29/2015","1:13:05 AM",61,66,6,1,0,"N","","",NA,"",""
"15424",553,2,2015,2,2,"10/18/2015","Spotted_skunk",2015-10-09 02:01:03,"","","","10/9/2015","2:01:03 AM","10/9/2015","2:57:51 AM",10,27,18,2,0,"N","","",NA,"",""
"15425",553,2,2015,2,2,"10/18/2015","Spotted_skunk",2015-10-16 23:23:30,"","","","10/16/2015","11:23:30 PM","10/16/2015","11:23:32 PM",82,84,3,1,0,"N","","",NA,"",""
"15426",553,2,2015,2,2,"10/18/2015","Spotted_skunk",2015-10-14 23:36:06,"","","","10/14/2015","11:36:06 PM","10/14/2015","11:37:27 PM",67,72,6,1,0,"N","","",NA,"",""
"15427",553,2,2015,2,2,"10/18/2015","Spotted_skunk",2015-10-14 03:04:50,"","","","10/14/2015","3:04:50 AM","10/14/2015","3:05:18 AM",61,66,6,1,0,"N","","",NA,"",""
"15428",553,2,2015,2,2,"10/18/2015","Spotted_skunk",2015-10-13 21:22:33,"","","","10/13/2015","9:22:33 PM","10/13/2015","9:22:35 PM",58,60,3,1,0,"N","","",NA,"",""
"15429",553,2,2015,2,2,"10/18/2015","Spotted_skunk",2015-10-13 06:44:40,"","","","10/13/2015","6:44:40 AM","10/13/2015","7:00:58 AM",49,57,9,1,0,"N","Y","",NA,"EK000052","Tree bait gone. Skunk ate it."
"15430",553,2,2015,2,2,"10/18/2015","Spotted_skunk",2015-10-13 05:10:04,"","","","10/13/2015","5:10:04 AM","10/13/2015","5:23:13 AM",37,48,12,1,0,"N","","",NA,"",""
"15431",553,2,2015,2,2,"10/18/2015","Spotted_skunk",2015-10-12 20:31:27,"","","","10/12/2015","8:31:27 PM","10/12/2015","8:31:29 PM",34,36,3,1,0,"N","","",NA,"",""
"15432",553,2,2015,2,2,"10/18/2015","Spotted_skunk",2015-10-09 11:30:28,"","","","10/9/2015","11:30:28 AM","10/9/2015","11:30:30 AM",28,30,3,1,0,"N","","",NA,"EK000030","Great daylight photo of spotted skunk"
"15433",553,2,2015,2,2,"10/18/2015","Spotted_skunk",2015-10-07 02:39:10,"","","","10/7/2015","2:39:10 AM","10/7/2015","2:39:11 AM",4,6,3,1,0,"N","","",NA,"",""
"15434",553,2,2015,2,2,"10/18/2015","Spotted_skunk",2015-10-12 01:05:47,"","","","10/12/2015","1:05:47 AM","10/12/2015","1:05:49 AM",31,33,3,1,0,"N","","",NA,"",""
"15435",553,2,2015,2,3,"11/1/2015","Spotted_skunk",2015-10-24 02:24:23,"","","","10/24/2015","2:24:23 AM","10/24/2015","2:24:25 AM",172,174,3,1,0,"N","","",NA,"",""
"15436",553,2,2015,2,3,"11/1/2015","Spotted_skunk",2015-10-27 00:18:31,"","","","10/27/2015","12:18:31 AM","10/27/2015","12:18:32 AM",175,177,3,1,0,"N","","Y",NA,"EK000177","Last time skunk was seen going into TCB- probably took bait"
"15437",553,2,2015,2,3,"11/1/2015","Spotted_skunk",2015-10-22 04:36:40,"","","","10/22/2015","4:36:40 AM","10/22/2015","4:53:19 AM",163,171,9,1,0,"N","Y","",NA,"EK000163","Bait is gone"
"15438",553,2,2015,2,3,"11/1/2015","Spotted_skunk",2015-10-22 19:05:49,"","","","10/22/2015","7:05:49 PM","10/22/2015","7:05:51 PM",160,162,3,1,0,"N","","",NA,"",""
"15439",553,2,2015,2,3,"11/1/2015","Spotted_skunk",2015-10-21 01:47:43,"","","","10/21/2015","1:47:43 AM","10/21/2015","1:47:45 AM",64,66,3,1,0,"N","","",NA,"",""
"15440",553,2,2015,3,3,"11/1/2015","Spotted_skunk",2015-10-23 02:24:25,"","","","10/23/2015","2:24:25 AM","10/23/2015","3:19:26 AM",118,123,6,1,0,"N","","",NA,"",""
"15441",553,2,2015,3,3,"11/1/2015","Spotted_skunk",2015-10-23 04:48:19,"","","","10/23/2015","4:48:19 AM","10/23/2015","6:28:02 AM",124,165,42,1,0,"N","","Y",NA,"10230160","Skunk moves TCB between frames- most likely took bait- last trigger near TCB"
"15442",553,2,2015,3,3,"11/1/2015","Spotted_skunk",2015-10-23 23:34:29,"","","","10/23/2015","11:34:29 PM","10/23/2015","11:43:13 PM",166,171,6,1,0,"N","Y","",NA,"10230169","Last of tree bait taken by skunk"
"15443",553,2,2015,3,3,"11/1/2015","Spotted_skunk",2015-10-24 00:11:21,"","","","10/24/2015","12:11:21 AM","10/24/2015","12:15:25 AM",172,180,9,1,0,"N","","",NA,"",""
"15444",553,2,2015,3,3,"11/1/2015","Spotted_skunk",2015-10-26 05:14:13,"","","","10/26/2015","5:14:13 AM","10/26/2015","5:19:41 AM",181,195,15,1,0,"N","","",NA,"",""
"15445",554,1,2014,2,1,"6/23/2014","Spotted_skunk",2014-06-14 22:17:17,"","","","6/14/2014","10:17:17 PM","6/14/2014","11:15:17 PM",130,168,39,1,0,"N","","",NA,"",""
"15446",554,1,2014,2,1,"6/23/2014","Spotted_skunk",2014-06-14 04:13:52,"","","","6/14/2014","4:13:52 AM","6/14/2014","4:46:33 AM",67,96,30,1,0,"N","","",NA,"",""
"15447",554,1,2014,2,1,"6/23/2014","Spotted_skunk",2014-06-15 01:10:30,"","","","6/15/2014","1:10:30 AM","6/15/2014","1:57:54 AM",169,189,21,1,0,"N","","",NA,"",""
"15448",554,1,2014,2,2,"7/7/2014","Spotted_skunk",2014-06-28 02:13:36,"","","","6/28/2014","2:13:36 AM","6/28/2014","2:27:16 AM",31,42,12,1,0,"N","","",NA,"",""
"15449",554,1,2014,2,2,"7/7/2014","Spotted_skunk",2014-07-05 23:12:27,"","","","7/5/2014","11:12:27 PM","7/5/2014","11:12:29 PM",118,120,3,1,0,"N","","",NA,"",""
"15450",554,1,2014,2,2,"7/7/2014","Spotted_skunk",2014-06-27 23:43:57,"","","","6/27/2014","11:43:57 PM","6/27/2014","11:45:00 PM",22,27,6,1,0,"N","","",NA,"",""
"15451",554,1,2014,2,2,"7/7/2014","Spotted_skunk",2014-06-28 00:22:53,"","","","6/28/2014","12:22:53 AM","6/28/2014","12:22:55 AM",28,30,3,1,0,"N","","",NA,"","skunk in cubby"
"15452",554,1,2014,2,2,"7/7/2014","Spotted_skunk",2014-07-05 02:37:18,"","","","7/5/2014","2:37:18 AM","7/5/2014","2:37:19 AM",115,117,3,1,0,"N","","",NA,"",""
"15453",554,1,2014,2,2,"7/7/2014","Spotted_skunk",2014-06-30 23:34:33,"","","","6/30/2014","11:34:33 PM","6/30/2014","11:50:38 PM",49,69,21,1,0,"N","","",NA,"",""
"15454",554,1,2014,2,2,"7/7/2014","Spotted_skunk",2014-07-01 02:06:18,"","","","7/1/2014","2:06:18 AM","7/1/2014","3:09:27 AM",70,84,15,1,0,"N","","",NA,"",""
"15455",554,1,2014,2,2,"7/7/2014","Spotted_skunk",2014-06-28 23:21:54,"","","","6/28/2014","11:21:54 PM","6/28/2014","11:21:55 PM",43,45,3,1,0,"N","","",NA,"",""
"15456",554,1,2014,2,2,"7/7/2014","Spotted_skunk",2014-06-29 00:32:25,"","","","6/29/2014","12:32:25 AM","6/29/2014","12:32:27 AM",46,48,3,1,0,"N","","",NA,"",""
"15457",554,1,2014,2,2,"7/7/2014","Spotted_skunk",2014-07-02 01:32:44,"","","","7/2/2014","1:32:44 AM","7/2/2014","2:06:40 AM",85,114,30,1,0,"N","","",NA,"",""
"15458",554,1,2014,2,3,"7/21/2014","Spotted_skunk",2014-07-10 00:18:20,"","","","7/10/2014","12:18:20 AM","7/10/2014","12:27:56 AM",34,54,21,1,0,"N","","",NA,"",""
"15459",554,1,2014,2,3,"7/21/2014","Spotted_skunk",2014-07-11 01:51:52,"","","","7/11/2014","1:51:52 AM","7/11/2014","3:00:58 AM",112,129,18,2,0,"N","","",NA,"",""
"15460",554,1,2014,2,3,"7/21/2014","Spotted_skunk",2014-07-16 02:45:02,"","","","7/16/2014","2:45:02 AM","7/16/2014","2:47:08 AM",163,174,12,1,0,"N","","",NA,"",""
"15461",554,1,2014,2,3,"7/21/2014","Spotted_skunk",2014-07-10 01:41:41,"","","","7/10/2014","1:41:41 AM","7/10/2014","4:37:50 AM",55,99,45,1,0,"N","","",NA,"",""
"15462",554,1,2014,2,3,"7/21/2014","Spotted_skunk",2014-07-09 22:24:06,"","","","7/9/2014","10:24:06 PM","7/9/2014","10:49:05 PM",4,33,30,1,0,"N","","",NA,"","skunk in cubby"
"15463",554,1,2014,2,3,"7/21/2014","Spotted_skunk",2014-07-11 00:22:11,"","","","7/11/2014","12:22:11 AM","7/11/2014","12:22:15 AM",109,111,3,1,0,"N","","",NA,"",""
"15464",554,1,2014,2,3,"7/21/2014","Spotted_skunk",2014-07-10 23:46:14,"","","","7/10/2014","11:46:14 PM","7/10/2014","11:56:22 PM",100,108,9,1,0,"N","","",NA,"",""
"15465",554,2,2016,1,1,"10/1/2016","Spotted_skunk",2016-09-24 23:10:28,"","","","9/24/2016","11:10:28 PM","9/24/2016","11:19:03 PM",214,222,9,1,0,"N","","",NA,"",""
"15466",554,2,2016,1,1,"10/1/2016","Spotted_skunk",2016-09-21 23:29:06,"","","","9/21/2016","11:29:06 PM","9/22/2016","12:18:58 AM",46,93,48,1,0,"N","","",NA,"",""
"15467",554,2,2016,1,1,"10/1/2016","Spotted_skunk",2016-09-18 00:35:09,"","","","9/18/2016","12:35:09 AM","9/18/2016","12:35:09 AM",22,24,3,1,0,"N","","",NA,"",""
"15468",554,2,2016,1,1,"10/1/2016","Spotted_skunk",2016-09-23 01:40:25,"","","","9/23/2016","1:40:25 AM","9/23/2016","2:46:21 AM",112,138,27,1,0,"N","","",NA,"",""
"15469",554,2,2016,1,1,"10/1/2016","Spotted_skunk",2016-09-25 21:18:00,"","","","9/25/2016","9:18:00 PM","9/25/2016","9:24:14 PM",223,234,12,1,0,"N","","",NA,"",""
"15470",554,2,2016,1,1,"10/1/2016","Spotted_skunk",2016-09-24 20:08:05,"","","","9/24/2016","8:08:05 PM","9/24/2016","9:19:37 PM",184,213,30,1,0,"N","","",NA,"",""
"15471",554,2,2016,1,1,"10/1/2016","Spotted_skunk",2016-09-24 03:51:42,"","","","9/24/2016","3:51:42 AM","9/24/2016","3:55:48 AM",178,183,6,1,0,"N","","",NA,"",""
"15472",554,2,2016,1,1,"10/1/2016","Spotted_skunk",2016-09-24 00:52:28,"","","","9/24/2016","12:52:28 AM","9/24/2016","2:13:48 AM",148,177,30,1,0,"N","","",NA,"",""
"15473",554,2,2016,1,1,"10/1/2016","Spotted_skunk",2016-09-23 04:19:23,"","","","9/23/2016","4:19:23 AM","9/23/2016","4:19:34 AM",139,144,6,1,0,"N","","",NA,"",""
"15474",554,2,2016,1,1,"10/1/2016","Spotted_skunk",2016-09-22 20:35:26,"","","","9/22/2016","8:35:26 PM","9/22/2016","9:29:06 PM",94,111,18,1,0,"N","","",NA,"",""
"15475",554,2,2016,1,1,"10/1/2016","Spotted_skunk",2016-09-20 20:56:30,"","","","9/20/2016","8:56:30 PM","9/20/2016","9:14:56 PM",25,45,21,1,0,"N","","",NA,"",""
"15476",554,2,2016,1,2,"10/13/2016","Spotted_skunk",2016-10-03 00:06:10,"","","","10/3/2016","12:06:10 AM","10/3/2016","12:34:12 AM",16,27,12,1,0,"N","","",NA,"",""
"15477",554,2,2016,1,2,"10/13/2016","Spotted_skunk",2016-10-03 02:34:44,"","","","10/3/2016","2:34:44 AM","10/3/2016","2:34:44 AM",28,30,3,1,0,"N","","",NA,"",""
"15478",554,2,2016,1,2,"10/13/2016","Spotted_skunk",2016-10-03 04:49:07,"","","","10/3/2016","4:49:07 AM","10/3/2016","5:42:24 AM",31,75,45,1,0,"N","","",NA,"",""
"15479",554,2,2016,1,2,"10/13/2016","Spotted_skunk",2016-10-03 18:37:17,"","","","10/3/2016","6:37:17 PM","10/3/2016","7:10:59 PM",76,90,15,1,0,"N","","",NA,"",""
"15480",554,2,2016,1,2,"10/13/2016","Spotted_skunk",2016-10-12 20:18:41,"","","","10/12/2016","8:18:41 PM","10/12/2016","8:18:41 PM",148,150,3,1,0,"N","","",NA,"",""
"15481",554,2,2016,1,2,"10/13/2016","Spotted_skunk",2016-10-08 00:19:03,"","","","10/8/2016","12:19:03 AM","10/8/2016","12:19:49 AM",124,129,6,1,0,"N","","",NA,"",""
"15482",554,2,2016,1,2,"10/13/2016","Spotted_skunk",2016-10-04 19:23:48,"","","","10/4/2016","7:23:48 PM","10/4/2016","7:24:22 PM",109,114,6,1,0,"N","","",NA,"",""
"15483",554,2,2016,1,2,"10/13/2016","Spotted_skunk",2016-10-11 02:36:03,"","","","10/11/2016","2:36:03 AM","10/11/2016","2:36:12 AM",130,135,6,1,0,"N","","",NA,"",""
"15484",554,2,2016,1,2,"10/13/2016","Spotted_skunk",2016-10-11 04:54:23,"","","","10/11/2016","4:54:23 AM","10/11/2016","4:55:43 AM",136,147,12,1,0,"N","","",NA,"",""
"15485",554,2,2016,1,2,"10/13/2016","Spotted_skunk",2016-10-03 23:32:34,"","","","10/3/2016","11:32:34 PM","10/3/2016","11:34:26 PM",103,108,6,1,0,"N","","",NA,"",""
"15486",554,2,2016,1,2,"10/13/2016","Spotted_skunk",2016-10-03 21:10:47,"","","","10/3/2016","9:10:47 PM","10/3/2016","9:15:35 PM",91,102,12,1,0,"N","Y","Y",NA,"85, 99","bait gone (spotted skunk), snare bait taken"
"15487",554,2,2016,1,2,"10/13/2016","Spotted_skunk",2016-10-05 02:52:44,"","","","10/5/2016","2:52:44 AM","10/5/2016","2:52:51 AM",115,120,6,1,0,"N","","",NA,"",""
"15488",554,2,2016,1,3,"10/29/2016","Spotted_skunk",2016-10-24 04:34:06,"","","","10/24/2016","4:34:06 AM","10/24/2016","4:34:06 AM",109,111,3,1,0,"N","","",NA,"",""
"15489",554,2,2016,1,3,"10/29/2016","Spotted_skunk",2016-10-17 19:27:04,"","","","10/17/2016","7:27:04 PM","10/17/2016","8:07:15 PM",88,93,6,1,0,"N","","",NA,"",""
"15490",554,2,2016,1,3,"10/29/2016","Spotted_skunk",2016-10-19 18:48:52,"","","","10/19/2016","6:48:52 PM","10/19/2016","6:48:52 PM",94,96,3,1,0,"N","","",NA,"",""
"15491",554,2,2016,1,3,"10/29/2016","Spotted_skunk",2016-10-20 23:27:27,"","","","10/20/2016","11:27:27 PM","10/20/2016","11:27:27 PM",97,99,3,1,0,"N","","",NA,"",""
"15492",554,2,2016,1,3,"10/29/2016","Spotted_skunk",2016-10-21 02:19:14,"","","","10/21/2016","2:19:14 AM","10/21/2016","2:19:14 AM",100,102,3,1,0,"N","","",NA,"",""
"15493",554,2,2016,1,3,"10/29/2016","Spotted_skunk",2016-10-16 04:53:51,"","","","10/16/2016","4:53:51 AM","10/16/2016","4:53:51 AM",4,6,3,1,0,"N","","",NA,"",""
"15494",554,2,2016,1,3,"10/29/2016","Spotted_skunk",2016-10-17 00:30:57,"","","","10/17/2016","12:30:57 AM","10/17/2016","1:50:57 AM",10,45,36,1,0,"N","","",NA,"",""
"15495",554,2,2016,1,3,"10/29/2016","Spotted_skunk",2016-10-22 04:23:46,"","","","10/22/2016","4:23:46 AM","10/22/2016","4:23:56 AM",103,108,6,1,0,"N","","",NA,"",""
"15496",554,2,2016,1,3,"10/29/2016","Spotted_skunk",2016-10-17 03:47:18,"","","","10/17/2016","3:47:18 AM","10/17/2016","5:44:17 AM",46,84,39,1,0,"N","","",NA,"",""
"15497",554,2,2016,1,3,"10/29/2016","Spotted_skunk",2016-10-24 23:28:31,"","","","10/24/2016","11:28:31 PM","10/24/2016","11:28:31 PM",112,114,3,1,0,"N","","",NA,"",""
"15498",554,2,2016,1,3,"10/29/2016","Spotted_skunk",2016-10-16 19:50:20,"","","","10/16/2016","7:50:20 PM","10/16/2016","7:50:20 PM",7,9,3,1,0,"N","Y","",NA,"7","tree bait gone"
"15499",554,2,2016,1,3,"10/29/2016","Spotted_skunk",2016-10-26 01:19:00,"","","","10/26/2016","1:19:00 AM","10/26/2016","1:20:38 AM",124,135,12,1,0,"N","","",NA,"",""
"15500",554,2,2016,2,1,"10/1/2016","Spotted_skunk",2016-09-25 04:45:28,"","","","9/25/2016","4:45:28 AM","9/25/2016","4:47:52 AM",70,75,6,1,0,"N","","",NA,"",""
"15501",554,2,2016,2,1,"10/1/2016","Spotted_skunk",2016-09-23 21:13:00,"","","","9/23/2016","9:13:00 PM","9/23/2016","9:30:28 PM",52,66,15,1,0,"N","","",NA,"",""
"15502",554,2,2016,2,1,"10/1/2016","Spotted_skunk",2016-09-24 02:28:46,"","","","9/24/2016","2:28:46 AM","9/24/2016","2:28:48 AM",67,69,3,1,0,"N","","",NA,"",""
"15503",554,2,2016,2,1,"10/1/2016","Spotted_skunk",2016-09-28 04:55:59,"","","","9/28/2016","4:55:59 AM","9/28/2016","4:56:35 AM",211,219,9,1,0,"N","","",NA,"",""
"15504",554,2,2016,2,2,"10/13/2016","Spotted_skunk",2016-10-07 21:26:50,"","","","10/7/2016","9:26:50 PM","10/7/2016","9:26:51 PM",49,51,3,1,0,"N","","",NA,"",""
"15505",554,2,2016,2,2,"10/13/2016","Spotted_skunk",2016-10-08 21:34:11,"","","","10/8/2016","9:34:11 PM","10/8/2016","9:34:13 PM",55,57,3,1,0,"N","","",NA,"",""
"15506",554,2,2016,2,3,"10/29/2016","Spotted_skunk",2016-10-26 01:18:45,"","","","10/26/2016","1:18:45 AM","10/26/2016","1:18:56 AM",142,147,6,1,0,"N","","",NA,"",""
"15507",554,2,2016,2,3,"10/29/2016","Spotted_skunk",2016-10-18 21:50:26,"","","","10/18/2016","9:50:26 PM","10/18/2016","10:10:25 PM",4,18,15,1,0,"N","","",NA,"",""
"15508",554,2,2016,2,3,"10/29/2016","Spotted_skunk",2016-10-21 00:08:14,"","","","10/21/2016","12:08:14 AM","10/21/2016","12:08:16 AM",19,21,3,1,0,"N","","",NA,"",""
"15509",554,2,2016,2,3,"10/29/2016","Spotted_skunk",2016-10-21 03:19:16,"","","","10/21/2016","3:19:16 AM","10/21/2016","3:33:40 AM",22,27,6,1,0,"N","","",NA,"",""
"15510",554,2,2016,2,3,"10/29/2016","Spotted_skunk",2016-10-21 06:09:04,"","","","10/21/2016","6:09:04 AM","10/21/2016","6:12:24 AM",28,33,6,1,0,"N","","",NA,"",""
"15511",554,2,2016,2,3,"10/29/2016","Spotted_skunk",2016-10-21 22:08:37,"","","","10/21/2016","10:08:37 PM","10/21/2016","10:29:36 PM",34,39,6,1,0,"N","","",NA,"",""
"15512",554,2,2016,2,3,"10/29/2016","Spotted_skunk",2016-10-22 22:37:53,"","","","10/22/2016","10:37:53 PM","10/22/2016","10:46:11 PM",40,54,15,1,0,"N","","",NA,"",""
"15513",554,2,2016,2,3,"10/29/2016","Spotted_skunk",2016-10-23 00:29:18,"","","","10/23/2016","12:29:18 AM","10/23/2016","12:49:45 AM",55,75,21,1,0,"N","","",NA,"",""
"15514",554,2,2016,2,3,"10/29/2016","Spotted_skunk",2016-10-23 19:52:52,"","","","10/23/2016","7:52:52 PM","10/23/2016","8:59:17 PM",76,117,42,1,0,"N","","",NA,"",""
"15515",554,2,2016,2,3,"10/29/2016","Spotted_skunk",2016-10-24 04:41:47,"","","","10/24/2016","4:41:47 AM","10/24/2016","4:43:38 AM",118,132,15,1,0,"N","","",NA,"",""
"15516",554,2,2016,2,3,"10/29/2016","Spotted_skunk",2016-10-25 01:52:43,"","","","10/25/2016","1:52:43 AM","10/25/2016","1:52:44 AM",133,135,3,1,0,"N","","",NA,"",""
"15517",554,2,2016,3.1,2,"10/13/2016","Spotted_skunk",2016-10-08 22:20:56,"","","","10/8/2016","10:20:56 PM","10/8/2016","10:20:56 PM",61,63,3,1,0,"N","","",NA,"",""
"15518",554,2,2016,3.1,3,"10/29/2016","Spotted_skunk",2016-10-19 02:35:01,"","","","10/19/2016","2:35:01 AM","10/19/2016","2:35:11 AM",13,18,6,1,0,"N","","",NA,"",""
"15519",554,2,2016,3.1,3,"10/29/2016","Spotted_skunk",2016-10-21 22:06:36,"","","","10/21/2016","10:06:36 PM","10/21/2016","10:11:40 PM",19,24,6,1,0,"N","","",NA,"",""
"15520",555,1,2014,1,1,"10/9/2014","Spotted_skunk",2014-10-06 05:45:17,"","","","10/6/2014","5:45:17 AM","10/6/2014","5:45:19 AM",31,33,3,1,0,"N","","",NA,"",""
"15521",555,1,2014,1,1,"10/9/2014","Spotted_skunk",2014-10-04 05:05:03,"","","","10/4/2014","5:05:03 AM","10/4/2014","5:12:08 AM",7,21,15,1,0,"N","","",NA,"",""
"15522",555,1,2014,1,1,"10/9/2014","Spotted_skunk",2014-10-04 06:49:28,"","","","10/4/2014","6:49:28 AM","10/4/2014","6:49:30 AM",22,24,3,1,0,"N","","",NA,"",""
"15523",555,1,2014,1,1,"10/9/2014","Spotted_skunk",2014-10-04 22:13:28,"","","","10/4/2014","10:13:28 PM","10/4/2014","10:13:43 PM",25,30,6,1,0,"N","","",NA,"","#30 last of bait"
"15524",555,1,2014,1,2,"10/23/2014","Spotted_skunk",2014-10-16 05:06:15,"","","","10/16/2014","5:06:15 AM","10/16/2014","5:06:17 AM",10,12,3,1,0,"N","","",NA,"",""
"15525",555,1,2014,1,3,"11/6/2014","Spotted_skunk",2014-11-01 01:25:41,"","","","11/1/2014","1:25:41 AM","11/1/2014","1:31:44 AM",40,45,6,1,0,"N","","",NA,"",""
"15526",555,1,2014,1,3,"11/6/2014","Spotted_skunk",2014-11-01 00:05:16,"","","","11/1/2014","12:05:16 AM","11/1/2014","12:05:18 AM",37,39,3,1,0,"N","","",NA,"",""
"15527",555,1,2014,1,3,"11/6/2014","Spotted_skunk",2014-10-30 04:01:30,"","","","10/30/2014","4:01:30 AM","10/30/2014","4:12:12 AM",19,27,9,1,0,"N","","",NA,"",""
"15528",555,1,2014,1,3,"11/6/2014","Spotted_skunk",2014-10-31 04:57:36,"","","","10/31/2014","4:57:36 AM","10/31/2014","4:57:38 AM",34,36,3,1,0,"N","","",NA,"",""
"15529",555,1,2014,1,3,"11/6/2014","Spotted_skunk",2014-10-31 02:03:04,"","","","10/31/2014","2:03:04 AM","10/31/2014","2:03:05 AM",31,33,3,1,0,"N","","",NA,"",""
"15530",555,1,2014,1,3,"11/6/2014","Spotted_skunk",2014-10-30 06:04:00,"","","","10/30/2014","6:04:00 AM","10/30/2014","6:04:01 AM",28,30,3,1,0,"N","","",NA,"",""
"15531",555,1,2014,1,3,"11/6/2014","Spotted_skunk",2014-11-02 00:09:04,"","","","11/2/2014","12:09:04 AM","11/2/2014","1:31:44 AM",46,57,12,1,0,"N","","",NA,"","#49 tree bait gone"
"15532",555,1,2014,2,1,"10/9/2014","Spotted_skunk",2014-10-02 00:49:11,"","","","10/2/2014","12:49:11 AM","10/2/2014","5:59:40 AM",43,60,18,1,0,"N","","",NA,"",""
"15533",555,1,2014,2,3,"11/6/2014","Spotted_skunk",2014-11-03 01:13:08,"","","","11/3/2014","1:13:08 AM","11/3/2014","1:13:10 AM",28,30,3,1,0,"N","","",NA,"",""
"15534",555,2,2016,1,1,"10/1/2016","Spotted_skunk",2016-09-23 01:37:20,"","","","9/23/2016","1:37:20 AM","9/23/2016","2:35:29 AM",25,51,27,1,0,"N","","",NA,"",""
"15535",555,2,2016,1,1,"10/1/2016","Spotted_skunk",2016-09-29 21:09:00,"","","","9/29/2016","9:09:00 PM","9/29/2016","9:12:35 PM",124,138,15,1,0,"N","","",NA,"",""
"15536",555,2,2016,1,1,"10/1/2016","Spotted_skunk",2016-09-24 05:20:11,"","","","9/24/2016","5:20:11 AM","9/24/2016","5:44:20 AM",52,96,45,1,0,"N","","",NA,"",""
"15537",555,2,2016,1,2,"10/13/2016","Spotted_skunk",2016-10-12 05:50:34,"","","","10/12/2016","5:50:34 AM","10/12/2016","6:05:05 AM",91,102,12,1,0,"N","","",NA,"",""
"15538",555,2,2016,1,2,"10/13/2016","Spotted_skunk",2016-10-12 01:43:47,"","","","10/12/2016","1:43:47 AM","10/12/2016","2:09:29 AM",70,90,21,1,0,"N","","Y",NA,"86","snare bait taken"
"15539",555,2,2016,1,2,"10/13/2016","Spotted_skunk",2016-10-11 06:10:38,"","","","10/11/2016","6:10:38 AM","10/11/2016","6:11:08 AM",58,63,6,1,0,"N","","",NA,"",""
"15540",555,2,2016,1,3,"10/29/2016","Spotted_skunk",2016-10-14 06:46:33,"","","","10/14/2016","6:46:33 AM","10/14/2016","6:55:40 AM",7,12,6,1,0,"N","","",NA,"",""
"15541",555,2,2016,1,3,"10/29/2016","Spotted_skunk",2016-10-18 20:20:21,"","","","10/18/2016","8:20:21 PM","10/18/2016","8:20:41 PM",61,66,6,1,0,"N","","",NA,"",""
"15542",555,2,2016,1,3,"10/29/2016","Spotted_skunk",2016-10-23 00:23:19,"","","","10/23/2016","12:23:19 AM","10/23/2016","12:24:18 AM",91,99,9,1,NA,"N","","",NA,"",""
"15543",555,2,2016,1,3,"10/29/2016","Spotted_skunk",2016-10-15 07:08:28,"","","","10/15/2016","7:08:28 AM","10/15/2016","7:14:03 AM",13,18,6,1,0,"N","","",NA,"",""
"15544",555,2,2016,1,3,"10/29/2016","Spotted_skunk",2016-10-18 00:39:19,"","","","10/18/2016","12:39:19 AM","10/18/2016","12:56:40 AM",46,60,15,1,0,"N","","",NA,"",""
"15545",555,2,2016,1,3,"10/29/2016","Spotted_skunk",2016-10-16 01:37:21,"","","","10/16/2016","1:37:21 AM","10/16/2016","1:38:06 AM",25,33,9,1,0,"N","","",NA,"",""
"15546",555,2,2016,1,3,"10/29/2016","Spotted_skunk",2016-10-16 05:52:46,"","","","10/16/2016","5:52:46 AM","10/16/2016","6:02:15 AM",34,39,6,1,0,"N","Y","",NA,"39","bait gone"
"15547",555,2,2016,1,3,"10/29/2016","Spotted_skunk",2016-10-22 02:08:04,"","","","10/22/2016","2:08:04 AM","10/22/2016","2:08:29 AM",76,81,6,1,0,"N","","",NA,"",""
"15548",555,2,2016,1,3,"10/29/2016","Spotted_skunk",2016-10-22 22:31:16,"","","","10/22/2016","10:31:16 PM","10/22/2016","10:39:32 PM",82,90,9,1,0,"N","","",NA,"",""
"15549",555,2,2016,1,3,"10/29/2016","Spotted_skunk",2016-10-23 04:55:07,"","","","10/23/2016","4:55:07 AM","10/23/2016","4:55:30 AM",100,105,6,1,0,"N","","",NA,"",""
"15550",555,2,2016,2,1,"10/1/2016","Spotted_skunk",2016-10-01 04:50:02,"","","","10/1/2016","4:50:02 AM","10/1/2016","5:10:42 AM",133,159,27,1,0,"N","","",NA,"",""
"15551",555,2,2016,2.1,2,"10/13/2016","Spotted_skunk",2016-10-09 03:54:07,"","","","10/9/2016","3:54:07 AM","10/9/2016","4:18:41 AM",91,108,18,1,0,"N","","",NA,"",""
"15552",555,2,2016,2.1,2,"10/13/2016","Spotted_skunk",2016-10-02 04:59:29,"","","","10/2/2016","4:59:29 AM","10/2/2016","5:05:56 AM",31,45,15,1,0,"N","","",NA,"",""
"15553",555,2,2016,2.1,2,"10/13/2016","Spotted_skunk",2016-10-08 05:03:48,"","","","10/8/2016","5:03:48 AM","10/8/2016","5:03:49 AM",88,90,3,1,0,"N","","",NA,"",""
"15554",555,2,2016,2.1,2,"10/13/2016","Spotted_skunk",2016-10-06 20:57:18,"","","","10/6/2016","8:57:18 PM","10/6/2016","8:58:25 PM",79,87,9,1,0,"N","","",NA,"",""
"15555",555,2,2016,2.1,2,"10/13/2016","Spotted_skunk",2016-10-10 05:33:07,"","","","10/10/2016","5:33:07 AM","10/10/2016","5:34:58 AM",109,120,12,1,0,"N","","",NA,"",""
"15556",555,2,2016,2.1,2,"10/13/2016","Spotted_skunk",2016-10-10 22:04:41,"","","","10/10/2016","10:04:41 PM","10/10/2016","10:18:07 PM",121,129,9,1,0,"N","Y","",NA,"121","bait gone"
"15557",555,2,2016,2.1,2,"10/13/2016","Spotted_skunk",2016-10-04 05:40:47,"","","","10/4/2016","5:40:47 AM","10/4/2016","5:41:28 AM",46,51,6,1,0,"N","","",NA,"",""
"15558",555,2,2016,2.1,2,"10/13/2016","Spotted_skunk",2016-10-13 05:43:32,"","","","10/13/2016","5:43:32 AM","10/13/2016","5:44:05 AM",139,144,6,1,0,"N","","",NA,"",""
"15559",555,2,2016,2.1,2,"10/13/2016","Spotted_skunk",2016-10-12 19:25:11,"","","","10/12/2016","7:25:11 PM","10/12/2016","7:25:12 PM",133,135,3,1,0,"N","","",NA,"",""
"15560",555,2,2016,2.1,3,"10/29/2016","Spotted_skunk",2016-10-17 05:03:16,"","","","10/17/2016","5:03:16 AM","10/17/2016","5:05:33 AM",148,156,9,1,0,"N","","Y",NA,"156","skunk in TCB"
"15561",555,2,2016,2.1,3,"10/29/2016","Spotted_skunk",2016-10-16 04:34:47,"","","","10/16/2016","4:34:47 AM","10/16/2016","4:34:48 AM",16,18,3,1,0,"N","","",NA,"",""
"15562",555,2,2016,2.1,3,"10/29/2016","Spotted_skunk",2016-10-16 19:27:31,"","","","10/16/2016","7:27:31 PM","10/16/2016","7:41:05 PM",19,27,9,1,0,"N","","",NA,"",""
"15563",555,2,2016,2.1,3,"10/29/2016","Spotted_skunk",2016-10-16 02:41:24,"","","","10/16/2016","2:41:24 AM","10/16/2016","2:43:02 AM",10,15,6,1,0,"N","","",NA,"",""
"15564",555,2,2016,2.1,3,"10/29/2016","Spotted_skunk",2016-10-19 01:01:02,"","","","10/19/2016","1:01:02 AM","10/19/2016","1:01:42 AM",235,240,6,1,0,"N","","",NA,"",""
"15565",555,2,2016,3,3,"10/29/2016","Spotted_skunk",2016-10-29 01:26:04,"","","","10/29/2016","1:26:04 AM","10/29/2016","1:26:06 AM",40,42,3,1,0,"N","","",NA,"",""
"15566",557,1,2015,1,3,"7/14/2015","Spotted_skunk",2015-07-08 03:47:53,"","","","7/8/2015","3:47:53 AM","7/8/2015","3:47:53 AM",4,6,3,1,0,"N","","",NA,"",""
"15567",557,1,2015,2,3,"7/14/2015","Spotted_skunk",2015-07-09 02:15:06,"","","","7/9/2015","2:15:06 AM","7/9/2015","2:16:49 AM",10,21,12,1,0,"N","","",NA,"",""
"15568",557,1,2015,3,1,"6/16/2015","Spotted_skunk",2015-06-08 23:20:21,"","","","6/8/2015","11:20:21 PM","6/8/2015","11:22:04 PM",28,33,6,1,0,"N","","",NA,"",""
"15569",558,2,2016,1,1,"6/7/2016","Spotted_skunk",2016-06-03 10:00:33,"","","","6/3/2016","10:00:33 AM","6/3/2016","10:00:34 AM",49,51,3,1,0,"N","","",NA,"",""
"15570",558,2,2016,2,1,"6/7/2016","Spotted_skunk",2016-06-02 22:21:26,"","","","6/2/2016","10:21:26 PM","6/2/2016","10:28:29 PM",325,336,12,1,0,"N","","",NA,"",""
"15571",558,2,2016,2,1,"6/7/2016","Spotted_skunk",2016-06-05 03:11:00,"","","","6/5/2016","3:11:00 AM","6/5/2016","3:37:37 AM",337,366,30,1,0,"N","","",NA,"",""
"15572",558,2,2016,2,1,"6/7/2016","Spotted_skunk",2016-06-01 22:26:59,"","","","6/1/2016","10:26:59 PM","6/1/2016","10:56:58 PM",313,324,12,1,0,"N","","",NA,"",""
"15573",558,2,2016,2,1,"6/7/2016","Spotted_skunk",2016-05-31 22:54:48,"","","","5/31/2016","10:54:48 PM","5/31/2016","11:27:16 PM",298,312,15,1,0,"N","","",NA,"",""
"15574",558,2,2016,2,1,"6/7/2016","Spotted_skunk",2016-05-30 23:59:11,"","","","5/30/2016","11:59:11 PM","5/31/2016","12:33:34 AM",271,297,27,1,0,"N","","",NA,"",""
"15575",558,2,2016,2,1,"6/7/2016","Spotted_skunk",2016-05-30 00:27:49,"","","","5/30/2016","12:27:49 AM","5/30/2016","1:09:10 AM",235,270,36,1,0,"N","","",NA,"",""
"15576",558,2,2016,2,1,"6/7/2016","Spotted_skunk",2016-05-29 03:46:43,"","","","5/29/2016","3:46:43 AM","5/29/2016","4:15:53 AM",208,234,27,1,0,"N","","",NA,"",""
"15577",558,2,2016,2,1,"6/7/2016","Spotted_skunk",2016-05-28 23:43:19,"","","","5/28/2016","11:43:19 PM","5/29/2016","12:22:48 AM",184,207,24,1,0,"N","","",NA,"",""
"15578",558,2,2016,2,1,"6/7/2016","Spotted_skunk",2016-05-28 01:37:38,"","","","5/28/2016","1:37:38 AM","5/28/2016","1:56:20 AM",169,183,15,1,0,"N","","",NA,"",""
"15579",558,2,2016,2,1,"6/7/2016","Spotted_skunk",2016-05-27 23:26:26,"","","","5/27/2016","11:26:26 PM","5/27/2016","11:53:10 PM",106,168,63,1,0,"N","","",NA,"",""
"15580",558,2,2016,2,1,"6/7/2016","Spotted_skunk",2016-05-27 04:09:12,"","","","5/27/2016","4:09:12 AM","5/27/2016","4:33:58 AM",85,105,21,1,0,"N","","",NA,"",""
"15581",558,2,2016,2,1,"6/7/2016","Spotted_skunk",2016-05-27 01:23:26,"","","","5/27/2016","1:23:26 AM","5/27/2016","2:06:22 AM",37,84,48,1,0,"N","","",NA,"",""
"15582",558,2,2016,2,1,"6/7/2016","Spotted_skunk",2016-06-07 03:45:39,"","","","6/7/2016","3:45:39 AM","6/7/2016","3:52:50 AM",367,378,12,1,0,"N","","",NA,"",""
"15583",558,2,2016,2,2,"6/21/2016","Spotted_skunk",2016-06-09 23:22:56,"","","","6/9/2016","11:22:56 PM","6/9/2016","11:57:57 PM",7,12,6,1,0,"N","","",NA,"",""
"15584",558,2,2016,2,2,"6/21/2016","Spotted_skunk",2016-06-11 23:08:59,"","","","6/11/2016","11:08:59 PM","6/11/2016","11:28:30 PM",85,99,15,1,0,"N","","",NA,"",""
"15585",558,2,2016,2,2,"6/21/2016","Spotted_skunk",2016-06-20 23:32:27,"","","","6/20/2016","11:32:27 PM","6/20/2016","11:32:28 PM",130,132,3,1,0,"N","","",NA,"",""
"15586",558,2,2016,2,2,"6/21/2016","Spotted_skunk",2016-06-16 04:13:39,"","","","6/16/2016","4:13:39 AM","6/16/2016","4:13:41 AM",127,129,3,1,0,"N","","",NA,"",""
"15587",558,2,2016,2,2,"6/21/2016","Spotted_skunk",2016-06-12 02:49:41,"","","","6/12/2016","2:49:41 AM","6/12/2016","3:42:33 AM",100,117,18,1,0,"N","","",NA,"",""
"15588",558,2,2016,2,2,"6/21/2016","Spotted_skunk",2016-06-11 04:04:38,"","","","6/11/2016","4:04:38 AM","6/11/2016","4:32:32 AM",61,84,24,1,0,"N","Y","",NA,"76","bait gone"
"15589",558,2,2016,2,2,"6/21/2016","Spotted_skunk",2016-06-11 01:01:22,"","","","6/11/2016","1:01:22 AM","6/11/2016","1:21:16 AM",43,60,18,1,0,"N","","",NA,"",""
"15590",558,2,2016,2,2,"6/21/2016","Spotted_skunk",2016-06-10 02:17:48,"","","","6/10/2016","2:17:48 AM","6/10/2016","2:32:40 AM",13,21,9,1,0,"N","","",NA,"",""
"15591",558,2,2016,2,2,"6/21/2016","Spotted_skunk",2016-06-14 01:53:08,"","","","6/14/2016","1:53:08 AM","6/14/2016","1:53:35 AM",118,123,6,1,0,"N","","",NA,"",""
"15592",558,2,2016,2,2,"6/21/2016","Spotted_skunk",2016-06-10 23:06:40,"","","","6/10/2016","11:06:40 PM","6/10/2016","11:29:59 PM",22,42,21,1,0,"N","","",NA,"",""
"15593",558,2,2016,2,3,"7/5/2016","Spotted_skunk",2016-06-23 02:33:22,"","","","6/23/2016","2:33:22 AM","6/23/2016","2:58:36 AM",10,18,9,1,0,"N","","",NA,"",""
"15594",558,2,2016,2,3,"7/5/2016","Spotted_skunk",2016-06-23 03:59:04,"","","","6/23/2016","3:59:04 AM","6/23/2016","4:06:33 AM",19,24,6,1,0,"N","","",NA,"",""
"15595",558,2,2016,2,3,"7/5/2016","Spotted_skunk",2016-06-23 22:35:43,"","","","6/23/2016","10:35:43 PM","6/23/2016","10:53:42 PM",25,33,9,1,0,"N","","",NA,"",""
"15596",558,2,2016,2,3,"7/5/2016","Spotted_skunk",2016-06-24 00:11:43,"","","","6/24/2016","12:11:43 AM","6/24/2016","12:18:09 AM",34,39,6,1,0,"N","","",NA,"",""
"15597",558,2,2016,2,3,"7/5/2016","Spotted_skunk",2016-07-04 03:07:05,"","","","7/4/2016","3:07:05 AM","7/4/2016","3:07:07 AM",109,111,3,1,0,"N","","",NA,"",""
"15598",558,2,2016,2,3,"7/5/2016","Spotted_skunk",2016-06-25 23:33:57,"","","","6/25/2016","11:33:57 PM","6/25/2016","11:43:24 PM",64,69,6,1,0,"N","","",NA,"",""
"15599",558,2,2016,2,3,"7/5/2016","Spotted_skunk",2016-06-28 03:08:18,"","","","6/28/2016","3:08:18 AM","6/28/2016","3:08:31 AM",100,105,6,1,0,"N","","",NA,"",""
"15600",558,2,2016,2,3,"7/5/2016","Spotted_skunk",2016-06-27 03:44:37,"","","","6/27/2016","3:44:37 AM","6/27/2016","3:45:10 AM",94,99,6,1,0,"N","","",NA,"",""
"15601",558,2,2016,2,3,"7/5/2016","Spotted_skunk",2016-06-27 00:39:51,"","","","6/27/2016","12:39:51 AM","6/27/2016","12:40:09 AM",88,93,6,1,0,"N","","",NA,"",""
"15602",558,2,2016,2,3,"7/5/2016","Spotted_skunk",2016-06-26 03:11:03,"","","","6/26/2016","3:11:03 AM","6/26/2016","3:29:11 AM",70,87,18,1,0,"N","Y","",NA,"79","skunk has bait"
"15603",558,2,2016,2,3,"7/5/2016","Spotted_skunk",2016-06-25 00:34:14,"","","","6/25/2016","12:34:14 AM","6/25/2016","12:49:00 AM",49,60,12,1,0,"N","","",NA,"",""
"15604",558,2,2016,2,3,"7/5/2016","Spotted_skunk",2016-06-24 02:45:55,"","","","6/24/2016","2:45:55 AM","6/24/2016","3:01:46 AM",43,48,6,1,0,"N","","",NA,"",""
"15605",559,1,2014,2,2,"8/27/2014","Spotted_skunk",2014-08-17 22:38:46,"","","","8/17/2014","10:38:46 PM","8/17/2014","10:38:48 PM",22,24,3,1,0,"N","","",NA,"",""
"15606",559,1,2014,3,3,"9/10/2014","Spotted_skunk",2014-09-03 00:26:11,"","","","9/3/2014","12:26:11 AM","9/3/2014","12:26:12 AM",31,33,3,1,NA,"","","",NA,"",""
"15607",559,1,2014,3,3,"9/10/2014","Spotted_skunk",2014-09-02 23:19:55,"","","","9/2/2014","11:19:55 PM","9/2/2014","11:33:21 PM",19,30,12,1,NA,"","","",NA,"",""
"15608",559,2,2016,3,2,"6/26/2016","Spotted_skunk",2016-06-22 00:36:04,"","","","6/22/2016","12:36:04 AM","6/22/2016","12:36:06 AM",169,171,3,1,0,"N","","",NA,"",""
"15609",560,2,2015,3,3,"8/19/2015","Spotted_skunk",2015-08-19 00:08:08,"","","","8/19/2015","12:08:08 AM","8/19/2015","12:08:09 AM",94,96,3,1,0,"N","","",NA,"",""
"15610",560,2,2015,3,3,"8/19/2015","Spotted_skunk",2015-08-18 22:37:31,"","","","8/18/2015","10:37:31 PM","8/18/2015","10:39:44 PM",88,93,6,1,0,"N","","",NA,"",""
"15611",560,2,2015,3,3,"8/19/2015","Spotted_skunk",2015-08-17 04:53:36,"","","","8/17/2015","4:53:36 AM","8/17/2015","4:53:37 AM",85,87,3,1,0,"N","","",NA,"",""
"15612",560,2,2015,3,3,"8/19/2015","Spotted_skunk",2015-08-17 02:53:50,"","","","8/17/2015","2:53:50 AM","8/17/2015","3:42:46 AM",70,84,15,1,0,"N","","",NA,"",""
"15613",560,2,2015,3,3,"8/19/2015","Spotted_skunk",2015-08-17 00:46:25,"","","","8/17/2015","12:46:25 AM","8/17/2015","1:25:15 AM",19,69,51,2,0,"N","","",NA,"",""
"15614",560,2,2015,3,3,"8/19/2015","Spotted_skunk",2015-08-19 03:10:47,"","","","8/19/2015","3:10:47 AM","8/19/2015","3:11:21 AM",97,102,6,1,0,"N","","",NA,"",""
"15615",561,1,2014,2,3,"10/30/2014","Spotted_skunk",2014-10-26 01:35:54,"","","","10/26/2014","1:35:54 AM","10/26/2014","1:35:56 AM",25,27,3,1,0,"N","","",NA,"","change to Oct 2014, subtract 4 days and 8 hrs"
"15616",561,1,2014,3,1,"10/1/2014","Spotted_skunk",2014-09-21 00:12:26,"","","","9/21/2014","12:12:26 AM","9/21/2014","12:12:28 AM",52,54,3,1,0,"N","","",NA,"",""
"15617",561,1,2014,3,1,"10/1/2014","Spotted_skunk",2014-09-21 01:40:39,"","","","9/21/2014","1:40:39 AM","9/21/2014","1:40:41 AM",55,57,3,1,0,"N","","",NA,"",""
"15618",561,1,2014,3,1,"10/1/2014","Spotted_skunk",2014-09-21 21:58:41,"","","","9/21/2014","9:58:41 PM","9/21/2014","9:58:43 PM",61,63,3,1,0,"N","","",NA,"",""
"15619",561,1,2014,3,1,"10/1/2014","Spotted_skunk",2014-09-25 03:26:12,"","","","9/25/2014","3:26:12 AM","9/25/2014","3:26:13 AM",73,75,3,1,0,"N","","",NA,"",""
"15620",561,2,2016,3,1,"7/20/2016","Spotted_skunk",2016-07-18 03:19:00,"","","","7/18/2016","3:19:00 AM","7/18/2016","3:19:30 AM",58,63,6,1,0,"N","","",NA,"",""
"15621",561,2,2016,3,1,"7/20/2016","Spotted_skunk",2016-07-12 01:47:17,"","","","7/12/2016","1:47:17 AM","7/12/2016","1:47:37 AM",34,39,6,1,0,"N","","",NA,"",""
"15622",561,2,2016,3,2,"8/4/2016","Spotted_skunk",2016-08-03 22:37:07,"","","","8/3/2016","10:37:07 PM","8/3/2016","10:42:46 PM",139,156,18,1,0,"N","","",NA,"",""
"15623",561,2,2016,3,2,"8/4/2016","Spotted_skunk",2016-07-25 22:31:50,"","","","7/25/2016","10:31:50 PM","7/25/2016","10:31:51 PM",55,57,3,1,0,"N","","",NA,"",""
"15624",561,2,2016,3,2,"8/4/2016","Spotted_skunk",2016-07-25 03:17:14,"","","","7/25/2016","3:17:14 AM","7/25/2016","3:20:14 AM",43,51,9,1,0,"N","","",NA,"",""
"15625",561,2,2016,3,2,"8/4/2016","Spotted_skunk",2016-07-30 01:39:18,"","","","7/30/2016","1:39:18 AM","7/30/2016","1:43:20 AM",64,72,9,1,0,"N","","",NA,"",""
"15626",561,2,2016,3,3,"8/18/2016","Spotted_skunk",2016-08-16 02:36:01,"","","","8/16/2016","2:36:01 AM","8/16/2016","2:36:03 AM",106,108,3,1,0,"N","","",NA,"",""
"15627",561,2,2016,3,3,"8/18/2016","Spotted_skunk",2016-08-15 02:26:20,"","","","8/15/2016","2:26:20 AM","8/15/2016","2:27:01 AM",100,105,6,1,0,"N","","",NA,"",""
"15628",561,2,2016,3,3,"8/18/2016","Spotted_skunk",2016-08-13 01:51:05,"","","","8/13/2016","1:51:05 AM","8/13/2016","2:35:38 AM",94,99,6,1,0,"N","","",NA,"",""
"15629",561,2,2016,3,3,"8/18/2016","Spotted_skunk",2016-08-10 01:08:33,"","","","8/10/2016","1:08:33 AM","8/10/2016","1:08:35 AM",88,90,3,1,0,"N","","",NA,"",""
"15630",561,2,2016,3,3,"8/18/2016","Spotted_skunk",2016-08-08 00:43:12,"","","","8/8/2016","12:43:12 AM","8/8/2016","12:50:27 AM",64,72,9,1,0,"N","","",NA,"",""
"15631",561,2,2016,3,3,"8/18/2016","Spotted_skunk",2016-08-07 01:23:24,"","","","8/7/2016","1:23:24 AM","8/7/2016","1:23:26 AM",58,60,3,1,0,"N","","",NA,"",""
"15632",561,2,2016,3,3,"8/18/2016","Spotted_skunk",2016-08-05 22:16:07,"","","","8/5/2016","10:16:07 PM","8/5/2016","11:35:08 PM",19,51,33,1,0,"N","","",NA,"",""
"15633",561,2,2016,3,3,"8/18/2016","Spotted_skunk",2016-08-08 03:19:54,"","","","8/8/2016","3:19:54 AM","8/8/2016","3:28:25 AM",73,81,9,1,0,"N","","",NA,"",""
"15634",562,2,2015,1,1,"9/30/2015","Spotted_skunk",2015-09-19 01:33:10,"","","","9/19/2015","1:33:10 AM","9/19/2015","1:33:12 AM",232,234,3,1,0,"N","","",NA,"",""
"15635",562,2,2015,1,1,"9/30/2015","Spotted_skunk",2015-09-19 00:05:30,"","","","9/19/2015","12:05:30 AM","9/19/2015","12:23:28 AM",196,228,33,1,0,"N","","",NA,"",""
"15636",562,2,2015,1,1,"9/30/2015","Spotted_skunk",2015-09-18 23:57:16,"","","","9/18/2015","11:57:16 PM","9/18/2015","11:59:57 PM",190,195,6,1,0,"N","","",NA,"",""
"15637",562,2,2015,1,1,"9/30/2015","Spotted_skunk",2015-09-18 18:36:19,"","","","9/18/2015","6:36:19 PM","9/18/2015","6:58:29 PM",145,171,27,1,0,"N","","",NA,"",""
"15638",562,2,2015,1,1,"9/30/2015","Spotted_skunk",2015-09-18 03:00:28,"","","","9/18/2015","3:00:28 AM","9/18/2015","3:21:28 AM",88,144,57,1,0,"N","","",NA,"",""
"15639",562,2,2015,1,1,"9/30/2015","Spotted_skunk",2015-09-25 02:08:14,"","","","9/25/2015","2:08:14 AM","9/25/2015","2:08:15 AM",286,288,3,1,0,"N","","",NA,"",""
"15640",562,2,2015,1,2,"10/12/2015","Spotted_skunk",2015-10-09 22:57:17,"","","","10/9/2015","10:57:17 PM","10/9/2015","10:57:33 PM",241,246,6,1,0,"N","","",NA,"",""
"15641",562,2,2015,1,2,"10/12/2015","Spotted_skunk",2015-10-12 02:43:33,"","","","10/12/2015","2:43:33 AM","10/12/2015","2:43:47 AM",271,276,6,1,0,"N","","",NA,"",""
"15642",562,2,2015,1,2,"10/12/2015","Spotted_skunk",2015-10-11 01:26:19,"","","","10/11/2015","1:26:19 AM","10/11/2015","1:26:51 AM",256,267,12,1,0,"N","","",NA,"",""
"15643",562,2,2015,1,3,"10/26/2015","Spotted_skunk",2015-10-17 21:14:35,"","","","10/17/2015","9:14:35 PM","10/17/2015","9:17:55 PM",103,108,6,1,0,"N","","",NA,"",""
"15644",562,2,2015,1,3,"10/26/2015","Spotted_skunk",2015-10-15 20:50:52,"","","","10/15/2015","8:50:52 PM","10/15/2015","9:01:28 PM",58,63,6,1,0,"N","","",NA,"",""
"15645",562,2,2015,1,3,"10/26/2015","Spotted_skunk",2015-10-16 22:40:21,"","","","10/16/2015","10:40:21 PM","10/16/2015","10:43:57 PM",85,96,12,1,0,"N","","",NA,"",""
"15646",563,1,2013,2,3,"9/27/2013","Spotted_skunk",2013-09-15 01:38:36,"","","","9/15/2013","1:38:36 AM","9/15/2013","1:38:37 AM",17,18,2,1,0,"N","","",NA,"",""
"15647",600,1,2013,1,1,"9/27/2013","Spotted_skunk",2013-09-19 00:09:50,"","","","9/19/2013","12:09:50 AM","9/19/2013","12:09:51 AM",247,249,3,1,0,"N","","",0,"none",""
"15648",600,1,2013,1,1,"9/27/2013","Spotted_skunk",2013-09-19 03:14:17,"","","","9/19/2013","3:14:17 AM","9/19/2013","4:06:02 AM",250,276,27,1,0,"N","","Y",0,"266, spotted skunk in cubby",""
"15649",600,1,2013,1,1,"9/27/2013","Spotted_skunk",2013-09-20 01:37:05,"","","","9/20/2013","1:37:05 AM","9/20/2013","1:38:05 AM",277,282,6,1,0,"N","","",0,"none",""
"15650",600,1,2013,1,1,"9/27/2013","Spotted_skunk",2013-09-24 19:25:15,"","","","9/24/2013","7:25:15 PM","9/24/2013","7:25:17 PM",289,291,3,1,0,"N","","",0,"none",""
"15651",600,1,2013,1,1,"9/27/2013","Spotted_skunk",2013-09-21 23:44:37,"","","","9/21/2013","11:44:37 PM","9/21/2013","11:44:39 PM",286,288,3,1,0,"N","","",0,"none",""
"15652",600,1,2013,1,1,"9/27/2013","Spotted_skunk",2013-09-15 22:12:07,"","","","9/15/2013","10:12:07 PM","9/15/2013","10:16:12 PM",151,159,9,1,0,"N","","",0,"none",""
"15653",600,1,2013,1,1,"9/27/2013","Spotted_skunk",2013-09-14 03:27:02,"","","","9/14/2013","3:27:02 AM","9/14/2013","4:06:33 AM",10,36,27,1,0,"N","","",0,"none",""
"15654",600,1,2013,1,1,"9/27/2013","Spotted_skunk",2013-09-14 05:41:15,"","","","9/14/2013","5:41:15 AM","9/14/2013","6:28:47 AM",37,78,42,1,0,"N","","",0,"none",""
"15655",600,1,2013,1,1,"9/27/2013","Spotted_skunk",2013-09-17 22:20:19,"","","","9/17/2013","10:20:19 PM","9/17/2013","11:07:38 PM",226,234,9,1,0,"N","","",0,"none",""
"15656",600,1,2013,1,1,"9/27/2013","Spotted_skunk",2013-09-18 03:40:15,"","","","9/18/2013","3:40:15 AM","9/18/2013","3:56:36 AM",235,240,6,1,0,"N","","",0,"none",""
"15657",600,1,2013,1,1,"9/27/2013","Spotted_skunk",2013-09-16 02:23:27,"","","","9/16/2013","2:23:27 AM","9/16/2013","2:23:29 AM",160,162,3,1,0,"N","","",0,"none",""
"15658",600,1,2013,1,1,"9/27/2013","Spotted_skunk",2013-09-17 20:54:17,"","","","9/17/2013","8:54:17 PM","9/17/2013","8:54:34 PM",220,225,6,1,0,"N","","",0,"none",""
"15659",600,1,2013,1,1,"9/27/2013","Spotted_skunk",2013-09-15 03:19:07,"","","","9/15/2013","3:19:07 AM","9/15/2013","6:09:44 AM",79,126,48,1,0,"N","","",0,"none",""
"15660",600,1,2013,1,1,"9/27/2013","Spotted_skunk",2013-09-17 05:04:58,"","","","9/17/2013","5:04:58 AM","9/17/2013","5:26:05 AM",202,216,15,1,0,"N","","",0,"none",""
"15661",600,1,2013,1,1,"9/27/2013","Spotted_skunk",2013-09-17 03:01:22,"","","","9/17/2013","3:01:22 AM","9/17/2013","3:16:23 AM",190,201,12,1,0,"N","","",0,"none",""
"15662",600,1,2013,1,1,"9/27/2013","Spotted_skunk",2013-09-17 01:16:39,"","","","9/17/2013","1:16:39 AM","9/17/2013","1:27:20 AM",178,189,12,1,0,"N","","",0,"none",""
"15663",600,1,2013,1,1,"9/27/2013","Spotted_skunk",2013-09-16 20:35:51,"","","","9/16/2013","8:35:51 PM","9/16/2013","8:43:48 PM",169,177,9,1,0,"N","","",0,"none",""
"15664",600,1,2013,1,2,"10/19/2013","Spotted_skunk",2013-10-09 04:00:10,"","","","10/9/2013","4:00:10 AM","10/9/2013","4:01:25 AM",208,222,15,1,0,"N","","",NA,"",""
"15665",600,1,2013,1,2,"10/19/2013","Spotted_skunk",2013-10-14 20:17:46,"","","","10/14/2013","8:17:46 PM","10/14/2013","8:18:05 PM",253,258,6,1,0,"N","","",NA,"",""
"15666",600,1,2013,1,2,"10/19/2013","Spotted_skunk",2013-10-11 20:38:26,"","","","10/11/2013","8:38:26 PM","10/11/2013","8:39:10 PM",229,237,9,1,0,"N","","",NA,"",""
"15667",600,1,2013,1,2,"10/19/2013","Spotted_skunk",2013-10-09 02:18:30,"","","","10/9/2013","2:18:30 AM","10/9/2013","2:18:31 AM",205,207,3,1,0,"N","","",NA,"",""
"15668",600,1,2013,1,2,"10/19/2013","Spotted_skunk",2013-10-01 05:46:24,"","","","10/1/2013","5:46:24 AM","10/1/2013","6:28:35 AM",16,27,12,1,0,"N","","",NA,"",""
"15669",600,1,2013,1,2,"10/19/2013","Spotted_skunk",2013-10-01 19:35:16,"","","","10/1/2013","7:35:16 PM","10/1/2013","7:35:41 PM",28,33,6,1,0,"N","","",NA,"",""
"15670",600,1,2013,1,2,"10/19/2013","Spotted_skunk",2013-10-01 23:02:26,"","","","10/1/2013","11:02:26 PM","10/1/2013","11:22:27 PM",34,39,6,1,0,"N","","",NA,"",""
"15671",600,1,2013,1,2,"10/19/2013","Spotted_skunk",2013-10-02 04:10:08,"","","","10/2/2013","4:10:08 AM","10/2/2013","4:42:33 AM",40,51,12,1,0,"N","","",NA,"",""
"15672",600,1,2013,1,2,"10/19/2013","Spotted_skunk",2013-10-02 19:25:07,"","","","10/2/2013","7:25:07 PM","10/2/2013","7:47:58 PM",121,159,39,1,0,"N","","",NA,"",""
"15673",600,1,2013,1,2,"10/19/2013","Spotted_skunk",2013-10-02 20:52:49,"","","","10/2/2013","8:52:49 PM","10/2/2013","8:59:51 PM",160,171,12,1,0,"N","","",NA,"",""
"15674",600,1,2013,1,2,"10/19/2013","Spotted_skunk",2013-10-04 04:27:27,"","","","10/4/2013","4:27:27 AM","10/4/2013","4:33:06 AM",181,189,9,1,0,"N","","",NA,"",""
"15675",600,1,2013,1,2,"10/19/2013","Spotted_skunk",2013-10-04 19:31:54,"","","","10/4/2013","7:31:54 PM","10/4/2013","7:32:33 PM",190,198,9,1,0,"N","","",NA,"",""
"15676",600,1,2013,1,2,"10/19/2013","Spotted_skunk",2013-10-02 06:08:27,"","","","10/2/2013","6:08:27 AM","10/2/2013","6:39:17 AM",52,66,15,1,0,"N","","",NA,"",""
"15677",600,1,2013,1,3,"11/2/2013","Spotted_skunk",2013-10-30 19:14:07,"","","","10/30/2013","7:14:07 PM","10/30/2013","7:16:04 PM",268,276,9,1,0,"N","","",NA,"",""
"15678",600,1,2013,1,3,"11/2/2013","Spotted_skunk",2013-10-30 01:13:56,"","","","10/30/2013","1:13:56 AM","10/30/2013","1:14:45 AM",262,267,6,1,0,"N","","",NA,"",""
"15679",600,1,2013,1,3,"11/2/2013","Spotted_skunk",2013-10-29 22:10:01,"","","","10/29/2013","10:10:01 PM","10/29/2013","11:15:28 PM",244,261,18,1,0,"N","","",NA,"",""
"15680",600,1,2013,1,3,"11/2/2013","Spotted_skunk",2013-10-29 19:04:31,"","","","10/29/2013","7:04:31 PM","10/29/2013","7:21:11 PM",235,243,9,1,0,"N","","",NA,"",""
"15681",600,1,2013,1,3,"11/2/2013","Spotted_skunk",2013-10-29 05:55:04,"","","","10/29/2013","5:55:04 AM","10/29/2013","6:32:52 AM",220,231,12,1,0,"N","","",NA,"",""
"15682",600,1,2013,1,3,"11/2/2013","Spotted_skunk",2013-10-29 03:19:57,"","","","10/29/2013","3:19:57 AM","10/29/2013","4:44:55 AM",172,219,48,1,0,"N","","",NA,"",""
"15683",600,1,2013,1,3,"11/2/2013","Spotted_skunk",2013-10-29 01:49:02,"","","","10/29/2013","1:49:02 AM","10/29/2013","1:49:03 AM",169,171,3,1,0,"N","","",NA,"",""
"15684",600,1,2013,1,3,"11/2/2013","Spotted_skunk",2013-10-29 00:07:35,"","","","10/29/2013","12:07:35 AM","10/29/2013","12:30:46 AM",136,168,33,1,0,"N","","",NA,"",""
"15685",600,1,2013,3,1,"9/27/2013","Spotted_skunk",2013-09-24 22:53:21,"","","","9/24/2013","10:53:21 PM","9/24/2013","10:53:49 PM",58,63,6,1,0,"N","","",0,"none",""
"15686",600,1,2013,3,2,"10/19/2013","Spotted_skunk",2013-10-15 00:44:28,"","","","10/15/2013","12:44:28 AM","10/15/2013","12:44:30 AM",184,186,3,1,0,"N","","",NA,"",""
"15687",600,1,2013,3,2,"10/19/2013","Spotted_skunk",2013-09-28 03:55:24,"","","","9/28/2013","3:55:24 AM","9/28/2013","4:26:25 AM",40,51,12,1,0,"N","","",NA,"",""
"15688",600,1,2013,3,2,"10/19/2013","Spotted_skunk",2013-09-27 22:30:08,"","","","9/27/2013","10:30:08 PM","9/27/2013","11:37:49 PM",4,30,27,1,0,"N","","",NA,"",""
"15689",600,1,2013,3,2,"10/19/2013","Spotted_skunk",2013-09-28 05:34:41,"","","","9/28/2013","5:34:41 AM","9/28/2013","6:47:34 AM",52,66,15,1,0,"N","","",NA,"",""
"15690",600,1,2013,3,2,"10/19/2013","Spotted_skunk",2013-09-28 19:28:21,"","","","9/28/2013","7:28:21 PM","9/28/2013","8:30:37 PM",67,84,18,1,0,"N","Y","Y",NA,"74: Spotted Skunk in TCB",""
"15691",600,1,2013,3,2,"10/19/2013","Spotted_skunk",2013-09-28 23:59:33,"","","","9/28/2013","11:59:33 PM","9/29/2013","12:17:20 AM",88,111,24,1,0,"N","","",NA,"100: Bait gone",""
"15692",600,1,2013,3,2,"10/19/2013","Spotted_skunk",2013-09-29 03:39:31,"","","","9/29/2013","3:39:31 AM","9/29/2013","3:40:42 AM",112,120,9,1,0,"N","","",NA,"",""
"15693",600,1,2013,3,2,"10/19/2013","Spotted_skunk",2013-09-29 05:06:40,"","","","9/29/2013","5:06:40 AM","9/29/2013","5:06:42 AM",121,123,3,1,0,"N","","",NA,"",""
"15694",600,1,2013,3,2,"10/19/2013","Spotted_skunk",2013-09-29 20:01:15,"","","","9/29/2013","8:01:15 PM","9/29/2013","8:12:24 PM",124,129,6,1,0,"N","","",NA,"",""
"15695",600,1,2013,3,2,"10/19/2013","Spotted_skunk",2013-09-28 01:35:58,"","","","9/28/2013","1:35:58 AM","9/28/2013","2:13:29 AM",31,39,9,1,0,"N","","",NA,"",""
"15696",600,1,2013,3,2,"10/19/2013","Spotted_skunk",2013-10-03 19:51:53,"","","","10/3/2013","7:51:53 PM","10/3/2013","7:52:58 PM",148,153,6,1,0,"N","","",NA,"",""
"15697",600,1,2013,3,2,"10/19/2013","Spotted_skunk",2013-10-08 02:22:31,"","","","10/8/2013","2:22:31 AM","10/8/2013","2:22:56 AM",163,168,6,1,0,"N","","",NA,"",""
"15698",600,1,2013,3,2,"10/19/2013","Spotted_skunk",2013-10-09 19:56:28,"","","","10/9/2013","7:56:28 PM","10/9/2013","7:58:26 PM",175,183,9,1,0,"N","","",NA,"",""
"15699",600,1,2013,3,2,"10/19/2013","Spotted_skunk",2013-09-30 21:12:48,"","","","9/30/2013","9:12:48 PM","9/30/2013","9:13:54 PM",130,138,9,1,0,"N","","",NA,"",""
"15700",600,1,2013,3,3,"11/2/2013","Spotted_skunk",2013-10-22 20:27:07,"","","","10/22/2013","8:27:07 PM","10/22/2013","8:27:53 PM",52,57,6,1,0,"N","","",NA,"",""
"15701",600,1,2013,3,3,"11/2/2013","Spotted_skunk",2013-10-26 20:01:54,"","","","10/26/2013","8:01:54 PM","10/26/2013","8:07:15 PM",61,66,6,1,0,"N","","",NA,"",""
"15702",600,1,2013,3,3,"11/2/2013","Spotted_skunk",2013-10-21 21:50:04,"","","","10/21/2013","9:50:04 PM","10/21/2013","9:50:05 PM",43,45,3,1,0,"N","","",NA,"",""
"15703",600,1,2013,3,3,"11/2/2013","Spotted_skunk",2013-10-20 02:33:51,"","","","10/20/2013","2:33:51 AM","10/20/2013","3:23:45 AM",4,21,18,1,0,"N","","",NA,"",""
"15704",600,1,2013,3,3,"11/2/2013","Spotted_skunk",2013-10-28 02:34:13,"","","","10/28/2013","2:34:13 AM","10/28/2013","2:36:19 AM",67,78,12,1,0,"N","","",NA,"",""
"15705",600,1,2013,3,3,"11/2/2013","Spotted_skunk",2013-10-25 04:02:34,"","","","10/25/2013","4:02:34 AM","10/25/2013","4:02:35 AM",58,60,3,1,0,"N","","",NA,"",""
"15706",600,1,2013,3,3,"11/2/2013","Spotted_skunk",2013-10-22 05:04:40,"","","","10/22/2013","5:04:40 AM","10/22/2013","5:04:55 AM",46,51,6,1,0,"N","Y","",NA,"46","bait gone"
"15707",600,1,2013,3,3,"11/2/2013","Spotted_skunk",2013-10-21 02:09:40,"","","","10/21/2013","2:09:40 AM","10/21/2013","2:09:42 AM",40,42,3,1,0,"N","","",NA,"",""
"15708",600,1,2013,3,3,"11/2/2013","Spotted_skunk",2013-10-20 20:09:21,"","","","10/20/2013","8:09:21 PM","10/20/2013","8:29:31 PM",25,39,15,1,0,"N","","",NA,"",""
"15709",600,1,2013,3,3,"11/2/2013","Spotted_skunk",2013-10-20 06:20:50,"","","","10/20/2013","6:20:50 AM","10/20/2013","6:20:51 AM",22,24,3,1,0,"N","","",NA,"",""
"15710",600,2,2015,1,3,"10/31/2015","Spotted_skunk",2015-10-18 01:45:56,"","","","10/18/2015","1:45:56 AM","10/18/2015","1:46:07 AM",28,33,6,1,0,"N","","",NA,"",""
"15711",600,2,2015,1,3,"10/31/2015","Spotted_skunk",2015-10-18 21:08:56,"","","","10/18/2015","9:08:56 PM","10/18/2015","9:40:49 PM",280,300,21,1,0,"N","","",NA,"",""
"15712",600,2,2015,1,3,"10/31/2015","Spotted_skunk",2015-10-18 16:00:15,"","","","10/18/2015","4:00:15 PM","10/18/2015","4:17:05 PM",235,243,9,1,0,"N","","",NA,"238",""
"15713",600,2,2015,1,3,"10/31/2015","Spotted_skunk",2015-10-19 03:35:56,"","","","10/19/2015","3:35:56 AM","10/19/2015","3:35:58 AM",310,312,3,1,0,"N","","",NA,"",""
"15714",600,2,2015,1,3,"10/31/2015","Spotted_skunk",2015-10-18 04:14:58,"","","","10/18/2015","4:14:58 AM","10/18/2015","5:06:38 AM",34,48,15,1,0,"N","","",NA,"",""
"15715",600,2,2015,1,3,"10/31/2015","Spotted_skunk",2015-10-17 22:06:16,"","","","10/17/2015","10:06:16 PM","10/17/2015","10:19:00 PM",10,27,18,1,0,"N","","",NA,"",""
"15716",600,2,2015,1,3,"10/31/2015","Spotted_skunk",2015-10-17 18:40:32,"","","","10/17/2015","6:40:32 PM","10/17/2015","6:42:10 PM",4,9,6,1,0,"N","","",NA,"",""
"15717",600,2,2015,1,3,"10/31/2015","Spotted_skunk",2015-10-21 19:46:42,"","","","10/21/2015","7:46:42 PM","10/21/2015","7:46:44 PM",415,417,3,1,0,"N","","",NA,"",""
"15718",600,2,2015,1,3,"10/31/2015","Spotted_skunk",2015-10-27 05:36:05,"","","","10/27/2015","5:36:05 AM","10/27/2015","5:36:06 AM",442,444,3,1,0,"N","","",NA,"",""
"15719",600,2,2015,1,3,"10/31/2015","Spotted_skunk",2015-10-27 03:58:07,"","","","10/27/2015","3:58:07 AM","10/27/2015","3:58:08 AM",439,441,3,1,0,"N","","",NA,"",""
"15720",600,2,2015,1,3,"10/31/2015","Spotted_skunk",2015-10-26 19:52:04,"","","","10/26/2015","7:52:04 PM","10/26/2015","7:52:06 PM",436,438,3,1,0,"N","","",NA,"",""
"15721",600,2,2015,1,3,"10/31/2015","Spotted_skunk",2015-10-19 00:57:12,"","","","10/19/2015","12:57:12 AM","10/19/2015","1:14:10 AM",301,309,9,1,0,"N","","",NA,"",""
"15722",600,2,2015,1,3,"10/31/2015","Spotted_skunk",2015-10-22 01:30:55,"","","","10/22/2015","1:30:55 AM","10/22/2015","1:37:38 AM",418,432,15,1,0,"N","","",NA,"",""
"15723",600,2,2015,1,3,"10/31/2015","Spotted_skunk",2015-10-21 00:59:18,"","","","10/21/2015","12:59:18 AM","10/21/2015","2:18:33 AM",370,414,45,2,0,"N","","",NA,"",""
"15724",600,2,2015,1,3,"10/31/2015","Spotted_skunk",2015-10-21 00:00:08,"","","","10/21/2015","12:00:08 AM","10/21/2015","12:42:09 AM",349,363,15,1,0,"N","Y","",NA,"EK000355","last of bait gone- skunk"
"15725",600,2,2015,1,3,"10/31/2015","Spotted_skunk",2015-10-20 18:45:05,"","","","10/20/2015","6:45:05 PM","10/20/2015","7:40:18 PM",340,348,9,1,0,"N","","",NA,"",""
"15726",600,2,2015,1,3,"10/31/2015","Spotted_skunk",2015-10-20 00:37:19,"","","","10/20/2015","12:37:19 AM","10/20/2015","1:05:39 AM",334,339,6,1,0,"N","","",NA,"",""
"15727",600,2,2015,1,3,"10/31/2015","Spotted_skunk",2015-10-19 18:16:06,"","","","10/19/2015","6:16:06 PM","10/19/2015","6:18:05 PM",328,333,6,1,0,"N","","",NA,"",""
"15728",600,2,2015,3,1,"10/3/2015","Spotted_skunk",2015-09-30 04:04:47,"","","","9/30/2015","4:04:47 AM","9/30/2015","4:04:49 AM",190,192,3,1,0,"N","","",NA,"",""
"15729",600,2,2015,3,1,"10/3/2015","Spotted_skunk",2015-09-30 22:27:55,"","","","9/30/2015","10:27:55 PM","9/30/2015","10:27:57 PM",193,195,3,1,0,"N","","",NA,"",""
"15730",600,2,2015,3,1,"10/3/2015","Spotted_skunk",2015-09-30 01:34:42,"","","","9/30/2015","1:34:42 AM","9/30/2015","1:34:43 AM",187,189,3,1,0,"N","","",NA,"",""
"15731",600,2,2015,3,1,"10/3/2015","Spotted_skunk",2015-09-29 21:09:43,"","","","9/29/2015","9:09:43 PM","9/29/2015","9:36:38 PM",181,186,6,1,0,"N","","",NA,"",""
"15732",600,2,2015,3,1,"10/3/2015","Spotted_skunk",2015-10-03 03:37:00,"","","","10/3/2015","3:37:00 AM","10/3/2015","3:37:02 AM",229,231,3,1,0,"N","","",NA,"",""
"15733",600,2,2015,3,1,"10/3/2015","Spotted_skunk",2015-10-02 03:17:20,"","","","10/2/2015","3:17:20 AM","10/2/2015","3:17:22 AM",223,225,3,1,0,"N","","",NA,"",""
"15734",600,2,2015,3,1,"10/3/2015","Spotted_skunk",2015-10-01 02:54:23,"","","","10/1/2015","2:54:23 AM","10/1/2015","2:54:25 AM",196,198,3,1,0,"N","","",NA,"",""
"15735",600,2,2015,3,1,"10/3/2015","Spotted_skunk",2015-10-01 20:13:23,"","","","10/1/2015","8:13:23 PM","10/1/2015","9:11:36 PM",199,207,9,2,0,"N","","",NA,"",""
"15736",600,2,2015,3,1,"10/3/2015","Spotted_skunk",2015-10-01 22:31:21,"","","","10/1/2015","10:31:21 PM","10/1/2015","11:33:39 PM",208,222,15,2,0,"N","","",NA,"",""
"15737",600,2,2015,3,1,"10/3/2015","Spotted_skunk",2015-10-02 20:45:02,"","","","10/2/2015","8:45:02 PM","10/2/2015","8:45:04 PM",226,228,3,1,0,"N","","",NA,"",""
"15738",600,2,2015,3,1,"10/3/2015","Spotted_skunk",2015-09-29 03:17:56,"","","","9/29/2015","3:17:56 AM","9/29/2015","3:30:45 AM",175,180,6,1,0,"N","","",NA,"",""
"15739",600,2,2015,3,1,"10/3/2015","Spotted_skunk",2015-10-03 05:12:15,"","","","10/3/2015","5:12:15 AM","10/3/2015","5:12:16 AM",232,234,3,1,0,"N","","",NA,"",""
"15740",600,2,2015,3,2,"10/17/2015","Spotted_skunk",2015-10-03 20:16:01,"","","","10/3/2015","8:16:01 PM","10/3/2015","8:16:02 PM",10,12,3,1,0,"N","","",NA,"",""
"15741",600,2,2015,3,2,"10/17/2015","Spotted_skunk",2015-10-04 03:57:45,"","","","10/4/2015","3:57:45 AM","10/4/2015","4:19:26 AM",13,18,6,1,0,"N","","",NA,"",""
"15742",600,2,2015,3,2,"10/17/2015","Spotted_skunk",2015-10-04 23:47:29,"","","","10/4/2015","11:47:29 PM","10/4/2015","11:47:30 PM",19,21,3,1,0,"N","","",NA,"",""
"15743",600,2,2015,3,2,"10/17/2015","Spotted_skunk",2015-10-05 00:30:24,"","","","10/5/2015","12:30:24 AM","10/5/2015","12:30:25 AM",22,24,3,1,0,"N","","",NA,"",""
"15744",600,2,2015,3,2,"10/17/2015","Spotted_skunk",2015-10-05 21:39:57,"","","","10/5/2015","9:39:57 PM","10/5/2015","9:39:59 PM",25,27,3,1,0,"N","","",NA,"",""
"15745",600,2,2015,3,2,"10/17/2015","Spotted_skunk",2015-10-06 03:54:54,"","","","10/6/2015","3:54:54 AM","10/6/2015","4:02:47 AM",34,39,6,1,0,"N","Y","",NA,"EK000037","Bait gone- skunk took it"
"15746",600,2,2015,3,2,"10/17/2015","Spotted_skunk",2015-10-06 05:04:57,"","","","10/6/2015","5:04:57 AM","10/6/2015","5:30:10 AM",40,54,15,2,0,"N","","Y",NA,"EK000040","last time skunk in TCB- probably took TCB bait here"
"15747",600,2,2015,3,3,"10/31/2015","Spotted_skunk",2015-10-19 19:51:54,"","","","10/19/2015","7:51:54 PM","10/19/2015","8:18:32 PM",13,18,6,1,0,"N","Y","Y",NA,"EK000013, EK000015","bait on tree gone- skunk, skunk in TCB for the last time- probably took TCB bait here"
"15748",600,2,2015,3,3,"10/31/2015","Spotted_skunk",2015-10-24 01:42:01,"","","","10/24/2015","1:42:01 AM","10/24/2015","1:42:03 AM",37,39,3,1,0,"N","","",NA,"",""
"15749",600,2,2015,3,3,"10/31/2015","Spotted_skunk",2015-10-19 21:27:59,"","","","10/19/2015","9:27:59 PM","10/19/2015","9:28:01 PM",19,21,3,1,0,"N","","",NA,"",""
"15750",600,2,2015,3,3,"10/31/2015","Spotted_skunk",2015-10-19 05:20:10,"","","","10/19/2015","5:20:10 AM","10/19/2015","6:27:02 AM",4,12,9,1,0,"N","","",NA,"",""
"15751",600,2,2015,3,3,"10/31/2015","Spotted_skunk",2015-10-21 05:21:45,"","","","10/21/2015","5:21:45 AM","10/21/2015","5:21:47 AM",22,24,3,1,0,"N","","",NA,"",""
"15752",601,1,2014,2,2,"8/2/2014","Spotted_skunk",2014-07-19 00:13:57,"","","","7/19/2014","12:13:57 AM","7/19/2014","12:13:58 AM",4,6,3,1,0,"N","","",NA,"",""
"15753",601,1,2014,2,2,"8/2/2014","Spotted_skunk",2014-07-19 02:43:02,"","","","7/19/2014","2:43:02 AM","7/19/2014","2:43:58 AM",7,12,6,1,0,"N","","",NA,"",""
"15754",601,1,2014,2,2,"8/2/2014","Spotted_skunk",2014-07-19 05:01:48,"","","","7/19/2014","5:01:48 AM","7/19/2014","5:01:50 AM",13,15,3,1,0,"N","","",NA,"",""
"15755",601,1,2014,2,2,"8/2/2014","Spotted_skunk",2014-07-20 02:02:46,"","","","7/20/2014","2:02:46 AM","7/20/2014","2:02:47 AM",16,18,3,1,0,"N","","",NA,"","skunk in TCB"
"15756",601,1,2014,3,1,"7/18/2014","Spotted_skunk",2014-07-06 00:27:09,"","","","7/6/2014","12:27:09 AM","7/6/2014","12:40:27 AM",7,30,24,1,0,"N","","",NA,"",""
"15757",601,1,2014,3,1,"7/18/2014","Spotted_skunk",2014-07-10 02:55:27,"","","","7/10/2014","2:55:27 AM","7/10/2014","12:56:47 PM",247,279,33,1,0,"N","","",NA,"",""
"15758",601,1,2014,3,1,"7/18/2014","Spotted_skunk",2014-07-08 03:02:33,"","","","7/8/2014","3:02:33 AM","7/8/2014","4:04:58 AM",229,243,15,1,0,"N","","",NA,"",""
"15759",601,1,2014,3,1,"7/18/2014","Spotted_skunk",2014-07-08 00:45:05,"","","","7/8/2014","12:45:05 AM","7/8/2014","1:46:26 AM",220,228,9,1,0,"N","","",NA,"",""
"15760",601,1,2014,3,1,"7/18/2014","Spotted_skunk",2014-07-07 23:02:24,"","","","7/7/2014","11:02:24 PM","7/7/2014","11:45:20 PM",184,219,36,1,0,"N","","",NA,"",""
"15761",601,1,2014,3,1,"7/18/2014","Spotted_skunk",2014-07-07 02:28:01,"","","","7/7/2014","2:28:01 AM","7/7/2014","2:29:56 AM",169,183,15,1,0,"N","","",NA,"",""
"15762",601,1,2014,3,1,"7/18/2014","Spotted_skunk",2014-07-07 00:41:13,"","","","7/7/2014","12:41:13 AM","7/7/2014","12:48:02 AM",157,168,12,1,0,"N","","",NA,"",""
"15763",601,1,2014,3,1,"7/18/2014","Spotted_skunk",2014-07-06 02:08:37,"","","","7/6/2014","2:08:37 AM","7/6/2014","4:52:19 AM",31,156,126,1,0,"N","","",NA,"",""
"15764",601,2,2016,1,1,"8/28/2016","Spotted_skunk",2016-08-18 00:33:18,"","","","8/18/2016","12:33:18 AM","8/18/2016","1:42:20 AM",535,561,27,1,NA,"","","",NA,"",""
"15765",601,2,2016,1,1,"8/28/2016","Spotted_skunk",2016-08-18 20:06:18,"","","","8/18/2016","8:06:18 PM","8/18/2016","8:06:20 PM",652,654,3,2,NA,"","","",NA,"",""
"15766",601,2,2016,1,1,"8/28/2016","Spotted_skunk",2016-08-18 23:34:27,"","","","8/18/2016","11:34:27 PM","8/19/2016","1:02:13 AM",655,663,9,1,NA,"","","",NA,"",""
"15767",601,2,2016,1,1,"8/28/2016","Spotted_skunk",2016-08-19 03:28:57,"","","","8/19/2016","3:28:57 AM","8/19/2016","3:28:58 AM",664,666,3,1,NA,"","","",NA,"",""
"15768",601,2,2016,1,1,"8/28/2016","Spotted_skunk",2016-08-20 03:23:01,"","","","8/20/2016","3:23:01 AM","8/20/2016","3:23:03 AM",667,669,3,1,NA,"","","",NA,"",""
"15769",601,2,2016,1,1,"8/28/2016","Spotted_skunk",2016-08-21 20:27:18,"","","","8/21/2016","8:27:18 PM","8/21/2016","8:27:48 PM",670,675,6,1,NA,"","","",NA,"",""
"15770",601,2,2016,1,1,"8/28/2016","Spotted_skunk",2016-08-16 21:02:47,"","","","8/16/2016","9:02:47 PM","8/16/2016","10:49:04 PM",235,273,39,2,NA,"","","",NA,"",""
"15771",601,2,2016,1,1,"8/28/2016","Spotted_skunk",2016-08-18 02:58:34,"","","","8/18/2016","2:58:34 AM","8/18/2016","5:34:30 AM",562,651,90,1,NA,"","Y","",NA,"640","bait gone"
"15772",601,2,2016,1,1,"8/28/2016","Spotted_skunk",2016-08-17 00:10:42,"","","","8/17/2016","12:10:42 AM","8/17/2016","6:05:43 AM",274,495,222,4,NA,"","","",NA,"",""
"15773",601,2,2016,1,1,"8/28/2016","Spotted_skunk",2016-08-17 23:17:25,"","","","8/17/2016","11:17:25 PM","8/17/2016","11:25:17 PM",523,534,12,1,NA,"","","",NA,"",""
"15774",601,2,2016,1,1,"8/28/2016","Spotted_skunk",2016-08-27 20:53:02,"","","","8/27/2016","8:53:02 PM","8/27/2016","8:53:14 PM",700,705,6,1,0,"N","","",NA,"",""
"15775",601,2,2016,1,1,"8/28/2016","Spotted_skunk",2016-08-23 03:06:32,"","","","8/23/2016","3:06:32 AM","8/23/2016","4:10:47 AM",685,699,15,1,NA,"","","Y",NA,"690","last skunk in TCB"
"15776",601,2,2016,1,1,"8/28/2016","Spotted_skunk",2016-08-16 02:22:02,"","","","8/16/2016","2:22:02 AM","8/16/2016","6:10:31 AM",67,234,168,3,NA,"","","",NA,"",""
"15777",601,2,2016,1,1,"8/28/2016","Spotted_skunk",2016-08-22 01:40:11,"","","","8/22/2016","1:40:11 AM","8/22/2016","1:40:12 AM",676,678,3,1,NA,"","","",NA,"",""
"15778",601,2,2016,1,1,"8/28/2016","Spotted_skunk",2016-08-15 01:35:40,"","","","8/15/2016","1:35:40 AM","8/15/2016","1:45:14 AM",4,51,48,1,NA,"","","",NA,"",""
"15779",601,2,2016,1,1,"8/28/2016","Spotted_skunk",2016-08-15 23:25:40,"","","","8/15/2016","11:25:40 PM","8/16/2016","12:30:35 AM",52,66,15,1,NA,"","","",NA,"",""
"15780",601,2,2016,1,1,"8/28/2016","Spotted_skunk",2016-08-22 02:48:08,"","","","8/22/2016","2:48:08 AM","8/22/2016","2:48:10 AM",679,681,3,1,NA,"","","",NA,"",""
"15781",601,2,2016,1,1,"8/28/2016","Spotted_skunk",2016-08-17 21:17:17,"","","","8/17/2016","9:17:17 PM","8/17/2016","10:14:41 PM",496,522,27,2,NA,"","","",NA,"",""
"15782",601,2,2016,1,2,"9/11/2016","Spotted_skunk",2016-08-31 02:49:27,"","","","8/31/2016","2:49:27 AM","8/31/2016","2:59:58 AM",142,147,6,1,0,"N","","",NA,"",""
"15783",601,2,2016,1,2,"9/11/2016","Spotted_skunk",2016-09-06 04:20:04,"","","","9/6/2016","4:20:04 AM","9/6/2016","4:24:25 AM",376,387,12,1,0,"N","","",NA,"",""
"15784",601,2,2016,1,2,"9/11/2016","Spotted_skunk",2016-09-02 19:03:25,"","","","9/2/2016","7:03:25 PM","9/2/2016","7:03:27 PM",319,321,3,1,0,"N","","",NA,"",""
"15785",601,2,2016,1,2,"9/11/2016","Spotted_skunk",2016-08-30 00:14:00,"","","","8/30/2016","12:14:00 AM","8/30/2016","1:12:03 AM",49,57,9,1,0,"N","","",NA,"",""
"15786",601,2,2016,1,2,"9/11/2016","Spotted_skunk",2016-09-04 20:20:46,"","","","9/4/2016","8:20:46 PM","9/4/2016","8:21:20 PM",346,354,9,1,0,"N","","",NA,"",""
"15787",601,2,2016,1,2,"9/11/2016","Spotted_skunk",2016-09-03 20:17:22,"","","","9/3/2016","8:17:22 PM","9/3/2016","8:17:37 PM",331,336,6,1,0,"N","","",NA,"",""
"15788",601,2,2016,1,2,"9/11/2016","Spotted_skunk",2016-09-02 22:06:00,"","","","9/2/2016","10:06:00 PM","9/2/2016","10:07:47 PM",322,330,9,1,0,"N","","",NA,"",""
"15789",601,2,2016,1,2,"9/11/2016","Spotted_skunk",2016-09-06 21:28:37,"","","","9/6/2016","9:28:37 PM","9/6/2016","9:56:19 PM",391,399,9,1,0,"N","","",NA,"",""
"15790",601,2,2016,1,2,"9/11/2016","Spotted_skunk",2016-09-02 02:56:31,"","","","9/2/2016","2:56:31 AM","9/2/2016","3:03:28 AM",313,318,6,0,0,"N","","",NA,"",""
"15791",601,2,2016,1,2,"9/11/2016","Spotted_skunk",2016-09-02 00:36:58,"","","","9/2/2016","12:36:58 AM","9/2/2016","12:36:59 AM",310,312,3,1,0,"N","","",NA,"",""
"15792",601,2,2016,1,2,"9/11/2016","Spotted_skunk",2016-09-05 01:08:17,"","","","9/5/2016","1:08:17 AM","9/5/2016","1:22:13 AM",361,372,12,1,0,"N","","",NA,"",""
"15793",601,2,2016,1,2,"9/11/2016","Spotted_skunk",2016-08-29 04:13:48,"","","","8/29/2016","4:13:48 AM","8/29/2016","4:27:58 AM",37,45,9,1,0,"N","","",NA,"",""
"15794",601,2,2016,1,2,"9/11/2016","Spotted_skunk",2016-09-01 05:33:41,"","","","9/1/2016","5:33:41 AM","9/1/2016","5:42:30 AM",298,306,9,1,0,"N","","",NA,"",""
"15795",601,2,2016,1,2,"9/11/2016","Spotted_skunk",2016-09-01 20:14:29,"","","","9/1/2016","8:14:29 PM","9/1/2016","8:14:31 PM",307,309,3,1,0,"N","Y","",NA,"307","bait gone"
"15796",601,2,2016,1,2,"9/11/2016","Spotted_skunk",2016-09-01 02:11:34,"","","","9/1/2016","2:11:34 AM","9/1/2016","3:03:30 AM",277,297,21,1,0,"N","","",NA,"",""
"15797",601,2,2016,1,2,"9/11/2016","Spotted_skunk",2016-09-10 21:15:48,"","","","9/10/2016","9:15:48 PM","9/10/2016","10:45:20 PM",409,429,21,1,0,"N","","",NA,"",""
"15798",601,2,2016,1,2,"9/11/2016","Spotted_skunk",2016-08-31 19:36:46,"","","","8/31/2016","7:36:46 PM","8/31/2016","10:40:34 PM",190,276,87,2,0,"N","","",NA,"",""
"15799",601,2,2016,1,2,"9/11/2016","Spotted_skunk",2016-08-28 23:27:34,"","","","8/28/2016","11:27:34 PM","8/29/2016","2:15:10 AM",7,36,30,1,0,"N","","",NA,"",""
"15800",601,2,2016,1,2,"9/11/2016","Spotted_skunk",2016-08-29 23:04:21,"","","","8/29/2016","11:04:21 PM","8/29/2016","11:04:21 PM",46,48,3,1,0,"N","","",NA,"",""
"15801",601,2,2016,1,2,"9/11/2016","Spotted_skunk",2016-09-11 02:09:13,"","","","9/11/2016","2:09:13 AM","9/11/2016","2:09:31 AM",430,435,6,1,0,"N","","",NA,"",""
"15802",601,2,2016,1,2,"9/11/2016","Spotted_skunk",2016-09-06 18:25:29,"","","","9/6/2016","6:25:29 PM","9/6/2016","6:25:31 PM",388,390,3,1,0,"N","","",NA,"",""
"15803",601,2,2016,1,2,"9/11/2016","Spotted_skunk",2016-08-31 05:53:14,"","","","8/31/2016","5:53:14 AM","8/31/2016","6:38:26 AM",154,168,15,2,0,"N","","",NA,"",""
"15804",601,2,2016,1,2,"9/11/2016","Spotted_skunk",2016-08-31 04:44:53,"","","","8/31/2016","4:44:53 AM","8/31/2016","4:45:47 AM",148,153,6,1,0,"N","","",NA,"",""
"15805",601,2,2016,1,2,"9/11/2016","Spotted_skunk",2016-09-09 00:40:07,"","","","9/9/2016","12:40:07 AM","9/9/2016","12:40:08 AM",406,408,3,1,0,"N","","Y",NA,"408","last skunk in TCB"
"15806",601,2,2016,1,2,"9/11/2016","Spotted_skunk",2016-09-04 00:37:45,"","","","9/4/2016","12:37:45 AM","9/4/2016","12:38:54 AM",337,345,9,1,0,"N","","",NA,"",""
"15807",601,2,2016,1,2,"9/11/2016","Spotted_skunk",2016-08-30 20:45:56,"","","","8/30/2016","8:45:56 PM","8/30/2016","9:03:06 PM",118,126,9,1,0,"N","","",NA,"",""
"15808",601,2,2016,1,2,"9/11/2016","Spotted_skunk",2016-09-08 04:38:08,"","","","9/8/2016","4:38:08 AM","9/8/2016","4:38:10 AM",403,405,3,1,0,"N","","",NA,"",""
"15809",601,2,2016,1,2,"9/11/2016","Spotted_skunk",2016-09-07 20:14:48,"","","","9/7/2016","8:14:48 PM","9/7/2016","8:14:50 PM",400,402,3,1,0,"N","","",NA,"",""
"15810",601,2,2016,1,2,"9/11/2016","Spotted_skunk",2016-08-31 00:12:18,"","","","8/31/2016","12:12:18 AM","8/31/2016","12:30:37 AM",127,138,12,1,0,"N","","",NA,"",""
"15811",601,2,2016,1,2,"9/11/2016","Spotted_skunk",2016-08-30 04:05:07,"","","","8/30/2016","4:05:07 AM","8/30/2016","5:41:58 AM",64,117,54,1,0,"N","","",NA,"",""
"15812",601,2,2016,1.1,3,"9/25/2016","Spotted_skunk",2016-09-16 19:07:57,"","","","9/16/2016","7:07:57 PM","9/16/2016","7:08:28 PM",487,492,6,1,0,"N","","",NA,"",""
"15813",601,2,2016,1.1,3,"9/25/2016","Spotted_skunk",2016-09-17 21:16:48,"","","","9/17/2016","9:16:48 PM","9/17/2016","9:16:50 PM",499,501,3,1,0,"N","","",NA,"",""
"15814",601,2,2016,1.1,3,"9/25/2016","Spotted_skunk",2016-09-16 22:48:25,"","","","9/16/2016","10:48:25 PM","9/16/2016","10:48:49 PM",493,498,6,1,0,"N","","",NA,"",""
"15815",601,2,2016,1.1,3,"9/25/2016","Spotted_skunk",2016-09-16 08:02:12,"","","","9/16/2016","8:02:12 AM","9/16/2016","8:02:32 AM",472,480,9,1,0,"N","","",NA,"",""
"15816",601,2,2016,1.1,3,"9/25/2016","Spotted_skunk",2016-09-25 03:26:41,"","","","9/25/2016","3:26:41 AM","9/25/2016","3:26:55 AM",511,516,6,1,0,"N","","",NA,"",""
"15817",601,2,2016,1.1,3,"9/25/2016","Spotted_skunk",2016-09-12 22:51:12,"","","","9/12/2016","10:51:12 PM","9/13/2016","5:53:37 AM",151,405,255,2,0,"N","Y","Y",NA,"314, 352","last skunk in TCB, bait gone"
"15818",601,2,2016,1.1,3,"9/25/2016","Spotted_skunk",2016-09-12 10:46:19,"","","","9/12/2016","10:46:19 AM","9/12/2016","10:47:38 AM",142,147,6,1,0,"N","","",NA,"",""
"15819",601,2,2016,1.1,3,"9/25/2016","Spotted_skunk",2016-09-12 03:03:54,"","","","9/12/2016","3:03:54 AM","9/12/2016","7:03:35 AM",25,141,117,1,0,"N","","",NA,"",""
"15820",601,2,2016,1.1,3,"9/25/2016","Spotted_skunk",2016-09-13 22:05:28,"","","","9/13/2016","10:05:28 PM","9/13/2016","10:08:48 PM",406,420,15,1,0,"N","","",NA,"",""
"15821",601,2,2016,1.1,3,"9/25/2016","Spotted_skunk",2016-09-13 23:57:27,"","","","9/13/2016","11:57:27 PM","9/14/2016","12:35:35 AM",421,447,27,1,0,"N","","",NA,"",""
"15822",601,2,2016,1.1,3,"9/25/2016","Spotted_skunk",2016-09-14 23:15:12,"","","","9/14/2016","11:15:12 PM","9/14/2016","11:15:28 PM",454,459,6,1,0,"N","","",NA,"",""
"15823",601,2,2016,1.1,3,"9/25/2016","Spotted_skunk",2016-09-16 01:35:10,"","","","9/16/2016","1:35:10 AM","9/16/2016","1:35:39 AM",466,471,6,1,0,"N","","",NA,"",""
"15824",601,2,2016,1.1,3,"9/25/2016","Spotted_skunk",2016-09-24 03:09:09,"","","","9/24/2016","3:09:09 AM","9/24/2016","3:09:10 AM",508,510,3,1,0,"N","","",NA,"",""
"15825",601,2,2016,1.1,3,"9/25/2016","Spotted_skunk",2016-09-24 01:56:09,"","","","9/24/2016","1:56:09 AM","9/24/2016","1:56:10 AM",505,507,3,1,0,"N","","",NA,"",""
"15826",601,2,2016,1.1,3,"9/25/2016","Spotted_skunk",2016-09-14 20:58:44,"","","","9/14/2016","8:58:44 PM","9/14/2016","8:58:55 PM",448,453,6,1,0,"N","","",NA,"",""
"15827",601,2,2016,2,1,"8/28/2016","Spotted_skunk",2016-08-18 22:28:41,"","","","8/18/2016","10:28:41 PM","8/18/2016","10:39:25 PM",7,15,9,1,0,"N","","",NA,"",""
"15828",601,2,2016,2,1,"8/28/2016","Spotted_skunk",2016-08-19 03:34:51,"","","","8/19/2016","3:34:51 AM","8/19/2016","5:28:57 AM",22,66,45,1,0,"N","","",NA,"",""
"15829",601,2,2016,2,1,"8/28/2016","Spotted_skunk",2016-08-19 21:08:01,"","","","8/19/2016","9:08:01 PM","8/19/2016","9:40:53 PM",67,102,36,1,0,"N","","",NA,"",""
"15830",601,2,2016,2,1,"8/28/2016","Spotted_skunk",2016-08-19 22:58:47,"","","","8/19/2016","10:58:47 PM","8/20/2016","12:01:01 AM",103,141,39,1,0,"N","","",NA,"",""
"15831",601,2,2016,2,1,"8/28/2016","Spotted_skunk",2016-08-20 01:41:24,"","","","8/20/2016","1:41:24 AM","8/20/2016","4:27:26 AM",142,159,18,1,0,"N","","",NA,"",""
"15832",601,2,2016,2,1,"8/28/2016","Spotted_skunk",2016-08-20 10:30:27,"","","","8/20/2016","10:30:27 AM","8/20/2016","10:30:28 AM",160,162,3,1,0,"N","","",NA,"",""
"15833",601,2,2016,2,1,"8/28/2016","Spotted_skunk",2016-08-20 22:59:05,"","","","8/20/2016","10:59:05 PM","8/20/2016","10:59:07 PM",163,165,3,1,0,"N","","",NA,"",""
"15834",601,2,2016,2,1,"8/28/2016","Spotted_skunk",2016-08-21 01:19:47,"","","","8/21/2016","1:19:47 AM","8/21/2016","1:19:49 AM",166,168,3,1,0,"N","","",NA,"",""
"15835",601,2,2016,2,1,"8/28/2016","Spotted_skunk",2016-08-21 22:23:43,"","","","8/21/2016","10:23:43 PM","8/21/2016","10:58:31 PM",169,195,27,1,0,"N","Y","",NA,"169","bait gone"
"15836",601,2,2016,2,1,"8/28/2016","Spotted_skunk",2016-08-18 23:47:00,"","","","8/18/2016","11:47:00 PM","8/18/2016","11:50:19 PM",16,21,6,1,0,"N","","",NA,"",""
"15837",601,2,2016,2,2,"9/11/2016","Spotted_skunk",2016-08-31 20:03:18,"","","","8/31/2016","8:03:18 PM","8/31/2016","8:33:27 PM",496,528,33,1,0,"N","","",NA,"",""
"15838",601,2,2016,2,2,"9/11/2016","Spotted_skunk",2016-09-09 01:32:03,"","","","9/9/2016","1:32:03 AM","9/9/2016","1:33:44 AM",631,636,6,1,0,"N","","",NA,"",""
"15839",601,2,2016,2,2,"9/11/2016","Spotted_skunk",2016-09-07 23:46:41,"","","","9/7/2016","11:46:41 PM","9/7/2016","11:46:43 PM",628,630,3,1,0,"N","","",NA,"",""
"15840",601,2,2016,2,2,"9/11/2016","Spotted_skunk",2016-09-06 02:09:15,"","","","9/6/2016","2:09:15 AM","9/6/2016","2:09:30 AM",622,627,6,1,0,"N","","",NA,"",""
"15841",601,2,2016,2,2,"9/11/2016","Spotted_skunk",2016-09-04 20:02:04,"","","","9/4/2016","8:02:04 PM","9/4/2016","8:02:29 PM",613,621,9,1,0,"N","","",NA,"",""
"15842",601,2,2016,2,2,"9/11/2016","Spotted_skunk",2016-09-04 03:41:49,"","","","9/4/2016","3:41:49 AM","9/4/2016","3:42:31 AM",604,612,9,1,0,"N","","",NA,"",""
"15843",601,2,2016,2,2,"9/11/2016","Spotted_skunk",2016-09-03 20:17:56,"","","","9/3/2016","8:17:56 PM","9/3/2016","8:23:31 PM",583,597,15,1,0,"N","","",NA,"",""
"15844",601,2,2016,2,2,"9/11/2016","Spotted_skunk",2016-09-03 04:57:49,"","","","9/3/2016","4:57:49 AM","9/3/2016","5:28:41 AM",574,582,9,1,0,"N","","",NA,"",""
"15845",601,2,2016,2,2,"9/11/2016","Spotted_skunk",2016-09-03 03:39:21,"","","","9/3/2016","3:39:21 AM","9/3/2016","3:39:22 AM",571,573,3,1,0,"N","","",NA,"",""
"15846",601,2,2016,2,2,"9/11/2016","Spotted_skunk",2016-09-01 20:08:39,"","","","9/1/2016","8:08:39 PM","9/1/2016","8:08:41 PM",568,570,3,1,0,"N","","",NA,"",""
"15847",601,2,2016,2,2,"9/11/2016","Spotted_skunk",2016-09-11 05:11:27,"","","","9/11/2016","5:11:27 AM","9/11/2016","5:11:28 AM",637,639,3,1,0,"N","","",NA,"",""
"15848",601,2,2016,2,2,"9/11/2016","Spotted_skunk",2016-09-01 03:18:45,"","","","9/1/2016","3:18:45 AM","9/1/2016","3:19:03 AM",550,555,6,1,0,"N","","",NA,"",""
"15849",601,2,2016,2,2,"9/11/2016","Spotted_skunk",2016-09-01 00:23:24,"","","","9/1/2016","12:23:24 AM","9/1/2016","1:47:56 AM",529,549,21,1,0,"N","","Y",NA,"534","last skunk in TCB"
"15850",601,2,2016,2,2,"9/11/2016","Spotted_skunk",2016-08-31 03:05:36,"","","","8/31/2016","3:05:36 AM","8/31/2016","5:31:07 AM",433,495,63,2,0,"N","Y","",NA,"478","bait gone"
"15851",601,2,2016,2,2,"9/11/2016","Spotted_skunk",2016-08-31 01:04:49,"","","","8/31/2016","1:04:49 AM","8/31/2016","1:43:32 AM",382,432,51,2,0,"N","","",NA,"",""
"15852",601,2,2016,2,2,"9/11/2016","Spotted_skunk",2016-08-30 20:12:13,"","","","8/30/2016","8:12:13 PM","8/30/2016","11:15:58 PM",277,381,105,2,0,"N","","",NA,"",""
"15853",601,2,2016,2,2,"9/11/2016","Spotted_skunk",2016-08-30 05:16:45,"","","","8/30/2016","5:16:45 AM","8/30/2016","5:40:50 AM",217,276,60,2,0,"N","","",NA,"",""
"15854",601,2,2016,2,2,"9/11/2016","Spotted_skunk",2016-08-30 03:29:07,"","","","8/30/2016","3:29:07 AM","8/30/2016","4:09:34 AM",181,216,36,2,0,"N","","",NA,"",""
"15855",601,2,2016,2,2,"9/11/2016","Spotted_skunk",2016-08-30 01:01:08,"","","","8/30/2016","1:01:08 AM","8/30/2016","2:12:14 AM",109,180,72,2,0,"N","","",NA,"",""
"15856",601,2,2016,2,2,"9/11/2016","Spotted_skunk",2016-08-29 04:48:12,"","","","8/29/2016","4:48:12 AM","8/29/2016","4:48:14 AM",43,45,3,1,0,"N","","",NA,"",""
"15857",601,2,2016,2,2,"9/11/2016","Spotted_skunk",2016-08-29 03:25:56,"","","","8/29/2016","3:25:56 AM","8/29/2016","3:30:57 AM",31,42,12,1,0,"N","","",NA,"",""
"15858",601,2,2016,2,2,"9/11/2016","Spotted_skunk",2016-08-29 01:07:59,"","","","8/29/2016","1:07:59 AM","8/29/2016","1:14:08 AM",22,30,9,1,0,"N","","",NA,"",""
"15859",601,2,2016,2,2,"9/11/2016","Spotted_skunk",2016-08-28 22:08:22,"","","","8/28/2016","10:08:22 PM","8/28/2016","10:26:03 PM",7,21,15,1,0,"N","","",NA,"",""
"15860",601,2,2016,2,2,"9/11/2016","Spotted_skunk",2016-09-01 04:33:02,"","","","9/1/2016","4:33:02 AM","9/1/2016","5:16:16 AM",556,567,12,1,0,"N","","",NA,"",""
"15861",601,2,2016,2,2,"9/11/2016","Spotted_skunk",2016-09-04 02:18:30,"","","","9/4/2016","2:18:30 AM","9/4/2016","2:18:42 AM",598,603,6,1,0,"N","","",NA,"",""
"15862",601,2,2016,2,2,"9/11/2016","Spotted_skunk",2016-08-29 21:10:08,"","","","8/29/2016","9:10:08 PM","8/29/2016","11:25:15 PM",46,108,63,1,0,"N","","",NA,"",""
"15863",601,2,2016,2.1,3,"9/25/2016","Spotted_skunk",2016-09-22 00:22:58,"","","","9/22/2016","12:22:58 AM","9/22/2016","12:23:00 AM",7,9,3,1,0,"N","","",NA,"",""
"15864",601,2,2016,2.1,3,"9/25/2016","Spotted_skunk",2016-09-24 21:44:02,"","","","9/24/2016","9:44:02 PM","9/24/2016","9:46:35 PM",10,15,6,1,0,"N","","",NA,"",""
"15865",601,2,2016,2.1,3,"9/25/2016","Spotted_skunk",2016-09-19 22:03:11,"","","","9/19/2016","10:03:11 PM","9/19/2016","10:03:13 PM",4,6,3,1,0,"N","","",NA,"",""
"15866",601,2,2016,3,2,"9/11/2016","Spotted_skunk",2016-09-03 02:50:17,"","","","9/3/2016","2:50:17 AM","9/3/2016","2:52:06 AM",31,39,9,1,0,"N","","",NA,"",""
"15867",601,2,2016,3,2,"9/11/2016","Spotted_skunk",2016-09-11 01:40:21,"","","","9/11/2016","1:40:21 AM","9/11/2016","1:40:23 AM",70,72,3,1,0,"N","","",NA,"",""
"15868",601,2,2016,3,2,"9/11/2016","Spotted_skunk",2016-09-09 22:59:14,"","","","9/9/2016","10:59:14 PM","9/9/2016","11:59:49 PM",40,69,30,1,0,"N","","Y",NA,"57","last skunk in TCB"
"15869",601,2,2016,3,2,"9/11/2016","Spotted_skunk",2016-08-31 22:04:02,"","","","8/31/2016","10:04:02 PM","8/31/2016","10:05:49 PM",22,30,9,1,0,"N","","",NA,"",""
"15870",601,2,2016,3,2,"9/11/2016","Spotted_skunk",2016-08-30 02:21:53,"","","","8/30/2016","2:21:53 AM","8/30/2016","2:33:07 AM",7,21,15,1,0,"N","","",NA,"",""
"15871",601,2,2016,3,3,"9/25/2016","Spotted_skunk",2016-09-17 23:18:18,"","","","9/17/2016","11:18:18 PM","9/17/2016","11:18:19 PM",46,48,3,1,0,"N","","",NA,"",""
"15872",601,2,2016,3,3,"9/25/2016","Spotted_skunk",2016-09-19 22:49:41,"","","","9/19/2016","10:49:41 PM","9/19/2016","11:30:29 PM",67,78,12,1,0,"N","","",NA,"",""
"15873",601,2,2016,3,3,"9/25/2016","Spotted_skunk",2016-09-16 21:33:24,"","","","9/16/2016","9:33:24 PM","9/16/2016","9:36:49 PM",19,24,6,1,0,"N","","",NA,"",""
"15874",601,2,2016,3,3,"9/25/2016","Spotted_skunk",2016-09-16 22:56:16,"","","","9/16/2016","10:56:16 PM","9/16/2016","10:56:17 PM",25,27,3,1,0,"N","","",NA,"",""
"15875",601,2,2016,3,3,"9/25/2016","Spotted_skunk",2016-09-17 05:59:18,"","","","9/17/2016","5:59:18 AM","9/17/2016","5:59:20 AM",37,39,3,1,0,"N","","",NA,"",""
"15876",601,2,2016,3,3,"9/25/2016","Spotted_skunk",2016-09-16 06:58:01,"","","","9/16/2016","6:58:01 AM","9/16/2016","7:26:27 AM",7,18,12,1,NA,"","","",NA,"",""
"15877",601,2,2016,3,3,"9/25/2016","Spotted_skunk",2016-09-19 04:34:57,"","","","9/19/2016","4:34:57 AM","9/19/2016","4:34:59 AM",64,66,3,1,0,"N","","",NA,"",""
"15878",601,2,2016,3,3,"9/25/2016","Spotted_skunk",2016-09-17 18:54:14,"","","","9/17/2016","6:54:14 PM","9/17/2016","7:43:30 PM",40,45,6,1,0,"N","","",NA,"",""
"15879",601,2,2016,3,3,"9/25/2016","Spotted_skunk",2016-09-21 01:38:25,"","","","9/21/2016","1:38:25 AM","9/21/2016","1:39:19 AM",79,84,6,1,0,"N","","",NA,"",""
"15880",601,2,2016,3,3,"9/25/2016","Spotted_skunk",2016-09-18 05:15:00,"","","","9/18/2016","5:15:00 AM","9/18/2016","5:18:36 AM",49,54,6,1,0,"N","","",NA,"",""
"15881",601,2,2016,3,3,"9/25/2016","Spotted_skunk",2016-09-17 02:25:06,"","","","9/17/2016","2:25:06 AM","9/17/2016","2:25:17 AM",28,33,6,1,0,"N","","",NA,"",""
"15882",601,2,2016,3,3,"9/25/2016","Spotted_skunk",2016-09-18 22:50:25,"","","","9/18/2016","10:50:25 PM","9/19/2016","12:04:40 AM",55,63,9,1,0,"N","","",NA,"",""
"15883",601,2,2016,3,3,"9/25/2016","Spotted_skunk",2016-09-17 04:35:08,"","","","9/17/2016","4:35:08 AM","9/17/2016","4:35:10 AM",34,36,3,1,0,"N","","Y",NA,"36","last skunk in TCB"
"15884",601,2,2016,3,3,"9/25/2016","Spotted_skunk",2016-09-22 21:31:01,"","","","9/22/2016","9:31:01 PM","9/22/2016","9:31:12 PM",91,96,6,1,0,"N","","",NA,"",""
"15885",601,2,2016,3,3,"9/25/2016","Spotted_skunk",2016-09-23 01:19:21,"","","","9/23/2016","1:19:21 AM","9/23/2016","1:26:26 AM",97,102,6,1,0,"N","Y","",NA,"102","bait gone"
"15886",602,1,2015,2,2,"6/25/2015","Spotted_skunk",2015-06-25 01:38:18,"","","","6/25/2015","1:38:18 AM","6/25/2015","1:39:45 AM",100,108,9,1,NA,"","Y","",NA,"",""
"15887",602,1,2015,2,3,"7/9/2015","Spotted_skunk",2015-07-08 01:38:12,"","","","7/8/2015","1:38:12 AM","7/8/2015","1:39:26 AM",4,12,9,1,NA,"","","",NA,"",""
"15888",602,1,2015,3,3,"7/9/2015","Spotted_skunk",2015-07-08 01:38:12,"","","","7/8/2015","1:38:12 AM","7/8/2015","1:39:26 AM",4,12,9,1,NA,"","","",NA,"",""
"15889",603,1,2013,1,3,"11/1/2013","Spotted_skunk",2013-10-28 20:57:14,"","","","10/28/2013","8:57:14 PM","10/28/2013","9:09:56 PM",28,36,9,1,0,"N","","",NA,"",""
"15890",603,1,2013,1,3,"11/1/2013","Spotted_skunk",2013-10-23 21:49:04,"","","","10/23/2013","9:49:04 PM","10/23/2013","9:49:06 PM",10,12,3,1,0,"N","","",NA,"",""
"15891",603,1,2013,1,3,"11/1/2013","Spotted_skunk",2013-10-24 00:23:25,"","","","10/24/2013","12:23:25 AM","10/24/2013","12:23:26 AM",13,15,3,1,0,"N","Y","",NA,"13","bait gone, skunk"
"15892",603,1,2013,1,3,"11/1/2013","Spotted_skunk",2013-10-24 19:21:06,"","","","10/24/2013","7:21:06 PM","10/24/2013","7:21:07 PM",19,21,3,1,0,"N","","",NA,"",""
"15893",603,1,2013,1,3,"11/1/2013","Spotted_skunk",2013-10-28 19:48:49,"","","","10/28/2013","7:48:49 PM","10/28/2013","7:48:51 PM",25,27,3,1,0,"N","","",NA,"",""
"15894",603,1,2013,1,3,"11/1/2013","Spotted_skunk",2013-10-24 05:58:43,"","","","10/24/2013","5:58:43 AM","10/24/2013","5:58:44 AM",16,18,3,1,0,"N","","",NA,"",""
"15895",603,1,2013,2,1,"9/26/2013","Spotted_skunk",2013-09-15 23:43:16,"","","","9/15/2013","11:43:16 PM","9/16/2013","12:13:38 AM",184,201,18,1,0,"N","","",NA,"",""
"15896",603,1,2013,2,1,"9/26/2013","Spotted_skunk",2013-09-17 01:36:20,"","","","9/17/2013","1:36:20 AM","9/17/2013","1:36:21 AM",214,216,3,1,0,"N","","",0,"none",""
"15897",603,1,2013,2,1,"9/26/2013","Spotted_skunk",2013-09-17 05:13:20,"","","","9/17/2013","5:13:20 AM","9/17/2013","5:13:37 AM",217,222,6,1,0,"N","","",0,"none",""
"15898",603,1,2013,2,1,"9/26/2013","Spotted_skunk",2013-09-17 22:28:50,"","","","9/17/2013","10:28:50 PM","9/17/2013","10:35:18 PM",223,240,18,1,0,"N","","",0,"none",""
"15899",603,1,2013,2,1,"9/26/2013","Spotted_skunk",2013-09-18 05:09:13,"","","","9/18/2013","5:09:13 AM","9/18/2013","5:11:35 AM",241,249,9,1,0,"N","","",0,"none",""
"15900",603,1,2013,2,1,"9/26/2013","Spotted_skunk",2013-09-18 20:38:53,"","","","9/18/2013","8:38:53 PM","9/18/2013","8:41:12 PM",304,318,15,1,0,"N","","",0,"none",""
"15901",603,1,2013,2,1,"9/26/2013","Spotted_skunk",2013-09-20 02:26:19,"","","","9/20/2013","2:26:19 AM","9/20/2013","2:27:59 AM",319,330,12,1,0,"N","","",0,"none",""
"15902",603,1,2013,2,1,"9/26/2013","Spotted_skunk",2013-09-12 23:39:48,"","","","9/12/2013","11:39:48 PM","9/12/2013","11:56:16 PM",40,54,15,1,0,"N","","",0,"none",""
"15903",603,1,2013,2,1,"9/26/2013","Spotted_skunk",2013-09-24 01:01:14,"","","","9/24/2013","1:01:14 AM","9/24/2013","1:10:13 AM",340,345,6,1,0,"N","","",0,"",""
"15904",603,1,2013,2,1,"9/26/2013","Spotted_skunk",2013-09-16 05:23:54,"","","","9/16/2013","5:23:54 AM","9/16/2013","5:23:55 AM",211,213,3,1,0,"N","","",0,"none",""
"15905",603,1,2013,2,1,"9/26/2013","Spotted_skunk",2013-09-16 04:04:02,"","","","9/16/2013","4:04:02 AM","9/16/2013","4:04:04 AM",208,210,3,1,0,"N","","",0,"none",""
"15906",603,1,2013,2,1,"9/26/2013","Spotted_skunk",2013-09-16 01:45:11,"","","","9/16/2013","1:45:11 AM","9/16/2013","1:53:01 AM",202,207,6,1,0,"N","","",0,"none",""
"15907",603,1,2013,2,1,"9/26/2013","Spotted_skunk",2013-09-14 20:20:27,"","","","9/14/2013","8:20:27 PM","9/14/2013","8:32:19 PM",172,183,12,1,0,"N","","",0,"none",""
"15908",603,1,2013,2,1,"9/26/2013","Spotted_skunk",2013-09-12 20:57:45,"","","","9/12/2013","8:57:45 PM","9/12/2013","10:07:47 PM",4,39,36,1,0,"N","","",0,"none",""
"15909",603,1,2013,2,1,"9/26/2013","Spotted_skunk",2013-09-14 04:37:55,"","","","9/14/2013","4:37:55 AM","9/14/2013","5:50:24 AM",139,171,33,1,0,"N","","",0,"none",""
"15910",603,1,2013,2,1,"9/26/2013","Spotted_skunk",2013-09-14 01:51:10,"","","","9/14/2013","1:51:10 AM","9/14/2013","3:09:54 AM",97,138,42,1,0,"N","","",0,"none",""
"15911",603,1,2013,2,1,"9/26/2013","Spotted_skunk",2013-09-13 01:28:54,"","","","9/13/2013","1:28:54 AM","9/13/2013","2:47:31 AM",55,96,42,1,0,"N","","",0,"none",""
"15912",603,1,2013,2,1,"9/26/2013","Spotted_skunk",2013-09-23 01:01:27,"","","","9/23/2013","1:01:27 AM","9/23/2013","1:01:51 AM",334,339,6,1,0,"N","","",0,"none",""
"15913",603,1,2013,2,3,"11/1/2013","Spotted_skunk",2013-10-21 00:21:02,"","","","10/21/2013","12:21:02 AM","10/21/2013","1:05:27 AM",49,63,15,1,0,"N","","",NA,"",""
"15914",603,1,2013,2,3,"11/1/2013","Spotted_skunk",2013-10-21 02:10:56,"","","","10/21/2013","2:10:56 AM","10/21/2013","3:36:08 AM",64,75,12,1,0,"N","Y","",NA,"67","bait gone, skunk"
"15915",603,1,2013,2,3,"11/1/2013","Spotted_skunk",2013-10-22 19:48:44,"","","","10/22/2013","7:48:44 PM","10/22/2013","8:10:08 PM",82,93,12,1,0,"N","","",NA,"",""
"15916",603,1,2013,2,3,"11/1/2013","Spotted_skunk",2013-10-22 23:41:38,"","","","10/22/2013","11:41:38 PM","10/22/2013","11:41:40 PM",94,96,3,1,0,"N","","",NA,"",""
"15917",603,1,2013,2,3,"11/1/2013","Spotted_skunk",2013-10-23 23:43:46,"","","","10/23/2013","11:43:46 PM","10/23/2013","11:45:03 PM",97,102,6,1,0,"N","","",NA,"",""
"15918",603,1,2013,2,3,"11/1/2013","Spotted_skunk",2013-10-24 03:46:45,"","","","10/24/2013","3:46:45 AM","10/24/2013","3:48:01 AM",112,117,6,1,0,"N","","",NA,"",""
"15919",603,1,2013,2,3,"11/1/2013","Spotted_skunk",2013-10-24 21:41:24,"","","","10/24/2013","9:41:24 PM","10/24/2013","10:19:18 PM",127,138,12,1,0,"N","","Y",NA,"135","last time skunk in TCB"
"15920",603,1,2013,2,3,"11/1/2013","Spotted_skunk",2013-10-19 22:50:55,"","","","10/19/2013","10:50:55 PM","10/19/2013","10:51:24 PM",37,42,6,1,0,"N","","",NA,"",""
"15921",603,1,2013,2,3,"11/1/2013","Spotted_skunk",2013-10-19 17:10:14,"","","","10/19/2013","5:10:14 PM","10/19/2013","5:22:15 PM",31,36,6,1,0,"N","","",NA,"",""
"15922",603,1,2013,2,3,"11/1/2013","Spotted_skunk",2013-10-26 20:43:10,"","","","10/26/2013","8:43:10 PM","10/26/2013","8:43:12 PM",151,153,3,1,0,"N","","",NA,"",""
"15923",603,1,2013,2,3,"11/1/2013","Spotted_skunk",2013-10-29 18:52:54,"","","","10/29/2013","6:52:54 PM","10/29/2013","6:53:34 PM",178,183,6,1,0,"N","","",NA,"",""
"15924",603,1,2013,2,3,"11/1/2013","Spotted_skunk",2013-10-30 17:23:36,"","","","10/30/2013","5:23:36 PM","10/30/2013","5:23:38 PM",190,192,3,1,0,"N","","",NA,"",""
"15925",603,1,2013,2,3,"11/1/2013","Spotted_skunk",2013-10-31 00:12:06,"","","","10/31/2013","12:12:06 AM","10/31/2013","12:12:08 AM",193,195,3,1,0,"N","","",NA,"",""
"15926",603,1,2013,2,3,"11/1/2013","Spotted_skunk",2013-10-25 20:50:25,"","","","10/25/2013","8:50:25 PM","10/25/2013","8:50:27 PM",142,144,3,1,0,"N","","",NA,"",""
"15927",603,1,2013,2,3,"11/1/2013","Spotted_skunk",2013-10-20 03:45:09,"","","","10/20/2013","3:45:09 AM","10/20/2013","3:45:10 AM",43,45,3,1,0,"N","","",NA,"",""
"15928",603,1,2013,2,3,"11/1/2013","Spotted_skunk",2013-10-19 04:42:43,"","","","10/19/2013","4:42:43 AM","10/19/2013","4:49:27 AM",22,27,6,1,0,"N","","",NA,"",""
"15929",603,1,2013,2,3,"11/1/2013","Spotted_skunk",2013-10-18 23:38:36,"","","","10/18/2013","11:38:36 PM","10/19/2013","12:07:06 AM",16,21,6,1,0,"N","","",NA,"",""
"15930",603,1,2013,2,3,"11/1/2013","Spotted_skunk",2013-10-18 17:22:56,"","","","10/18/2013","5:22:56 PM","10/18/2013","5:41:42 PM",4,15,12,1,0,"N","","",NA,"",""
"15931",603,1,2013,3,1,"9/26/2013","Spotted_skunk",2013-09-22 21:38:00,"","","","9/22/2013","9:38:00 PM","9/22/2013","9:38:02 PM",7,9,3,1,0,"N","","",0,"none",""
"15932",603,1,2013,3,1,"9/26/2013","Spotted_skunk",2013-09-26 03:31:05,"","","","9/26/2013","3:31:05 AM","9/26/2013","3:31:06 AM",10,12,3,1,0,"N","","",0,"none",""
"15933",603,1,2013,3,2,"10/18/2013","Spotted_skunk",2013-10-10 22:07:18,"","","","10/10/2013","10:07:18 PM","10/10/2013","10:07:19 PM",409,411,3,1,0,"N","","",0,"none",""
"15934",603,1,2013,3,2,"10/18/2013","Spotted_skunk",2013-10-11 21:43:18,"","","","10/11/2013","9:43:18 PM","10/11/2013","9:43:19 PM",412,414,3,1,0,"N","","",0,"none",""
"15935",603,1,2013,3,2,"10/18/2013","Spotted_skunk",2013-10-11 23:13:19,"","","","10/11/2013","11:13:19 PM","10/11/2013","11:15:12 PM",418,423,6,1,0,"N","","",0,"none",""
"15936",603,1,2013,3,2,"10/18/2013","Spotted_skunk",2013-10-14 02:05:21,"","","","10/14/2013","2:05:21 AM","10/14/2013","2:05:23 AM",427,429,3,1,0,"N","","",0,"none",""
"15937",603,1,2013,3,2,"10/18/2013","Spotted_skunk",2013-10-16 02:54:17,"","","","10/16/2013","2:54:17 AM","10/16/2013","2:54:18 AM",433,435,3,1,0,"N","","",0,"none",""
"15938",603,1,2013,3,2,"10/18/2013","Spotted_skunk",2013-10-16 06:07:30,"","","","10/16/2013","6:07:30 AM","10/16/2013","6:07:32 AM",436,438,3,1,0,"N","","",0,"none",""
"15939",603,1,2013,3,2,"10/18/2013","Spotted_skunk",2013-10-09 03:55:02,"","","","10/9/2013","3:55:02 AM","10/9/2013","3:55:40 AM",403,408,6,1,0,"N","","",0,"none",""
"15940",603,1,2013,3,2,"10/18/2013","Spotted_skunk",2013-10-04 19:21:35,"","","","10/4/2013","7:21:35 PM","10/4/2013","7:23:52 PM",157,162,6,1,0,"N","","",0,"none",""
"15941",603,1,2013,3,2,"10/18/2013","Spotted_skunk",2013-10-08 21:14:07,"","","","10/8/2013","9:14:07 PM","10/8/2013","9:25:08 PM",385,393,9,1,0,"N","","",0,"none",""
"15942",603,1,2013,3,2,"10/18/2013","Spotted_skunk",2013-10-09 01:05:05,"","","","10/9/2013","1:05:05 AM","10/9/2013","1:45:44 AM",394,402,9,1,0,"N","","",0,"none",""
"15943",603,1,2013,3,2,"10/18/2013","Spotted_skunk",2013-10-02 21:28:06,"","","","10/2/2013","9:28:06 PM","10/2/2013","9:28:08 PM",13,15,3,1,0,"N","","Y",0,"15","Skunk in TCB"
"15944",603,1,2013,3,2,"10/18/2013","Spotted_skunk",2013-10-03 00:45:59,"","","","10/3/2013","12:45:59 AM","10/3/2013","12:52:49 AM",16,45,30,1,0,"N","","",0,"none",""
"15945",603,1,2013,3,2,"10/18/2013","Spotted_skunk",2013-10-03 04:35:28,"","","","10/3/2013","4:35:28 AM","10/3/2013","4:36:45 AM",46,54,9,1,0,"N","","",0,"none",""
"15946",603,1,2013,3,2,"10/18/2013","Spotted_skunk",2013-10-03 06:00:48,"","","","10/3/2013","6:00:48 AM","10/3/2013","6:04:50 AM",55,63,9,1,0,"N","","",0,"none",""
"15947",603,1,2013,3,2,"10/18/2013","Spotted_skunk",2013-10-03 19:12:52,"","","","10/3/2013","7:12:52 PM","10/3/2013","7:13:00 PM",64,69,6,1,0,"N","","",0,"none",""
"15948",603,1,2013,3,2,"10/18/2013","Spotted_skunk",2013-10-03 20:27:28,"","","","10/3/2013","8:27:28 PM","10/3/2013","8:34:58 PM",70,87,18,1,0,"N","","",0,"none",""
"15949",603,1,2013,3,2,"10/18/2013","Spotted_skunk",2013-10-04 03:46:11,"","","","10/4/2013","3:46:11 AM","10/4/2013","6:03:31 AM",109,156,48,1,0,"N","","",0,"2013_H603_S3_V2_Skunk_eating_bait_IMG 138",""
"15950",603,1,2013,3,2,"10/18/2013","Spotted_skunk",2013-10-04 21:25:23,"","","","10/4/2013","9:25:23 PM","10/4/2013","9:28:47 PM",163,168,6,1,0,"N","","",0,"none",""
"15951",603,1,2013,3,2,"10/18/2013","Spotted_skunk",2013-10-05 01:24:54,"","","","10/5/2013","1:24:54 AM","10/5/2013","1:31:36 AM",169,177,9,1,0,"N","","",0,"none",""
"15952",603,1,2013,3,2,"10/18/2013","Spotted_skunk",2013-10-05 02:36:16,"","","","10/5/2013","2:36:16 AM","10/5/2013","2:41:11 AM",178,189,12,1,0,"N","","",0,"none",""
"15953",603,1,2013,3,2,"10/18/2013","Spotted_skunk",2013-10-05 04:02:11,"","","","10/5/2013","4:02:11 AM","10/5/2013","4:51:44 AM",190,225,36,1,0,"N","","",0,"none",""
"15954",603,1,2013,3,2,"10/18/2013","Spotted_skunk",2013-10-05 19:21:01,"","","","10/5/2013","7:21:01 PM","10/5/2013","7:28:22 PM",226,234,9,1,0,"N","","",0,"none",""
"15955",603,1,2013,3,2,"10/18/2013","Spotted_skunk",2013-10-06 00:58:31,"","","","10/6/2013","12:58:31 AM","10/6/2013","3:01:06 AM",235,315,81,1,0,"N","","",0,"none",""
"15956",603,1,2013,3,2,"10/18/2013","Spotted_skunk",2013-10-06 05:16:22,"","","","10/6/2013","5:16:22 AM","10/6/2013","5:43:59 AM",316,366,51,1,0,"N","","",0,"none",""
"15957",603,1,2013,3,2,"10/18/2013","Spotted_skunk",2013-10-06 19:15:12,"","","","10/6/2013","7:15:12 PM","10/6/2013","7:15:29 PM",367,372,6,1,0,"N","Y","",0,"342","skunk eating last of tree bait"
"15958",603,1,2013,3,2,"10/18/2013","Spotted_skunk",2013-10-07 01:14:48,"","","","10/7/2013","1:14:48 AM","10/7/2013","1:15:05 AM",373,378,6,1,0,"N","","",0,"none",""
"15959",603,1,2013,3,2,"10/18/2013","Spotted_skunk",2013-10-07 06:17:35,"","","","10/7/2013","6:17:35 AM","10/7/2013","7:03:34 AM",379,384,6,1,0,"N","","",0,"none",""
"15960",603,1,2013,3,2,"10/18/2013","Spotted_skunk",2013-10-04 01:37:59,"","","","10/4/2013","1:37:59 AM","10/4/2013","1:47:51 AM",88,108,21,1,0,"N","","",0,"none",""
"15961",603,1,2013,3,3,"11/1/2013","Spotted_skunk",2013-10-25 02:00:41,"","","","10/25/2013","2:00:41 AM","10/25/2013","2:01:07 AM",286,294,9,1,0,"N","","",NA,"",""
"15962",603,1,2013,3,3,"11/1/2013","Spotted_skunk",2013-10-25 05:15:17,"","","","10/25/2013","5:15:17 AM","10/25/2013","5:15:19 AM",295,297,3,1,0,"N","","",NA,"",""
"15963",603,1,2013,3,3,"11/1/2013","Spotted_skunk",2013-10-25 23:10:32,"","","","10/25/2013","11:10:32 PM","10/25/2013","11:11:34 PM",301,306,6,1,0,"N","","",NA,"",""
"15964",603,1,2013,3,3,"11/1/2013","Spotted_skunk",2013-10-25 00:21:24,"","","","10/25/2013","12:21:24 AM","10/25/2013","12:26:22 AM",277,285,9,1,0,"N","","",NA,"",""
"15965",603,1,2013,3,3,"11/1/2013","Spotted_skunk",2013-10-29 04:09:06,"","","","10/29/2013","4:09:06 AM","10/29/2013","4:17:26 AM",313,327,15,1,0,"N","","",NA,"",""
"15966",603,1,2013,3,3,"11/1/2013","Spotted_skunk",2013-10-22 05:00:30,"","","","10/22/2013","5:00:30 AM","10/22/2013","5:06:12 AM",244,261,18,1,0,"N","","",NA,"",""
"15967",603,1,2013,3,3,"11/1/2013","Spotted_skunk",2013-10-30 01:46:32,"","","","10/30/2013","1:46:32 AM","10/30/2013","1:46:33 AM",331,333,3,1,0,"N","","",NA,"",""
"15968",603,1,2013,3,3,"11/1/2013","Spotted_skunk",2013-10-31 03:42:13,"","","","10/31/2013","3:42:13 AM","10/31/2013","3:42:44 AM",334,339,6,1,0,"N","","",NA,"",""
"15969",603,1,2013,3,3,"11/1/2013","Spotted_skunk",2013-10-23 22:15:00,"","","","10/23/2013","10:15:00 PM","10/23/2013","10:15:11 PM",268,273,6,1,0,"N","","",NA,"",""
"15970",603,1,2013,3,3,"11/1/2013","Spotted_skunk",2013-10-22 01:56:44,"","","","10/22/2013","1:56:44 AM","10/22/2013","2:04:47 AM",232,243,12,1,0,"N","","",NA,"",""
"15971",603,1,2013,3,3,"11/1/2013","Spotted_skunk",2013-10-21 22:00:22,"","","","10/21/2013","10:00:22 PM","10/21/2013","11:25:53 PM",205,231,27,1,0,"N","","",NA,"",""
"15972",603,1,2013,3,3,"11/1/2013","Spotted_skunk",2013-10-21 19:28:52,"","","","10/21/2013","7:28:52 PM","10/21/2013","8:42:20 PM",178,204,27,1,0,"N","Y","",NA,"187","bait gone, skunk"
"15973",603,1,2013,3,3,"11/1/2013","Spotted_skunk",2013-10-21 03:14:25,"","","","10/21/2013","3:14:25 AM","10/21/2013","6:00:26 AM",76,177,102,2,0,"N","","Y",NA,"120","last time skunk in TCB"
"15974",603,1,2013,3,3,"11/1/2013","Spotted_skunk",2013-10-21 01:23:23,"","","","10/21/2013","1:23:23 AM","10/21/2013","1:32:19 AM",55,75,21,1,0,"N","","",NA,"",""
"15975",603,1,2013,3,3,"11/1/2013","Spotted_skunk",2013-10-20 23:03:27,"","","","10/20/2013","11:03:27 PM","10/20/2013","11:03:52 PM",49,54,6,1,0,"N","","",NA,"",""
"15976",603,1,2013,3,3,"11/1/2013","Spotted_skunk",2013-10-19 20:17:06,"","","","10/19/2013","8:17:06 PM","10/19/2013","8:36:37 PM",4,24,21,1,0,"N","","",NA,"",""
"15977",603,1,2013,3,3,"11/1/2013","Spotted_skunk",2013-10-23 00:24:42,"","","","10/23/2013","12:24:42 AM","10/23/2013","12:24:43 AM",265,267,3,1,0,"N","","",NA,"",""
"15978",603,1,2013,3,3,"11/1/2013","Spotted_skunk",2013-10-20 05:58:39,"","","","10/20/2013","5:58:39 AM","10/20/2013","6:09:03 AM",25,42,18,1,0,"N","","",NA,"",""
"15979",603,2,2015,1,1,"10/2/2015","Spotted_skunk",2015-09-28 22:02:35,"","","","9/28/2015","10:02:35 PM","9/28/2015","10:02:37 PM",256,258,3,1,NA,"","","",NA,"",""
"15980",603,2,2015,1,1,"10/2/2015","Spotted_skunk",2015-09-21 00:15:56,"","","","9/21/2015","12:15:56 AM","9/21/2015","1:50:35 AM",13,24,12,1,NA,"","","",NA,"",""
"15981",603,2,2015,1,1,"10/2/2015","Spotted_skunk",2015-09-21 04:28:48,"","","","9/21/2015","4:28:48 AM","9/21/2015","5:35:59 AM",25,39,15,1,NA,"","","",NA,"",""
"15982",603,2,2015,1,1,"10/2/2015","Spotted_skunk",2015-10-01 21:51:26,"","","","10/1/2015","9:51:26 PM","10/1/2015","9:51:27 PM",271,273,3,1,NA,"","","",NA,"",""
"15983",603,2,2015,1,1,"10/2/2015","Spotted_skunk",2015-09-24 22:31:36,"","","","9/24/2015","10:31:36 PM","9/24/2015","11:03:55 PM",64,78,15,1,NA,"","","",NA,"",""
"15984",603,2,2015,1,1,"10/2/2015","Spotted_skunk",2015-09-28 01:34:08,"","","","9/28/2015","1:34:08 AM","9/28/2015","1:41:11 AM",241,249,9,1,NA,"","","",NA,"",""
"15985",603,2,2015,1,1,"10/2/2015","Spotted_skunk",2015-09-25 05:28:32,"","","","9/25/2015","5:28:32 AM","9/25/2015","6:29:36 AM",79,108,30,1,NA,"","","",NA,"",""
"15986",603,2,2015,1,1,"10/2/2015","Spotted_skunk",2015-09-27 21:51:25,"","","","9/27/2015","9:51:25 PM","9/27/2015","9:55:38 PM",232,240,9,1,NA,"","Y","",NA,"235 last of bait",""
"15987",603,2,2015,1,1,"10/2/2015","Spotted_skunk",2015-09-27 05:11:21,"","","","9/27/2015","5:11:21 AM","9/27/2015","5:12:31 AM",226,231,6,1,NA,"","","",NA,"",""
"15988",603,2,2015,1,1,"10/2/2015","Spotted_skunk",2015-09-27 03:22:53,"","","","9/27/2015","3:22:53 AM","9/27/2015","3:22:54 AM",223,225,3,1,NA,"","","",NA,"",""
"15989",603,2,2015,1,1,"10/2/2015","Spotted_skunk",2015-09-27 00:40:47,"","","","9/27/2015","12:40:47 AM","9/27/2015","12:40:58 AM",217,222,6,1,NA,"","","",NA,"",""
"15990",603,2,2015,1,1,"10/2/2015","Spotted_skunk",2015-09-26 21:58:31,"","","","9/26/2015","9:58:31 PM","9/26/2015","9:58:33 PM",214,216,3,1,NA,"","","",NA,"",""
"15991",603,2,2015,1,1,"10/2/2015","Spotted_skunk",2015-09-26 19:11:55,"","","","9/26/2015","7:11:55 PM","9/26/2015","7:12:49 PM",208,213,6,1,NA,"","","",NA,"",""
"15992",603,2,2015,1,1,"10/2/2015","Spotted_skunk",2015-09-26 04:00:47,"","","","9/26/2015","4:00:47 AM","9/26/2015","5:01:50 AM",169,207,39,1,NA,"","","",NA,"",""
"15993",603,2,2015,1,1,"10/2/2015","Spotted_skunk",2015-09-26 01:06:06,"","","","9/26/2015","1:06:06 AM","9/26/2015","1:27:47 AM",148,168,21,1,NA,"","","",NA,"",""
"15994",603,2,2015,1,1,"10/2/2015","Spotted_skunk",2015-09-25 22:37:06,"","","","9/25/2015","10:37:06 PM","9/25/2015","11:04:07 PM",130,147,18,1,NA,"","","",NA,"",""
"15995",603,2,2015,1,1,"10/2/2015","Spotted_skunk",2015-09-25 19:25:20,"","","","9/25/2015","7:25:20 PM","9/25/2015","7:59:20 PM",109,129,21,1,NA,"","","",NA,"",""
"15996",603,2,2015,1.1,2,"10/16/2015","Spotted_skunk",2015-10-06 04:06:25,"","","","10/6/2015","4:06:25 AM","10/6/2015","4:22:59 AM",193,207,15,1,NA,"","","",NA,"",""
"15997",603,2,2015,1.1,2,"10/16/2015","Spotted_skunk",2015-10-06 00:35:42,"","","","10/6/2015","12:35:42 AM","10/6/2015","12:54:38 AM",187,192,6,1,NA,"","","",NA,"",""
"15998",603,2,2015,1.1,2,"10/16/2015","Spotted_skunk",2015-10-05 04:09:25,"","","","10/5/2015","4:09:25 AM","10/5/2015","6:27:22 AM",127,180,54,1,NA,"","","",NA,"",""
"15999",603,2,2015,1.1,2,"10/16/2015","Spotted_skunk",2015-10-05 01:50:51,"","","","10/5/2015","1:50:51 AM","10/5/2015","2:01:51 AM",115,126,12,1,NA,"","","",NA,"",""
"16000",603,2,2015,1.1,2,"10/16/2015","Spotted_skunk",2015-10-04 22:19:37,"","","","10/4/2015","10:19:37 PM","10/4/2015","10:50:38 PM",88,114,27,1,NA,"","","",NA,"",""
"16001",603,2,2015,1.1,2,"10/16/2015","Spotted_skunk",2015-10-04 04:54:55,"","","","10/4/2015","4:54:55 AM","10/4/2015","6:36:09 AM",10,42,33,1,NA,"","","",NA,"",""
"16002",603,2,2015,1.1,2,"10/16/2015","Spotted_skunk",2015-10-06 05:51:36,"","","","10/6/2015","5:51:36 AM","10/6/2015","5:52:26 AM",208,216,9,1,NA,"","","",NA,"",""
"16003",603,2,2015,1.1,2,"10/16/2015","Spotted_skunk",2015-10-04 19:40:51,"","","","10/4/2015","7:40:51 PM","10/4/2015","8:06:23 PM",55,87,33,1,NA,"","","",NA,"",""
"16004",603,2,2015,1.1,2,"10/16/2015","Spotted_skunk",2015-10-13 03:12:08,"","","","10/13/2015","3:12:08 AM","10/13/2015","3:13:25 AM",274,279,6,1,NA,"","","",NA,"",""
"16005",603,2,2015,1.1,2,"10/16/2015","Spotted_skunk",2015-10-06 19:23:41,"","","","10/6/2015","7:23:41 PM","10/6/2015","7:23:43 PM",217,219,3,1,NA,"","","",NA,"",""
"16006",603,2,2015,1.1,2,"10/16/2015","Spotted_skunk",2015-10-08 19:20:08,"","","","10/8/2015","7:20:08 PM","10/8/2015","7:20:21 PM",265,270,6,1,NA,"","","",NA,"",""
"16007",603,2,2015,1.1,2,"10/16/2015","Spotted_skunk",2015-10-08 05:42:36,"","","","10/8/2015","5:42:36 AM","10/8/2015","5:43:31 AM",259,264,6,1,NA,"","","",NA,"",""
"16008",603,2,2015,1.1,2,"10/16/2015","Spotted_skunk",2015-10-07 05:15:38,"","","","10/7/2015","5:15:38 AM","10/7/2015","6:05:24 AM",238,255,18,1,NA,"","Y","",NA,"",""
"16009",603,2,2015,1.1,2,"10/16/2015","Spotted_skunk",2015-10-07 02:14:56,"","","","10/7/2015","2:14:56 AM","10/7/2015","2:39:26 AM",226,237,12,1,NA,"","","",NA,"",""
"16010",603,2,2015,1.1,2,"10/16/2015","Spotted_skunk",2015-10-06 23:42:55,"","","","10/6/2015","11:42:55 PM","10/6/2015","11:49:42 PM",220,225,6,1,NA,"","","Y",NA,"220 last of snare bait",""
"16011",603,2,2015,1.1,2,"10/16/2015","Spotted_skunk",2015-10-14 20:26:08,"","","","10/14/2015","8:26:08 PM","10/14/2015","8:26:26 PM",280,285,6,1,NA,"","","",NA,"",""
"16012",603,2,2015,1.1,3,"10/30/2015","Spotted_skunk",2015-10-25 23:56:57,"","","","10/25/2015","11:56:57 PM","10/25/2015","11:57:18 PM",166,171,6,1,0,"N","","",NA,"",""
"16013",603,2,2015,1.1,3,"10/30/2015","Spotted_skunk",2015-10-22 18:57:41,"","","","10/22/2015","6:57:41 PM","10/22/2015","6:57:43 PM",106,108,3,1,0,"N","","",NA,"",""
"16014",603,2,2015,1.1,3,"10/30/2015","Spotted_skunk",2015-10-23 00:25:16,"","","","10/23/2015","12:25:16 AM","10/23/2015","12:27:26 AM",109,117,9,1,0,"N","","",NA,"",""
"16015",603,2,2015,1.1,3,"10/30/2015","Spotted_skunk",2015-10-23 02:26:57,"","","","10/23/2015","2:26:57 AM","10/23/2015","2:27:08 AM",118,123,6,1,0,"N","","",NA,"",""
"16016",603,2,2015,1.1,3,"10/30/2015","Spotted_skunk",2015-10-23 04:35:27,"","","","10/23/2015","4:35:27 AM","10/23/2015","4:35:39 AM",124,129,6,1,0,"N","","",NA,"",""
"16017",603,2,2015,1.1,3,"10/30/2015","Spotted_skunk",2015-10-23 20:37:36,"","","","10/23/2015","8:37:36 PM","10/23/2015","8:48:49 PM",130,141,12,1,0,"N","","Y",NA,"EK000136","Last piece of TCB bait (bone) was taken by skunk"
"16018",603,2,2015,1.1,3,"10/30/2015","Spotted_skunk",2015-10-24 03:43:21,"","","","10/24/2015","3:43:21 AM","10/24/2015","3:46:57 AM",142,156,15,1,0,"N","","",NA,"",""
"16019",603,2,2015,1.1,3,"10/30/2015","Spotted_skunk",2015-10-25 04:04:41,"","","","10/25/2015","4:04:41 AM","10/25/2015","4:05:02 AM",160,165,6,1,0,"N","","",NA,"",""
"16020",603,2,2015,1.1,3,"10/30/2015","Spotted_skunk",2015-10-30 02:44:09,"","","","10/30/2015","2:44:09 AM","10/30/2015","2:44:11 AM",178,180,3,1,0,"N","","",NA,"",""
"16021",603,2,2015,1.1,3,"10/30/2015","Spotted_skunk",2015-10-29 19:02:35,"","","","10/29/2015","7:02:35 PM","10/29/2015","7:02:36 PM",175,177,3,1,0,"N","","",NA,"",""
"16022",603,2,2015,1.1,3,"10/30/2015","Spotted_skunk",2015-10-19 05:55:10,"","","","10/19/2015","5:55:10 AM","10/19/2015","6:07:42 AM",46,51,6,1,0,"N","","",NA,"",""
"16023",603,2,2015,1.1,3,"10/30/2015","Spotted_skunk",2015-10-24 22:05:20,"","","","10/24/2015","10:05:20 PM","10/24/2015","10:05:21 PM",157,159,3,1,0,"N","","",NA,"",""
"16024",603,2,2015,1.1,3,"10/30/2015","Spotted_skunk",2015-10-19 00:02:18,"","","","10/19/2015","12:02:18 AM","10/19/2015","12:02:19 AM",31,33,3,1,0,"N","","",NA,"",""
"16025",603,2,2015,1.1,3,"10/30/2015","Spotted_skunk",2015-10-20 18:56:43,"","","","10/20/2015","6:56:43 PM","10/20/2015","6:57:27 PM",58,63,6,1,0,"N","","",NA,"",""
"16026",603,2,2015,1.1,3,"10/30/2015","Spotted_skunk",2015-10-21 18:33:23,"","","","10/21/2015","6:33:23 PM","10/21/2015","6:34:31 PM",97,102,6,1,0,"N","","",NA,"",""
"16027",603,2,2015,1.1,3,"10/30/2015","Spotted_skunk",2015-10-19 03:49:16,"","","","10/19/2015","3:49:16 AM","10/19/2015","4:04:27 AM",34,45,12,1,0,"N","","",NA,"",""
"16028",603,2,2015,1.1,3,"10/30/2015","Spotted_skunk",2015-10-20 04:23:08,"","","","10/20/2015","4:23:08 AM","10/20/2015","4:27:41 AM",52,57,6,1,0,"N","","",NA,"",""
"16029",603,2,2015,1.1,3,"10/30/2015","Spotted_skunk",2015-10-20 19:12:03,"","","","10/20/2015","7:12:03 PM","10/20/2015","7:22:46 PM",64,69,6,1,0,"N","","",NA,"",""
"16030",603,2,2015,1.1,3,"10/30/2015","Spotted_skunk",2015-10-21 00:37:55,"","","","10/21/2015","12:37:55 AM","10/21/2015","12:44:06 AM",70,75,6,1,0,"N","","",NA,"",""
"16031",603,2,2015,1.1,3,"10/30/2015","Spotted_skunk",2015-10-21 04:24:51,"","","","10/21/2015","4:24:51 AM","10/21/2015","5:15:18 AM",76,96,21,1,0,"N","Y","",NA,"EK000091","Tree bait gone- taken by skunk"
"16032",603,2,2015,2,1,"10/2/2015","Spotted_skunk",2015-09-21 03:36:20,"","","","9/21/2015","3:36:20 AM","9/21/2015","5:16:14 AM",100,114,15,1,NA,"","Y","",NA,"",""
"16033",603,2,2015,2,1,"10/2/2015","Spotted_skunk",2015-10-01 00:52:03,"","","","10/1/2015","12:52:03 AM","10/1/2015","12:54:03 AM",289,300,12,1,NA,"","","",NA,"",""
"16034",603,2,2015,2,1,"10/2/2015","Spotted_skunk",2015-10-01 23:23:44,"","","","10/1/2015","11:23:44 PM","10/1/2015","11:29:45 PM",304,318,15,1,NA,"","","",NA,"",""
"16035",603,2,2015,2,1,"10/2/2015","Spotted_skunk",2015-09-21 22:41:37,"","","","9/21/2015","10:41:37 PM","9/21/2015","10:44:53 PM",199,213,15,1,NA,"","","",NA,"",""
"16036",603,2,2015,2,1,"10/2/2015","Spotted_skunk",2015-09-23 23:42:54,"","","","9/23/2015","11:42:54 PM","9/23/2015","11:52:44 PM",220,240,21,1,NA,"","","",NA,"",""
"16037",603,2,2015,2.1,2,"10/16/2015","Spotted_skunk",2015-10-04 20:38:09,"","","","10/4/2015","8:38:09 PM","10/4/2015","9:16:47 PM",670,732,63,1,NA,"","","",NA,"",""
"16038",603,2,2015,2.1,2,"10/16/2015","Spotted_skunk",2015-10-05 02:36:38,"","","","10/5/2015","2:36:38 AM","10/5/2015","2:59:23 AM",733,741,9,1,NA,"","","",NA,"",""
"16039",603,2,2015,2.1,2,"10/16/2015","Spotted_skunk",2015-10-05 20:26:41,"","","","10/5/2015","8:26:41 PM","10/5/2015","8:26:59 PM",754,759,6,1,NA,"","","",NA,"",""
"16040",603,2,2015,2.1,2,"10/16/2015","Spotted_skunk",2015-10-06 05:03:09,"","","","10/6/2015","5:03:09 AM","10/6/2015","5:26:20 AM",763,789,27,1,NA,"","","",NA,"",""
"16041",603,2,2015,2.1,2,"10/16/2015","Spotted_skunk",2015-10-08 04:02:07,"","","","10/8/2015","4:02:07 AM","10/8/2015","4:07:18 AM",796,801,6,1,NA,"","","",NA,"",""
"16042",603,2,2015,2.1,2,"10/16/2015","Spotted_skunk",2015-10-08 06:28:37,"","","","10/8/2015","6:28:37 AM","10/8/2015","6:30:52 AM",802,810,9,1,NA,"","","",NA,"",""
"16043",603,2,2015,2.2,3,"10/30/2015","Spotted_skunk",2015-10-21 22:15:43,"","","","10/21/2015","10:15:43 PM","10/21/2015","11:15:31 PM",613,636,24,1,0,"N","Y","",NA,"EK000619","Tree bait gone- taken by skunk"
"16044",603,2,2015,2.2,3,"10/30/2015","Spotted_skunk",2015-10-21 03:47:18,"","","","10/21/2015","3:47:18 AM","10/21/2015","6:14:51 AM",442,612,171,1,0,"N","","",NA,"",""
"16045",603,2,2015,2.2,3,"10/30/2015","Spotted_skunk",2015-10-20 21:24:36,"","","","10/20/2015","9:24:36 PM","10/20/2015","9:30:52 PM",403,423,21,1,0,"N","","",NA,"",""
"16046",603,2,2015,2.2,3,"10/30/2015","Spotted_skunk",2015-10-24 02:05:29,"","","","10/24/2015","2:05:29 AM","10/24/2015","2:28:29 AM",694,726,33,1,0,"N","","",NA,"",""
"16047",603,2,2015,2.2,3,"10/30/2015","Spotted_skunk",2015-10-25 21:06:27,"","","","10/25/2015","9:06:27 PM","10/25/2015","9:06:47 PM",754,759,6,1,0,"N","","",NA,"",""
"16048",603,2,2015,2.2,3,"10/30/2015","Spotted_skunk",2015-10-20 01:17:08,"","","","10/20/2015","1:17:08 AM","10/20/2015","1:17:22 AM",109,114,6,1,0,"N","","",NA,"",""
"16049",603,2,2015,2.2,3,"10/30/2015","Spotted_skunk",2015-10-20 04:58:24,"","","","10/20/2015","4:58:24 AM","10/20/2015","5:00:19 AM",154,162,9,1,0,"N","","",NA,"",""
"16050",603,2,2015,2.2,3,"10/30/2015","Spotted_skunk",2015-10-20 06:06:27,"","","","10/20/2015","6:06:27 AM","10/20/2015","7:49:57 AM",166,336,171,1,0,"N","","Y",NA,"EK000193","TCB bait gone- last part taken by skunk"
"16051",603,2,2015,2.2,3,"10/30/2015","Spotted_skunk",2015-10-20 18:30:29,"","","","10/20/2015","6:30:29 PM","10/20/2015","6:58:40 PM",337,387,51,2,0,"N","","",NA,"",""
"16052",603,2,2015,2.2,3,"10/30/2015","Spotted_skunk",2015-10-20 00:26:33,"","","","10/20/2015","12:26:33 AM","10/20/2015","12:28:58 AM",79,90,12,1,0,"N","","",NA,"",""
"16053",603,2,2015,3,1,"10/2/2015","Spotted_skunk",2015-09-23 23:02:07,"","","","9/23/2015","11:02:07 PM","9/23/2015","11:04:26 PM",286,297,12,1,NA,"","","",NA,"",""
"16054",603,2,2015,3,1,"10/2/2015","Spotted_skunk",2015-09-28 00:56:50,"","","","9/28/2015","12:56:50 AM","9/28/2015","12:59:15 AM",415,426,12,1,NA,"","","",NA,"",""
"16055",603,2,2015,3,1,"10/2/2015","Spotted_skunk",2015-09-21 21:34:38,"","","","9/21/2015","9:34:38 PM","9/21/2015","9:53:22 PM",85,96,12,1,NA,"","","",NA,"",""
"16056",603,2,2015,3,1,"10/2/2015","Spotted_skunk",2015-10-01 21:26:06,"","","","10/1/2015","9:26:06 PM","10/1/2015","9:27:16 PM",451,456,6,1,NA,"","","",NA,"",""
"16057",603,2,2015,3,1,"10/2/2015","Spotted_skunk",2015-09-23 01:40:57,"","","","9/23/2015","1:40:57 AM","9/23/2015","1:40:58 AM",244,246,3,1,NA,"","","",NA,"",""
"16058",603,2,2015,3,1,"10/2/2015","Spotted_skunk",2015-09-23 02:08:06,"","","","9/23/2015","2:08:06 AM","9/23/2015","2:08:07 AM",253,255,3,1,NA,"","","",NA,"",""
"16059",603,2,2015,3,1,"10/2/2015","Spotted_skunk",2015-09-21 19:55:12,"","","","9/21/2015","7:55:12 PM","9/21/2015","8:03:59 PM",73,84,12,1,NA,"","","",NA,"",""
"16060",603,2,2015,3,1,"10/2/2015","Spotted_skunk",2015-09-25 01:20:46,"","","","9/25/2015","1:20:46 AM","9/25/2015","1:23:18 AM",298,303,6,1,NA,"","","",NA,"",""
"16061",603,2,2015,3,1,"10/2/2015","Spotted_skunk",2015-09-21 23:14:16,"","","","9/21/2015","11:14:16 PM","9/21/2015","11:40:16 PM",97,114,18,1,NA,"","","",NA,"",""
"16062",603,2,2015,3,1,"10/2/2015","Spotted_skunk",2015-09-21 01:49:49,"","","","9/21/2015","1:49:49 AM","9/21/2015","2:19:32 AM",31,39,9,1,NA,"","","",NA,"",""
"16063",603,2,2015,3,1,"10/2/2015","Spotted_skunk",2015-09-21 04:15:35,"","","","9/21/2015","4:15:35 AM","9/21/2015","5:31:16 AM",40,69,30,1,NA,"","","",NA,"",""
"16064",603,2,2015,3,1,"10/2/2015","Spotted_skunk",2015-09-23 20:08:24,"","","","9/23/2015","8:08:24 PM","9/23/2015","8:54:18 PM",256,285,30,1,NA,"","","",NA,"",""
"16065",603,2,2015,3,1,"10/2/2015","Spotted_skunk",2015-09-20 21:27:19,"","","","9/20/2015","9:27:19 PM","9/20/2015","9:47:42 PM",10,21,12,1,NA,"","","",NA,"",""
"16066",603,2,2015,3,1,"10/2/2015","Spotted_skunk",2015-09-27 04:57:44,"","","","9/27/2015","4:57:44 AM","9/27/2015","5:15:09 AM",304,342,39,1,NA,"","","",NA,"",""
"16067",603,2,2015,3,1,"10/2/2015","Spotted_skunk",2015-09-22 01:26:17,"","","","9/22/2015","1:26:17 AM","9/22/2015","1:56:58 AM",115,147,33,1,NA,"","","",NA,"",""
"16068",603,2,2015,3,1,"10/2/2015","Spotted_skunk",2015-09-22 03:51:17,"","","","9/22/2015","3:51:17 AM","9/22/2015","5:29:24 AM",148,183,36,1,NA,"","","",NA,"",""
"16069",603,2,2015,3,1,"10/2/2015","Spotted_skunk",2015-09-22 19:44:18,"","","","9/22/2015","7:44:18 PM","9/22/2015","7:55:22 PM",187,204,18,1,NA,"","","",NA,"",""
"16070",603,2,2015,3,1,"10/2/2015","Spotted_skunk",2015-09-22 22:06:57,"","","","9/22/2015","10:06:57 PM","9/22/2015","10:46:53 PM",205,243,39,2,NA,"","","",NA,"",""
"16071",603,2,2015,3,1,"10/2/2015","Spotted_skunk",2015-09-21 00:20:06,"","","","9/21/2015","12:20:06 AM","9/21/2015","12:22:10 AM",22,30,9,1,NA,"","","",NA,"",""
"16072",603,2,2015,3,2,"10/16/2015","Spotted_skunk",2015-10-14 01:10:13,"","","","10/14/2015","1:10:13 AM","10/14/2015","1:16:45 AM",268,276,9,1,0,"N","","",NA,"",""
"16073",603,2,2015,3,2,"10/16/2015","Spotted_skunk",2015-10-05 05:21:52,"","","","10/5/2015","5:21:52 AM","10/5/2015","5:24:02 AM",169,174,6,2,0,"N","","",NA,"",""
"16074",603,2,2015,3,2,"10/16/2015","Spotted_skunk",2015-10-05 22:55:34,"","","","10/5/2015","10:55:34 PM","10/5/2015","10:56:22 PM",232,240,9,1,0,"N","","",NA,"",""
"16075",603,2,2015,3,2,"10/16/2015","Spotted_skunk",2015-10-07 03:52:54,"","","","10/7/2015","3:52:54 AM","10/7/2015","3:53:00 AM",241,243,3,1,0,"N","","",NA,"",""
"16076",603,2,2015,3,2,"10/16/2015","Spotted_skunk",2015-10-04 19:22:01,"","","","10/4/2015","7:22:01 PM","10/4/2015","11:11:52 PM",94,150,57,2,0,"N","Y","",NA,"EK000109","Tree bait gone-skunk"
"16077",603,2,2015,3,2,"10/16/2015","Spotted_skunk",2015-10-04 03:30:58,"","","","10/4/2015","3:30:58 AM","10/4/2015","5:52:21 AM",67,93,27,1,0,"N","","",NA,"",""
"16078",603,2,2015,3,2,"10/16/2015","Spotted_skunk",2015-10-04 02:15:19,"","","","10/4/2015","2:15:19 AM","10/4/2015","2:21:31 AM",55,66,12,1,0,"N","","",NA,"",""
"16079",603,2,2015,3,2,"10/16/2015","Spotted_skunk",2015-10-04 00:17:55,"","","","10/4/2015","12:17:55 AM","10/4/2015","12:18:06 AM",49,54,6,1,0,"N","","",NA,"",""
"16080",603,2,2015,3,2,"10/16/2015","Spotted_skunk",2015-10-03 23:33:27,"","","","10/3/2015","11:33:27 PM","10/3/2015","11:48:22 PM",43,48,6,1,0,"N","","",NA,"",""
"16081",603,2,2015,3,2,"10/16/2015","Spotted_skunk",2015-10-03 22:27:19,"","","","10/3/2015","10:27:19 PM","10/3/2015","10:27:20 PM",40,42,3,1,0,"N","","",NA,"",""
"16082",603,2,2015,3,2,"10/16/2015","Spotted_skunk",2015-10-09 03:05:07,"","","","10/9/2015","3:05:07 AM","10/9/2015","3:05:09 AM",250,252,3,1,0,"N","","",NA,"",""
"16083",603,2,2015,3,2,"10/16/2015","Spotted_skunk",2015-10-12 23:33:29,"","","","10/12/2015","11:33:29 PM","10/12/2015","11:37:35 PM",256,267,12,1,0,"N","","",NA,"",""
"16084",603,2,2015,3,2,"10/16/2015","Spotted_skunk",2015-10-05 00:41:41,"","","","10/5/2015","12:41:41 AM","10/5/2015","1:11:23 AM",151,168,18,1,0,"N","","",NA,"",""
"16085",603,2,2015,3,2,"10/16/2015","Spotted_skunk",2015-10-15 01:58:53,"","","","10/15/2015","1:58:53 AM","10/15/2015","1:58:54 AM",280,282,3,1,0,"N","","Y",NA,"EK000282","Last time in TCB- probably took bait here"
"16086",603,2,2015,3,3,"10/30/2015","Spotted_skunk",2015-10-29 23:41:09,"","","","10/29/2015","11:41:09 PM","10/29/2015","11:41:11 PM",256,258,3,1,0,"N","","",NA,"",""
"16087",603,2,2015,3,3,"10/30/2015","Spotted_skunk",2015-10-25 20:49:51,"","","","10/25/2015","8:49:51 PM","10/25/2015","8:49:53 PM",253,255,3,1,0,"N","","",NA,"",""
"16088",603,2,2015,3,3,"10/30/2015","Spotted_skunk",2015-10-24 05:16:19,"","","","10/24/2015","5:16:19 AM","10/24/2015","6:06:56 AM",232,240,9,1,0,"N","","",NA,"",""
"16089",603,2,2015,3,3,"10/30/2015","Spotted_skunk",2015-10-24 00:19:07,"","","","10/24/2015","12:19:07 AM","10/24/2015","12:19:09 AM",229,231,3,1,0,"N","","",NA,"",""
"16090",603,2,2015,3,3,"10/30/2015","Spotted_skunk",2015-10-23 01:09:33,"","","","10/23/2015","1:09:33 AM","10/23/2015","1:10:11 AM",223,228,6,1,0,"N","","",NA,"",""
"16091",603,2,2015,3,3,"10/30/2015","Spotted_skunk",2015-10-22 20:57:22,"","","","10/22/2015","8:57:22 PM","10/22/2015","8:57:24 PM",220,222,3,1,0,"N","","",NA,"",""
"16092",603,2,2015,3,3,"10/30/2015","Spotted_skunk",2015-10-21 01:17:17,"","","","10/21/2015","1:17:17 AM","10/21/2015","1:32:41 AM",205,219,15,1,0,"N","","Y",NA,"EK000216","Skunk in TCB for last noticeable time- bait probably taken here"
"16093",603,2,2015,3,3,"10/30/2015","Spotted_skunk",2015-10-19 02:32:28,"","","","10/19/2015","2:32:28 AM","10/19/2015","2:54:34 AM",106,111,6,1,0,"N","","",NA,"",""
"16094",603,2,2015,3,3,"10/30/2015","Spotted_skunk",2015-10-17 02:37:40,"","","","10/17/2015","2:37:40 AM","10/17/2015","2:37:41 AM",22,24,3,1,0,"N","","",NA,"",""
"16095",603,2,2015,3,3,"10/30/2015","Spotted_skunk",2015-10-17 03:45:19,"","","","10/17/2015","3:45:19 AM","10/17/2015","5:39:49 AM",25,51,27,1,0,"N","","",NA,"",""
"16096",603,2,2015,3,3,"10/30/2015","Spotted_skunk",2015-10-17 20:03:48,"","","","10/17/2015","8:03:48 PM","10/17/2015","8:28:02 PM",55,75,21,1,0,"N","","",NA,"",""
"16097",603,2,2015,3,3,"10/30/2015","Spotted_skunk",2015-10-17 23:41:23,"","","","10/17/2015","11:41:23 PM","10/17/2015","11:41:42 PM",76,81,6,1,0,"N","","",NA,"",""
"16098",603,2,2015,3,3,"10/30/2015","Spotted_skunk",2015-10-18 02:13:57,"","","","10/18/2015","2:13:57 AM","10/18/2015","2:13:58 AM",82,84,3,1,0,"N","","",NA,"",""
"16099",603,2,2015,3,3,"10/30/2015","Spotted_skunk",2015-10-18 04:18:21,"","","","10/18/2015","4:18:21 AM","10/18/2015","4:19:12 AM",85,93,9,1,0,"N","","",NA,"",""
"16100",603,2,2015,3,3,"10/30/2015","Spotted_skunk",2015-10-18 06:22:23,"","","","10/18/2015","6:22:23 AM","10/18/2015","6:40:07 AM",94,99,6,1,0,"N","","",NA,"",""
"16101",603,2,2015,3,3,"10/30/2015","Spotted_skunk",2015-10-19 00:10:05,"","","","10/19/2015","12:10:05 AM","10/19/2015","12:10:07 AM",103,105,3,1,0,"N","","",NA,"",""
"16102",603,2,2015,3,3,"10/30/2015","Spotted_skunk",2015-10-19 05:32:29,"","","","10/19/2015","5:32:29 AM","10/19/2015","5:32:30 AM",112,114,3,1,0,"N","","",NA,"",""
"16103",603,2,2015,3,3,"10/30/2015","Spotted_skunk",2015-10-17 00:24:08,"","","","10/17/2015","12:24:08 AM","10/17/2015","1:06:47 AM",7,21,15,1,0,"N","","",NA,"",""
"16104",603,2,2015,3,3,"10/30/2015","Spotted_skunk",2015-10-19 21:55:14,"","","","10/19/2015","9:55:14 PM","10/19/2015","10:12:43 PM",157,201,45,2,0,"N","","",NA,"",""
"16105",603,2,2015,3,3,"10/30/2015","Spotted_skunk",2015-10-18 19:53:37,"","","","10/18/2015","7:53:37 PM","10/18/2015","7:53:38 PM",100,102,3,1,0,"N","","",NA,"",""
"16106",604,1,2015,1.1,3,"10/30/2015","Spotted_skunk",2015-10-27 21:55:27,"","","","10/27/2015","9:55:27 PM","10/27/2015","9:55:29 PM",4,6,3,1,0,"N","","",NA,"",""
"16107",604,1,2015,1.1,3,"10/30/2015","Spotted_skunk",2015-10-28 01:10:56,"","","","10/28/2015","1:10:56 AM","10/28/2015","1:10:58 AM",7,9,3,1,0,"N","","Y",NA,"EK000009","last event with skunk, bait was probably taken at this point, but this camera seemed to not work"
"16108",604,1,2015,2,2,"10/21/2015","Spotted_skunk",2015-10-20 22:31:09,"","","","10/20/2015","10:31:09 PM","10/20/2015","10:42:25 PM",448,465,18,1,0,"N","","Y",NA,"EK000465","Skunk at TCB opening last- maybe took bait here"
"16109",604,1,2015,2,2,"10/21/2015","Spotted_skunk",2015-10-20 02:18:59,"","","","10/20/2015","2:18:59 AM","10/20/2015","2:20:34 AM",436,447,12,1,0,"N","","",NA,"",""
"16110",604,1,2015,2,2,"10/21/2015","Spotted_skunk",2015-10-21 01:19:12,"","","","10/21/2015","1:19:12 AM","10/21/2015","1:27:42 AM",466,480,15,1,0,"N","","",NA,"",""
"16111",604,1,2015,2,2,"10/21/2015","Spotted_skunk",2015-10-17 04:44:11,"","","","10/17/2015","4:44:11 AM","10/17/2015","6:18:00 AM",163,237,75,1,0,"N","","",NA,"",""
"16112",604,1,2015,2,2,"10/21/2015","Spotted_skunk",2015-10-17 01:03:32,"","","","10/17/2015","1:03:32 AM","10/17/2015","1:49:55 AM",109,156,48,1,0,"N","","",NA,"",""
"16113",604,1,2015,2,2,"10/21/2015","Spotted_skunk",2015-10-16 22:21:56,"","","","10/16/2015","10:21:56 PM","10/16/2015","11:27:55 PM",64,108,45,1,0,"N","","",NA,"",""
"16114",604,1,2015,2,2,"10/21/2015","Spotted_skunk",2015-10-17 18:39:18,"","","","10/17/2015","6:39:18 PM","10/17/2015","8:12:01 PM",238,246,9,1,0,"N","","",NA,"",""
"16115",604,1,2015,2,2,"10/21/2015","Spotted_skunk",2015-10-19 18:35:43,"","","","10/19/2015","6:35:43 PM","10/19/2015","6:45:20 PM",373,384,12,1,0,"N","","",NA,"",""
"16116",604,1,2015,2,2,"10/21/2015","Spotted_skunk",2015-10-18 01:49:09,"","","","10/18/2015","1:49:09 AM","10/18/2015","1:49:10 AM",247,249,3,1,0,"N","","",NA,"",""
"16117",604,1,2015,2,2,"10/21/2015","Spotted_skunk",2015-10-20 00:43:36,"","","","10/20/2015","12:43:36 AM","10/20/2015","12:43:37 AM",433,435,3,1,0,"N","","",NA,"",""
"16118",604,1,2015,2,2,"10/21/2015","Spotted_skunk",2015-10-19 21:27:44,"","","","10/19/2015","9:27:44 PM","10/19/2015","9:29:40 PM",421,432,12,1,0,"N","","",NA,"",""
"16119",604,1,2015,2,2,"10/21/2015","Spotted_skunk",2015-10-19 04:11:43,"","","","10/19/2015","4:11:43 AM","10/19/2015","6:21:29 AM",325,366,42,1,0,"N","Y","",NA,"EK000349","Bait on tree gone- taken by skunk"
"16120",604,1,2015,2,2,"10/21/2015","Spotted_skunk",2015-10-18 04:12:23,"","","","10/18/2015","4:12:23 AM","10/18/2015","4:13:29 AM",271,276,6,1,0,"N","","",NA,"",""
"16121",604,1,2015,2,2,"10/21/2015","Spotted_skunk",2015-10-18 02:53:20,"","","","10/18/2015","2:53:20 AM","10/18/2015","3:02:13 AM",250,267,18,1,0,"N","","",NA,"",""
"16122",604,1,2015,2,2,"10/21/2015","Spotted_skunk",2015-10-19 19:55:43,"","","","10/19/2015","7:55:43 PM","10/19/2015","7:59:38 PM",409,420,12,1,0,"N","","",NA,"",""
"16123",604,1,2015,2,2,"10/21/2015","Spotted_skunk",2015-10-18 22:59:09,"","","","10/18/2015","10:59:09 PM","10/18/2015","11:07:13 PM",316,324,9,1,0,"N","","",NA,"",""
"16124",604,1,2015,2,2,"10/21/2015","Spotted_skunk",2015-10-18 05:15:37,"","","","10/18/2015","5:15:37 AM","10/18/2015","5:48:48 AM",277,303,27,1,0,"N","","",NA,"",""
"16125",604,1,2015,2,2,"10/21/2015","Spotted_skunk",2015-10-18 18:36:22,"","","","10/18/2015","6:36:22 PM","10/18/2015","6:36:37 PM",304,309,6,1,0,"N","","",NA,"",""
"16126",604,1,2015,2,2,"10/21/2015","Spotted_skunk",2015-10-18 22:20:01,"","","","10/18/2015","10:20:01 PM","10/18/2015","10:20:03 PM",310,312,3,1,0,"N","","",NA,"",""
"16127",604,1,2015,2,3,"11/4/2015","Spotted_skunk",2015-10-24 22:56:09,"","","","10/24/2015","10:56:09 PM","10/24/2015","10:58:53 PM",493,501,9,1,0,"N","","",NA,"",""
"16128",604,1,2015,2,3,"11/4/2015","Spotted_skunk",2015-10-22 21:33:52,"","","","10/22/2015","9:33:52 PM","10/22/2015","10:59:03 PM",4,90,87,1,0,"N","","",NA,"",""
"16129",604,1,2015,2,3,"11/4/2015","Spotted_skunk",2015-10-25 22:14:14,"","","","10/25/2015","10:14:14 PM","10/25/2015","10:15:48 PM",514,519,6,1,0,"N","","",NA,"",""
"16130",604,1,2015,2,3,"11/4/2015","Spotted_skunk",2015-10-27 21:17:31,"","","","10/27/2015","9:17:31 PM","10/27/2015","9:19:40 PM",538,543,6,1,0,"N","","",NA,"",""
"16131",604,1,2015,2,3,"11/4/2015","Spotted_skunk",2015-10-26 06:04:03,"","","","10/26/2015","6:04:03 AM","10/26/2015","6:07:05 AM",532,537,6,1,0,"N","","",NA,"",""
"16132",604,1,2015,2,3,"11/4/2015","Spotted_skunk",2015-10-26 04:06:11,"","","","10/26/2015","4:06:11 AM","10/26/2015","4:48:09 AM",520,531,12,1,0,"N","","",NA,"",""
"16133",604,1,2015,2,3,"11/4/2015","Spotted_skunk",2015-10-25 02:46:23,"","","","10/25/2015","2:46:23 AM","10/25/2015","2:51:48 AM",502,513,12,1,0,"N","","",NA,"",""
"16134",604,1,2015,2,3,"11/4/2015","Spotted_skunk",2015-10-24 18:43:23,"","","","10/24/2015","6:43:23 PM","10/24/2015","6:52:19 PM",460,492,33,1,0,"N","","",NA,"",""
"16135",604,1,2015,2,3,"11/4/2015","Spotted_skunk",2015-10-24 07:31:05,"","","","10/24/2015","7:31:05 AM","10/24/2015","7:33:30 AM",418,429,12,1,0,"N","","",NA,"",""
"16136",604,1,2015,2,3,"11/4/2015","Spotted_skunk",2015-10-24 00:36:18,"","","","10/24/2015","12:36:18 AM","10/24/2015","2:00:12 AM",358,417,60,1,0,"N","Y","",NA,"EK000388","Tree bait gone- taken by skunk"
"16137",604,1,2015,2,3,"11/4/2015","Spotted_skunk",2015-10-23 22:15:07,"","","","10/23/2015","10:15:07 PM","10/23/2015","11:00:15 PM",331,357,27,1,0,"N","","",NA,"",""
"16138",604,1,2015,2,3,"11/4/2015","Spotted_skunk",2015-10-23 18:32:59,"","","","10/23/2015","6:32:59 PM","10/23/2015","7:46:18 PM",283,330,48,1,0,"N","","",NA,"",""
"16139",604,1,2015,2,3,"11/4/2015","Spotted_skunk",2015-10-23 00:36:21,"","","","10/23/2015","12:36:21 AM","10/23/2015","6:32:12 AM",91,279,189,2,0,"N","","",NA,"",""
"16140",604,1,2015,2,3,"11/4/2015","Spotted_skunk",2015-10-29 21:04:21,"","","","10/29/2015","9:04:21 PM","10/29/2015","9:05:41 PM",553,561,9,1,0,"N","","",NA,"",""
"16141",604,1,2015,2,3,"11/4/2015","Spotted_skunk",2015-10-30 22:17:22,"","","","10/30/2015","10:17:22 PM","10/30/2015","10:40:04 PM",580,585,6,1,0,"N","","",NA,"",""
"16142",604,1,2015,2,3,"11/4/2015","Spotted_skunk",2015-10-30 02:37:30,"","","","10/30/2015","2:37:30 AM","10/30/2015","2:40:57 AM",568,579,12,1,0,"N","","Y",NA,"EK000570","Last time skunk in TCB-probably last of bait was taken here"
"16143",604,1,2015,2,3,"11/4/2015","Spotted_skunk",2015-10-31 03:18:24,"","","","10/31/2015","3:18:24 AM","10/31/2015","3:19:03 AM",586,591,6,1,0,"N","","",NA,"",""
"16144",604,1,2015,2,3,"11/4/2015","Spotted_skunk",2015-10-31 23:46:54,"","","","10/31/2015","11:46:54 PM","10/31/2015","11:46:56 PM",592,594,3,1,0,"N","","",NA,"",""
"16145",604,1,2015,2,3,"11/4/2015","Spotted_skunk",2015-11-01 22:23:56,"","","","11/1/2015","10:23:56 PM","11/1/2015","10:24:00 PM",604,606,3,1,0,"N","","",NA,"",""
"16146",604,1,2015,2,3,"11/4/2015","Spotted_skunk",2015-11-02 20:22:58,"","","","11/2/2015","8:22:58 PM","11/2/2015","8:23:12 PM",607,612,6,1,0,"N","","",NA,"",""
"16147",604,1,2015,2,3,"11/4/2015","Spotted_skunk",2015-11-02 23:29:03,"","","","11/2/2015","11:29:03 PM","11/2/2015","11:29:05 PM",613,615,3,1,0,"N","","",NA,"",""
"16148",604,1,2015,3,2,"10/21/2015","Spotted_skunk",2015-10-18 23:16:06,"","","","10/18/2015","11:16:06 PM","10/18/2015","11:35:36 PM",112,120,9,1,0,"N","","",NA,"",""
"16149",604,1,2015,3,2,"10/21/2015","Spotted_skunk",2015-10-17 03:22:16,"","","","10/17/2015","3:22:16 AM","10/17/2015","4:10:42 AM",103,111,9,1,0,"N","","",NA,"",""
"16150",604,1,2015,3,2,"10/21/2015","Spotted_skunk",2015-10-16 18:45:52,"","","","10/16/2015","6:45:52 PM","10/16/2015","6:45:53 PM",91,93,3,1,0,"N","","",NA,"",""
"16151",604,1,2015,3,2,"10/21/2015","Spotted_skunk",2015-10-16 01:42:50,"","","","10/16/2015","1:42:50 AM","10/16/2015","2:14:32 AM",64,90,27,1,0,"N","","",NA,"",""
"16152",604,1,2015,3,2,"10/21/2015","Spotted_skunk",2015-10-19 02:32:03,"","","","10/19/2015","2:32:03 AM","10/19/2015","2:32:04 AM",121,123,3,1,0,"N","","",NA,"",""
"16153",604,1,2015,3,2,"10/21/2015","Spotted_skunk",2015-10-21 01:41:00,"","","","10/21/2015","1:41:00 AM","10/21/2015","2:11:45 AM",124,129,6,1,0,"N","","",NA,"",""
"16154",604,1,2015,3,2,"10/21/2015","Spotted_skunk",2015-10-21 05:04:03,"","","","10/21/2015","5:04:03 AM","10/21/2015","5:04:05 AM",130,132,3,1,0,"N","","Y",NA,"EK000132","Skunk near TCB for last time- bait is probably gone here"
"16155",604,1,2015,3,2,"10/21/2015","Spotted_skunk",2015-10-17 00:45:36,"","","","10/17/2015","12:45:36 AM","10/17/2015","12:50:12 AM",94,102,9,1,0,"N","","",NA,"",""
"16156",604,1,2015,3,3,"11/4/2015","Spotted_skunk",2015-11-04 00:47:15,"","","","11/4/2015","12:47:15 AM","11/4/2015","12:52:44 AM",157,171,15,1,0,"N","","",NA,"",""
"16157",604,1,2015,3,3,"11/4/2015","Spotted_skunk",2015-11-01 23:13:58,"","","","11/1/2015","11:13:58 PM","11/1/2015","11:18:04 PM",145,150,6,1,0,"N","","",NA,"",""
"16158",604,1,2015,3,3,"11/4/2015","Spotted_skunk",2015-11-01 21:31:15,"","","","11/1/2015","9:31:15 PM","11/1/2015","9:33:40 PM",136,144,9,1,0,"N","","",NA,"",""
"16159",604,1,2015,3,3,"11/4/2015","Spotted_skunk",2015-11-01 19:16:24,"","","","11/1/2015","7:16:24 PM","11/1/2015","8:01:08 PM",124,135,12,1,0,"N","","",NA,"",""
"16160",604,1,2015,3,3,"11/4/2015","Spotted_skunk",2015-10-30 23:04:56,"","","","10/30/2015","11:04:56 PM","10/30/2015","11:05:36 PM",115,120,6,1,0,"N","","",NA,"",""
"16161",604,1,2015,3,3,"11/4/2015","Spotted_skunk",2015-10-30 21:23:09,"","","","10/30/2015","9:23:09 PM","10/30/2015","9:25:00 PM",106,114,9,1,0,"N","","",NA,"",""
"16162",604,1,2015,3,3,"11/4/2015","Spotted_skunk",2015-10-27 06:22:00,"","","","10/27/2015","6:22:00 AM","10/27/2015","6:22:17 AM",97,102,6,1,0,"N","","",NA,"",""
"16163",604,1,2015,3,3,"11/4/2015","Spotted_skunk",2015-10-25 05:16:52,"","","","10/25/2015","5:16:52 AM","10/25/2015","5:16:54 AM",94,96,3,1,0,"N","","",NA,"",""
"16164",604,1,2015,3,3,"11/4/2015","Spotted_skunk",2015-10-24 21:43:20,"","","","10/24/2015","9:43:20 PM","10/24/2015","11:10:38 PM",70,93,24,1,0,"N","","",NA,"",""
"16165",604,1,2015,3,3,"11/4/2015","Spotted_skunk",2015-10-24 20:04:30,"","","","10/24/2015","8:04:30 PM","10/24/2015","8:42:18 PM",58,69,12,1,0,"N","","",NA,"",""
"16166",604,1,2015,3,3,"11/4/2015","Spotted_skunk",2015-10-22 01:13:58,"","","","10/22/2015","1:13:58 AM","10/22/2015","2:25:23 AM",28,42,15,1,0,"N","","",NA,"",""
"16167",604,1,2015,3,3,"11/4/2015","Spotted_skunk",2015-10-24 05:06:51,"","","","10/24/2015","5:06:51 AM","10/24/2015","5:46:29 AM",43,57,15,1,0,"N","","",NA,"",""
"16168",605,1,2013,1,1,"9/26/2013","Spotted_skunk",2013-09-18 04:05:28,"","","","9/18/2013","4:05:28 AM","9/18/2013","4:06:07 AM",34,39,6,1,0,"N","","",0,"none",""
"16169",605,1,2013,1,1,"9/26/2013","Spotted_skunk",2013-09-17 22:25:05,"","","","9/17/2013","10:25:05 PM","9/17/2013","11:13:20 PM",22,27,6,1,0,"N","","",0,"none",""
"16170",605,1,2013,1,1,"9/26/2013","Spotted_skunk",2013-09-18 01:42:34,"","","","9/18/2013","1:42:34 AM","9/18/2013","2:00:01 AM",28,33,6,1,0,"N","","",0,"none",""
"16171",605,1,2013,1,2,"10/18/2013","Spotted_skunk",2013-10-11 22:17:00,"","","","10/11/2013","10:17:00 PM","10/11/2013","10:46:16 PM",169,186,18,2,0,"N","","Y",0,"176","skunk in TCB"
"16172",605,1,2013,1,2,"10/18/2013","Spotted_skunk",2013-10-11 00:41:25,"","","","10/11/2013","12:41:25 AM","10/11/2013","1:03:55 AM",154,168,15,1,0,"N","","",0,"none",""
"16173",605,1,2013,1,2,"10/18/2013","Spotted_skunk",2013-10-09 20:21:07,"","","","10/9/2013","8:21:07 PM","10/9/2013","8:21:09 PM",148,150,3,1,0,"N","","",0,"none",""
"16174",605,1,2013,1,2,"10/18/2013","Spotted_skunk",2013-10-09 04:33:52,"","","","10/9/2013","4:33:52 AM","10/9/2013","4:55:20 AM",139,144,6,1,0,"N","","",0,"none",""
"16175",605,1,2013,1,2,"10/18/2013","Spotted_skunk",2013-10-15 06:03:13,"","","","10/15/2013","6:03:13 AM","10/15/2013","6:03:14 AM",256,258,3,1,0,"N","","",0,"none",""
"16176",605,1,2013,1,2,"10/18/2013","Spotted_skunk",2013-10-08 23:54:03,"","","","10/8/2013","11:54:03 PM","10/8/2013","11:56:26 PM",127,138,12,1,0,"N","","",0,"none",""
"16177",605,1,2013,1,2,"10/18/2013","Spotted_skunk",2013-10-08 22:28:21,"","","","10/8/2013","10:28:21 PM","10/8/2013","10:40:30 PM",118,126,9,1,0,"N","","",0,"none",""
"16178",605,1,2013,1,2,"10/18/2013","Spotted_skunk",2013-10-08 19:34:02,"","","","10/8/2013","7:34:02 PM","10/8/2013","8:30:45 PM",106,117,12,1,0,"N","Y","",0,"106","tree bait gone, skunk"
"16179",605,1,2013,1,2,"10/18/2013","Spotted_skunk",2013-10-08 05:34:21,"","","","10/8/2013","5:34:21 AM","10/8/2013","6:21:19 AM",88,105,18,1,0,"N","","",0,"none",""
"16180",605,1,2013,1,2,"10/18/2013","Spotted_skunk",2013-10-12 22:46:39,"","","","10/12/2013","10:46:39 PM","10/12/2013","10:46:41 PM",241,243,3,1,0,"N","","",0,"none",""
"16181",605,1,2013,1,2,"10/18/2013","Spotted_skunk",2013-10-14 20:54:52,"","","","10/14/2013","8:54:52 PM","10/14/2013","9:00:41 PM",247,255,9,1,0,"N","","",0,"none",""
"16182",605,1,2013,1,2,"10/18/2013","Spotted_skunk",2013-10-05 04:01:32,"","","","10/5/2013","4:01:32 AM","10/5/2013","4:01:33 AM",22,24,3,1,0,"N","","",0,"none",""
"16183",605,1,2013,1,2,"10/18/2013","Spotted_skunk",2013-09-27 21:57:07,"","","","9/27/2013","9:57:07 PM","9/27/2013","10:18:12 PM",7,18,12,1,0,"N","","",0,"none",""
"16184",605,1,2013,1,2,"10/18/2013","Spotted_skunk",2013-10-07 20:04:05,"","","","10/7/2013","8:04:05 PM","10/7/2013","8:04:06 PM",82,84,3,1,0,"N","","",0,"none",""
"16185",605,1,2013,1,3,"11/2/2013","Spotted_skunk",2013-10-27 01:29:13,"","","","10/27/2013","1:29:13 AM","10/27/2013","1:29:41 AM",73,78,6,1,0,"N","","Y",NA,"74","skunk in TCB"
"16186",605,1,2013,1,3,"11/2/2013","Spotted_skunk",2013-10-30 23:53:06,"","","","10/30/2013","11:53:06 PM","10/30/2013","11:53:07 PM",124,126,3,1,0,"N","","",NA,"",""
"16187",605,1,2013,1,3,"11/2/2013","Spotted_skunk",2013-10-26 02:12:12,"","","","10/26/2013","2:12:12 AM","10/26/2013","2:12:14 AM",49,51,3,1,0,"N","","",NA,"",""
"16188",605,1,2013,1,3,"11/2/2013","Spotted_skunk",2013-10-28 00:16:00,"","","","10/28/2013","12:16:00 AM","10/28/2013","12:23:19 AM",79,84,6,1,0,"N","","",NA,"",""
"16189",605,1,2013,1,3,"11/2/2013","Spotted_skunk",2013-10-26 03:45:05,"","","","10/26/2013","3:45:05 AM","10/26/2013","3:45:07 AM",52,54,3,1,0,"N","","",NA,"",""
"16190",605,1,2013,2,2,"10/18/2013","Spotted_skunk",2013-09-28 00:17:51,"","","","9/28/2013","12:17:51 AM","9/28/2013","12:17:53 AM",4,6,3,1,0,"N","","",0,"none",""
"16191",605,1,2013,2,2,"10/18/2013","Spotted_skunk",2013-10-10 22:46:35,"","","","10/10/2013","10:46:35 PM","10/10/2013","10:46:37 PM",31,33,3,1,0,"N","","",0,"none",""
"16192",605,1,2013,2,2,"10/18/2013","Spotted_skunk",2013-10-12 02:38:12,"","","","10/12/2013","2:38:12 AM","10/12/2013","2:45:36 AM",34,42,9,1,0,"N","","",0,"none",""
"16193",605,1,2013,2,3,"11/2/2013","Spotted_skunk",2013-11-01 05:10:28,"","","","11/1/2013","5:10:28 AM","11/1/2013","5:18:37 AM",163,174,12,1,0,"N","","",NA,"",""
"16194",605,1,2013,2,3,"11/2/2013","Spotted_skunk",2013-10-31 19:36:13,"","","","10/31/2013","7:36:13 PM","10/31/2013","7:38:34 PM",148,162,15,1,0,"N","","",NA,"",""
"16195",605,1,2013,2,3,"11/2/2013","Spotted_skunk",2013-10-31 05:10:25,"","","","10/31/2013","5:10:25 AM","10/31/2013","5:17:51 AM",130,147,18,1,0,"N","","",NA,"",""
"16196",605,1,2013,2,3,"11/2/2013","Spotted_skunk",2013-10-31 02:32:11,"","","","10/31/2013","2:32:11 AM","10/31/2013","3:12:17 AM",100,129,30,1,0,"N","","",NA,"",""
"16197",605,1,2013,3,2,"10/18/2013","Spotted_skunk",2013-10-01 01:35:10,"","","","10/1/2013","1:35:10 AM","10/1/2013","1:35:11 AM",7,9,3,1,0,"N","","",0,"none",""
"16198",605,1,2013,3,2,"10/18/2013","Spotted_skunk",2013-10-17 04:59:07,"","","","10/17/2013","4:59:07 AM","10/17/2013","4:59:08 AM",76,78,3,1,0,"N","","",0,"none",""
"16199",605,1,2013,3,2,"10/18/2013","Spotted_skunk",2013-10-12 20:38:13,"","","","10/12/2013","8:38:13 PM","10/12/2013","8:41:07 PM",43,51,9,1,0,"N","","",0,"none",""
"16200",605,1,2013,3,2,"10/18/2013","Spotted_skunk",2013-10-08 01:08:32,"","","","10/8/2013","1:08:32 AM","10/8/2013","1:19:37 AM",28,36,9,1,0,"N","","",0,"none",""
"16201",605,1,2013,3,2,"10/18/2013","Spotted_skunk",2013-10-07 02:37:05,"","","","10/7/2013","2:37:05 AM","10/7/2013","2:38:38 AM",22,27,6,1,0,"N","","",0,"none",""
"16202",605,1,2013,3,3,"11/1/2013","Spotted_skunk",2013-10-25 01:57:31,"","","","10/25/2013","1:57:31 AM","10/25/2013","2:17:40 AM",112,129,18,1,0,"N","","",NA,"",""
"16203",605,1,2013,3,3,"11/1/2013","Spotted_skunk",2013-10-22 20:06:57,"","","","10/22/2013","8:06:57 PM","10/22/2013","9:40:34 PM",31,45,15,1,0,"N","","",NA,"",""
"16204",605,1,2013,3,3,"11/1/2013","Spotted_skunk",2013-10-21 03:26:33,"","","","10/21/2013","3:26:33 AM","10/21/2013","3:26:34 AM",4,6,3,1,0,"N","","",NA,"",""
"16205",605,1,2013,3,3,"11/1/2013","Spotted_skunk",2013-10-22 05:48:03,"","","","10/22/2013","5:48:03 AM","10/22/2013","5:59:08 AM",19,30,12,1,0,"N","","",NA,"",""
"16206",605,1,2013,3,3,"11/1/2013","Spotted_skunk",2013-10-23 20:41:36,"","","","10/23/2013","8:41:36 PM","10/23/2013","8:58:23 PM",61,81,21,1,0,"N","","",NA,"",""
"16207",605,1,2013,3,3,"11/1/2013","Spotted_skunk",2013-10-23 05:10:25,"","","","10/23/2013","5:10:25 AM","10/23/2013","5:18:36 AM",46,60,15,1,0,"N","","",NA,"",""
"16208",605,1,2013,3,3,"11/1/2013","Spotted_skunk",2013-10-24 00:56:24,"","","","10/24/2013","12:56:24 AM","10/24/2013","2:14:06 AM",82,111,30,1,0,"N","","",NA,"",""
"16209",605,2,2015,1,1,"10/1/2015","Spotted_skunk",2015-09-29 19:30:23,"","","","9/29/2015","7:30:23 PM","9/29/2015","7:30:27 PM",103,105,3,1,NA,"","","",NA,"",""
"16210",605,2,2015,1,1,"10/1/2015","Spotted_skunk",2015-09-29 22:29:09,"","","","9/29/2015","10:29:09 PM","9/29/2015","10:29:10 PM",106,108,3,1,NA,"","","",NA,"",""
"16211",605,2,2015,1,1,"10/1/2015","Spotted_skunk",2015-09-29 23:47:08,"","","","9/29/2015","11:47:08 PM","9/30/2015","12:38:09 AM",109,123,15,1,NA,"","","",NA,"",""
"16212",605,2,2015,1,1,"10/1/2015","Spotted_skunk",2015-09-30 02:28:36,"","","","9/30/2015","2:28:36 AM","9/30/2015","2:47:46 AM",124,129,6,1,NA,"","","",NA,"",""
"16213",605,2,2015,1,1,"10/1/2015","Spotted_skunk",2015-09-30 05:12:17,"","","","9/30/2015","5:12:17 AM","9/30/2015","5:12:50 AM",130,135,6,1,NA,"","","",NA,"",""
"16214",605,2,2015,1,1,"10/1/2015","Spotted_skunk",2015-09-28 21:05:39,"","","","9/28/2015","9:05:39 PM","9/28/2015","9:53:49 PM",49,81,33,1,NA,"","","",NA,"",""
"16215",605,2,2015,1,1,"10/1/2015","Spotted_skunk",2015-09-30 23:03:33,"","","","9/30/2015","11:03:33 PM","9/30/2015","11:10:26 PM",220,231,12,1,NA,"","","",NA,"",""
"16216",605,2,2015,1,1,"10/1/2015","Spotted_skunk",2015-09-29 05:14:01,"","","","9/29/2015","5:14:01 AM","9/29/2015","6:00:43 AM",82,102,21,1,NA,"","","",NA,"",""
"16217",605,2,2015,1,1,"10/1/2015","Spotted_skunk",2015-09-28 03:34:11,"","","","9/28/2015","3:34:11 AM","9/28/2015","4:46:31 AM",25,48,24,1,NA,"","","",NA,"",""
"16218",605,2,2015,1,1,"10/1/2015","Spotted_skunk",2015-09-30 20:22:27,"","","","9/30/2015","8:22:27 PM","9/30/2015","8:48:43 PM",202,219,18,1,NA,"","","",NA,"",""
"16219",605,2,2015,1.1,2,"10/15/2015","Spotted_skunk",2015-10-05 04:45:35,"","","","10/5/2015","4:45:35 AM","10/5/2015","5:14:57 AM",70,96,27,1,NA,"","","",NA,"",""
"16220",605,2,2015,1.1,2,"10/15/2015","Spotted_skunk",2015-10-05 23:49:42,"","","","10/5/2015","11:49:42 PM","10/5/2015","11:51:12 PM",100,111,12,1,NA,"","","",NA,"",""
"16221",605,2,2015,1.1,2,"10/15/2015","Spotted_skunk",2015-10-09 00:57:14,"","","","10/9/2015","12:57:14 AM","10/9/2015","1:29:34 AM",118,171,54,1,NA,"","","",NA,"",""
"16222",605,2,2015,1.1,2,"10/15/2015","Spotted_skunk",2015-10-09 03:37:17,"","","","10/9/2015","3:37:17 AM","10/9/2015","3:47:51 AM",172,180,9,1,NA,"","","",NA,"",""
"16223",605,2,2015,1.1,2,"10/15/2015","Spotted_skunk",2015-10-09 05:46:12,"","","","10/9/2015","5:46:12 AM","10/9/2015","6:01:23 AM",184,201,18,1,NA,"","","",NA,"",""
"16224",605,2,2015,1.1,2,"10/15/2015","Spotted_skunk",2015-10-09 23:19:41,"","","","10/9/2015","11:19:41 PM","10/10/2015","12:05:41 AM",202,222,21,1,NA,"","","",NA,"",""
"16225",605,2,2015,1.1,2,"10/15/2015","Spotted_skunk",2015-10-10 19:45:54,"","","","10/10/2015","7:45:54 PM","10/10/2015","8:02:37 PM",229,237,9,1,NA,"","","",NA,"",""
"16226",605,2,2015,1.1,2,"10/15/2015","Spotted_skunk",2015-10-04 00:27:01,"","","","10/4/2015","12:27:01 AM","10/4/2015","2:48:34 AM",10,66,57,1,NA,"","","",NA,"",""
"16227",605,2,2015,1.1,2,"10/15/2015","Spotted_skunk",2015-10-10 22:44:22,"","","","10/10/2015","10:44:22 PM","10/10/2015","10:58:12 PM",241,249,9,1,NA,"","","",NA,"",""
"16228",605,2,2015,1.1,2,"10/15/2015","Spotted_skunk",2015-10-11 07:04:13,"","","","10/11/2015","7:04:13 AM","10/11/2015","7:12:23 AM",250,273,24,1,NA,"","Y","",NA,"271 last of bait",""
"16229",605,2,2015,1.1,2,"10/15/2015","Spotted_skunk",2015-10-11 19:10:28,"","","","10/11/2015","7:10:28 PM","10/11/2015","7:16:31 PM",274,288,15,1,NA,"","","",NA,"",""
"16230",605,2,2015,1.1,2,"10/15/2015","Spotted_skunk",2015-10-12 01:12:59,"","","","10/12/2015","1:12:59 AM","10/12/2015","1:18:47 AM",289,297,9,1,NA,"","","",NA,"",""
"16231",605,2,2015,1.1,2,"10/15/2015","Spotted_skunk",2015-10-13 03:36:40,"","","","10/13/2015","3:36:40 AM","10/13/2015","3:37:53 AM",298,306,9,1,NA,"","","",NA,"",""
"16232",605,2,2015,1.1,2,"10/15/2015","Spotted_skunk",2015-10-13 21:12:30,"","","","10/13/2015","9:12:30 PM","10/13/2015","9:16:14 PM",313,318,6,1,NA,"","","",NA,"",""
"16233",605,2,2015,1.1,2,"10/15/2015","Spotted_skunk",2015-10-14 23:50:10,"","","","10/14/2015","11:50:10 PM","10/14/2015","11:50:11 PM",325,327,3,1,NA,"","","",NA,"",""
"16234",605,2,2015,1.1,2,"10/15/2015","Spotted_skunk",2015-10-15 04:06:32,"","","","10/15/2015","4:06:32 AM","10/15/2015","4:06:36 AM",328,330,3,1,NA,"","","",NA,"",""
"16235",605,2,2015,1.1,2,"10/15/2015","Spotted_skunk",2015-10-10 04:14:52,"","","","10/10/2015","4:14:52 AM","10/10/2015","4:21:27 AM",223,228,6,1,NA,"","","",NA,"",""
"16236",605,2,2015,1.1,3,"10/29/2015","Spotted_skunk",2015-10-19 04:54:44,"","","","10/19/2015","4:54:44 AM","10/19/2015","4:56:39 AM",58,69,12,1,0,"N","","",NA,"",""
"16237",605,2,2015,1.1,3,"10/29/2015","Spotted_skunk",2015-10-16 05:54:18,"","","","10/16/2015","5:54:18 AM","10/16/2015","6:37:46 AM",19,48,30,1,0,"N","","",NA,"",""
"16238",605,2,2015,1.1,3,"10/29/2015","Spotted_skunk",2015-10-16 04:18:32,"","","","10/16/2015","4:18:32 AM","10/16/2015","4:47:52 AM",7,18,12,1,0,"N","","",NA,"",""
"16239",605,2,2015,1.1,3,"10/29/2015","Spotted_skunk",2015-10-20 04:47:25,"","","","10/20/2015","4:47:25 AM","10/20/2015","5:43:37 AM",82,138,57,1,0,"N","","",NA,"",""
"16240",605,2,2015,1.1,3,"10/29/2015","Spotted_skunk",2015-10-20 19:15:59,"","","","10/20/2015","7:15:59 PM","10/20/2015","7:43:44 PM",139,156,18,1,0,"N","","",NA,"",""
"16241",605,2,2015,1.1,3,"10/29/2015","Spotted_skunk",2015-10-21 02:45:59,"","","","10/21/2015","2:45:59 AM","10/21/2015","2:46:15 AM",160,165,6,1,0,"N","","",NA,"",""
"16242",605,2,2015,1.1,3,"10/29/2015","Spotted_skunk",2015-10-21 06:07:15,"","","","10/21/2015","6:07:15 AM","10/21/2015","6:35:23 AM",169,189,21,1,0,"N","","",NA,"",""
"16243",605,2,2015,1.1,3,"10/29/2015","Spotted_skunk",2015-10-19 21:55:36,"","","","10/19/2015","9:55:36 PM","10/19/2015","10:15:59 PM",73,81,9,1,0,"N","","",NA,"",""
"16244",605,2,2015,1.1,3,"10/29/2015","Spotted_skunk",2015-10-21 20:06:50,"","","","10/21/2015","8:06:50 PM","10/21/2015","8:07:52 PM",235,240,6,1,0,"N","","",NA,"",""
"16245",605,2,2015,1.1,3,"10/29/2015","Spotted_skunk",2015-10-23 04:53:01,"","","","10/23/2015","4:53:01 AM","10/23/2015","4:53:03 AM",265,267,3,1,0,"N","","",NA,"",""
"16246",605,2,2015,1.1,3,"10/29/2015","Spotted_skunk",2015-10-23 21:19:13,"","","","10/23/2015","9:19:13 PM","10/23/2015","9:19:38 PM",274,279,6,1,0,"N","","Y",NA,"EK000277","Skunk walks through and moves TCB for last time- probably took bait here"
"16247",605,2,2015,1.1,3,"10/29/2015","Spotted_skunk",2015-10-24 02:02:22,"","","","10/24/2015","2:02:22 AM","10/24/2015","2:07:55 AM",283,294,12,1,0,"N","","",NA,"",""
"16248",605,2,2015,1.1,3,"10/29/2015","Spotted_skunk",2015-10-25 01:15:28,"","","","10/25/2015","1:15:28 AM","10/25/2015","1:15:30 AM",295,297,3,1,0,"N","","",NA,"",""
"16249",605,2,2015,1.1,3,"10/29/2015","Spotted_skunk",2015-10-25 21:51:08,"","","","10/25/2015","9:51:08 PM","10/25/2015","9:51:10 PM",298,300,3,1,0,"N","","",NA,"",""
"16250",605,2,2015,1.1,3,"10/29/2015","Spotted_skunk",2015-10-28 04:11:10,"","","","10/28/2015","4:11:10 AM","10/28/2015","4:11:21 AM",301,306,6,1,0,"N","","",NA,"",""
"16251",605,2,2015,1.1,3,"10/29/2015","Spotted_skunk",2015-10-22 00:16:20,"","","","10/22/2015","12:16:20 AM","10/22/2015","12:18:39 AM",241,252,12,1,0,"N","","",NA,"",""
"16252",605,2,2015,2,1,"10/1/2015","Spotted_skunk",2015-09-21 23:01:55,"","","","9/21/2015","11:01:55 PM","9/21/2015","11:05:42 PM",433,438,6,1,NA,"","","",NA,"",""
"16253",605,2,2015,2,1,"10/1/2015","Spotted_skunk",2015-09-22 04:24:22,"","","","9/22/2015","4:24:22 AM","9/22/2015","5:20:19 AM",439,456,18,1,NA,"","","",NA,"",""
"16254",605,2,2015,2,1,"10/1/2015","Spotted_skunk",2015-09-23 02:50:56,"","","","9/23/2015","2:50:56 AM","9/23/2015","2:51:15 AM",457,462,6,1,NA,"","","",NA,"",""
"16255",605,2,2015,2,1,"10/1/2015","Spotted_skunk",2015-09-21 04:56:57,"","","","9/21/2015","4:56:57 AM","9/21/2015","5:47:36 AM",340,360,21,1,NA,"","Y","",NA,"",""
"16256",605,2,2015,2,1,"10/1/2015","Spotted_skunk",2015-09-20 04:32:21,"","","","9/20/2015","4:32:21 AM","9/20/2015","6:26:47 AM",223,255,33,1,NA,"","","",NA,"",""
"16257",605,2,2015,2,1,"10/1/2015","Spotted_skunk",2015-09-20 01:27:57,"","","","9/20/2015","1:27:57 AM","9/20/2015","2:56:27 AM",208,222,15,1,NA,"","","",NA,"",""
"16258",605,2,2015,2,1,"10/1/2015","Spotted_skunk",2015-09-19 21:51:33,"","","","9/19/2015","9:51:33 PM","9/19/2015","10:13:56 PM",181,204,24,2,NA,"","","",NA,"",""
"16259",605,2,2015,2,1,"10/1/2015","Spotted_skunk",2015-09-19 19:35:55,"","","","9/19/2015","7:35:55 PM","9/19/2015","7:47:57 PM",166,180,15,1,NA,"","","",NA,"",""
"16260",605,2,2015,2,1,"10/1/2015","Spotted_skunk",2015-09-19 03:51:06,"","","","9/19/2015","3:51:06 AM","9/19/2015","6:35:42 AM",31,123,93,1,NA,"","","",NA,"",""
"16261",605,2,2015,2,1,"10/1/2015","Spotted_skunk",2015-09-18 05:10:11,"","","","9/18/2015","5:10:11 AM","9/18/2015","5:24:38 AM",16,21,6,1,NA,"","","",NA,"",""
"16262",605,2,2015,2,1,"10/1/2015","Spotted_skunk",2015-09-18 01:58:03,"","","","9/18/2015","1:58:03 AM","9/18/2015","2:16:49 AM",10,15,6,1,NA,"","","",NA,"",""
"16263",605,2,2015,2,1,"10/1/2015","Spotted_skunk",2015-09-21 03:50:21,"","","","9/21/2015","3:50:21 AM","9/21/2015","3:53:48 AM",325,339,15,1,NA,"","","",NA,"",""
"16264",605,2,2015,2,1,"10/1/2015","Spotted_skunk",2015-09-21 01:04:26,"","","","9/21/2015","1:04:26 AM","9/21/2015","2:23:58 AM",286,324,39,1,NA,"","","",NA,"",""
"16265",605,2,2015,2,1,"10/1/2015","Spotted_skunk",2015-09-20 22:47:32,"","","","9/20/2015","10:47:32 PM","9/20/2015","11:25:59 PM",271,285,15,1,NA,"","","",NA,"",""
"16266",605,2,2015,2,1,"10/1/2015","Spotted_skunk",2015-09-20 19:33:22,"","","","9/20/2015","7:33:22 PM","9/20/2015","7:46:17 PM",259,270,12,1,NA,"","","",NA,"",""
"16267",605,2,2015,2,1,"10/1/2015","Spotted_skunk",2015-09-21 19:45:29,"","","","9/21/2015","7:45:29 PM","9/21/2015","7:47:35 PM",421,432,12,1,NA,"","","",NA,"",""
"16268",605,2,2015,2,1,"10/1/2015","Spotted_skunk",2015-09-24 20:45:27,"","","","9/24/2015","8:45:27 PM","9/24/2015","8:45:28 PM",475,477,3,1,NA,"","","",NA,"",""
"16269",605,2,2015,2,1,"10/1/2015","Spotted_skunk",2015-09-23 21:40:41,"","","","9/23/2015","9:40:41 PM","9/23/2015","9:40:42 PM",472,474,3,1,NA,"","","",NA,"",""
"16270",605,2,2015,2,1,"10/1/2015","Spotted_skunk",2015-09-23 04:14:27,"","","","9/23/2015","4:14:27 AM","9/23/2015","4:20:35 AM",463,468,6,1,NA,"","","",NA,"",""
"16271",605,2,2015,2.1,1,"10/3/2015","Spotted_skunk",2015-09-25 05:02:01,"","","","9/25/2015","5:02:01 AM","9/25/2015","5:56:09 AM",232,264,33,2,NA,"","","",NA,"",""
"16272",605,2,2015,2.1,1,"10/3/2015","Spotted_skunk",2015-09-22 04:57:04,"","","","9/22/2015","4:57:04 AM","9/22/2015","5:24:56 AM",19,33,15,1,NA,"","","",NA,"",""
"16273",605,2,2015,2.1,1,"10/3/2015","Spotted_skunk",2015-09-23 04:41:36,"","","","9/23/2015","4:41:36 AM","9/23/2015","5:07:24 AM",34,45,12,1,NA,"","","",NA,"",""
"16274",605,2,2015,2.1,1,"10/3/2015","Spotted_skunk",2015-09-23 23:19:56,"","","","9/23/2015","11:19:56 PM","9/24/2015","1:58:36 AM",46,177,132,1,NA,"","","",NA,"","skunk vs coyote"
"16275",605,2,2015,2.1,1,"10/3/2015","Spotted_skunk",2015-09-24 04:00:17,"","","","9/24/2015","4:00:17 AM","9/24/2015","4:42:13 AM",178,189,12,1,NA,"","","",NA,"",""
"16276",605,2,2015,2.1,1,"10/3/2015","Spotted_skunk",2015-09-24 19:39:30,"","","","9/24/2015","7:39:30 PM","9/24/2015","9:04:40 PM",190,204,15,1,NA,"","","",NA,"",""
"16277",605,2,2015,2.1,1,"10/3/2015","Spotted_skunk",2015-09-24 23:21:49,"","","","9/24/2015","11:21:49 PM","9/24/2015","11:25:25 PM",205,216,12,1,NA,"","","",NA,"",""
"16278",605,2,2015,2.1,1,"10/3/2015","Spotted_skunk",2015-09-25 00:52:24,"","","","9/25/2015","12:52:24 AM","9/25/2015","12:52:26 AM",217,219,3,1,NA,"","","",NA,"",""
"16279",605,2,2015,2.1,1,"10/3/2015","Spotted_skunk",2015-09-22 03:15:57,"","","","9/22/2015","3:15:57 AM","9/22/2015","3:17:03 AM",10,18,9,1,NA,"","","",NA,"",""
"16280",605,2,2015,2.1,1,"10/3/2015","Spotted_skunk",2015-09-25 03:07:38,"","","","9/25/2015","3:07:38 AM","9/25/2015","3:35:20 AM",223,231,9,1,NA,"","","",NA,"",""
"16281",605,2,2015,2.1,1,"10/3/2015","Spotted_skunk",2015-09-25 20:05:12,"","","","9/25/2015","8:05:12 PM","9/25/2015","9:13:39 PM",265,282,18,1,NA,"","","",NA,"",""
"16282",605,2,2015,2.1,1,"10/3/2015","Spotted_skunk",2015-09-26 03:09:29,"","","","9/26/2015","3:09:29 AM","9/26/2015","4:12:49 AM",283,324,42,1,NA,"","Y","",NA,"319 - bair gone",""
"16283",605,2,2015,2.1,1,"10/3/2015","Spotted_skunk",2015-09-26 05:27:19,"","","","9/26/2015","5:27:19 AM","9/26/2015","5:40:37 AM",325,351,27,1,NA,"","","",NA,"",""
"16284",605,2,2015,2.1,2,"10/17/2015","Spotted_skunk",2015-10-09 03:49:54,"","","","10/9/2015","3:49:54 AM","10/9/2015","3:49:59 AM",40,45,6,1,NA,"","","",NA,"",""
"16285",605,2,2015,2.1,2,"10/17/2015","Spotted_skunk",2015-10-10 04:07:15,"","","","10/10/2015","4:07:15 AM","10/10/2015","4:08:33 AM",46,54,9,1,NA,"","","",NA,"",""
"16286",605,2,2015,2.1,2,"10/17/2015","Spotted_skunk",2015-10-13 02:22:20,"","","","10/13/2015","2:22:20 AM","10/13/2015","2:48:49 AM",103,111,9,1,NA,"","","",NA,"106 bait gone",""
"16287",605,2,2015,2.1,2,"10/17/2015","Spotted_skunk",2015-10-14 23:54:17,"","","","10/14/2015","11:54:17 PM","10/14/2015","11:54:53 PM",115,120,6,1,NA,"","","",NA,"",""
"16288",605,2,2015,2.1,2,"10/17/2015","Spotted_skunk",2015-10-10 19:37:20,"","","","10/10/2015","7:37:20 PM","10/10/2015","7:37:22 PM",67,69,3,1,NA,"","","",NA,"",""
"16289",605,2,2015,2.1,3,"10/31/2015","Spotted_skunk",2015-10-19 03:53:13,"","","","10/19/2015","3:53:13 AM","10/19/2015","4:10:31 AM",37,45,9,1,0,"N","","",NA,"",""
"16290",605,2,2015,2.1,3,"10/31/2015","Spotted_skunk",2015-10-22 04:28:16,"","","","10/22/2015","4:28:16 AM","10/22/2015","4:29:57 AM",91,99,9,1,0,"N","","",NA,"",""
"16291",605,2,2015,2.1,3,"10/31/2015","Spotted_skunk",2015-10-19 00:52:52,"","","","10/19/2015","12:52:52 AM","10/19/2015","2:17:39 AM",22,36,15,1,0,"N","","",NA,"",""
"16292",605,2,2015,2.1,3,"10/31/2015","Spotted_skunk",2015-10-19 05:32:05,"","","","10/19/2015","5:32:05 AM","10/19/2015","5:50:18 AM",46,51,6,1,0,"N","Y","",NA,"EK000049","Last of bait gone- taken by skunk"
"16293",605,2,2015,2.1,3,"10/31/2015","Spotted_skunk",2015-10-19 23:28:12,"","","","10/19/2015","11:28:12 PM","10/19/2015","11:32:59 PM",58,78,21,1,0,"N","","",NA,"",""
"16294",605,2,2015,2.1,3,"10/31/2015","Spotted_skunk",2015-10-18 05:31:16,"","","","10/18/2015","5:31:16 AM","10/18/2015","5:53:11 AM",10,21,12,1,0,"N","","",NA,"",""
"16295",606,1,2014,1,2,"8/20/2014","Spotted_skunk",2014-08-16 21:22:18,"","","","8/16/2014","9:22:18 PM","8/16/2014","9:27:39 PM",43,48,6,3,0,"N","","",NA,"2014_H606_S1_V2_E6_bait_gone","hard to tell exactly, but looks like the skunks got the bait here"
"16296",606,1,2014,1,2,"8/20/2014","Spotted_skunk",2014-08-07 05:00:27,"","","","8/7/2014","5:00:27 AM","8/7/2014","5:25:40 AM",16,21,6,1,0,"N","","",NA,"",""
"16297",606,1,2014,1,2,"8/20/2014","Spotted_skunk",2014-08-14 21:34:05,"","","","8/14/2014","9:34:05 PM","8/14/2014","9:35:39 PM",34,42,9,1,0,"N","","",NA,"",""
"16298",606,1,2014,1,2,"8/20/2014","Spotted_skunk",2014-08-20 01:30:48,"","","","8/20/2014","1:30:48 AM","8/20/2014","1:30:50 AM",76,78,3,1,0,"N","","",NA,"",""
"16299",606,1,2014,1,2,"8/20/2014","Spotted_skunk",2014-08-18 01:15:53,"","","","8/18/2014","1:15:53 AM","8/18/2014","1:16:17 AM",70,75,6,1,0,"N","","",NA,"",""
"16300",606,1,2014,1,2,"8/20/2014","Spotted_skunk",2014-08-17 22:16:24,"","","","8/17/2014","10:16:24 PM","8/17/2014","10:27:19 PM",64,69,6,1,0,"N","","",NA,"",""
"16301",606,1,2014,1,2,"8/20/2014","Spotted_skunk",2014-08-17 01:02:19,"","","","8/17/2014","1:02:19 AM","8/17/2014","1:02:47 AM",52,60,9,2,0,"N","","",NA,"",""
"16302",606,1,2014,1,3,"9/3/2014","Spotted_skunk",2014-08-30 03:30:52,"","","","8/30/2014","3:30:52 AM","8/30/2014","3:42:20 AM",341,346,6,1,0,"N","","",NA,"",""
"16303",606,1,2014,1,3,"9/3/2014","Spotted_skunk",2014-08-24 22:50:28,"","","","8/24/2014","10:50:28 PM","8/24/2014","11:03:43 PM",188,199,12,1,0,"N","","",NA,"",""
"16304",606,1,2014,1,3,"9/3/2014","Spotted_skunk",2014-08-30 01:30:10,"","","","8/30/2014","1:30:10 AM","8/30/2014","1:34:15 AM",332,340,9,1,0,"N","","",NA,"",""
"16305",606,1,2014,1,3,"9/3/2014","Spotted_skunk",2014-08-25 01:09:47,"","","","8/25/2014","1:09:47 AM","8/25/2014","1:12:51 AM",200,205,6,1,0,"N","","",NA,"",""
"16306",606,1,2014,1,3,"9/3/2014","Spotted_skunk",2014-08-24 20:42:31,"","","","8/24/2014","8:42:31 PM","8/24/2014","9:45:54 PM",146,187,42,1,0,"N","","",NA,"",""
"16307",606,1,2014,1,3,"9/3/2014","Spotted_skunk",2014-08-24 04:42:14,"","","","8/24/2014","4:42:14 AM","8/24/2014","6:51:18 AM",56,145,90,3,0,"N","","",NA,"",""
"16308",606,1,2014,1,3,"9/3/2014","Spotted_skunk",2014-08-30 05:06:51,"","","","8/30/2014","5:06:51 AM","8/30/2014","5:06:52 AM",347,349,3,1,0,"N","","",NA,"",""
"16309",606,1,2014,1,3,"9/3/2014","Spotted_skunk",2014-09-02 23:32:06,"","","","9/2/2014","11:32:06 PM","9/2/2014","11:32:26 PM",383,388,6,1,0,"N","","",NA,"",""
"16310",606,1,2014,1,3,"9/3/2014","Spotted_skunk",2014-08-20 22:09:14,"","","","8/20/2014","10:09:14 PM","8/20/2014","10:38:56 PM",32,43,12,1,0,"N","","",NA,"",""
"16311",606,1,2014,1,3,"9/3/2014","Spotted_skunk",2014-08-24 03:18:17,"","","","8/24/2014","3:18:17 AM","8/24/2014","3:18:37 AM",47,55,9,1,0,"N","","",NA,"",""
"16312",606,1,2014,1,3,"9/3/2014","Spotted_skunk",2014-08-29 21:15:25,"","","","8/29/2014","9:15:25 PM","8/29/2014","9:17:45 PM",311,322,12,1,0,"N","","",NA,"",""
"16313",606,1,2014,1,3,"9/3/2014","Spotted_skunk",2014-08-26 01:43:42,"","","","8/26/2014","1:43:42 AM","8/26/2014","4:01:16 AM",245,274,30,1,0,"N","","",NA,"",""
"16314",606,1,2014,1,3,"9/3/2014","Spotted_skunk",2014-08-26 00:43:15,"","","","8/26/2014","12:43:15 AM","8/26/2014","12:43:18 AM",242,244,3,1,0,"N","","",NA,"",""
"16315",606,1,2014,1,3,"9/3/2014","Spotted_skunk",2014-08-25 21:34:42,"","","","8/25/2014","9:34:42 PM","8/25/2014","9:53:33 PM",233,241,9,1,0,"N","","",NA,"2014_H606_S1_V3_E10_bait_Gone_08250239","bait gone"
"16316",606,1,2014,1,3,"9/3/2014","Spotted_skunk",2014-08-25 05:04:42,"","","","8/25/2014","5:04:42 AM","8/25/2014","5:40:22 AM",221,232,12,1,0,"N","","",NA,"",""
"16317",606,1,2014,1,3,"9/3/2014","Spotted_skunk",2014-08-25 02:18:33,"","","","8/25/2014","2:18:33 AM","8/25/2014","2:31:50 AM",206,220,15,1,0,"N","","",NA,"",""
"16318",606,1,2014,1,3,"9/3/2014","Spotted_skunk",2014-09-01 04:17:39,"","","","9/1/2014","4:17:39 AM","9/1/2014","4:20:08 AM",371,376,6,1,0,"N","","",NA,"",""
"16319",606,1,2014,1,3,"9/3/2014","Spotted_skunk",2014-08-31 21:08:12,"","","","8/31/2014","9:08:12 PM","8/31/2014","9:08:21 PM",350,355,6,1,0,"N","","",NA,"",""
"16320",606,1,2014,1,3,"9/3/2014","Spotted_skunk",2014-08-30 00:20:54,"","","","8/30/2014","12:20:54 AM","8/30/2014","12:21:29 AM",323,331,9,1,0,"N","","",NA,"",""
"16321",606,1,2014,1,3,"9/3/2014","Spotted_skunk",2014-09-03 05:26:22,"","","","9/3/2014","5:26:22 AM","9/3/2014","5:27:32 AM",398,409,12,1,0,"N","","",NA,"",""
"16322",606,1,2014,1,3,"9/3/2014","Spotted_skunk",2014-09-03 00:42:12,"","","","9/3/2014","12:42:12 AM","9/3/2014","12:44:15 AM",389,397,9,1,0,"N","","",NA,"",""
"16323",606,1,2014,1,3,"9/3/2014","Spotted_skunk",2014-08-26 21:48:54,"","","","8/26/2014","9:48:54 PM","8/26/2014","9:49:35 PM",281,286,6,1,0,"N","","",NA,"",""
"16324",606,1,2014,1,3,"9/3/2014","Spotted_skunk",2014-09-02 01:48:08,"","","","9/2/2014","1:48:08 AM","9/2/2014","1:48:37 AM",377,382,6,1,0,"N","","",NA,"",""
"16325",606,1,2014,1,3,"9/3/2014","Spotted_skunk",2014-08-31 23:13:12,"","","","8/31/2014","11:13:12 PM","8/31/2014","11:34:35 PM",356,370,15,1,0,"N","","",NA,"",""
"16326",606,1,2014,1,3,"9/3/2014","Spotted_skunk",2014-08-27 04:39:46,"","","","8/27/2014","4:39:46 AM","8/27/2014","4:50:06 AM",287,298,12,1,0,"N","","",NA,"",""
"16327",606,1,2014,1,3,"9/3/2014","Spotted_skunk",2014-08-28 22:04:03,"","","","8/28/2014","10:04:03 PM","8/28/2014","10:16:04 PM",302,310,9,1,0,"N","","",NA,"",""
"16328",606,1,2014,1,4,"9/17/2014","Spotted_skunk",2014-09-12 22:40:06,"","","","9/12/2014","10:40:06 PM","9/12/2014","11:03:29 PM",91,96,6,1,0,"N","","",NA,"",""
"16329",606,1,2014,1,4,"9/17/2014","Spotted_skunk",2014-09-17 00:17:45,"","","","9/17/2014","12:17:45 AM","9/17/2014","12:21:23 AM",121,135,15,1,0,"N","","",NA,"",""
"16330",606,1,2014,1,4,"9/17/2014","Spotted_skunk",2014-09-16 21:06:49,"","","","9/16/2014","9:06:49 PM","9/16/2014","9:06:50 PM",118,120,3,1,0,"N","","",NA,"",""
"16331",606,1,2014,1,4,"9/17/2014","Spotted_skunk",2014-09-16 00:47:55,"","","","9/16/2014","12:47:55 AM","9/16/2014","12:47:58 AM",115,117,3,1,0,"N","","",NA,"",""
"16332",606,1,2014,1,4,"9/17/2014","Spotted_skunk",2014-09-14 04:14:17,"","","","9/14/2014","4:14:17 AM","9/14/2014","5:12:01 AM",109,114,6,1,0,"N","","",NA,"",""
"16333",606,1,2014,1,4,"9/17/2014","Spotted_skunk",2014-09-17 03:01:53,"","","","9/17/2014","3:01:53 AM","9/17/2014","3:26:13 AM",136,150,15,1,0,"N","","",NA,"",""
"16334",606,1,2014,1,4,"9/17/2014","Spotted_skunk",2014-09-13 04:37:49,"","","","9/13/2014","4:37:49 AM","9/13/2014","4:58:13 AM",97,105,9,1,0,"N","","",NA,"",""
"16335",606,1,2014,1,4,"9/17/2014","Spotted_skunk",2014-09-17 05:30:44,"","","","9/17/2014","5:30:44 AM","9/17/2014","5:33:49 AM",151,159,9,1,0,"N","","",NA,"",""
"16336",606,1,2014,1,4,"9/17/2014","Spotted_skunk",2014-09-11 22:43:31,"","","","9/11/2014","10:43:31 PM","9/11/2014","10:50:01 PM",82,90,9,1,0,"N","","",NA,"",""
"16337",606,1,2014,1,4,"9/17/2014","Spotted_skunk",2014-09-11 05:26:59,"","","","9/11/2014","5:26:59 AM","9/11/2014","5:34:11 AM",76,81,6,1,0,"N","","",NA,"",""
"16338",606,1,2014,1,4,"9/17/2014","Spotted_skunk",2014-09-11 03:42:25,"","","","9/11/2014","3:42:25 AM","9/11/2014","4:03:14 AM",49,75,27,1,0,"N","","",NA,"",""
"16339",606,1,2014,1,4,"9/17/2014","Spotted_skunk",2014-09-10 22:37:25,"","","","9/10/2014","10:37:25 PM","9/10/2014","10:49:36 PM",40,48,9,1,0,"N","","",NA,"",""
"16340",606,1,2014,1,4,"9/17/2014","Spotted_skunk",2014-09-08 02:34:00,"","","","9/8/2014","2:34:00 AM","9/8/2014","2:57:40 AM",13,27,15,1,0,"N","","",NA,"",""
"16341",606,1,2014,1,4,"9/17/2014","Spotted_skunk",2014-09-14 00:03:01,"","","","9/14/2014","12:03:01 AM","9/14/2014","12:03:02 AM",106,108,3,1,0,"N","","",NA,"",""
"16342",606,1,2014,3,1,"8/6/2014","Spotted_skunk",2014-08-05 00:17:09,"","","","8/5/2014","12:17:09 AM","8/5/2014","1:12:10 AM",123,131,9,1,0,"N","","",NA,"",""
"16343",606,1,2014,3,1,"8/6/2014","Spotted_skunk",2014-08-04 23:32:00,"","","","8/4/2014","11:32:00 PM","8/4/2014","11:32:27 PM",114,122,9,1,0,"N","","",NA,"",""
"16344",606,1,2014,3,2,"8/20/2014","Spotted_skunk",2014-08-14 04:06:31,"","","","8/14/2014","4:06:31 AM","8/14/2014","4:09:52 AM",10,21,12,1,0,"N","","",NA,"",""
"16345",606,2,2016,1,1,"7/27/2016","Spotted_skunk",2016-07-23 00:06:22,"","","","7/23/2016","12:06:22 AM","7/23/2016","12:06:24 AM",154,156,3,1,0,"N","","",NA,"",""
"16346",606,2,2016,1,1,"7/27/2016","Spotted_skunk",2016-07-22 02:25:04,"","","","7/22/2016","2:25:04 AM","7/22/2016","2:44:41 AM",82,105,24,1,0,"N","","",NA,"",""
"16347",606,2,2016,1,1,"7/27/2016","Spotted_skunk",2016-07-26 02:48:21,"","","","7/26/2016","2:48:21 AM","7/26/2016","3:31:40 AM",409,435,27,1,0,"N","","",NA,"",""
"16348",606,2,2016,1,2,"8/10/2016","Spotted_skunk",2016-08-06 01:37:39,"","","","8/6/2016","1:37:39 AM","8/6/2016","1:43:04 AM",280,294,15,1,0,"N","","",NA,"",""
"16349",606,2,2016,1,2,"8/10/2016","Spotted_skunk",2016-08-09 02:17:16,"","","","8/9/2016","2:17:16 AM","8/9/2016","2:33:08 AM",448,459,12,1,0,"N","","",NA,"",""
"16350",606,2,2016,1,2,"8/10/2016","Spotted_skunk",2016-08-02 21:36:54,"","","","8/2/2016","9:36:54 PM","8/2/2016","9:38:55 PM",214,222,9,1,0,"N","","",NA,"",""
"16351",606,2,2016,1,2,"8/10/2016","Spotted_skunk",2016-08-09 04:37:19,"","","","8/9/2016","4:37:19 AM","8/9/2016","4:39:48 AM",460,468,9,1,0,"N","","",NA,"",""
"16352",606,2,2016,1,2,"8/10/2016","Spotted_skunk",2016-08-09 17:01:31,"","","","8/9/2016","5:01:31 PM","8/9/2016","5:01:43 PM",508,513,6,1,0,"N","","",NA,"",""
"16353",606,2,2016,1,2,"8/10/2016","Spotted_skunk",2016-08-09 23:43:21,"","","","8/9/2016","11:43:21 PM","8/10/2016","12:38:04 AM",517,549,33,1,0,"N","","",NA,"",""
"16354",606,2,2016,1,2,"8/10/2016","Spotted_skunk",2016-08-10 02:21:36,"","","","8/10/2016","2:21:36 AM","8/10/2016","3:49:53 AM",550,630,81,4,0,"N","","",NA,"",""
"16355",606,2,2016,1,2,"8/10/2016","Spotted_skunk",2016-07-31 22:37:33,"","","","7/31/2016","10:37:33 PM","7/31/2016","10:53:52 PM",118,129,12,1,0,"N","","",NA,"",""
"16356",606,2,2016,1,2,"8/10/2016","Spotted_skunk",2016-07-30 00:46:18,"","","","7/30/2016","12:46:18 AM","7/30/2016","12:57:31 AM",55,81,27,1,0,"N","","",NA,"",""
"16357",606,2,2016,1,2,"8/10/2016","Spotted_skunk",2016-07-30 22:10:57,"","","","7/30/2016","10:10:57 PM","7/30/2016","10:42:54 PM",91,105,15,1,0,"N","","",NA,"",""
"16358",606,2,2016,1,2,"8/10/2016","Spotted_skunk",2016-08-01 02:20:35,"","","","8/1/2016","2:20:35 AM","8/1/2016","3:04:15 AM",133,165,33,1,0,"N","","",NA,"",""
"16359",606,2,2016,1,2,"8/10/2016","Spotted_skunk",2016-08-01 23:07:27,"","","","8/1/2016","11:07:27 PM","8/1/2016","11:25:05 PM",187,204,18,1,0,"N","","",NA,"",""
"16360",606,2,2016,1,2,"8/10/2016","Spotted_skunk",2016-08-08 22:51:14,"","","","8/8/2016","10:51:14 PM","8/8/2016","10:52:10 PM",442,447,6,1,0,"N","","",NA,"",""
"16361",606,2,2016,1,2,"8/10/2016","Spotted_skunk",2016-08-03 04:06:04,"","","","8/3/2016","4:06:04 AM","8/3/2016","4:15:01 AM",223,240,18,1,0,"N","","",NA,"",""
"16362",606,2,2016,1,3,"8/25/2016","Spotted_skunk",2016-08-14 02:46:31,"","","","8/14/2016","2:46:31 AM","8/14/2016","5:32:19 AM",727,771,45,1,0,"N","","",NA,"",""
"16363",606,2,2016,1,3,"8/25/2016","Spotted_skunk",2016-08-17 01:56:19,"","","","8/17/2016","1:56:19 AM","8/17/2016","1:57:18 AM",886,897,12,1,0,"N","","",NA,"",""
"16364",606,2,2016,1,3,"8/25/2016","Spotted_skunk",2016-08-16 03:25:04,"","","","8/16/2016","3:25:04 AM","8/16/2016","3:47:40 AM",829,882,54,2,0,"N","","",NA,"",""
"16365",606,2,2016,1,3,"8/25/2016","Spotted_skunk",2016-08-14 23:43:35,"","","","8/14/2016","11:43:35 PM","8/14/2016","11:56:42 PM",790,804,15,1,0,"N","","",NA,"",""
"16366",606,2,2016,1,3,"8/25/2016","Spotted_skunk",2016-08-13 22:20:05,"","","","8/13/2016","10:20:05 PM","8/14/2016","12:10:09 AM",655,726,72,1,0,"N","","",NA,"",""
"16367",606,2,2016,1,3,"8/25/2016","Spotted_skunk",2016-08-13 21:04:30,"","","","8/13/2016","9:04:30 PM","8/13/2016","9:08:11 PM",646,654,9,1,0,"N","","",NA,"",""
"16368",606,2,2016,1,3,"8/25/2016","Spotted_skunk",2016-08-12 04:38:44,"","","","8/12/2016","4:38:44 AM","8/12/2016","4:40:54 AM",610,621,12,3,0,"N","","",NA,"",""
"16369",606,2,2016,1,3,"8/25/2016","Spotted_skunk",2016-08-11 19:05:13,"","","","8/11/2016","7:05:13 PM","8/12/2016","3:26:34 AM",286,609,324,4,0,"N","","Y",NA,"532","cubby moved by skunks"
"16370",606,2,2016,1,3,"8/25/2016","Spotted_skunk",2016-08-11 03:46:58,"","","","8/11/2016","3:46:58 AM","8/11/2016","5:27:08 AM",127,285,159,4,0,"N","","",NA,"",""
"16371",606,2,2016,1,3,"8/25/2016","Spotted_skunk",2016-08-10 23:50:44,"","","","8/10/2016","11:50:44 PM","8/11/2016","1:56:52 AM",40,126,87,4,0,"N","","",NA,"",""
"16372",606,2,2016,1,3,"8/25/2016","Spotted_skunk",2016-08-10 21:05:42,"","","","8/10/2016","9:05:42 PM","8/10/2016","10:02:41 PM",19,39,21,1,0,"N","","",NA,"",""
"16373",606,2,2016,1,3,"8/25/2016","Spotted_skunk",2016-08-24 00:41:58,"","","","8/24/2016","12:41:58 AM","8/24/2016","12:43:06 AM",922,927,6,1,0,"N","","",NA,"",""
"16374",606,2,2016,1,3,"8/25/2016","Spotted_skunk",2016-08-25 02:42:43,"","","","8/25/2016","2:42:43 AM","8/25/2016","3:26:27 AM",937,942,6,1,0,"N","","",NA,"",""
"16375",606,2,2016,1,3,"8/25/2016","Spotted_skunk",2016-08-25 00:06:09,"","","","8/25/2016","12:06:09 AM","8/25/2016","12:08:20 AM",931,936,6,1,0,"N","","",NA,"",""
"16376",606,2,2016,1,3,"8/25/2016","Spotted_skunk",2016-08-22 23:13:00,"","","","8/22/2016","11:13:00 PM","8/22/2016","11:13:24 PM",913,918,6,1,0,"N","","",NA,"",""
"16377",606,2,2016,1,3,"8/25/2016","Spotted_skunk",2016-08-13 01:20:06,"","","","8/13/2016","1:20:06 AM","8/13/2016","1:56:28 AM",631,639,9,1,0,"N","","",NA,"",""
"16378",606,2,2016,1,3,"8/25/2016","Spotted_skunk",2016-08-20 21:06:37,"","","","8/20/2016","9:06:37 PM","8/20/2016","9:08:24 PM",904,909,6,1,0,"N","","",NA,"",""
"16379",606,2,2016,3,1,"7/27/2016","Spotted_skunk",2016-07-15 22:20:41,"","","","7/15/2016","10:20:41 PM","7/15/2016","10:23:38 PM",734,751,18,1,0,"N","","",NA,"",""
"16380",606,2,2016,3,1,"7/27/2016","Spotted_skunk",2016-07-16 00:28:25,"","","","7/16/2016","12:28:25 AM","7/16/2016","1:35:02 AM",752,835,84,2,0,"N","","Y",NA,"785","last time skunk in TCB"
"16381",606,2,2016,3,1,"7/27/2016","Spotted_skunk",2016-07-14 21:42:37,"","","","7/14/2016","9:42:37 PM","7/15/2016","3:54:51 AM",304,733,430,3,0,"N","","",NA,"",""
"16382",606,2,2016,3,1,"7/27/2016","Spotted_skunk",2016-07-14 03:20:00,"","","","7/14/2016","3:20:00 AM","7/14/2016","5:23:31 AM",229,303,75,2,0,"N","","",NA,"",""
"16383",606,2,2016,3,1,"7/27/2016","Spotted_skunk",2016-07-14 00:08:19,"","","","7/14/2016","12:08:19 AM","7/14/2016","2:15:15 AM",34,228,195,6,0,"N","","",NA,"",""
"16384",606,2,2016,3,1,"7/27/2016","Spotted_skunk",2016-07-13 23:08:55,"","","","7/13/2016","11:08:55 PM","7/13/2016","11:21:06 PM",19,33,15,1,0,"N","","",NA,"",""
"16385",606,2,2016,3,1,"7/27/2016","Spotted_skunk",2016-07-16 04:35:52,"","","","7/16/2016","4:35:52 AM","7/16/2016","4:35:54 AM",836,838,3,1,0,"N","","",NA,"",""
"16386",606,2,2016,3,3,"8/25/2016","Spotted_skunk",2016-08-11 03:02:52,"","","","8/11/2016","3:02:52 AM","8/11/2016","4:11:42 AM",100,129,30,1,0,"N","","",NA,"",""
"16387",607,2,2015,1,2,"10/14/2015","Spotted_skunk",2015-10-08 19:46:30,"","","","10/8/2015","7:46:30 PM","10/8/2015","7:49:10 PM",105,116,12,1,0,"N","","",NA,"",""
"16388",607,2,2015,1,2,"10/14/2015","Spotted_skunk",2015-10-12 23:13:42,"","","","10/12/2015","11:13:42 PM","10/12/2015","11:13:43 PM",171,173,3,1,0,"N","","",NA,"",""
"16389",607,2,2015,1,2,"10/14/2015","Spotted_skunk",2015-10-13 01:45:31,"","","","10/13/2015","1:45:31 AM","10/13/2015","2:18:06 AM",174,179,6,1,0,"N","","",NA,"",""
"16390",607,2,2015,1,2,"10/14/2015","Spotted_skunk",2015-10-10 20:16:25,"","","","10/10/2015","8:16:25 PM","10/10/2015","8:20:54 PM",117,155,39,1,0,"N","","",NA,"",""
"16391",607,2,2015,1,2,"10/14/2015","Spotted_skunk",2015-10-08 05:38:30,"","","","10/8/2015","5:38:30 AM","10/8/2015","5:54:45 AM",99,104,6,1,0,"N","","",NA,"",""
"16392",607,2,2015,1,2,"10/14/2015","Spotted_skunk",2015-10-12 04:27:45,"","","","10/12/2015","4:27:45 AM","10/12/2015","4:29:07 AM",156,170,15,1,0,"N","","",NA,"",""
"16393",607,2,2015,1,3,"10/28/2015","Spotted_skunk",2015-10-24 02:26:06,"","","","10/24/2015","2:26:06 AM","10/24/2015","2:26:08 AM",49,51,3,1,0,"N","","",NA,"",""
"16394",607,2,2015,1,3,"10/28/2015","Spotted_skunk",2015-10-23 23:32:14,"","","","10/23/2015","11:32:14 PM","10/23/2015","11:58:55 PM",40,48,9,1,0,"N","","",NA,"",""
"16395",607,2,2015,1,3,"10/28/2015","Spotted_skunk",2015-10-23 19:32:02,"","","","10/23/2015","7:32:02 PM","10/23/2015","7:33:45 PM",34,39,6,1,0,"N","","",NA,"",""
"16396",607,2,2015,1,3,"10/28/2015","Spotted_skunk",2015-10-23 05:49:43,"","","","10/23/2015","5:49:43 AM","10/23/2015","6:23:00 AM",28,33,6,1,0,"N","","",NA,"",""
"16397",607,2,2015,1,3,"10/28/2015","Spotted_skunk",2015-10-20 04:52:44,"","","","10/20/2015","4:52:44 AM","10/20/2015","4:52:46 AM",19,21,3,1,0,"N","","",NA,"",""
"16398",607,2,2015,1,3,"10/28/2015","Spotted_skunk",2015-10-24 05:28:37,"","","","10/24/2015","5:28:37 AM","10/24/2015","6:04:14 AM",52,63,12,1,0,"N","","",NA,"",""
"16399",607,2,2015,1,3,"10/28/2015","Spotted_skunk",2015-10-23 02:58:02,"","","","10/23/2015","2:58:02 AM","10/23/2015","2:58:21 AM",22,27,6,1,0,"N","","",NA,"",""
"16400",607,2,2015,1,4,"11/12/2015","Spotted_skunk",2015-11-06 04:29:39,"","","","11/6/2015","4:29:39 AM","11/6/2015","4:44:54 AM",52,69,18,1,0,"N","","",NA,"",""
"16401",607,2,2015,1,4,"11/12/2015","Spotted_skunk",2015-11-06 01:11:17,"","","","11/6/2015","1:11:17 AM","11/6/2015","1:11:35 AM",46,51,6,1,0,"N","","",NA,"",""
"16402",607,2,2015,1,4,"11/12/2015","Spotted_skunk",2015-11-06 19:03:36,"","","","11/6/2015","7:03:36 PM","11/6/2015","7:30:42 PM",70,105,36,1,0,"N","","",NA,"",""
"16403",607,2,2015,1,4,"11/12/2015","Spotted_skunk",2015-11-06 21:02:23,"","","","11/6/2015","9:02:23 PM","11/6/2015","9:05:40 PM",106,123,18,1,0,"N","","",NA,"",""
"16404",607,2,2015,1,4,"11/12/2015","Spotted_skunk",2015-11-11 22:30:12,"","","","11/11/2015","10:30:12 PM","11/11/2015","10:46:29 PM",124,156,33,1,0,"N","","",NA,"",""
"16405",607,2,2015,1,4,"11/12/2015","Spotted_skunk",2015-11-05 23:03:06,"","","","11/5/2015","11:03:06 PM","11/5/2015","11:28:16 PM",19,45,27,1,0,"N","","",NA,"",""
"16406",607,2,2015,2,2,"10/14/2015","Spotted_skunk",2015-10-13 05:42:20,"","","","10/13/2015","5:42:20 AM","10/13/2015","5:42:21 AM",85,87,3,1,0,"N","","",NA,"",""
"16407",607,2,2015,2,2,"10/14/2015","Spotted_skunk",2015-10-07 03:44:23,"","","","10/7/2015","3:44:23 AM","10/7/2015","3:50:26 AM",58,66,9,1,0,"N","","",NA,"",""
"16408",607,2,2015,2,2,"10/14/2015","Spotted_skunk",2015-10-12 02:25:14,"","","","10/12/2015","2:25:14 AM","10/12/2015","2:25:26 AM",79,84,6,1,0,"N","","",NA,"",""
"16409",607,2,2015,2,2,"10/14/2015","Spotted_skunk",2015-10-14 06:13:14,"","","","10/14/2015","6:13:14 AM","10/14/2015","6:18:22 AM",88,93,6,1,0,"N","","",NA,"",""
"16410",607,2,2015,2,3,"10/28/2015","Spotted_skunk",2015-10-22 01:23:43,"","","","10/22/2015","1:23:43 AM","10/22/2015","1:33:02 AM",61,72,12,1,0,"N","","Y",NA,"69","last time skunk in TCB"
"16411",607,2,2015,2,3,"10/28/2015","Spotted_skunk",2015-10-14 18:24:21,"","","","10/14/2015","6:24:21 PM","10/14/2015","6:45:11 PM",22,33,12,1,0,"N","","",NA,"date/time wrong",""
"16412",607,2,2015,2,3,"10/28/2015","Spotted_skunk",2015-10-14 20:23:09,"","","","10/14/2015","8:23:09 PM","10/14/2015","8:23:10 PM",34,36,3,1,0,"N","","",NA,"date/time wrong",""
"16413",607,2,2015,2,3,"10/28/2015","Spotted_skunk",2015-10-15 23:22:54,"","","","10/15/2015","11:22:54 PM","10/15/2015","11:26:33 PM",40,54,15,1,0,"N","","",NA,"date/time wrong",""
"16414",607,2,2015,2,3,"10/28/2015","Spotted_skunk",2015-10-16 03:29:27,"","","","10/16/2015","3:29:27 AM","10/16/2015","3:29:29 AM",55,57,3,1,0,"N","","",NA,"date/time wrong",""
"16415",607,2,2015,3,1,"9/30/2015","Spotted_skunk",2015-09-22 01:20:26,"","","","9/22/2015","1:20:26 AM","9/22/2015","1:25:46 AM",22,39,18,1,0,"N","","",NA,"",""
"16416",607,2,2015,3,1,"9/30/2015","Spotted_skunk",2015-09-22 22:32:37,"","","","9/22/2015","10:32:37 PM","9/22/2015","10:34:57 PM",40,48,9,1,0,"N","","",NA,"",""
"16417",607,2,2015,3,1,"9/30/2015","Spotted_skunk",2015-09-29 03:24:31,"","","","9/29/2015","3:24:31 AM","9/29/2015","3:25:20 AM",70,75,6,1,0,"N","","",NA,"",""
"16418",607,2,2015,3,2,"10/14/2015","Spotted_skunk",2015-10-04 23:39:28,"","","","10/4/2015","11:39:28 PM","10/4/2015","11:46:51 PM",22,27,6,1,0,"N","","",NA,"",""
"16419",607,2,2015,3,2,"10/14/2015","Spotted_skunk",2015-10-05 01:20:01,"","","","10/5/2015","1:20:01 AM","10/5/2015","1:38:27 AM",28,48,21,1,0,"N","","",NA,"",""
"16420",607,2,2015,3,2,"10/14/2015","Spotted_skunk",2015-10-05 05:52:18,"","","","10/5/2015","5:52:18 AM","10/5/2015","5:54:44 AM",49,54,6,1,0,"N","","",NA,"",""
"16421",607,2,2015,3,2,"10/14/2015","Spotted_skunk",2015-10-13 04:34:26,"","","","10/13/2015","4:34:26 AM","10/13/2015","5:17:44 AM",289,303,15,1,0,"N","","",NA,"",""
"16422",607,2,2015,3,2,"10/14/2015","Spotted_skunk",2015-10-11 01:24:36,"","","","10/11/2015","1:24:36 AM","10/11/2015","1:24:47 AM",181,186,6,1,0,"N","","",NA,"",""
"16423",607,2,2015,3,2,"10/14/2015","Spotted_skunk",2015-10-14 01:24:26,"","","","10/14/2015","1:24:26 AM","10/14/2015","1:26:34 AM",319,330,12,1,0,"N","","",NA,"",""
"16424",607,2,2015,3,2,"10/14/2015","Spotted_skunk",2015-10-13 21:21:50,"","","","10/13/2015","9:21:50 PM","10/13/2015","9:26:57 PM",304,318,15,1,0,"N","","",NA,"",""
"16425",607,2,2015,3,2,"10/14/2015","Spotted_skunk",2015-10-12 21:04:19,"","","","10/12/2015","9:04:19 PM","10/12/2015","9:04:21 PM",286,288,3,1,0,"N","","",NA,"",""
"16426",607,2,2015,3,2,"10/14/2015","Spotted_skunk",2015-10-12 00:33:45,"","","","10/12/2015","12:33:45 AM","10/12/2015","12:35:36 AM",262,270,9,1,0,"N","","",NA,"",""
"16427",607,2,2015,3,2,"10/14/2015","Spotted_skunk",2015-10-11 22:38:30,"","","","10/11/2015","10:38:30 PM","10/11/2015","10:42:55 PM",253,261,9,1,0,"N","","",NA,"",""
"16428",607,2,2015,3,2,"10/14/2015","Spotted_skunk",2015-10-11 19:35:49,"","","","10/11/2015","7:35:49 PM","10/11/2015","7:35:50 PM",250,252,3,1,0,"N","","",NA,"",""
"16429",607,2,2015,3,2,"10/14/2015","Spotted_skunk",2015-10-12 05:52:36,"","","","10/12/2015","5:52:36 AM","10/12/2015","6:09:43 AM",271,285,15,1,0,"N","","",NA,"",""
"16430",607,2,2015,3,2,"10/14/2015","Spotted_skunk",2015-10-11 02:50:59,"","","","10/11/2015","2:50:59 AM","10/11/2015","4:39:39 AM",187,228,42,1,0,"N","Y","",NA,"235","bait gone"
"16431",607,2,2015,3,2,"10/14/2015","Spotted_skunk",2015-10-05 23:06:29,"","","","10/5/2015","11:06:29 PM","10/5/2015","11:34:48 PM",58,72,15,1,0,"N","","",NA,"",""
"16432",607,2,2015,3,2,"10/14/2015","Spotted_skunk",2015-10-10 20:27:09,"","","","10/10/2015","8:27:09 PM","10/10/2015","8:41:18 PM",169,180,12,1,0,"N","","",NA,"",""
"16433",607,2,2015,3,2,"10/14/2015","Spotted_skunk",2015-10-10 18:58:31,"","","","10/10/2015","6:58:31 PM","10/10/2015","7:05:12 PM",157,168,12,1,0,"N","","",NA,"",""
"16434",607,2,2015,3,2,"10/14/2015","Spotted_skunk",2015-10-10 04:04:26,"","","","10/10/2015","4:04:26 AM","10/10/2015","6:05:50 AM",136,156,21,1,0,"N","","",NA,"",""
"16435",607,2,2015,3,2,"10/14/2015","Spotted_skunk",2015-10-09 23:43:36,"","","","10/9/2015","11:43:36 PM","10/10/2015","12:00:14 AM",127,135,9,1,0,"N","","",NA,"",""
"16436",607,2,2015,3,2,"10/14/2015","Spotted_skunk",2015-10-08 01:17:12,"","","","10/8/2015","1:17:12 AM","10/8/2015","1:19:56 AM",121,126,6,1,0,"N","","",NA,"",""
"16437",607,2,2015,3,2,"10/14/2015","Spotted_skunk",2015-10-07 04:23:57,"","","","10/7/2015","4:23:57 AM","10/7/2015","4:41:20 AM",97,120,24,1,0,"N","","",NA,"",""
"16438",607,2,2015,3,2,"10/14/2015","Spotted_skunk",2015-10-07 03:17:07,"","","","10/7/2015","3:17:07 AM","10/7/2015","3:17:09 AM",94,96,3,1,0,"N","","",NA,"",""
"16439",607,2,2015,3,2,"10/14/2015","Spotted_skunk",2015-10-07 00:43:15,"","","","10/7/2015","12:43:15 AM","10/7/2015","12:49:26 AM",88,93,6,1,0,"N","","",NA,"",""
"16440",607,2,2015,3,2,"10/14/2015","Spotted_skunk",2015-10-06 04:56:26,"","","","10/6/2015","4:56:26 AM","10/6/2015","6:06:44 AM",73,87,15,1,0,"N","","",NA,"",""
"16441",607,2,2015,3,2,"10/14/2015","Spotted_skunk",2015-10-11 05:52:55,"","","","10/11/2015","5:52:55 AM","10/11/2015","6:19:25 AM",229,249,21,1,0,"N","","",NA,"",""
"16442",607,2,2015,3,3,"10/28/2015","Spotted_skunk",2015-10-24 22:52:57,"","","","10/24/2015","10:52:57 PM","10/24/2015","10:52:58 PM",337,339,3,1,0,"N","","",NA,"",""
"16443",607,2,2015,3,3,"10/28/2015","Spotted_skunk",2015-10-26 06:44:19,"","","","10/26/2015","6:44:19 AM","10/26/2015","6:45:06 AM",346,351,6,1,0,"N","","",NA,"",""
"16444",607,2,2015,3,3,"10/28/2015","Spotted_skunk",2015-10-25 00:57:46,"","","","10/25/2015","12:57:46 AM","10/25/2015","12:58:23 AM",340,345,6,1,0,"N","","",NA,"",""
"16445",607,2,2015,3,3,"10/28/2015","Spotted_skunk",2015-10-20 04:49:42,"","","","10/20/2015","4:49:42 AM","10/20/2015","5:53:51 AM",235,270,36,1,0,"N","Y","",NA,"256","bait gone-skunk"
"16446",607,2,2015,3,3,"10/28/2015","Spotted_skunk",2015-10-17 02:33:10,"","","","10/17/2015","2:33:10 AM","10/17/2015","2:33:12 AM",67,69,3,1,0,"N","","",NA,"",""
"16447",607,2,2015,3,3,"10/28/2015","Spotted_skunk",2015-10-16 22:31:43,"","","","10/16/2015","10:31:43 PM","10/16/2015","11:04:15 PM",58,66,9,1,0,"N","","",NA,"",""
"16448",607,2,2015,3,3,"10/28/2015","Spotted_skunk",2015-10-18 19:19:14,"","","","10/18/2015","7:19:14 PM","10/18/2015","7:41:53 PM",214,228,15,1,0,"N","","",NA,"",""
"16449",607,2,2015,3,3,"10/28/2015","Spotted_skunk",2015-10-17 19:31:23,"","","","10/17/2015","7:31:23 PM","10/17/2015","7:31:24 PM",82,84,3,1,0,"N","","",NA,"",""
"16450",607,2,2015,3,3,"10/28/2015","Spotted_skunk",2015-10-17 20:32:08,"","","","10/17/2015","8:32:08 PM","10/17/2015","8:33:24 PM",85,90,6,1,0,"N","","",NA,"",""
"16451",607,2,2015,3,3,"10/28/2015","Spotted_skunk",2015-10-18 01:11:08,"","","","10/18/2015","1:11:08 AM","10/18/2015","2:51:55 AM",91,147,57,1,0,"N","","",NA,"",""
"16452",607,2,2015,3,3,"10/28/2015","Spotted_skunk",2015-10-18 04:06:09,"","","","10/18/2015","4:06:09 AM","10/18/2015","4:47:15 AM",148,177,30,1,0,"N","","",NA,"",""
"16453",607,2,2015,3,3,"10/28/2015","Spotted_skunk",2015-10-22 02:43:59,"","","","10/22/2015","2:43:59 AM","10/22/2015","3:20:37 AM",286,306,21,1,0,"N","","",NA,"",""
"16454",607,2,2015,3,3,"10/28/2015","Spotted_skunk",2015-10-22 04:25:54,"","","","10/22/2015","4:25:54 AM","10/22/2015","4:28:57 AM",307,321,15,1,0,"N","","",NA,"",""
"16455",607,2,2015,3,3,"10/28/2015","Spotted_skunk",2015-10-23 01:33:40,"","","","10/23/2015","1:33:40 AM","10/23/2015","1:37:16 AM",322,336,15,1,0,"N","","Y",NA,"325","last time skunk in TCB"
"16456",607,2,2015,3,3,"10/28/2015","Spotted_skunk",2015-10-17 04:43:59,"","","","10/17/2015","4:43:59 AM","10/17/2015","4:45:23 AM",70,81,12,1,0,"N","","",NA,"",""
"16457",607,2,2015,3,3,"10/28/2015","Spotted_skunk",2015-10-21 03:14:21,"","","","10/21/2015","3:14:21 AM","10/21/2015","3:39:48 AM",271,282,12,1,0,"N","","",NA,"",""
"16458",608,1,2014,3,2,"8/6/2014","Spotted_skunk",2014-07-25 02:44:20,"","","","7/25/2014","2:44:20 AM","7/25/2014","2:44:22 AM",19,21,3,1,0,"N","","",NA,"",""
"16459",608,1,2014,3,2,"8/6/2014","Spotted_skunk",2014-08-02 00:07:22,"","","","8/2/2014","12:07:22 AM","8/2/2014","12:20:30 AM",31,45,15,1,0,"N","","",NA,"",""
"16460",608,1,2014,3,2,"8/6/2014","Spotted_skunk",2014-08-06 04:13:44,"","","","8/6/2014","4:13:44 AM","8/6/2014","4:13:45 AM",91,93,3,1,0,"N","","",NA,"",""
"16461",608,1,2014,3,3,"8/20/2014","Spotted_skunk",2014-08-17 02:01:35,"","","","8/17/2014","2:01:35 AM","8/17/2014","2:02:26 AM",97,102,6,1,0,"N","","",NA,"",""
"16462",608,1,2014,3,3,"8/20/2014","Spotted_skunk",2014-08-09 03:11:05,"","","","8/9/2014","3:11:05 AM","8/9/2014","3:11:06 AM",88,90,3,1,0,"N","","",NA,"",""
"16463",608,1,2014,3,3,"8/20/2014","Spotted_skunk",2014-08-18 23:20:11,"","","","8/18/2014","11:20:11 PM","8/18/2014","11:34:08 PM",103,153,51,2,0,"N","","",NA,"",""
"16464",608,1,2014,3,3,"8/20/2014","Spotted_skunk",2014-08-19 21:45:02,"","","","8/19/2014","9:45:02 PM","8/19/2014","9:48:30 PM",154,177,24,1,0,"N","","",NA,"",""
"16465",608,1,2014,3,3,"8/20/2014","Spotted_skunk",2014-08-09 01:34:25,"","","","8/9/2014","1:34:25 AM","8/9/2014","1:34:44 AM",82,87,6,1,0,"N","","",NA,"",""
"16466",608,1,2014,3,3,"8/20/2014","Spotted_skunk",2014-08-07 04:07:23,"","","","8/7/2014","4:07:23 AM","8/7/2014","4:46:22 AM",46,63,18,1,0,"N","","",NA,"",""
"16467",608,2,2016,3,1,"9/8/2016","Spotted_skunk",2016-08-31 02:36:38,"","","","8/31/2016","2:36:38 AM","8/31/2016","2:47:38 AM",508,528,21,1,0,"N","","",NA,"",""
"16468",608,2,2016,3,1,"9/8/2016","Spotted_skunk",2016-08-28 02:18:17,"","","","8/28/2016","2:18:17 AM","8/28/2016","5:47:31 AM",130,309,180,1,0,"N","","",NA,"",""
"16469",608,2,2016,3,1,"9/8/2016","Spotted_skunk",2016-09-04 21:54:30,"","","","9/4/2016","9:54:30 PM","9/4/2016","9:59:12 PM",637,654,18,1,0,"N","","",NA,"",""
"16470",608,2,2016,3,1,"9/8/2016","Spotted_skunk",2016-08-29 05:18:59,"","","","8/29/2016","5:18:59 AM","8/29/2016","5:37:00 AM",433,459,27,1,0,"N","","",NA,"",""
"16471",608,2,2016,3,1,"9/8/2016","Spotted_skunk",2016-08-28 21:53:30,"","","","8/28/2016","9:53:30 PM","8/28/2016","10:55:38 PM",316,360,45,1,0,"N","","",NA,"",""
"16472",608,2,2016,3,1,"9/8/2016","Spotted_skunk",2016-08-29 21:08:12,"","","","8/29/2016","9:08:12 PM","8/29/2016","9:08:28 PM",469,474,6,1,0,"N","","",NA,"",""
"16473",608,2,2016,3,1,"9/8/2016","Spotted_skunk",2016-08-27 21:32:40,"","","","8/27/2016","9:32:40 PM","8/27/2016","9:48:37 PM",103,117,15,1,0,"N","","",NA,"",""
"16474",608,2,2016,3,1,"9/8/2016","Spotted_skunk",2016-08-29 00:32:49,"","","","8/29/2016","12:32:49 AM","8/29/2016","12:32:51 AM",376,378,3,1,0,"N","","",NA,"",""
"16475",608,2,2016,3,1,"9/8/2016","Spotted_skunk",2016-09-03 21:12:03,"","","","9/3/2016","9:12:03 PM","9/3/2016","9:15:03 PM",592,606,15,1,0,"N","","Y",NA,"597","last skunk in TCB"
"16476",608,2,2016,3,1,"9/8/2016","Spotted_skunk",2016-09-03 22:24:32,"","","","9/3/2016","10:24:32 PM","9/3/2016","10:27:30 PM",607,621,15,1,0,"N","","",NA,"",""
"16477",608,2,2016,3,1,"9/8/2016","Spotted_skunk",2016-09-02 01:17:02,"","","","9/2/2016","1:17:02 AM","9/2/2016","2:01:45 AM",547,585,39,1,0,"N","Y","",NA,"568","bait gone"
"16478",608,2,2016,3,1,"9/8/2016","Spotted_skunk",2016-09-01 04:56:36,"","","","9/1/2016","4:56:36 AM","9/1/2016","5:09:37 AM",541,546,6,1,0,"N","","",NA,"",""
"16479",608,2,2016,3,1,"9/8/2016","Spotted_skunk",2016-08-29 01:58:44,"","","","8/29/2016","1:58:44 AM","8/29/2016","2:45:26 AM",379,432,54,1,0,"N","","",NA,"",""
"16480",608,2,2016,3,1,"9/8/2016","Spotted_skunk",2016-09-06 00:16:20,"","","","9/6/2016","12:16:20 AM","9/6/2016","12:17:03 AM",664,669,6,1,0,"N","","",NA,"",""
"16481",608,2,2016,3,1,"9/8/2016","Spotted_skunk",2016-08-27 03:14:51,"","","","8/27/2016","3:14:51 AM","8/27/2016","4:45:04 AM",22,96,75,1,0,"N","","",NA,"",""
"16482",608,2,2016,3,1,"9/8/2016","Spotted_skunk",2016-09-08 05:29:49,"","","","9/8/2016","5:29:49 AM","9/8/2016","5:30:36 AM",694,699,6,1,0,"N","","",NA,"",""
"16483",608,2,2016,3,2,"9/22/2016","Spotted_skunk",2016-09-16 22:21:54,"","","","9/16/2016","10:21:54 PM","9/16/2016","10:25:49 PM",355,372,18,1,0,"N","","",NA,"",""
"16484",608,2,2016,3,2,"9/22/2016","Spotted_skunk",2016-09-12 01:24:22,"","","","9/12/2016","1:24:22 AM","9/12/2016","1:59:32 AM",253,270,18,1,0,"N","","",NA,"",""
"16485",608,2,2016,3,2,"9/22/2016","Spotted_skunk",2016-09-11 20:38:47,"","","","9/11/2016","8:38:47 PM","9/11/2016","8:56:47 PM",223,243,21,1,0,"N","","",NA,"",""
"16486",608,2,2016,3,2,"9/22/2016","Spotted_skunk",2016-09-17 05:45:28,"","","","9/17/2016","5:45:28 AM","9/17/2016","5:46:43 AM",376,384,9,1,0,"","","",NA,"",""
"16487",608,2,2016,3,2,"9/22/2016","Spotted_skunk",2016-09-15 03:01:37,"","","","9/15/2016","3:01:37 AM","9/15/2016","3:04:56 AM",319,333,15,1,0,"N","","",NA,"",""
"16488",608,2,2016,3,2,"9/22/2016","Spotted_skunk",2016-09-10 20:11:24,"","","","9/10/2016","8:11:24 PM","9/10/2016","9:35:59 PM",94,123,30,1,0,"N","","",NA,"",""
"16489",608,2,2016,3,2,"9/22/2016","Spotted_skunk",2016-09-10 04:26:36,"","","","9/10/2016","4:26:36 AM","9/10/2016","5:03:25 AM",70,87,18,1,0,"N","","",NA,"",""
"16490",608,2,2016,3,2,"9/22/2016","Spotted_skunk",2016-09-11 01:22:25,"","","","9/11/2016","1:22:25 AM","9/11/2016","3:10:45 AM",151,207,57,1,0,"N","","",NA,"",""
"16491",608,2,2016,3,2,"9/22/2016","Spotted_skunk",2016-09-21 22:34:48,"","","","9/21/2016","10:34:48 PM","9/21/2016","10:35:06 PM",448,453,6,1,0,"N","","",NA,"",""
"16492",608,2,2016,3,2,"9/22/2016","Spotted_skunk",2016-09-19 06:59:52,"","","","9/19/2016","6:59:52 AM","9/19/2016","7:04:34 AM",418,429,12,1,0,"N","","",NA,"",""
"16493",608,2,2016,3,2,"9/22/2016","Spotted_skunk",2016-09-18 02:16:17,"","","","9/18/2016","2:16:17 AM","9/18/2016","3:21:26 AM",388,417,30,1,0,"N","","",NA,"",""
"16494",608,2,2016,3,2,"9/22/2016","Spotted_skunk",2016-09-14 20:54:26,"","","","9/14/2016","8:54:26 PM","9/14/2016","8:58:50 PM",292,303,12,1,0,"N","","",NA,"",""
"16495",608,2,2016,3,2,"9/22/2016","Spotted_skunk",2016-09-22 04:07:31,"","","","9/22/2016","4:07:31 AM","9/22/2016","4:48:19 AM",457,471,15,1,0,"N","","",NA,"",""
"16496",608,2,2016,3,3,"10/13/2016","Spotted_skunk",2016-09-27 21:42:20,"","","","9/27/2016","9:42:20 PM","9/27/2016","10:32:16 PM",160,168,9,1,0,"N","Y","",NA,"166","bait gone"
"16497",608,2,2016,3,3,"10/13/2016","Spotted_skunk",2016-09-27 04:26:43,"","","","9/27/2016","4:26:43 AM","9/27/2016","4:46:43 AM",112,132,21,1,0,"N","","",NA,"",""
"16498",608,2,2016,3,3,"10/13/2016","Spotted_skunk",2016-09-27 06:01:24,"","","","9/27/2016","6:01:24 AM","9/27/2016","6:18:17 AM",133,153,21,1,0,"N","","",NA,"",""
"16499",608,2,2016,3,3,"10/13/2016","Spotted_skunk",2016-09-24 20:58:28,"","","","9/24/2016","8:58:28 PM","9/24/2016","10:57:56 PM",37,57,21,1,0,"N","","",NA,"",""
"16500",608,2,2016,3,3,"10/13/2016","Spotted_skunk",2016-09-25 05:55:29,"","","","9/25/2016","5:55:29 AM","9/25/2016","6:21:29 AM",61,84,24,1,0,"N","","",NA,"",""
"16501",608,2,2016,3,3,"10/13/2016","Spotted_skunk",2016-09-27 00:36:53,"","","","9/27/2016","12:36:53 AM","9/27/2016","12:48:21 AM",97,108,12,1,0,"N","","",NA,"",""
"16551",609,2,2014,1,2,"9/24/2014","Spotted_skunk",2014-09-18 00:27:08,"","","","9/18/2014","12:27:08 AM","9/18/2014","12:27:10 AM",7,9,3,1,0,"N","","",NA,"",""
"16552",609,3,2016,1,2,"9/29/2016","Spotted_skunk",2016-09-21 00:23:54,"","","","9/21/2016","12:23:54 AM","9/21/2016","12:24:20 AM",109,117,9,1,0,"N","","",NA,"",""
"16553",609,3,2016,1,2,"9/29/2016","Spotted_skunk",2016-09-24 20:02:01,"","","","9/24/2016","8:02:01 PM","9/24/2016","8:04:29 PM",271,276,6,1,0,"N","","",NA,"",""
"16554",609,3,2016,1,2,"9/29/2016","Spotted_skunk",2016-09-24 01:45:02,"","","","9/24/2016","1:45:02 AM","9/24/2016","2:20:20 AM",175,240,66,0,0,"N","","",NA,"",""
"16555",609,3,2016,1,2,"9/29/2016","Spotted_skunk",2016-09-24 05:11:54,"","","","9/24/2016","5:11:54 AM","9/24/2016","5:17:57 AM",244,264,21,1,0,"N","","",NA,"",""
"16556",609,3,2016,1,3,"10/13/2016","Spotted_skunk",2016-10-02 19:56:01,"","","","10/2/2016","7:56:01 PM","10/2/2016","8:05:55 PM",82,90,9,1,0,"N","","",NA,"",""
"16557",609,3,2016,1,3,"10/13/2016","Spotted_skunk",2016-10-02 05:52:58,"","","","10/2/2016","5:52:58 AM","10/2/2016","5:53:00 AM",70,72,3,1,0,"N","","",NA,"",""
"16558",609,3,2016,1,3,"10/13/2016","Spotted_skunk",2016-10-06 00:43:04,"","","","10/6/2016","12:43:04 AM","10/6/2016","12:45:21 AM",133,138,6,1,0,"N","","",NA,"",""
"16559",609,3,2016,1,3,"10/13/2016","Spotted_skunk",2016-10-02 03:04:11,"","","","10/2/2016","3:04:11 AM","10/2/2016","4:24:58 AM",49,69,21,1,0,"N","","",NA,"",""
"16560",609,3,2016,1,3,"10/13/2016","Spotted_skunk",2016-10-06 02:20:35,"","","","10/6/2016","2:20:35 AM","10/6/2016","2:20:37 AM",139,141,3,1,0,"N","","",NA,"",""
"16571",630,2,2014,2,1,"9/28/2014","Spotted_skunk",2014-09-24 03:09:02,"","","","9/24/2014","3:09:02 AM","9/24/2014","3:10:48 AM",73,78,6,1,0,"N","","",NA,"",""
"16572",630,2,2014,2,1,"9/28/2014","Spotted_skunk",2014-09-24 00:21:36,"","","","9/24/2014","12:21:36 AM","9/24/2014","12:25:38 AM",61,72,12,1,0,"N","","",NA,"","#62 last of tree bait"
"16573",630,2,2014,2,1,"9/28/2014","Spotted_skunk",2014-09-20 22:17:45,"","","","9/20/2014","10:17:45 PM","9/20/2014","11:15:24 PM",28,39,12,1,0,"N","","",NA,"",""
"16574",630,2,2014,2,1,"9/28/2014","Spotted_skunk",2014-09-26 21:31:06,"","","","9/26/2014","9:31:06 PM","9/26/2014","9:31:10 PM",79,81,3,1,0,"N","","",NA,"",""
"16575",630,2,2014,2,1,"9/28/2014","Spotted_skunk",2014-09-21 01:19:24,"","","","9/21/2014","1:19:24 AM","9/21/2014","1:25:22 AM",40,48,9,1,0,"N","","",NA,"",""
"16576",630,2,2014,2,1,"9/28/2014","Spotted_skunk",2014-09-21 04:06:58,"","","","9/21/2014","4:06:58 AM","9/21/2014","4:32:10 AM",49,54,6,1,0,"N","","",NA,"",""
"16577",630,2,2014,2,1,"9/28/2014","Spotted_skunk",2014-09-22 02:12:35,"","","","9/22/2014","2:12:35 AM","9/22/2014","2:15:17 AM",55,60,6,1,0,"N","","",NA,"",""
"16578",630,2,2014,2,2,"10/12/2014","Spotted_skunk",2014-10-09 22:47:16,"","","","10/9/2014","10:47:16 PM","10/9/2014","10:47:17 PM",7,9,3,1,0,"N","","",NA,"",""
"16579",630,2,2014,2,2,"10/12/2014","Spotted_skunk",2014-10-12 00:06:17,"","","","10/12/2014","12:06:17 AM","10/12/2014","12:06:19 AM",13,15,3,1,0,"N","","",NA,"",""
"16580",630,2,2014,2,2,"10/12/2014","Spotted_skunk",2014-10-10 20:48:58,"","","","10/10/2014","8:48:58 PM","10/10/2014","8:49:01 PM",10,12,3,1,0,"N","","",NA,"",""
"16581",630,2,2014,2,2,"10/12/2014","Spotted_skunk",2014-10-12 06:27:11,"","","","10/12/2014","6:27:11 AM","10/12/2014","6:48:50 AM",16,21,6,1,0,"N","","",NA,"",""
"16582",630,2,2014,2,3,"10/28/2014","Spotted_skunk",2014-10-24 21:22:39,"","","","10/24/2014","9:22:39 PM","10/24/2014","9:22:40 PM",187,189,3,1,0,"N","","",NA,"",""
"16583",630,2,2014,2,3,"10/28/2014","Spotted_skunk",2014-10-26 02:22:23,"","","","10/26/2014","2:22:23 AM","10/26/2014","2:49:48 AM",190,198,9,1,0,"N","","",NA,"",""
"16584",630,2,2014,2,3,"10/28/2014","Spotted_skunk",2014-10-24 02:35:41,"","","","10/24/2014","2:35:41 AM","10/24/2014","2:35:42 AM",184,186,3,1,0,"N","","",NA,"",""
"16585",630,2,2014,2,3,"10/28/2014","Spotted_skunk",2014-10-15 01:00:39,"","","","10/15/2014","1:00:39 AM","10/15/2014","1:17:05 AM",73,78,6,1,0,"N","","",NA,"",""
"16586",630,2,2014,2,3,"10/28/2014","Spotted_skunk",2014-10-14 20:01:02,"","","","10/14/2014","8:01:02 PM","10/14/2014","8:14:47 PM",58,66,9,1,0,"N","","",NA,"",""
"16587",630,2,2014,2,3,"10/28/2014","Spotted_skunk",2014-10-13 23:01:07,"","","","10/13/2014","11:01:07 PM","10/13/2014","11:12:59 PM",52,57,6,1,0,"N","","",NA,"",""
"16588",630,2,2014,2,3,"10/28/2014","Spotted_skunk",2014-10-12 21:18:11,"","","","10/12/2014","9:18:11 PM","10/12/2014","10:00:06 PM",37,51,15,1,0,"N","","",NA,"",""
"16589",630,2,2014,2,3,"10/28/2014","Spotted_skunk",2014-10-28 06:53:23,"","","","10/28/2014","6:53:23 AM","10/28/2014","6:53:24 AM",343,345,3,1,0,"N","","",NA,"",""
"16590",630,2,2014,2,3,"10/28/2014","Spotted_skunk",2014-10-20 23:10:25,"","","","10/20/2014","11:10:25 PM","10/20/2014","11:10:26 PM",169,171,3,1,0,"N","","",NA,"",""
"16591",630,2,2014,2,3,"10/28/2014","Spotted_skunk",2014-10-19 03:07:05,"","","","10/19/2014","3:07:05 AM","10/19/2014","3:50:23 AM",136,147,12,1,0,"N","","",NA,"#136 bait to bone",""
"16592",630,2,2014,2,3,"10/28/2014","Spotted_skunk",2014-10-20 05:40:12,"","","","10/20/2014","5:40:12 AM","10/20/2014","5:56:03 AM",163,168,6,1,0,"N","","",NA,"","#165 last of bait"
"16593",630,2,2014,2,3,"10/28/2014","Spotted_skunk",2014-10-14 22:25:25,"","","","10/14/2014","10:25:25 PM","10/14/2014","10:28:40 PM",67,72,6,1,0,"N","","",NA,"",""
"16594",630,2,2014,2,3,"10/28/2014","Spotted_skunk",2014-10-19 05:54:55,"","","","10/19/2014","5:54:55 AM","10/19/2014","5:58:31 AM",148,156,9,1,0,"N","","",NA,"",""
"16595",630,2,2014,2,3,"10/28/2014","Spotted_skunk",2014-10-22 07:20:45,"","","","10/22/2014","7:20:45 AM","10/22/2014","7:23:07 AM",172,183,12,1,0,"N","","",NA,"",""
"16596",630,2,2014,2,3,"10/28/2014","Spotted_skunk",2014-10-19 01:00:54,"","","","10/19/2014","1:00:54 AM","10/19/2014","1:02:00 AM",124,135,12,1,0,"N","","",NA,"",""
"16597",630,2,2014,2,3,"10/28/2014","Spotted_skunk",2014-10-18 19:59:50,"","","","10/18/2014","7:59:50 PM","10/18/2014","7:59:52 PM",121,123,3,1,0,"N","","",NA,"",""
"16598",630,2,2014,2,3,"10/28/2014","Spotted_skunk",2014-10-18 04:59:45,"","","","10/18/2014","4:59:45 AM","10/18/2014","4:59:47 AM",118,120,3,1,0,"N","","",NA,"",""
"16599",630,2,2014,2,3,"10/28/2014","Spotted_skunk",2014-10-18 02:41:34,"","","","10/18/2014","2:41:34 AM","10/18/2014","2:41:36 AM",115,117,3,1,0,"N","","",NA,"",""
"16600",630,2,2014,2,3,"10/28/2014","Spotted_skunk",2014-10-17 05:29:53,"","","","10/17/2014","5:29:53 AM","10/17/2014","5:30:12 AM",106,111,6,1,0,"N","","",NA,"",""
"16601",630,2,2014,2,3,"10/28/2014","Spotted_skunk",2014-10-16 05:16:22,"","","","10/16/2014","5:16:22 AM","10/16/2014","5:42:31 AM",97,105,9,1,0,"N","","",NA,"",""
"16602",630,2,2014,2,3,"10/28/2014","Spotted_skunk",2014-10-19 22:34:37,"","","","10/19/2014","10:34:37 PM","10/19/2014","10:39:29 PM",157,162,6,1,0,"N","","",NA,"","#160 cubby moved by skunk"
"16603",630,2,2014,2,3,"10/28/2014","Spotted_skunk",2014-10-16 00:05:22,"","","","10/16/2014","12:05:22 AM","10/16/2014","12:48:55 AM",85,96,12,1,0,"N","","",NA,"",""
"16604",630,2,2014,2,3,"10/28/2014","Spotted_skunk",2014-10-15 04:10:10,"","","","10/15/2014","4:10:10 AM","10/15/2014","4:21:27 AM",79,84,6,1,0,"N","","",NA,"",""
"16605",630,2,2014,2,3,"10/28/2014","Spotted_skunk",2014-10-17 23:10:59,"","","","10/17/2014","11:10:59 PM","10/17/2014","11:10:59 PM",112,114,3,1,0,"N","","",NA,"",""
"16606",630,2,2014,3,2,"10/12/2014","Spotted_skunk",2014-10-03 01:38:10,"","","","10/3/2014","1:38:10 AM","10/3/2014","3:04:59 AM",7,30,24,1,0,"N","","",NA,"",""
"16607",630,2,2014,3,2,"10/12/2014","Spotted_skunk",2014-10-06 01:06:06,"","","","10/6/2014","1:06:06 AM","10/6/2014","1:08:46 AM",61,69,9,1,0,"N","","",NA,"",""
"16608",630,2,2014,3,2,"10/12/2014","Spotted_skunk",2014-10-07 03:39:31,"","","","10/7/2014","3:39:31 AM","10/7/2014","3:40:03 AM",70,75,6,1,0,"N","","",NA,"",""
"16609",630,2,2014,3,2,"10/12/2014","Spotted_skunk",2014-10-03 04:42:09,"","","","10/3/2014","4:42:09 AM","10/3/2014","5:05:41 AM",31,57,27,1,0,"N","","",NA,"",""
"16610",630,2,2014,3,3,"10/28/2014","Spotted_skunk",2014-10-26 19:11:01,"","","","10/26/2014","7:11:01 PM","10/26/2014","7:44:04 PM",10,15,6,1,0,"N","","",NA,"",""
"16611",630,3,2016,1,1,"8/28/2016","Spotted_skunk",2016-08-20 23:51:21,"","","","8/20/2016","11:51:21 PM","8/20/2016","11:51:23 PM",139,141,3,1,0,"N","","",NA,"",""
"16612",630,3,2016,1,1,"8/28/2016","Spotted_skunk",2016-08-18 23:39:40,"","","","8/18/2016","11:39:40 PM","8/18/2016","11:39:42 PM",4,6,3,1,0,"N","","",NA,"",""
"16613",630,3,2016,1,2,"9/11/2016","Spotted_skunk",2016-09-07 00:38:40,"","","","9/7/2016","12:38:40 AM","9/7/2016","12:38:42 AM",103,105,3,1,0,"N","","",NA,"",""
"16614",630,3,2016,1,2,"9/11/2016","Spotted_skunk",2016-09-05 22:07:53,"","","","9/5/2016","10:07:53 PM","9/5/2016","10:07:55 PM",82,84,3,1,0,"N","","",NA,"",""
"16615",630,3,2016,1,3,"9/25/2016","Spotted_skunk",2016-09-13 01:37:55,"","","","9/13/2016","1:37:55 AM","9/13/2016","1:50:21 AM",25,39,15,1,0,"N","","",NA,"",""
"16616",630,3,2016,1,3,"9/25/2016","Spotted_skunk",2016-09-15 21:46:28,"","","","9/15/2016","9:46:28 PM","9/15/2016","9:47:54 PM",88,93,6,1,0,"N","","",NA,"",""
"16617",630,3,2016,1,3,"9/25/2016","Spotted_skunk",2016-09-22 21:21:25,"","","","9/22/2016","9:21:25 PM","9/22/2016","9:23:07 PM",118,129,12,1,0,"N","","",NA,"",""
"16618",630,3,2016,1,3,"9/25/2016","Spotted_skunk",2016-09-14 00:09:38,"","","","9/14/2016","12:09:38 AM","9/14/2016","12:09:40 AM",55,57,3,1,0,"N","","",NA,"",""
"16619",630,3,2016,1,3,"9/25/2016","Spotted_skunk",2016-09-13 22:42:24,"","","","9/13/2016","10:42:24 PM","9/13/2016","10:44:35 PM",40,54,15,1,0,"N","","",NA,"",""
"16620",630,3,2016,1,3,"9/25/2016","Spotted_skunk",2016-09-12 03:49:08,"","","","9/12/2016","3:49:08 AM","9/12/2016","3:49:10 AM",7,9,3,1,0,"N","","Y",NA,"7","cubby collapsed"
"16621",630,3,2016,1,3,"9/25/2016","Spotted_skunk",2016-09-24 20:26:57,"","","","9/24/2016","8:26:57 PM","9/24/2016","8:30:29 PM",139,144,6,1,0,"N","","",NA,"",""
"16622",630,3,2016,1,3,"9/25/2016","Spotted_skunk",2016-09-14 01:18:44,"","","","9/14/2016","1:18:44 AM","9/14/2016","1:23:01 AM",58,63,6,1,0,"N","","",NA,"",""
"16623",630,3,2016,1,3,"9/25/2016","Spotted_skunk",2016-09-20 23:06:33,"","","","9/20/2016","11:06:33 PM","9/20/2016","11:21:32 PM",103,117,15,1,0,"N","","",NA,"",""
"16624",630,3,2016,1,3,"9/25/2016","Spotted_skunk",2016-09-14 05:46:13,"","","","9/14/2016","5:46:13 AM","9/14/2016","5:48:50 AM",64,75,12,1,0,"N","","",NA,"",""
"16625",630,3,2016,1,3,"9/25/2016","Spotted_skunk",2016-09-14 22:52:49,"","","","9/14/2016","10:52:49 PM","9/14/2016","10:52:51 PM",76,78,3,1,0,"N","","",NA,"",""
"16626",630,3,2016,1,3,"9/25/2016","Spotted_skunk",2016-09-19 01:37:31,"","","","9/19/2016","1:37:31 AM","9/19/2016","1:37:32 AM",100,102,3,1,0,"N","","",NA,"",""
"16627",630,3,2016,1,3,"9/25/2016","Spotted_skunk",2016-09-16 23:42:31,"","","","9/16/2016","11:42:31 PM","9/16/2016","11:42:33 PM",94,96,3,1,0,"N","","",NA,"",""
"16628",630,3,2016,1,3,"9/25/2016","Spotted_skunk",2016-09-12 05:27:46,"","","","9/12/2016","5:27:46 AM","9/12/2016","5:39:17 AM",10,24,15,1,0,"N","","",NA,"",""
"16629",630,3,2016,1,3,"9/25/2016","Spotted_skunk",2016-09-17 02:26:37,"","","","9/17/2016","2:26:37 AM","9/17/2016","2:26:39 AM",97,99,3,1,0,"N","","",NA,"",""
"16630",630,3,2016,3,3,"9/25/2016","Spotted_skunk",2016-09-24 21:56:39,"","","","9/24/2016","9:56:39 PM","9/24/2016","10:06:54 PM",181,195,15,1,0,"N","","",NA,"",""
"16631",630,3,2016,3,3,"9/25/2016","Spotted_skunk",2016-09-13 05:32:28,"","","","9/13/2016","5:32:28 AM","9/13/2016","6:19:37 AM",7,36,30,1,0,"N","","",NA,"",""
"16632",630,3,2016,3,3,"9/25/2016","Spotted_skunk",2016-09-13 12:13:11,"","","","9/13/2016","12:13:11 PM","9/13/2016","1:17:11 PM",37,57,21,1,0,"N","","",NA,"",""
"16633",630,3,2016,3,3,"9/25/2016","Spotted_skunk",2016-09-24 23:47:35,"","","","9/24/2016","11:47:35 PM","9/24/2016","11:53:07 PM",196,201,6,1,0,"N","","",NA,"",""
"16634",630,3,2016,3,3,"9/25/2016","Spotted_skunk",2016-09-16 02:01:41,"","","","9/16/2016","2:01:41 AM","9/16/2016","3:38:59 AM",154,171,18,1,0,"N","Y","",NA,"163","bait gone"
"16635",630,3,2016,3,3,"9/25/2016","Spotted_skunk",2016-09-15 21:30:33,"","","","9/15/2016","9:30:33 PM","9/15/2016","10:10:46 PM",145,153,9,1,0,"N","","",NA,"",""
"16636",630,3,2016,3,3,"9/25/2016","Spotted_skunk",2016-09-15 01:57:59,"","","","9/15/2016","1:57:59 AM","9/15/2016","2:23:04 AM",130,144,15,1,0,"N","","",NA,"",""
"16637",630,3,2016,3,3,"9/25/2016","Spotted_skunk",2016-09-14 22:02:30,"","","","9/14/2016","10:02:30 PM","9/14/2016","10:50:03 PM",103,129,27,1,0,"N","","",NA,"",""
"16638",630,3,2016,3,3,"9/25/2016","Spotted_skunk",2016-09-14 04:16:37,"","","","9/14/2016","4:16:37 AM","9/14/2016","5:07:30 AM",82,96,15,1,0,"N","","",NA,"",""
"16639",630,3,2016,3,3,"9/25/2016","Spotted_skunk",2016-09-14 02:51:59,"","","","9/14/2016","2:51:59 AM","9/14/2016","2:55:23 AM",67,81,15,1,0,"N","","",NA,"",""
"16640",630,3,2016,3,3,"9/25/2016","Spotted_skunk",2016-09-13 20:18:46,"","","","9/13/2016","8:18:46 PM","9/13/2016","8:21:06 PM",58,66,9,1,0,"N","","",NA,"",""
"16641",630,3,2016,3,3,"9/25/2016","Spotted_skunk",2016-09-14 20:06:05,"","","","9/14/2016","8:06:05 PM","9/14/2016","8:06:42 PM",97,102,6,1,0,"N","","",NA,"",""
"16642",632,1,2014,2,1,"9/28/2014","Spotted_skunk",2014-09-27 22:42:49,"","","","9/27/2014","10:42:49 PM","9/27/2014","10:42:50 PM",19,21,3,1,0,"N","","",NA,"2014_H632_S2_V1_E4_Spotted_skunk_in_cubby_EK000019","skunk in cubby"
"16643",632,1,2014,2,1,"9/28/2014","Spotted_skunk",2014-09-20 06:24:00,"","","","9/20/2014","6:24:00 AM","9/20/2014","6:24:02 AM",4,6,3,1,0,"N","","",NA,"",""
"16644",632,1,2014,2,2,"10/13/2014","Spotted_skunk",2014-10-10 03:51:41,"","","","10/10/2014","3:51:41 AM","10/10/2014","3:51:43 AM",13,15,3,1,0,"N","","",NA,"",""
"16645",632,1,2014,2,2,"10/13/2014","Spotted_skunk",2014-10-10 05:39:27,"","","","10/10/2014","5:39:27 AM","10/10/2014","5:39:28 AM",16,18,3,1,0,"N","","",NA,"",""
"16646",632,1,2014,2,2,"10/13/2014","Spotted_skunk",2014-10-09 00:25:33,"","","","10/9/2014","12:25:33 AM","10/9/2014","12:25:35 AM",10,12,3,1,0,"N","","",NA,"",""
"16647",632,1,2014,2,2,"10/13/2014","Spotted_skunk",2014-10-01 02:09:47,"","","","10/1/2014","2:09:47 AM","10/1/2014","2:09:49 AM",7,9,3,1,0,"N","","",NA,"",""
"16648",632,1,2014,2,2,"10/13/2014","Spotted_skunk",2014-10-13 03:56:27,"","","","10/13/2014","3:56:27 AM","10/13/2014","3:56:27 AM",19,21,3,1,0,"N","","",NA,"2014_H632_S2_V2_E5_skunk_bait_gone_EK000019","bait gone"
"16649",632,1,2014,3,3,"10/28/2014","Spotted_skunk",2014-10-12 03:59:14,"","","","10/12/2014","3:59:14 AM","10/12/2014","3:59:18 AM",10,12,3,1,0,"N","","",NA,"","camera times jump around, had to make some guesses"
"16650",632,1,2014,3,3,"10/28/2014","Spotted_skunk",2014-10-25 03:50:16,"","","","10/25/2014","3:50:16 AM","10/25/2014","3:50:21 AM",52,54,3,1,0,"N","","",NA,"","camera times jump around, had to make some guesses"
"16651",632,1,2014,3,3,"10/28/2014","Spotted_skunk",2014-10-23 07:18:31,"","","","10/23/2014","7:18:31 AM","10/23/2014","7:18:36 AM",49,51,3,1,0,"N","","",NA,"2014_H632_S3_V3_E13_skunk_bait_gone_RCX_0049","bait gone"
"16652",632,1,2014,3,3,"10/28/2014","Spotted_skunk",2014-10-22 02:02:34,"","","","10/22/2014","2:02:34 AM","10/22/2014","2:02:38 AM",46,48,3,1,0,"N","","",NA,"","camera times jump around, had to make some guesses"
"16653",632,1,2014,3,3,"10/28/2014","Spotted_skunk",2014-10-21 19:10:20,"","","","10/21/2014","7:10:20 PM","10/21/2014","7:10:24 PM",43,45,3,1,0,"N","","",NA,"","camera times jump around, had to make some guesses"
"16654",632,1,2014,3,3,"10/28/2014","Spotted_skunk",2014-10-21 04:58:51,"","","","10/21/2014","4:58:51 AM","10/21/2014","4:58:55 AM",40,42,3,1,0,"N","","",NA,"","camera times jump around, had to make some guesses"
"16655",632,1,2014,3,3,"10/28/2014","Spotted_skunk",2014-10-21 00:29:03,"","","","10/21/2014","12:29:03 AM","10/21/2014","12:29:07 AM",37,39,3,1,0,"N","","",NA,"","camera times jump around, had to make some guesses"
"16656",632,1,2014,3,3,"10/28/2014","Spotted_skunk",2014-10-20 04:00:18,"","","","10/20/2014","4:00:18 AM","10/20/2014","4:00:22 AM",34,36,3,1,0,"N","","",NA,"","camera times jump around, had to make some guesses"
"16657",632,1,2014,3,3,"10/28/2014","Spotted_skunk",2014-10-19 02:50:47,"","","","10/19/2014","2:50:47 AM","10/19/2014","2:50:51 AM",31,33,3,1,0,"N","","",NA,"","camera times jump around, had to make some guesses"
"16658",632,1,2014,3,3,"10/28/2014","Spotted_skunk",2014-10-18 04:00:18,"","","","10/18/2014","4:00:18 AM","10/18/2014","4:00:23 AM",28,30,3,1,0,"N","","",NA,"","camera times jump around, had to make some guesses"
"16659",632,1,2014,3,3,"10/28/2014","Spotted_skunk",2014-10-17 03:59:58,"","","","10/17/2014","3:59:58 AM","10/17/2014","4:00:00 AM",25,27,3,1,0,"N","","",NA,"","camera times jump around, had to make some guesses"
"16660",632,1,2014,3,3,"10/28/2014","Spotted_skunk",2014-10-17 01:55:06,"","","","10/17/2014","1:55:06 AM","10/17/2014","1:55:30 AM",19,24,6,1,0,"N","","",NA,"","camera times jump around, had to make some guesses"
"16661",632,1,2014,3,3,"10/28/2014","Spotted_skunk",2014-10-26 04:00:18,"","","","10/26/2014","4:00:18 AM","10/26/2014","4:00:23 AM",55,57,3,1,0,"N","","",NA,"","camera times jump around, had to make some guesses"
"16662",632,1,2014,3,3,"10/28/2014","Spotted_skunk",2014-10-16 04:00:18,"","","","10/16/2014","4:00:18 AM","10/16/2014","4:00:23 AM",16,18,3,1,0,"N","","",NA,"","camera times jump around, had to make some guesses"
"16663",632,2,2016,1,2,"7/8/2016","Spotted_skunk",2016-06-28 23:46:48,"","","","6/28/2016","11:46:48 PM","6/28/2016","11:51:40 PM",64,69,6,1,0,"N","","",NA,"",""
"16664",632,2,2016,1,2,"7/8/2016","Spotted_skunk",2016-06-29 00:01:11,"","","","6/29/2016","12:01:11 AM","6/29/2016","12:02:54 AM",70,90,21,1,0,"N","","",NA,"",""
"16665",632,2,2016,1,2,"7/8/2016","Spotted_skunk",2016-06-29 02:34:03,"","","","6/29/2016","2:34:03 AM","6/29/2016","3:05:55 AM",91,123,33,1,0,"N","","",NA,"",""
"16666",632,2,2016,1,2,"7/8/2016","Spotted_skunk",2016-07-05 03:33:02,"","","","7/5/2016","3:33:02 AM","7/5/2016","3:49:59 AM",130,144,15,1,0,"N","","Y",NA,"141","last time skunk in TCB"
"16667",632,2,2016,2,3,"7/23/2016","Spotted_skunk",2016-07-21 22:38:50,"","","","7/21/2016","10:38:50 PM","7/21/2016","10:38:52 PM",217,219,3,1,0,"N","","",NA,"",""
"16668",632,2,2016,2,3,"7/23/2016","Spotted_skunk",2016-07-16 00:07:55,"","","","7/16/2016","12:07:55 AM","7/16/2016","12:07:57 AM",214,216,3,1,0,"N","","",NA,"",""
"16669",633,1,2013,3,3,"9/12/2013","Spotted_skunk",2013-09-08 01:42:01,"","","","9/8/2013","1:42:01 AM","9/8/2013","2:24:17 AM",40,45,6,1,0,"N","","",NA,"",""
"16670",633,1,2013,3,3,"9/12/2013","Spotted_skunk",2013-09-05 05:14:04,"","","","9/5/2013","5:14:04 AM","9/5/2013","5:28:02 AM",28,39,12,1,0,"N","","",NA,"",""
"16671",633,1,2013,3,3,"9/12/2013","Spotted_skunk",2013-09-02 05:01:42,"","","","9/2/2013","5:01:42 AM","9/2/2013","5:02:01 AM",22,27,6,1,0,"N","","",NA,"",""
"16672",633,2,2015,1,3,"9/16/2015","Spotted_skunk",2015-09-10 20:19:49,"","","","9/10/2015","8:19:49 PM","9/10/2015","8:21:06 PM",76,81,6,1,0,"N","","",NA,"",""
"16673",633,2,2015,1,3,"9/16/2015","Spotted_skunk",2015-08-28 02:49:31,"","","","8/28/2015","2:49:31 AM","8/28/2015","3:05:07 AM",28,42,15,1,0,"N","","",NA,"37","skunk in TCB"
"16674",633,2,2015,1,3,"9/16/2015","Spotted_skunk",2015-09-10 04:54:09,"","","","9/10/2015","4:54:09 AM","9/10/2015","4:54:11 AM",73,75,3,1,0,"N","","",NA,"",""
"16675",633,2,2015,1,3,"9/16/2015","Spotted_skunk",2015-09-11 03:12:08,"","","","9/11/2015","3:12:08 AM","9/11/2015","3:30:53 AM",85,96,12,1,0,"N","","",NA,"",""
"16676",633,2,2015,1,3,"9/16/2015","Spotted_skunk",2015-09-14 02:26:00,"","","","9/14/2015","2:26:00 AM","9/14/2015","2:28:39 AM",133,141,9,1,0,"N","","",NA,"",""
"16677",633,2,2015,1,3,"9/16/2015","Spotted_skunk",2015-09-15 02:05:47,"","","","9/15/2015","2:05:47 AM","9/15/2015","2:06:04 AM",145,150,6,1,0,"N","","",NA,"",""
"16678",633,2,2015,1,3,"9/16/2015","Spotted_skunk",2015-09-15 03:39:53,"","","","9/15/2015","3:39:53 AM","9/15/2015","4:00:39 AM",151,159,9,1,0,"N","","",NA,"",""
"16679",633,2,2015,1,3,"9/16/2015","Spotted_skunk",2015-09-15 23:27:56,"","","","9/15/2015","11:27:56 PM","9/15/2015","11:31:48 PM",160,168,9,1,0,"N","","",NA,"",""
"16680",633,2,2015,2,2,"8/26/2015","Spotted_skunk",2015-08-16 03:49:47,"","","","8/16/2015","3:49:47 AM","8/16/2015","3:58:04 AM",31,39,9,1,0,"N","","",NA,"",""
"16681",633,2,2015,2,2,"8/26/2015","Spotted_skunk",2015-08-16 22:00:44,"","","","8/16/2015","10:00:44 PM","8/16/2015","10:00:48 PM",40,42,3,1,0,"N","","",NA,"",""
"16682",633,2,2015,2,2,"8/26/2015","Spotted_skunk",2015-08-16 23:31:04,"","","","8/16/2015","11:31:04 PM","8/16/2015","11:31:18 PM",43,48,6,1,0,"N","","",NA,"",""
"16683",633,2,2015,2,2,"8/26/2015","Spotted_skunk",2015-08-17 03:08:48,"","","","8/17/2015","3:08:48 AM","8/17/2015","3:35:33 AM",55,66,12,1,0,"N","","",NA,"",""
"16684",633,2,2015,2,2,"8/26/2015","Spotted_skunk",2015-08-18 02:20:38,"","","","8/18/2015","2:20:38 AM","8/18/2015","2:36:18 AM",88,102,15,1,0,"N","","",NA,"",""
"16685",633,2,2015,2,2,"8/26/2015","Spotted_skunk",2015-08-19 01:24:01,"","","","8/19/2015","1:24:01 AM","8/19/2015","1:27:20 AM",103,108,6,1,0,"N","","",NA,"",""
"16686",633,2,2015,2,2,"8/26/2015","Spotted_skunk",2015-08-21 01:31:07,"","","","8/21/2015","1:31:07 AM","8/21/2015","1:31:22 AM",127,132,6,1,0,"N","","",NA,"",""
"16687",633,2,2015,2,2,"8/26/2015","Spotted_skunk",2015-08-17 23:04:15,"","","","8/17/2015","11:04:15 PM","8/17/2015","11:05:05 PM",73,81,9,1,0,"N","","",NA,"",""
"16688",633,2,2015,2,2,"8/26/2015","Spotted_skunk",2015-08-21 22:49:09,"","","","8/21/2015","10:49:09 PM","8/21/2015","10:50:21 PM",133,141,9,1,0,"N","","",NA,"",""
"16689",633,2,2015,2,2,"8/26/2015","Spotted_skunk",2015-08-26 02:59:00,"","","","8/26/2015","2:59:00 AM","8/26/2015","3:12:09 AM",154,171,18,1,0,"N","","",NA,"",""
"16690",633,2,2015,2,2,"8/26/2015","Spotted_skunk",2015-08-23 03:57:01,"","","","8/23/2015","3:57:01 AM","8/23/2015","3:58:04 AM",145,150,6,1,0,"N","","",NA,"",""
"16691",633,2,2015,2,2,"8/26/2015","Spotted_skunk",2015-08-20 03:01:16,"","","","8/20/2015","3:01:16 AM","8/20/2015","3:04:06 AM",112,123,12,1,0,"N","","",NA,"",""
"16692",633,2,2015,2,2,"8/26/2015","Spotted_skunk",2015-08-14 01:32:35,"","","","8/14/2015","1:32:35 AM","8/14/2015","1:34:34 AM",13,24,12,1,0,"N","","",NA,"",""
"16693",633,2,2015,2,2,"8/26/2015","Spotted_skunk",2015-08-12 22:17:12,"","","","8/12/2015","10:17:12 PM","8/12/2015","10:17:14 PM",10,12,3,1,0,"N","","",NA,"",""
"16694",633,2,2015,2,2,"8/26/2015","Spotted_skunk",2015-08-17 04:53:05,"","","","8/17/2015","4:53:05 AM","8/17/2015","4:55:26 AM",67,72,6,1,0,"N","","",NA,"",""
"16695",633,2,2015,2,3,"9/16/2015","Spotted_skunk",2015-09-07 02:06:53,"","","","9/7/2015","2:06:53 AM","9/7/2015","2:07:52 AM",76,84,9,1,0,"N","","",NA,"",""
"16696",633,2,2015,2,3,"9/16/2015","Spotted_skunk",2015-09-04 04:24:29,"","","","9/4/2015","4:24:29 AM","9/4/2015","4:24:47 AM",40,45,6,1,0,"N","","",NA,"",""
"16697",633,2,2015,2,3,"9/16/2015","Spotted_skunk",2015-09-12 22:48:41,"","","","9/12/2015","10:48:41 PM","9/12/2015","10:48:43 PM",106,108,3,1,0,"N","","",NA,"",""
"16698",633,2,2015,2,3,"9/16/2015","Spotted_skunk",2015-09-04 22:01:44,"","","","9/4/2015","10:01:44 PM","9/4/2015","10:10:00 PM",46,51,6,1,0,"N","","",NA,"",""
"16699",633,2,2015,2,3,"9/16/2015","Spotted_skunk",2015-09-05 00:30:16,"","","","9/5/2015","12:30:16 AM","9/5/2015","1:05:48 AM",52,69,18,1,0,"N","","",NA,"",""
"16700",633,2,2015,2,3,"9/16/2015","Spotted_skunk",2015-09-01 05:51:15,"","","","9/1/2015","5:51:15 AM","9/1/2015","5:51:16 AM",28,30,3,1,0,"N","","",NA,"",""
"16701",633,2,2015,2,3,"9/16/2015","Spotted_skunk",2015-09-15 04:01:09,"","","","9/15/2015","4:01:09 AM","9/15/2015","4:01:10 AM",133,135,3,1,0,"N","","",NA,"",""
"16702",633,2,2015,2,3,"9/16/2015","Spotted_skunk",2015-09-12 02:46:35,"","","","9/12/2015","2:46:35 AM","9/12/2015","2:51:27 AM",91,105,15,1,0,"N","","",NA,"",""
"16703",633,2,2015,2,3,"9/16/2015","Spotted_skunk",2015-08-28 23:42:42,"","","","8/28/2015","11:42:42 PM","8/28/2015","11:42:44 PM",22,24,3,1,0,"N","","",NA,"",""
"16704",633,2,2015,2,3,"9/16/2015","Spotted_skunk",2015-09-02 01:04:26,"","","","9/2/2015","1:04:26 AM","9/2/2015","1:05:13 AM",31,39,9,1,0,"N","","",NA,"",""
"16705",633,2,2015,2,3,"9/16/2015","Spotted_skunk",2015-09-13 02:08:01,"","","","9/13/2015","2:08:01 AM","9/13/2015","2:13:55 AM",109,129,21,1,0,"N","","",NA,"",""
"16706",633,2,2015,3,4,"9/25/2015","Spotted_skunk",2015-09-23 02:37:51,"","","","9/23/2015","2:37:51 AM","9/23/2015","2:49:28 AM",91,108,18,1,0,"N","","",NA,"",""
"16707",633,2,2015,3,4,"9/25/2015","Spotted_skunk",2015-09-20 20:55:52,"","","","9/20/2015","8:55:52 PM","9/20/2015","8:56:50 PM",55,63,9,1,0,"N","","",NA,"",""
"16708",633,2,2015,3,4,"9/25/2015","Spotted_skunk",2015-09-12 05:04:54,"","","","9/12/2015","5:04:54 AM","9/12/2015","5:04:56 AM",25,27,3,1,NA,"","","",NA,"from first camera",""
"16709",633,2,2015,3,4,"9/25/2015","Spotted_skunk",2015-09-25 06:27:32,"","","","9/25/2015","6:27:32 AM","9/25/2015","6:29:43 AM",112,120,9,1,0,"N","","",NA,"",""
"16710",633,2,2015,3,4,"9/25/2015","Spotted_skunk",2015-09-22 03:35:32,"","","","9/22/2015","3:35:32 AM","9/22/2015","3:35:33 AM",88,90,3,1,0,"N","","",NA,"",""
"16711",633,2,2015,3,4,"9/25/2015","Spotted_skunk",2015-09-20 03:02:22,"","","","9/20/2015","3:02:22 AM","9/20/2015","3:57:36 AM",10,27,18,1,0,"N","","",NA,"",""
"16712",645,1,2013,1,4,"8/9/2013","Spotted_skunk",2013-08-04 01:06:34,"","","","8/4/2013","1:06:34 AM","8/4/2013","1:06:36 AM",52,54,3,1,0,"N","","",NA,"",""
"16713",645,2,2015,1,1,"9/20/2015","Spotted_skunk",2015-09-15 00:03:56,"","","","9/15/2015","12:03:56 AM","9/15/2015","12:03:57 AM",25,27,3,1,0,"N","","",NA,"",""
"16714",645,2,2015,2,1,"9/20/2015","Spotted_skunk",2015-09-17 23:14:40,"","","","9/17/2015","11:14:40 PM","9/17/2015","11:45:22 PM",97,108,12,1,0,"N","","",NA,"",""
"16715",645,2,2015,2,2,"10/5/2015","Spotted_skunk",2015-09-21 02:37:14,"","","","9/21/2015","2:37:14 AM","9/21/2015","2:41:15 AM",13,21,9,1,0,"N","","",NA,"",""
"16716",645,2,2015,2,2,"10/5/2015","Spotted_skunk",2015-09-21 23:12:24,"","","","9/21/2015","11:12:24 PM","9/21/2015","11:27:57 PM",82,96,15,1,0,"N","","",NA,"",""
"16717",645,2,2015,2,2,"10/5/2015","Spotted_skunk",2015-09-22 04:54:29,"","","","9/22/2015","4:54:29 AM","9/22/2015","5:24:22 AM",97,111,15,1,0,"N","","",NA,"",""
"16718",645,2,2015,2,2,"10/5/2015","Spotted_skunk",2015-09-26 04:46:27,"","","","9/26/2015","4:46:27 AM","9/26/2015","4:47:47 AM",136,144,9,1,0,"N","","",NA,"",""
"16719",645,2,2015,2,2,"10/5/2015","Spotted_skunk",2015-09-20 22:34:52,"","","","9/20/2015","10:34:52 PM","9/20/2015","10:53:07 PM",4,12,9,1,0,"N","","",NA,"",""
"16720",645,2,2015,2,3,"10/20/2015","Spotted_skunk",2015-10-09 03:28:06,"","","","10/9/2015","3:28:06 AM","10/9/2015","3:40:26 AM",52,57,6,1,0,"N","","",NA,"",""
"16721",645,2,2015,2,3,"10/20/2015","Spotted_skunk",2015-10-11 01:56:14,"","","","10/11/2015","1:56:14 AM","10/11/2015","2:13:46 AM",67,72,6,1,0,"N","","",NA,"",""
"16722",645,2,2015,2,3,"10/20/2015","Spotted_skunk",2015-10-11 03:25:29,"","","","10/11/2015","3:25:29 AM","10/11/2015","3:38:24 AM",73,81,9,1,0,"N","","",NA,"",""
"16723",645,2,2015,2,3,"10/20/2015","Spotted_skunk",2015-10-12 04:19:29,"","","","10/12/2015","4:19:29 AM","10/12/2015","4:35:11 AM",88,93,6,1,0,"N","","",NA,"",""
"16724",645,2,2015,2,3,"10/20/2015","Spotted_skunk",2015-10-12 19:17:10,"","","","10/12/2015","7:17:10 PM","10/12/2015","7:17:11 PM",94,96,3,1,0,"N","","",NA,"",""
"16725",645,2,2015,2,3,"10/20/2015","Spotted_skunk",2015-10-19 00:22:25,"","","","10/19/2015","12:22:25 AM","10/19/2015","12:22:27 AM",190,192,3,1,0,"N","","",NA,"",""
"16726",645,2,2015,3,1,"9/20/2015","Spotted_skunk",2015-09-08 01:07:08,"","","","9/8/2015","1:07:08 AM","9/8/2015","1:07:10 AM",28,30,3,1,0,"N","","",NA,"",""
"16727",645,2,2015,3,1,"9/20/2015","Spotted_skunk",2015-09-06 21:10:06,"","","","9/6/2015","9:10:06 PM","9/6/2015","9:11:27 PM",10,21,12,1,0,"N","","",NA,"",""
"16728",645,2,2015,3,1,"9/20/2015","Spotted_skunk",2015-09-07 22:32:47,"","","","9/7/2015","10:32:47 PM","9/7/2015","10:33:09 PM",22,27,6,1,0,"N","","",NA,"",""
"16729",645,2,2015,3,1,"9/20/2015","Spotted_skunk",2015-09-12 20:58:41,"","","","9/12/2015","8:58:41 PM","9/12/2015","9:39:22 PM",34,51,18,1,0,"N","","",NA,"",""
"16730",645,2,2015,3,1,"9/20/2015","Spotted_skunk",2015-09-10 01:46:42,"","","","9/10/2015","1:46:42 AM","9/10/2015","1:46:44 AM",31,33,3,1,0,"N","","",NA,"",""
"16731",645,2,2015,3,1,"9/20/2015","Spotted_skunk",2015-09-16 01:17:48,"","","","9/16/2015","1:17:48 AM","9/16/2015","1:18:49 AM",94,99,6,1,0,"N","","",NA,"",""
"16732",645,2,2015,3,1,"9/20/2015","Spotted_skunk",2015-09-15 01:55:00,"","","","9/15/2015","1:55:00 AM","9/15/2015","1:55:02 AM",91,93,3,1,0,"N","","",NA,"",""
"16733",645,2,2015,3,1,"9/20/2015","Spotted_skunk",2015-09-13 23:59:45,"","","","9/13/2015","11:59:45 PM","9/14/2015","12:01:11 AM",55,63,9,1,0,"N","","",NA,"",""
"16734",645,2,2015,3,1,"9/20/2015","Spotted_skunk",2015-09-13 05:45:35,"","","","9/13/2015","5:45:35 AM","9/13/2015","5:45:36 AM",52,54,3,1,0,"N","","",NA,"",""
"16735",645,2,2015,3,3,"10/20/2015","Spotted_skunk",2015-10-16 21:29:26,"","","","10/16/2015","9:29:26 PM","10/16/2015","9:33:06 PM",37,51,15,1,0,"N","","",NA,"",""
"16736",645,2,2015,3,3,"10/20/2015","Spotted_skunk",2015-10-13 01:31:10,"","","","10/13/2015","1:31:10 AM","10/13/2015","1:31:22 AM",28,33,6,1,0,"N","","",NA,"",""
"16737",645,2,2015,3,3,"10/20/2015","Spotted_skunk",2015-10-07 04:08:15,"","","","10/7/2015","4:08:15 AM","10/7/2015","4:08:17 AM",19,21,3,1,0,"N","","",NA,"",""
"16738",645,2,2015,3,3,"10/20/2015","Spotted_skunk",2015-10-07 19:18:44,"","","","10/7/2015","7:18:44 PM","10/7/2015","7:18:46 PM",22,24,3,1,0,"N","","",NA,"",""
"16739",646,1,2015,2,3,"8/28/2015","Spotted_skunk",2015-08-21 03:38:34,"","","","8/21/2015","3:38:34 AM","8/21/2015","4:18:30 AM",46,66,21,2,0,"N","Y","",NA,"61","bait gone"
"16740",646,1,2015,2,3,"8/28/2015","Spotted_skunk",2015-08-25 03:09:32,"","","","8/25/2015","3:09:32 AM","8/25/2015","3:17:22 AM",88,93,6,1,0,"N","","",NA,"",""
"16741",646,1,2015,2,3,"8/28/2015","Spotted_skunk",2015-08-21 23:36:06,"","","","8/21/2015","11:36:06 PM","8/21/2015","11:36:08 PM",73,75,3,3,0,"N","","",NA,"photos 76-87-check by shannon",""
"16742",646,1,2015,2,3,"8/28/2015","Spotted_skunk",2015-08-21 05:40:35,"","","","8/21/2015","5:40:35 AM","8/21/2015","5:41:01 AM",67,72,6,1,0,"N","","",NA,"",""
"16743",646,1,2015,2,3,"8/28/2015","Spotted_skunk",2015-08-21 01:17:52,"","","","8/21/2015","1:17:52 AM","8/21/2015","1:17:53 AM",43,45,3,2,0,"N","","",NA,"",""
"16744",646,1,2015,2,3,"8/28/2015","Spotted_skunk",2015-08-20 23:42:08,"","","","8/20/2015","11:42:08 PM","8/20/2015","11:42:10 PM",40,42,3,1,0,"N","","",NA,"",""
"16745",646,1,2015,2,3,"8/28/2015","Spotted_skunk",2015-08-20 21:32:34,"","","","8/20/2015","9:32:34 PM","8/20/2015","10:16:34 PM",31,39,9,3,0,"N","","",NA,"",""
"16746",646,1,2015,2,3,"8/28/2015","Spotted_skunk",2015-08-19 04:04:19,"","","","8/19/2015","4:04:19 AM","8/19/2015","4:04:21 AM",10,12,3,1,0,"N","","",NA,"",""
"16747",646,1,2015,2,3,"8/28/2015","Spotted_skunk",2015-08-20 03:07:38,"","","","8/20/2015","3:07:38 AM","8/20/2015","3:18:44 AM",19,24,6,2,0,"N","","",NA,"",""
"16748",646,1,2015,2,3,"8/28/2015","Spotted_skunk",2015-08-20 04:22:20,"","","","8/20/2015","4:22:20 AM","8/20/2015","4:42:04 AM",25,30,6,2,0,"N","","",NA,"",""
"16749",646,1,2015,2,3,"8/28/2015","Spotted_skunk",2015-08-19 22:17:50,"","","","8/19/2015","10:17:50 PM","8/19/2015","10:17:52 PM",16,18,3,3,0,"N","","",NA,"",""
"16750",646,1,2015,2,3,"8/28/2015","Spotted_skunk",2015-08-19 20:43:10,"","","","8/19/2015","8:43:10 PM","8/19/2015","8:43:12 PM",13,15,3,1,0,"N","","",NA,"",""
"16751",646,1,2015,3,1,"7/30/2015","Spotted_skunk",2015-07-27 23:06:32,"","","","7/27/2015","11:06:32 PM","7/27/2015","11:22:02 PM",4,15,12,1,0,"N","","",NA,"",""
"16752",646,1,2015,3,2,"8/14/2015","Spotted_skunk",2015-08-14 03:52:14,"","","","8/14/2015","3:52:14 AM","8/14/2015","4:41:58 AM",37,51,15,1,0,"N","","",NA,"",""
"16753",646,1,2015,3,3,"8/28/2015","Spotted_skunk",2015-08-24 21:40:38,"","","","8/24/2015","9:40:38 PM","8/24/2015","9:44:38 PM",154,162,9,1,0,"N","","",NA,"",""
"16754",646,1,2015,3,3,"8/28/2015","Spotted_skunk",2015-08-26 23:17:04,"","","","8/26/2015","11:17:04 PM","8/26/2015","11:18:39 PM",205,213,9,1,0,"N","","",NA,"",""
"16755",646,1,2015,3,3,"8/28/2015","Spotted_skunk",2015-08-26 02:48:56,"","","","8/26/2015","2:48:56 AM","8/26/2015","4:08:31 AM",163,204,42,1,0,"N","","",NA,"",""
"16756",646,1,2015,3,3,"8/28/2015","Spotted_skunk",2015-08-14 22:09:59,"","","","8/14/2015","10:09:59 PM","8/14/2015","10:21:15 PM",4,21,18,1,0,"N","","",NA,"",""
"16757",646,1,2015,3,3,"8/28/2015","Spotted_skunk",2015-08-17 03:35:12,"","","","8/17/2015","3:35:12 AM","8/17/2015","3:58:14 AM",22,39,18,1,0,"N","","",NA,"",""
"16758",646,1,2015,3,3,"8/28/2015","Spotted_skunk",2015-08-17 23:20:51,"","","","8/17/2015","11:20:51 PM","8/18/2015","12:26:45 AM",40,84,45,1,0,"N","","Y",NA,"84","last time skunk in TCB"
"16759",646,1,2015,3,3,"8/28/2015","Spotted_skunk",2015-08-22 04:14:03,"","","","8/22/2015","4:14:03 AM","8/22/2015","4:15:12 AM",85,90,6,1,0,"N","","",NA,"",""
"16760",646,1,2015,3,3,"8/28/2015","Spotted_skunk",2015-08-24 04:20:43,"","","","8/24/2015","4:20:43 AM","8/24/2015","4:31:52 AM",139,153,15,1,0,"N","","",NA,"",""
"16761",646,1,2015,3,3,"8/28/2015","Spotted_skunk",2015-08-24 02:48:00,"","","","8/24/2015","2:48:00 AM","8/24/2015","3:07:58 AM",100,138,39,1,0,"N","","",NA,"",""
"16762",647,1,2014,1,1,"7/16/2014","Spotted_skunk",2014-07-10 22:37:23,"","","","7/10/2014","10:37:23 PM","7/10/2014","10:37:25 PM",10,12,3,1,0,"N","","",NA,"",""
"16763",647,1,2014,1,2,"7/31/2014","Spotted_skunk",2014-07-23 22:25:11,"","","","7/23/2014","10:25:11 PM","7/23/2014","10:27:48 PM",64,69,6,1,0,"N","","",NA,"",""
"16764",647,1,2014,1,2,"7/31/2014","Spotted_skunk",2014-07-26 21:18:51,"","","","7/26/2014","9:18:51 PM","7/26/2014","9:19:26 PM",196,201,6,1,0,"N","","",NA,"",""
"16765",647,1,2014,1,2,"7/31/2014","Spotted_skunk",2014-07-23 01:31:20,"","","","7/23/2014","1:31:20 AM","7/23/2014","2:09:42 AM",52,63,12,1,0,"N","","",NA,"",""
"16766",647,1,2014,1,2,"7/31/2014","Spotted_skunk",2014-07-26 16:28:14,"","","","7/26/2014","4:28:14 PM","7/26/2014","5:52:26 PM",172,195,24,1,0,"N","","",NA,"",""
"16767",647,1,2014,1,2,"7/31/2014","Spotted_skunk",2014-07-27 17:02:56,"","","","7/27/2014","5:02:56 PM","7/27/2014","5:02:58 PM",202,204,3,2,0,"N","","",NA,"2014_H647_S1_V2_E10_Skunks_and_bait_gone_EK000202","bait gone"
"16768",647,1,2014,1,2,"7/31/2014","Spotted_skunk",2014-07-26 03:05:37,"","","","7/26/2014","3:05:37 AM","7/26/2014","4:54:15 AM",157,171,15,1,0,"N","","",NA,"",""
"16769",647,1,2014,1,2,"7/31/2014","Spotted_skunk",2014-07-25 23:17:17,"","","","7/25/2014","11:17:17 PM","7/26/2014","12:48:30 AM",124,156,33,4,3,"N","","",NA,"","00:48:30, actual end time"
"16770",647,1,2014,1,2,"7/31/2014","Spotted_skunk",2014-07-25 19:59:32,"","","","7/25/2014","7:59:32 PM","7/25/2014","8:16:17 PM",109,123,15,1,0,"N","","",NA,"2014_H647_S1_V2_E5_Spotted_Skunk_in_TCB_EK000110, 2014_H647_S1_V2_E5_Spotted_Skunk_EK000112","skunk in cubby, good daytime photo of spotted skunk"
"16771",647,1,2014,1,2,"7/31/2014","Spotted_skunk",2014-07-24 23:44:46,"","","","7/24/2014","11:44:46 PM","7/24/2014","11:59:59 PM",70,108,39,1,0,"N","","",NA,"","02:53:54, actual end time"
"16772",647,1,2014,1,3,"8/16/2014","Spotted_skunk",2014-08-01 04:53:01,"","","","8/1/2014","4:53:01 AM","8/1/2014","4:53:03 AM",196,198,3,2,0,"N","","",NA,"",""
"16773",647,1,2014,1,3,"8/16/2014","Spotted_skunk",2014-08-14 04:02:51,"","","","8/14/2014","4:02:51 AM","8/14/2014","4:46:50 AM",298,315,18,1,0,"N","","",NA,"",""
"16774",647,1,2014,1,3,"8/16/2014","Spotted_skunk",2014-08-14 02:30:34,"","","","8/14/2014","2:30:34 AM","8/14/2014","2:30:36 AM",295,297,3,1,0,"N","","",NA,"",""
"16775",647,1,2014,1,3,"8/16/2014","Spotted_skunk",2014-08-05 04:02:56,"","","","8/5/2014","4:02:56 AM","8/5/2014","4:02:57 AM",259,261,3,1,0,"N","","",NA,"2014_H647_S1_V3_E10_Skunk_and_bait_gone_EK000259","bait gone"
"16776",647,1,2014,1,3,"8/16/2014","Spotted_skunk",2014-08-05 01:33:46,"","","","8/5/2014","1:33:46 AM","8/5/2014","1:34:17 AM",247,255,9,3,0,"N","","",NA,"",""
"16777",647,1,2014,1,3,"8/16/2014","Spotted_skunk",2014-08-04 23:31:50,"","","","8/4/2014","11:31:50 PM","8/4/2014","11:32:18 PM",241,246,6,1,0,"N","","",NA,"",""
"16778",647,1,2014,1,3,"8/16/2014","Spotted_skunk",2014-08-03 04:40:18,"","","","8/3/2014","4:40:18 AM","8/3/2014","4:40:20 AM",238,240,3,1,0,"N","","",NA,"",""
"16779",647,1,2014,1,3,"8/16/2014","Spotted_skunk",2014-08-03 00:55:52,"","","","8/3/2014","12:55:52 AM","8/3/2014","1:09:26 AM",232,237,6,1,0,"N","","",NA,"",""
"16780",647,1,2014,1,3,"8/16/2014","Spotted_skunk",2014-08-01 21:37:40,"","","","8/1/2014","9:37:40 PM","8/1/2014","10:38:57 PM",199,222,24,2,0,"N","","",NA,"",""
"16781",647,1,2014,1,3,"8/16/2014","Spotted_skunk",2014-07-31 21:18:05,"","","","7/31/2014","9:18:05 PM","8/1/2014","1:54:27 AM",4,195,192,3,0,"N","","",NA,"","actual end time: 01:54:27"
"16782",647,1,2014,1,3,"8/16/2014","Spotted_skunk",2014-08-02 22:26:27,"","","","8/2/2014","10:26:27 PM","8/2/2014","11:09:12 PM",223,231,9,1,0,"N","","",NA,"",""
"16783",647,1,2014,2,1,"7/16/2014","Spotted_skunk",2014-07-08 01:45:52,"","","","7/8/2014","1:45:52 AM","7/8/2014","2:00:20 AM",19,24,6,1,0,"N","","",NA,"",""
"16784",647,1,2014,3,2,"7/31/2014","Spotted_skunk",2014-07-27 01:57:22,"","","","7/27/2014","1:57:22 AM","7/27/2014","1:59:01 AM",20,28,9,1,0,"N","","",NA,"",""
"16785",647,2,2016,1,3,"7/23/2016","Spotted_skunk",2016-07-11 23:35:43,"","","","7/11/2016","11:35:43 PM","7/11/2016","11:35:56 PM",28,33,6,1,0,"N","","",NA,"",""
"16786",647,2,2016,1,3,"7/23/2016","Spotted_skunk",2016-07-11 03:50:58,"","","","7/11/2016","3:50:58 AM","7/11/2016","4:28:01 AM",7,27,21,1,0,"N","","Y",NA,"14","skunk enters cubby"
"16787",647,2,2016,2,2,"7/8/2016","Spotted_skunk",2016-07-04 02:43:10,"","","","7/4/2016","2:43:10 AM","7/4/2016","2:57:26 AM",4,21,18,1,0,"N","","",NA,"",""
"16788",647,2,2016,2,2,"7/8/2016","Spotted_skunk",2016-07-05 02:07:50,"","","","7/5/2016","2:07:50 AM","7/5/2016","2:37:47 AM",22,39,18,1,0,"N","","",NA,"",""
"16789",647,2,2016,2,2,"7/8/2016","Spotted_skunk",2016-07-07 01:59:00,"","","","7/7/2016","1:59:00 AM","7/7/2016","2:00:55 AM",163,168,6,1,0,"N","","",NA,"",""
"16790",647,2,2016,3,1,"6/25/2016","Spotted_skunk",2016-06-15 04:01:52,"","","","6/15/2016","4:01:52 AM","6/15/2016","4:15:32 AM",220,237,18,1,0,"N","Y","",NA,"222, 223","skunk takes tree bait"
"16791",647,2,2016,3,1,"6/25/2016","Spotted_skunk",2016-06-12 22:29:40,"","","","6/12/2016","10:29:40 PM","6/13/2016","12:33:59 AM",10,81,72,1,0,"N","","",NA,"",""
"16792",647,2,2016,3,1,"6/25/2016","Spotted_skunk",2016-06-13 02:07:22,"","","","6/13/2016","2:07:22 AM","6/13/2016","3:36:34 AM",82,153,72,1,0,"N","","",NA,"",""
"16793",647,2,2016,3,1,"6/25/2016","Spotted_skunk",2016-06-13 22:31:30,"","","","6/13/2016","10:31:30 PM","6/13/2016","10:33:01 PM",154,165,12,1,0,"N","","",NA,"",""
"16794",647,2,2016,3,1,"6/25/2016","Spotted_skunk",2016-06-14 02:23:01,"","","","6/14/2016","2:23:01 AM","6/14/2016","2:29:07 AM",166,180,15,1,0,"N","","",NA,"",""
"16795",647,2,2016,3,1,"6/25/2016","Spotted_skunk",2016-06-14 22:32:11,"","","","6/14/2016","10:32:11 PM","6/14/2016","10:58:46 PM",202,219,18,1,0,"N","","",NA,"",""
"16796",647,2,2016,3,1,"6/25/2016","Spotted_skunk",2016-06-15 22:30:28,"","","","6/15/2016","10:30:28 PM","6/15/2016","10:43:42 PM",238,246,9,1,0,"N","","",NA,"",""
"16797",647,2,2016,3,1,"6/25/2016","Spotted_skunk",2016-06-16 02:46:38,"","","","6/16/2016","2:46:38 AM","6/16/2016","3:18:35 AM",247,255,9,1,0,"N","","",NA,"",""
"16798",647,2,2016,3,1,"6/25/2016","Spotted_skunk",2016-06-16 23:14:43,"","","","6/16/2016","11:14:43 PM","6/16/2016","11:15:06 PM",256,264,9,1,0,"N","","",NA,"",""
"16799",647,2,2016,3,1,"6/25/2016","Spotted_skunk",2016-06-17 04:32:29,"","","","6/17/2016","4:32:29 AM","6/17/2016","4:44:53 AM",265,279,15,1,0,"N","","",NA,"",""
"16800",647,2,2016,3,1,"6/25/2016","Spotted_skunk",2016-06-19 04:21:33,"","","","6/19/2016","4:21:33 AM","6/19/2016","4:22:02 AM",280,285,6,1,0,"N","","",NA,"",""
"16801",647,2,2016,3,1,"6/25/2016","Spotted_skunk",2016-06-21 21:54:26,"","","","6/21/2016","9:54:26 PM","6/21/2016","9:54:27 PM",286,288,3,1,0,"N","","Y",NA,"287","last time skunk in TCB"
"16802",647,2,2016,3,1,"6/25/2016","Spotted_skunk",2016-06-14 03:58:32,"","","","6/14/2016","3:58:32 AM","6/14/2016","4:20:22 AM",181,201,21,1,0,"N","","",NA,"",""
"16803",647,2,2016,3,2,"7/8/2016","Spotted_skunk",2016-06-29 04:36:15,"","","","6/29/2016","4:36:15 AM","6/29/2016","4:37:35 AM",163,177,15,1,0,"N","","",NA,"",""
"16804",647,2,2016,3,2,"7/8/2016","Spotted_skunk",2016-06-30 01:52:25,"","","","6/30/2016","1:52:25 AM","6/30/2016","2:48:53 AM",196,225,30,1,0,"N","","",NA,"",""
"16805",647,2,2016,3,2,"7/8/2016","Spotted_skunk",2016-07-06 21:07:52,"","","","7/6/2016","9:07:52 PM","7/6/2016","9:12:36 PM",295,309,15,1,0,"N","","Y",NA,"307","last time skunk in TCB"
"16806",647,2,2016,3,2,"7/8/2016","Spotted_skunk",2016-07-04 04:26:08,"","","","7/4/2016","4:26:08 AM","7/4/2016","4:39:21 AM",265,285,21,1,0,"N","","",NA,"",""
"16807",647,2,2016,3,2,"7/8/2016","Spotted_skunk",2016-07-08 02:22:49,"","","","7/8/2016","2:22:49 AM","7/8/2016","2:48:59 AM",310,327,18,1,0,"N","","",NA,"",""
"16808",647,2,2016,3,2,"7/8/2016","Spotted_skunk",2016-07-01 04:11:51,"","","","7/1/2016","4:11:51 AM","7/1/2016","4:50:34 AM",226,258,33,1,0,"N","","",NA,"241","skunk takes last bait from tree"
"16809",647,2,2016,3,2,"7/8/2016","Spotted_skunk",2016-06-29 21:54:39,"","","","6/29/2016","9:54:39 PM","6/29/2016","10:13:19 PM",178,195,18,1,0,"N","","",NA,"",""
"16810",647,2,2016,3,2,"7/8/2016","Spotted_skunk",2016-06-28 02:43:21,"","","","6/28/2016","2:43:21 AM","6/28/2016","4:31:56 AM",112,162,51,1,0,"N","","",NA,"",""
"16811",647,2,2016,3,2,"7/8/2016","Spotted_skunk",2016-06-27 03:44:49,"","","","6/27/2016","3:44:49 AM","6/27/2016","4:03:08 AM",88,108,21,1,0,"N","","",NA,"",""
"16812",647,2,2016,3,2,"7/8/2016","Spotted_skunk",2016-06-27 01:56:38,"","","","6/27/2016","1:56:38 AM","6/27/2016","2:17:13 AM",61,87,27,1,0,"N","","",NA,"",""
"16813",647,2,2016,3,2,"7/8/2016","Spotted_skunk",2016-06-26 21:58:46,"","","","6/26/2016","9:58:46 PM","6/26/2016","10:41:21 PM",4,60,57,1,0,"N","","",NA,"",""
"16814",647,2,2016,3,2,"7/8/2016","Spotted_skunk",2016-07-06 02:43:08,"","","","7/6/2016","2:43:08 AM","7/6/2016","2:52:10 AM",286,294,9,1,0,"N","","",NA,"",""
"16815",647,2,2016,3.1,3,"7/23/2016","Spotted_skunk",2016-07-13 21:16:07,"","","","7/13/2016","9:16:07 PM","7/13/2016","9:52:13 PM",334,345,12,1,NA,"","","",NA,"",""
"16816",647,2,2016,3.1,3,"7/23/2016","Spotted_skunk",2016-07-17 21:07:50,"","","","7/17/2016","9:07:50 PM","7/17/2016","9:07:52 PM",364,366,3,1,NA,"","","",NA,"",""
"16817",647,2,2016,3.1,3,"7/23/2016","Spotted_skunk",2016-07-16 20:26:49,"","","","7/16/2016","8:26:49 PM","7/16/2016","8:26:50 PM",361,363,3,1,NA,"","","",NA,"",""
"16818",647,2,2016,3.1,3,"7/23/2016","Spotted_skunk",2016-07-15 21:22:32,"","","","7/15/2016","9:22:32 PM","7/15/2016","10:09:59 PM",355,360,6,1,NA,"","","",NA,"",""
"16819",647,2,2016,3.1,3,"7/23/2016","Spotted_skunk",2016-07-15 18:21:05,"","","","7/15/2016","6:21:05 PM","7/15/2016","6:21:07 PM",352,354,3,1,NA,"","","",NA,"",""
"16820",647,2,2016,3.1,3,"7/23/2016","Spotted_skunk",2016-07-14 20:51:54,"","","","7/14/2016","8:51:54 PM","7/14/2016","8:52:10 PM",346,351,6,1,NA,"","","",NA,"",""
"16821",647,2,2016,3.1,3,"7/23/2016","Spotted_skunk",2016-07-13 04:24:37,"","","","7/13/2016","4:24:37 AM","7/13/2016","4:41:01 AM",217,333,117,1,NA,"","","",NA,"",""
"16822",647,2,2016,3.1,3,"7/23/2016","Spotted_skunk",2016-07-12 21:18:57,"","","","7/12/2016","9:18:57 PM","7/12/2016","11:54:40 PM",133,171,39,1,NA,"","","",NA,"",""
"16823",647,2,2016,3.1,3,"7/23/2016","Spotted_skunk",2016-07-11 21:34:54,"","","","7/11/2016","9:34:54 PM","7/11/2016","9:39:35 PM",100,114,15,1,NA,"","","",NA,"",""
"16824",647,2,2016,3.1,3,"7/23/2016","Spotted_skunk",2016-07-11 02:36:42,"","","","7/11/2016","2:36:42 AM","7/11/2016","4:29:57 AM",28,99,72,1,NA,"","","",NA,"",""
"16825",647,2,2016,3.1,3,"7/23/2016","Spotted_skunk",2016-07-10 02:59:10,"","","","7/10/2016","2:59:10 AM","7/10/2016","3:44:08 AM",19,27,9,1,0,"N","","",NA,"",""
"16826",647,2,2016,3.1,3,"7/23/2016","Spotted_skunk",2016-07-09 23:05:52,"","","","7/9/2016","11:05:52 PM","7/9/2016","11:36:28 PM",7,15,9,1,NA,"","","",NA,"",""
"16827",647,2,2016,3.1,3,"7/23/2016","Spotted_skunk",2016-07-13 01:30:47,"","","","7/13/2016","1:30:47 AM","7/13/2016","1:49:36 AM",172,216,45,1,NA,"","Y","",NA,"184","skunk has bait"
"16828",647,2,2016,3.1,3,"7/23/2016","Spotted_skunk",2016-07-10 01:27:19,"","","","7/10/2016","1:27:19 AM","7/10/2016","1:27:21 AM",16,18,3,1,NA,"","","",NA,"21","skunk enters cubby"
"16829",647,2,2016,3.1,3,"7/23/2016","Spotted_skunk",2016-07-12 04:21:06,"","","","7/12/2016","4:21:06 AM","7/12/2016","4:32:11 AM",115,132,18,1,NA,"","","",NA,"",""
"16830",656,2,2015,1,1,"9/20/2015","Spotted_skunk",2015-09-07 21:34:22,"","","","9/7/2015","9:34:22 PM","9/7/2015","10:12:13 PM",7,54,48,1,0,"N","","",NA,"",""
"16831",656,2,2015,1,1,"9/20/2015","Spotted_skunk",2015-09-07 23:41:59,"","","","9/7/2015","11:41:59 PM","9/8/2015","12:16:27 AM",55,69,15,1,0,"N","","",NA,"",""
"16832",656,2,2015,1,1,"9/20/2015","Spotted_skunk",2015-09-13 00:36:45,"","","","9/13/2015","12:36:45 AM","9/13/2015","12:37:33 AM",112,120,9,1,0,"N","","",NA,"",""
"16833",656,2,2015,1,1,"9/20/2015","Spotted_skunk",2015-09-12 05:13:05,"","","","9/12/2015","5:13:05 AM","9/12/2015","6:15:16 AM",79,111,33,1,0,"N","","",NA,"",""
"16834",656,2,2015,1,2,"10/5/2015","Spotted_skunk",2015-09-27 05:33:42,"","","","9/27/2015","5:33:42 AM","9/27/2015","5:33:43 AM",64,66,3,1,0,"N","","",NA,"",""
"16835",656,2,2015,1,2,"10/5/2015","Spotted_skunk",2015-09-29 02:49:04,"","","","9/29/2015","2:49:04 AM","9/29/2015","2:49:08 AM",118,120,3,1,0,"N","","",NA,"120",""
"16836",656,2,2015,1,2,"10/5/2015","Spotted_skunk",2015-10-03 01:28:52,"","","","10/3/2015","1:28:52 AM","10/3/2015","1:29:32 AM",127,132,6,1,0,"N","Y","",NA,"127","bait gone"
"16837",656,2,2015,1,2,"10/5/2015","Spotted_skunk",2015-09-27 01:30:46,"","","","9/27/2015","1:30:46 AM","9/27/2015","1:31:53 AM",46,51,6,1,0,"N","","",NA,"",""
"16838",656,2,2015,1,2,"10/5/2015","Spotted_skunk",2015-09-30 02:23:27,"","","","9/30/2015","2:23:27 AM","9/30/2015","2:54:08 AM",121,126,6,1,0,"N","","",NA,"",""
"16839",656,2,2015,1,2,"10/5/2015","Spotted_skunk",2015-09-27 04:11:29,"","","","9/27/2015","4:11:29 AM","9/27/2015","4:25:28 AM",52,63,12,1,0,"N","","",NA,"",""
"16840",656,2,2015,1,2,"10/5/2015","Spotted_skunk",2015-09-25 04:34:35,"","","","9/25/2015","4:34:35 AM","9/25/2015","5:39:35 AM",19,39,21,1,0,"N","","",NA,"",""
"16841",656,2,2015,1,2,"10/5/2015","Spotted_skunk",2015-09-25 20:43:18,"","","","9/25/2015","8:43:18 PM","9/25/2015","8:43:20 PM",40,42,3,1,0,"N","","",NA,"",""
"16842",656,2,2015,1,2,"10/5/2015","Spotted_skunk",2015-09-26 06:21:06,"","","","9/26/2015","6:21:06 AM","9/26/2015","6:21:08 AM",43,45,3,1,0,"N","","",NA,"",""
"16843",656,2,2015,1,3,"10/20/2015","Spotted_skunk",2015-10-20 00:57:00,"","","","10/20/2015","12:57:00 AM","10/20/2015","12:57:01 AM",91,93,3,1,0,"N","","",NA,"",""
"16844",656,2,2015,1,3,"10/20/2015","Spotted_skunk",2015-10-18 22:50:34,"","","","10/18/2015","10:50:34 PM","10/18/2015","10:53:05 PM",82,90,9,1,0,"N","","",NA,"",""
"16845",656,2,2015,1,3,"10/20/2015","Spotted_skunk",2015-10-18 02:16:02,"","","","10/18/2015","2:16:02 AM","10/18/2015","2:20:21 AM",70,81,12,1,0,"N","","",NA,"",""
"16846",656,2,2015,1,3,"10/20/2015","Spotted_skunk",2015-10-17 04:18:39,"","","","10/17/2015","4:18:39 AM","10/17/2015","4:24:15 AM",61,69,9,1,0,"N","","Y",NA,"69","skunk in TCB"
"16847",656,2,2015,1,3,"10/20/2015","Spotted_skunk",2015-10-16 00:37:05,"","","","10/16/2015","12:37:05 AM","10/16/2015","1:09:22 AM",40,54,15,1,0,"N","","",NA,"",""
"16848",656,2,2015,1,3,"10/20/2015","Spotted_skunk",2015-10-14 02:09:31,"","","","10/14/2015","2:09:31 AM","10/14/2015","2:09:33 AM",28,30,3,1,0,"N","","",NA,"",""
"16849",656,2,2015,1,3,"10/20/2015","Spotted_skunk",2015-10-13 05:44:39,"","","","10/13/2015","5:44:39 AM","10/13/2015","5:44:40 AM",25,27,3,1,0,"N","","",NA,"",""
"16850",656,2,2015,1,3,"10/20/2015","Spotted_skunk",2015-10-12 21:22:24,"","","","10/12/2015","9:22:24 PM","10/12/2015","9:27:37 PM",16,24,9,1,0,"N","","",NA,"",""
"16851",656,2,2015,1,3,"10/20/2015","Spotted_skunk",2015-10-12 03:26:07,"","","","10/12/2015","3:26:07 AM","10/12/2015","3:26:08 AM",13,15,3,1,0,"N","","",NA,"",""
"16852",656,2,2015,1,3,"10/20/2015","Spotted_skunk",2015-10-11 05:25:09,"","","","10/11/2015","5:25:09 AM","10/11/2015","5:27:10 AM",7,12,6,1,0,"N","","",NA,"",""
"16853",656,2,2015,1,3,"10/20/2015","Spotted_skunk",2015-10-09 23:30:25,"","","","10/9/2015","11:30:25 PM","10/9/2015","11:30:29 PM",4,6,3,1,0,"N","","",NA,"",""
"16854",656,2,2015,1,3,"10/20/2015","Spotted_skunk",2015-10-15 02:19:34,"","","","10/15/2015","2:19:34 AM","10/15/2015","2:19:36 AM",34,36,3,1,0,"N","","",NA,"",""
"16855",656,2,2015,1,3,"10/20/2015","Spotted_skunk",2015-10-17 01:00:18,"","","","10/17/2015","1:00:18 AM","10/17/2015","1:10:09 AM",55,60,6,1,0,"N","Y","",NA,"58","bait gone"
"16856",656,2,2015,2,3,"10/20/2015","Spotted_skunk",2015-10-20 02:09:22,"","","","10/20/2015","2:09:22 AM","10/20/2015","2:09:24 AM",22,24,3,1,0,"N","","",NA,"",""
"16857",656,2,2015,2,3,"10/20/2015","Spotted_skunk",2015-10-16 22:47:17,"","","","10/16/2015","10:47:17 PM","10/16/2015","10:47:18 PM",10,12,3,1,0,"N","","",NA,"",""
"16858",656,2,2015,2,3,"10/20/2015","Spotted_skunk",2015-10-18 04:13:16,"","","","10/18/2015","4:13:16 AM","10/18/2015","4:21:18 AM",13,18,6,1,0,"N","","",NA,"",""
"16859",656,2,2015,2,3,"10/20/2015","Spotted_skunk",2015-10-19 00:46:02,"","","","10/19/2015","12:46:02 AM","10/19/2015","12:46:04 AM",19,21,3,1,0,"N","","Y",NA,"20","skunk in TCB"
"16860",656,2,2015,3,2,"10/5/2015","Spotted_skunk",2015-10-01 03:50:54,"","","","10/1/2015","3:50:54 AM","10/1/2015","3:51:15 AM",4,9,6,1,0,"N","","",NA,"",""
"16861",656,2,2015,3,2,"10/5/2015","Spotted_skunk",2015-10-02 23:33:31,"","","","10/2/2015","11:33:31 PM","10/3/2015","12:01:11 AM",19,30,12,1,0,"N","","",NA,"",""
"16862",656,2,2015,3,2,"10/5/2015","Spotted_skunk",2015-10-01 21:45:24,"","","","10/1/2015","9:45:24 PM","10/1/2015","9:48:28 PM",10,18,9,1,0,"N","","",NA,"",""
"16863",656,2,2015,3,3,"10/20/2015","Spotted_skunk",2015-10-09 04:45:20,"","","","10/9/2015","4:45:20 AM","10/9/2015","5:35:25 AM",37,60,24,1,0,"N","","",NA,"",""
"16864",656,2,2015,3,3,"10/20/2015","Spotted_skunk",2015-10-09 02:53:51,"","","","10/9/2015","2:53:51 AM","10/9/2015","3:23:43 AM",22,36,15,1,0,"N","","",NA,"",""
"16865",656,2,2015,3,3,"10/20/2015","Spotted_skunk",2015-10-07 20:31:41,"","","","10/7/2015","8:31:41 PM","10/7/2015","8:32:31 PM",13,18,6,1,0,"N","","",NA,"",""
"16866",656,2,2015,3,3,"10/20/2015","Spotted_skunk",2015-10-13 19:22:41,"","","","10/13/2015","7:22:41 PM","10/13/2015","7:22:52 PM",73,78,6,1,0,"N","","",NA,"",""
"16867",656,2,2015,3,3,"10/20/2015","Spotted_skunk",2015-10-13 22:25:47,"","","","10/13/2015","10:25:47 PM","10/13/2015","11:37:21 PM",79,105,27,1,0,"N","","",NA,"",""
"16868",656,2,2015,3,3,"10/20/2015","Spotted_skunk",2015-10-07 02:57:46,"","","","10/7/2015","2:57:46 AM","10/7/2015","3:11:48 AM",7,12,6,1,0,"N","","",NA,"",""
"16869",656,2,2015,3,3,"10/20/2015","Spotted_skunk",2015-10-17 01:08:55,"","","","10/17/2015","1:08:55 AM","10/17/2015","1:15:38 AM",106,120,15,1,0,"N","","",NA,"",""
"16870",656,2,2015,3,3,"10/20/2015","Spotted_skunk",2015-10-07 00:43:28,"","","","10/7/2015","12:43:28 AM","10/7/2015","12:43:29 AM",4,6,3,1,0,"N","","",NA,"",""
"16871",656,2,2015,3,3,"10/20/2015","Spotted_skunk",2015-10-17 19:20:14,"","","","10/17/2015","7:20:14 PM","10/17/2015","7:29:51 PM",121,132,12,1,0,"N","","Y",NA,"123","skunk in TCB"
"16872",656,2,2015,3,3,"10/20/2015","Spotted_skunk",2015-10-12 23:52:09,"","","","10/12/2015","11:52:09 PM","10/13/2015","12:16:31 AM",61,72,12,1,0,"N","","",NA,"",""
"16873",735,1,2016,3,2,"7/6/2016","Spotted_skunk",2016-06-23 23:13:15,"","","","6/23/2016","11:13:15 PM","6/23/2016","11:13:59 PM",7,12,6,1,0,"N","","",NA,"",""
"16874",745,1,2016,1,1,"9/26/2016","Spotted_skunk",2016-09-18 03:55:06,"","","","9/18/2016","3:55:06 AM","9/18/2016","4:21:36 AM",133,141,9,1,0,"N","","",NA,"",""
"16875",747,1,2016,3,1,"9/16/2016","Spotted_skunk",2016-09-10 04:24:35,"","","","9/10/2016","4:24:35 AM","9/10/2016","4:37:26 AM",34,39,6,1,0,"N","","",NA,"",""
"16876",747,1,2016,3,1,"9/16/2016","Spotted_skunk",2016-09-10 00:26:22,"","","","9/10/2016","12:26:22 AM","9/10/2016","12:26:26 AM",31,33,3,1,0,"N","","",NA,"",""
"16877",747,1,2016,3,1,"9/16/2016","Spotted_skunk",2016-09-07 20:38:57,"","","","9/7/2016","8:38:57 PM","9/7/2016","8:38:59 PM",28,30,3,1,0,"N","","",NA,"",""
"16878",747,1,2016,3,1,"9/16/2016","Spotted_skunk",2016-09-07 03:21:26,"","","","9/7/2016","3:21:26 AM","9/7/2016","3:39:23 AM",22,27,6,1,0,"N","","",NA,"",""
"16879",747,1,2016,3,1,"9/16/2016","Spotted_skunk",2016-09-06 01:28:58,"","","","9/6/2016","1:28:58 AM","9/6/2016","1:28:59 AM",19,21,3,1,0,"N","","Y",NA,"21","snare bait taken"
"16880",747,1,2016,3,2,"10/15/2016","Spotted_skunk",2016-10-12 00:24:42,"","","","10/12/2016","12:24:42 AM","10/12/2016","12:24:44 AM",235,237,3,1,0,"N","","",NA,"",""
"16881",747,1,2016,3,2,"10/15/2016","Spotted_skunk",2016-10-02 03:15:37,"","","","10/2/2016","3:15:37 AM","10/2/2016","3:15:38 AM",199,201,3,1,0,"N","","",NA,"",""
"16882",747,1,2016,3,2,"10/15/2016","Spotted_skunk",2016-10-03 00:36:58,"","","","10/3/2016","12:36:58 AM","10/3/2016","12:39:53 AM",202,207,6,1,0,"N","","",NA,"",""
"16883",747,1,2016,3,2,"10/15/2016","Spotted_skunk",2016-10-01 01:34:21,"","","","10/1/2016","1:34:21 AM","10/1/2016","2:34:12 AM",187,192,6,1,0,"N","","",NA,"",""
"16884",747,1,2016,3,2,"10/15/2016","Spotted_skunk",2016-09-25 23:23:17,"","","","9/25/2016","11:23:17 PM","9/25/2016","11:23:18 PM",148,150,3,1,0,"N","","",NA,"",""
"16885",747,1,2016,3,2,"10/15/2016","Spotted_skunk",2016-09-26 03:27:48,"","","","9/26/2016","3:27:48 AM","9/26/2016","3:27:49 AM",151,153,3,1,0,"N","","",NA,"",""
"16886",747,1,2016,3,2,"10/15/2016","Spotted_skunk",2016-09-26 20:13:52,"","","","9/26/2016","8:13:52 PM","9/26/2016","8:13:54 PM",154,156,3,1,0,"N","","",NA,"",""
"16887",747,1,2016,3,2,"10/15/2016","Spotted_skunk",2016-09-28 22:21:36,"","","","9/28/2016","10:21:36 PM","9/28/2016","10:39:50 PM",157,162,6,1,0,"N","","Y",NA,"157","snare bait taken by skunk"
"16888",747,1,2016,3,2,"10/15/2016","Spotted_skunk",2016-09-24 20:11:29,"","","","9/24/2016","8:11:29 PM","9/24/2016","8:11:31 PM",145,147,3,1,0,"N","","",NA,"",""
"16889",747,1,2016,3,2,"10/15/2016","Spotted_skunk",2016-09-22 20:58:30,"","","","9/22/2016","8:58:30 PM","9/22/2016","8:58:32 PM",85,87,3,1,0,"N","","",NA,"",""
"16890",747,1,2016,3,2,"10/15/2016","Spotted_skunk",2016-09-29 01:43:54,"","","","9/29/2016","1:43:54 AM","9/29/2016","1:43:56 AM",163,165,3,1,0,"N","","",NA,"",""
"16891",747,1,2016,3,2,"10/15/2016","Spotted_skunk",2016-09-24 00:42:35,"","","","9/24/2016","12:42:35 AM","9/24/2016","12:54:57 AM",121,132,12,2,0,"N","","",NA,"",""
"16892",747,1,2016,3,2,"10/15/2016","Spotted_skunk",2016-10-01 20:28:41,"","","","10/1/2016","8:28:41 PM","10/1/2016","8:41:40 PM",193,198,6,1,0,"N","Y","",NA,"193","bait gone"
"16893",747,1,2016,3,2,"10/15/2016","Spotted_skunk",2016-10-11 03:49:58,"","","","10/11/2016","3:49:58 AM","10/11/2016","3:49:58 AM",232,234,3,1,0,"N","","",NA,"",""
"16894",747,1,2016,3,2,"10/15/2016","Spotted_skunk",2016-10-04 22:04:44,"","","","10/4/2016","10:04:44 PM","10/4/2016","10:04:46 PM",208,210,3,1,0,"N","","",NA,"",""
"16895",747,1,2016,3,3,"10/29/2016","Spotted_skunk",2016-10-15 23:55:17,"","","","10/15/2016","11:55:17 PM","10/15/2016","11:55:19 PM",4,6,3,1,0,"N","","",NA,"",""
"16896",747,1,2016,3,3,"10/29/2016","Spotted_skunk",2016-10-17 05:01:52,"","","","10/17/2016","5:01:52 AM","10/17/2016","6:14:13 AM",10,48,39,1,0,"N","","Y",NA,"48","last skunk in TCB"
"16897",747,1,2016,3,3,"10/29/2016","Spotted_skunk",2016-10-17 00:53:37,"","","","10/17/2016","12:53:37 AM","10/17/2016","12:53:39 AM",7,9,3,1,0,"N","","",NA,"",""
"16898",747,1,2016,3,3,"10/29/2016","Spotted_skunk",2016-10-27 03:34:30,"","","","10/27/2016","3:34:30 AM","10/27/2016","4:14:54 AM",187,201,15,1,0,"N","","",NA,"",""
