site_ID,ZONE_CODE,COUNT,AREA,MIN,MAX,RANGE,MEAN,STD,SUM,VARIETY,MAJORITY,MAJORITY_COUNT,MAJORITY_PERCENT,MINORITY,MINORITY_COUNT,MINORITY_PERCENT,MEDIAN,PCT90
272_230,2,3.000000000000000,2700.000000000000000,1,1,0,1.000000000000000,0.000000000000000,3.000000000000000,1,1,3,0.0201000,1,3,0.0201000,1,1
136_567,3,759.000000000000000,683100.000000000000000,1,1,0,1.000000000000000,0.000000000000000,759.000000000000000,1,1,759,4.2132001,1,759,4.2132001,1,1
269_602,4,146.000000000000000,131400.000000000000000,1,1,0,1.000000000000000,0.000000000000000,146.000000000000000,1,1,146,1.4366000,1,146,1.4366000,1,1
269_427,5,276.000000000000000,248400.000000000000000,1,1,0,1.000000000000000,0.000000000000000,276.000000000000000,1,1,276,1.8976001,1,276,1.8976001,1,1
633_705,7,476.000000000000000,428400.000000000000000,1,1,0,1.000000000000000,0.000000000000000,476.000000000000000,1,1,476,3.4930999,1,476,3.4930999,1,1
465_500,8,1897.000000000000000,1707300.000000000000000,1,1,0,1.000000000000000,0.000000000000000,1897.000000000000000,1,1,1897,10.4322004,1,1897,10.4322004,1,1
458_298,9,44.000000000000000,39600.000000000000000,1,1,0,1.000000000000000,0.000000000000000,44.000000000000000,1,1,44,0.7756000,1,44,0.7756000,1,1
603_695,10,710.000000000000000,639000.000000000000000,1,1,0,1.000000000000000,0.000000000000000,710.000000000000000,1,1,710,3.9175000,1,710,3.9175000,1,1
515_316,11,951.000000000000000,855900.000000000000000,1,1,0,1.000000000000000,0.000000000000000,951.000000000000000,1,1,951,5.2347999,1,951,5.2347999,1,1
310_443,12,1421.000000000000000,1278900.000000000000000,1,1,0,1.000000000000000,0.000000000000000,1421.000000000000000,1,1,1421,7.8119998,1,1421,7.8119998,1,1
170_175,13,1188.000000000000000,1069200.000000000000000,1,1,0,1.000000000000000,0.000000000000000,1188.000000000000000,1,1,1188,6.6842999,1,1188,6.6842999,1,1
554_110,15,575.000000000000000,517500.000000000000000,1,1,0,1.000000000000000,0.000000000000000,575.000000000000000,1,1,575,3.5813999,1,575,3.5813999,1,1
512_311,16,465.000000000000000,418500.000000000000000,1,1,0,1.000000000000000,0.000000000000000,465.000000000000000,1,1,465,2.7546999,1,465,2.7546999,1,1
609_112,17,1402.000000000000000,1261800.000000000000000,1,1,0,1.000000000000000,0.000000000000000,1402.000000000000000,1,1,1402,10.8497000,1,1402,10.8497000,1,1
357_74,18,2.000000000000000,1800.000000000000000,1,1,0,1.000000000000000,0.000000000000000,2.000000000000000,1,1,2,0.0162000,1,2,0.0162000,1,1
242_595,19,791.000000000000000,711900.000000000000000,1,1,0,1.000000000000000,0.000000000000000,791.000000000000000,1,1,791,5.3813000,1,791,5.3813000,1,1
412_635,20,165.000000000000000,148500.000000000000000,1,1,0,1.000000000000000,0.000000000000000,165.000000000000000,1,1,165,0.9529000,1,165,0.9529000,1,1
238_55,21,32.000000000000000,28800.000000000000000,1,1,0,1.000000000000000,0.000000000000000,32.000000000000000,1,1,32,0.5533000,1,32,0.5533000,1,1
505_317,22,484.000000000000000,435600.000000000000000,1,1,0,1.000000000000000,0.000000000000000,484.000000000000000,1,1,484,3.1335001,1,484,3.1335001,1,1
645_710,23,535.000000000000000,481500.000000000000000,1,1,0,1.000000000000000,0.000000000000000,535.000000000000000,1,1,535,2.9386001,1,535,2.9386001,1,1
747_21,24,30.000000000000000,27000.000000000000000,1,1,0,1.000000000000000,0.000000000000000,30.000000000000000,1,1,30,0.1697000,1,30,0.1697000,1,1
505_307,25,288.000000000000000,259200.000000000000000,1,1,0,1.000000000000000,0.000000000000000,288.000000000000000,1,1,288,1.7704999,1,288,1.7704999,1,1
39_380,26,1028.000000000000000,925200.000000000000000,1,1,0,1.000000000000000,0.000000000000000,1028.000000000000000,1,1,1028,5.6529999,1,1028,5.6529999,1,1
553_518,27,610.000000000000000,549000.000000000000000,1,1,0,1.000000000000000,0.000000000000000,610.000000000000000,1,1,610,3.4389000,1,610,3.4389000,1,1
606_363,28,319.000000000000000,287100.000000000000000,1,1,0,1.000000000000000,0.000000000000000,319.000000000000000,1,1,319,3.5013001,1,319,3.5013001,1,1
235_415,29,644.000000000000000,579600.000000000000000,1,1,0,1.000000000000000,0.000000000000000,644.000000000000000,1,1,644,3.5829999,1,644,3.5829999,1,1
65_142,30,1215.000000000000000,1093500.000000000000000,1,1,0,1.000000000000000,0.000000000000000,1215.000000000000000,1,1,1215,6.7153001,1,1215,6.7153001,1,1
141_122,31,1502.000000000000000,1351800.000000000000000,1,1,0,1.000000000000000,0.000000000000000,1502.000000000000000,1,1,1502,8.2482004,1,1502,8.2482004,1,1
646_539,32,922.000000000000000,829800.000000000000000,1,1,0,1.000000000000000,0.000000000000000,922.000000000000000,1,1,922,5.0737000,1,922,5.0737000,1,1
607_698,33,799.000000000000000,719100.000000000000000,1,1,0,1.000000000000000,0.000000000000000,799.000000000000000,1,1,799,4.3923001,1,799,4.3923001,1,1
556_521,34,1119.000000000000000,1007100.000000000000000,1,1,0,1.000000000000000,0.000000000000000,1119.000000000000000,1,1,1119,6.4892001,1,1119,6.4892001,1,1
414_88,35,832.000000000000000,748800.000000000000000,1,1,0,1.000000000000000,0.000000000000000,832.000000000000000,1,1,832,5.4535999,1,832,5.4535999,1,1
362_456,36,46.000000000000000,41400.000000000000000,1,1,0,1.000000000000000,0.000000000000000,46.000000000000000,1,1,46,0.6093000,1,46,0.6093000,1,1
355_469,37,710.000000000000000,639000.000000000000000,1,1,0,1.000000000000000,0.000000000000000,710.000000000000000,1,1,710,3.9000001,1,710,3.9000001,1,1
270_7,38,67.000000000000000,60300.000000000000000,1,1,0,1.000000000000000,0.000000000000000,67.000000000000000,1,1,67,0.6273000,1,67,0.6273000,1,1
511_512,39,225.000000000000000,202500.000000000000000,1,1,0,1.000000000000000,0.000000000000000,225.000000000000000,1,1,225,1.2536000,1,225,1.2536000,1,1
413_269,40,353.000000000000000,317700.000000000000000,1,1,0,1.000000000000000,0.000000000000000,353.000000000000000,1,1,353,1.9521000,1,353,1.9521000,1,1
353_266,41,982.000000000000000,883800.000000000000000,1,1,0,1.000000000000000,0.000000000000000,982.000000000000000,1,1,982,5.3976998,1,982,5.3976998,1,1
458_97,42,38.000000000000000,34200.000000000000000,1,1,0,1.000000000000000,0.000000000000000,38.000000000000000,1,1,38,0.4231000,1,38,0.4231000,1,1
353_260,43,1248.000000000000000,1123200.000000000000000,1,1,0,1.000000000000000,0.000000000000000,1248.000000000000000,1,1,1248,6.9569001,1,1248,6.9569001,1,1
404_623,45,7.000000000000000,6300.000000000000000,1,1,0,1.000000000000000,0.000000000000000,7.000000000000000,1,1,7,0.0629000,1,7,0.0629000,1,1
316_244,46,17.000000000000000,15300.000000000000000,1,1,0,1.000000000000000,0.000000000000000,17.000000000000000,1,1,17,0.2667000,1,17,0.2667000,1,1
363_466,47,68.000000000000000,61200.000000000000000,1,1,0,1.000000000000000,0.000000000000000,68.000000000000000,1,1,68,0.6496000,1,68,0.6496000,1,1
656_713,48,1910.000000000000000,1719000.000000000000000,1,1,0,1.000000000000000,0.000000000000000,1910.000000000000000,1,1,1910,12.8144999,1,1910,12.8144999,1,1
364_470,49,1457.000000000000000,1311300.000000000000000,1,1,0,1.000000000000000,0.000000000000000,1457.000000000000000,1,1,1457,8.7676001,1,1457,8.7676001,1,1
458_294,50,9.000000000000000,8100.000000000000000,1,1,0,1.000000000000000,0.000000000000000,9.000000000000000,1,1,9,0.1731000,1,9,0.1731000,1,1
451_296,51,865.000000000000000,778500.000000000000000,1,1,0,1.000000000000000,0.000000000000000,865.000000000000000,1,1,865,6.2356000,1,865,6.2356000,1,1
106_40,52,650.000000000000000,585000.000000000000000,1,1,0,1.000000000000000,0.000000000000000,650.000000000000000,1,1,650,3.5827999,1,650,3.5827999,1,1
320_455,53,261.000000000000000,234900.000000000000000,1,1,0,1.000000000000000,0.000000000000000,261.000000000000000,1,1,261,1.4329000,1,261,1.4329000,1,1
85_31,54,659.000000000000000,593100.000000000000000,1,1,0,1.000000000000000,0.000000000000000,659.000000000000000,1,1,659,3.6380999,1,659,3.6380999,1,1
505_101,55,434.000000000000000,390600.000000000000000,1,1,0,1.000000000000000,0.000000000000000,434.000000000000000,1,1,434,2.4042001,1,434,2.4042001,1,1
278_226,56,920.000000000000000,828000.000000000000000,1,1,0,1.000000000000000,0.000000000000000,920.000000000000000,1,1,920,5.0718999,1,920,5.0718999,1,1
279_600,57,769.000000000000000,692100.000000000000000,1,1,0,1.000000000000000,0.000000000000000,769.000000000000000,1,1,769,5.1022000,1,769,5.1022000,1,1
553_687,58,833.000000000000000,749700.000000000000000,1,1,0,1.000000000000000,0.000000000000000,833.000000000000000,1,1,833,4.6603999,1,833,4.6603999,1,1
461_651,59,222.000000000000000,199800.000000000000000,1,1,0,1.000000000000000,0.000000000000000,222.000000000000000,1,1,222,1.2209001,1,222,1.2209001,1,1
138_566,60,1932.000000000000000,1738800.000000000000000,1,1,0,1.000000000000000,0.000000000000000,1932.000000000000000,1,1,1932,10.6758003,1,1932,10.6758003,1,1
605_554,61,755.000000000000000,679500.000000000000000,1,1,0,1.000000000000000,0.000000000000000,755.000000000000000,1,1,755,4.8955998,1,755,4.8955998,1,1
237_206,62,84.000000000000000,75600.000000000000000,1,1,0,1.000000000000000,0.000000000000000,84.000000000000000,1,1,84,1.1913000,1,84,1.1913000,1,1
168_174,63,1041.000000000000000,936900.000000000000000,1,1,0,1.000000000000000,0.000000000000000,1041.000000000000000,1,1,1041,5.7554998,1,1041,5.7554998,1,1
400_637,64,849.000000000000000,764100.000000000000000,1,1,0,1.000000000000000,0.000000000000000,849.000000000000000,1,1,849,4.7631998,1,849,4.7631998,1,1
608_114,65,1002.000000000000000,901800.000000000000000,1,1,0,1.000000000000000,0.000000000000000,1002.000000000000000,1,1,1002,5.9131999,1,1002,5.9131999,1,1
734_137,66,2238.000000000000000,2014200.000000000000000,1,1,0,1.000000000000000,0.000000000000000,2238.000000000000000,1,1,2238,12.3001003,1,2238,12.3001003,1,1
455_508,68,355.000000000000000,319500.000000000000000,1,1,0,1.000000000000000,0.000000000000000,355.000000000000000,1,1,355,1.9626000,1,355,1.9626000,1,1
408_87,69,27.000000000000000,24300.000000000000000,1,1,0,1.000000000000000,0.000000000000000,27.000000000000000,1,1,27,0.5201000,1,27,0.5201000,1,1
455_655,70,302.000000000000000,271800.000000000000000,1,1,0,1.000000000000000,0.000000000000000,302.000000000000000,1,1,302,1.8084000,1,302,1.8084000,1,1
645_562,71,558.000000000000000,502200.000000000000000,1,1,0,1.000000000000000,0.000000000000000,558.000000000000000,1,1,558,3.0634000,1,558,3.0634000,1,1
321_240,72,1176.000000000000000,1058400.000000000000000,1,1,0,1.000000000000000,0.000000000000000,1176.000000000000000,1,1,1176,6.5177999,1,1176,6.5177999,1,1
554_348,73,951.000000000000000,855900.000000000000000,1,1,0,1.000000000000000,0.000000000000000,951.000000000000000,1,1,951,5.8776002,1,951,5.8776002,1,1
352_264,74,832.000000000000000,748800.000000000000000,1,1,0,1.000000000000000,0.000000000000000,832.000000000000000,1,1,832,5.3309002,1,832,5.3309002,1,1
171_582,75,1449.000000000000000,1304100.000000000000000,1,1,0,1.000000000000000,0.000000000000000,1449.000000000000000,1,1,1449,7.9554000,1,1449,7.9554000,1,1
275_5,76,11.000000000000000,9900.000000000000000,1,1,0,1.000000000000000,0.000000000000000,11.000000000000000,1,1,11,0.0834000,1,11,0.0834000,1,1
241_210,77,535.000000000000000,481500.000000000000000,1,1,0,1.000000000000000,0.000000000000000,535.000000000000000,1,1,535,3.0014000,1,535,3.0014000,1,1
560_689,78,801.000000000000000,720900.000000000000000,1,1,0,1.000000000000000,0.000000000000000,801.000000000000000,1,1,801,4.4678998,1,801,4.4678998,1,1
563_516,80,3256.000000000000000,2930400.000000000000000,1,1,0,1.000000000000000,0.000000000000000,3256.000000000000000,1,1,3256,18.0939007,1,3256,18.0939007,1,1
21_18,81,247.000000000000000,222300.000000000000000,1,1,0,1.000000000000000,0.000000000000000,247.000000000000000,1,1,247,1.3558000,1,247,1.3558000,1,1
451_94,82,85.000000000000000,76500.000000000000000,1,1,0,1.000000000000000,0.000000000000000,85.000000000000000,1,1,85,1.2380000,1,85,1.2380000,1,1
608_364,83,690.000000000000000,621000.000000000000000,1,1,0,1.000000000000000,0.000000000000000,690.000000000000000,1,1,690,5.7038999,1,690,5.7038999,1,1
412_482,84,53.000000000000000,47700.000000000000000,1,1,0,1.000000000000000,0.000000000000000,53.000000000000000,1,1,53,0.7411000,1,53,0.7411000,1,1
272_229,85,2.000000000000000,1800.000000000000000,1,1,0,1.000000000000000,0.000000000000000,2.000000000000000,1,1,2,0.0140000,1,2,0.0140000,1,1
365_129,86,1237.000000000000000,1113300.000000000000000,1,1,0,1.000000000000000,0.000000000000000,1237.000000000000000,1,1,1237,6.8744998,1,1237,6.8744998,1,1
204_198,87,501.000000000000000,450900.000000000000000,1,1,0,1.000000000000000,0.000000000000000,501.000000000000000,1,1,501,5.2399998,1,501,5.2399998,1,1
459_493,89,8.000000000000000,7200.000000000000000,1,1,0,1.000000000000000,0.000000000000000,8.000000000000000,1,1,8,0.2436000,1,8,0.2436000,1,1
234_596,91,1058.000000000000000,952200.000000000000000,1,1,0,1.000000000000000,0.000000000000000,1058.000000000000000,1,1,1058,5.8147998,1,1058,5.8147998,1,1
82_33,92,858.000000000000000,772200.000000000000000,1,1,0,1.000000000000000,0.000000000000000,858.000000000000000,1,1,858,4.7157998,1,858,4.7157998,1,1
275_58,93,9.000000000000000,8100.000000000000000,1,1,0,1.000000000000000,0.000000000000000,9.000000000000000,1,1,9,0.0695000,1,9,0.0695000,1,1
631_537,94,716.000000000000000,644400.000000000000000,1,1,0,1.000000000000000,0.000000000000000,716.000000000000000,1,1,716,3.9295001,1,716,3.9295001,1,1
605_693,95,728.000000000000000,655200.000000000000000,1,1,0,1.000000000000000,0.000000000000000,728.000000000000000,1,1,728,4.7430000,1,728,4.7430000,1,1
205_50,96,731.000000000000000,657900.000000000000000,1,1,0,1.000000000000000,0.000000000000000,731.000000000000000,1,1,731,5.1559000,1,731,5.1559000,1,1
561_107,97,413.000000000000000,371700.000000000000000,1,1,0,1.000000000000000,0.000000000000000,413.000000000000000,1,1,413,2.2630999,1,413,2.2630999,1,1
85_35,98,784.000000000000000,705600.000000000000000,1,1,0,1.000000000000000,0.000000000000000,784.000000000000000,1,1,784,4.7802000,1,784,4.7802000,1,1
400_638,99,1098.000000000000000,988200.000000000000000,1,1,0,1.000000000000000,0.000000000000000,1098.000000000000000,1,1,1098,6.0187001,1,1098,6.0187001,1,1
275_59,100,5.000000000000000,4500.000000000000000,1,1,0,1.000000000000000,0.000000000000000,5.000000000000000,1,1,5,0.0448000,1,5,0.0448000,1,1
199_199,102,965.000000000000000,868500.000000000000000,1,1,0,1.000000000000000,0.000000000000000,965.000000000000000,1,1,965,5.2916999,1,965,5.2916999,1,1
355_458,103,690.000000000000000,621000.000000000000000,1,1,0,1.000000000000000,0.000000000000000,690.000000000000000,1,1,690,4.7012000,1,690,4.7012000,1,1
561_337,104,566.000000000000000,509400.000000000000000,1,1,0,1.000000000000000,0.000000000000000,566.000000000000000,1,1,566,3.1340001,1,566,3.1340001,1,1
512_314,105,438.000000000000000,394200.000000000000000,1,1,0,1.000000000000000,0.000000000000000,438.000000000000000,1,1,438,2.6229000,1,438,2.6229000,1,1
408_275,106,28.000000000000000,25200.000000000000000,1,1,0,1.000000000000000,0.000000000000000,28.000000000000000,1,1,28,0.5224000,1,28,0.5224000,1,1
459_548,107,8.000000000000000,7200.000000000000000,1,1,0,1.000000000000000,0.000000000000000,8.000000000000000,1,1,8,0.0578000,1,8,0.0578000,1,1
107_401,108,386.000000000000000,347400.000000000000000,1,1,0,1.000000000000000,0.000000000000000,386.000000000000000,1,1,386,2.1320000,1,386,2.1320000,1,1
112_157,109,1052.000000000000000,946800.000000000000000,1,1,0,1.000000000000000,0.000000000000000,1052.000000000000000,1,1,1052,5.7793002,1,1052,5.7793002,1,1
403_272,110,450.000000000000000,405000.000000000000000,1,1,0,1.000000000000000,0.000000000000000,450.000000000000000,1,1,450,2.4662001,1,450,2.4662001,1,1
563_677,111,1380.000000000000000,1242000.000000000000000,1,1,0,1.000000000000000,0.000000000000000,1380.000000000000000,1,1,1380,7.5798998,1,1380,7.5798998,1,1
321_237,112,1359.000000000000000,1223100.000000000000000,1,1,0,1.000000000000000,0.000000000000000,1359.000000000000000,1,1,1359,7.5103998,1,1359,7.5103998,1,1
403_270,113,628.000000000000000,565200.000000000000000,1,1,0,1.000000000000000,0.000000000000000,628.000000000000000,1,1,628,3.4466000,1,628,3.4466000,1,1
765_148,114,1015.000000000000000,913500.000000000000000,1,1,0,1.000000000000000,0.000000000000000,1015.000000000000000,1,1,1015,5.6233001,1,1015,5.6233001,1,1
756_389,115,1052.000000000000000,946800.000000000000000,1,1,0,1.000000000000000,0.000000000000000,1052.000000000000000,1,1,1052,5.8982000,1,1052,5.8982000,1,1
646_538,117,1101.000000000000000,990900.000000000000000,1,1,0,1.000000000000000,0.000000000000000,1101.000000000000000,1,1,1101,6.0461001,1,1101,6.0461001,1,1
607_700,118,1109.000000000000000,998100.000000000000000,1,1,0,1.000000000000000,0.000000000000000,1109.000000000000000,1,1,1109,7.4204998,1,1109,7.4204998,1,1
509_664,119,209.000000000000000,188100.000000000000000,1,1,0,1.000000000000000,0.000000000000000,209.000000000000000,1,1,209,1.7347000,1,209,1.7347000,1,1
352_257,120,892.000000000000000,802800.000000000000000,1,1,0,1.000000000000000,0.000000000000000,892.000000000000000,1,1,892,6.0524001,1,892,6.0524001,1,1
775_160,121,2053.000000000000000,1847700.000000000000000,1,1,0,1.000000000000000,0.000000000000000,2053.000000000000000,1,1,2053,11.3708000,1,2053,11.3708000,1,1
233_416,122,180.000000000000000,162000.000000000000000,1,1,0,1.000000000000000,0.000000000000000,180.000000000000000,1,1,180,1.1453000,1,180,1.1453000,1,1
414_93,123,851.000000000000000,765900.000000000000000,1,1,0,1.000000000000000,0.000000000000000,851.000000000000000,1,1,851,4.7598000,1,851,4.7598000,1,1
235_421,124,568.000000000000000,511200.000000000000000,1,1,0,1.000000000000000,0.000000000000000,568.000000000000000,1,1,568,3.1204000,1,568,3.1204000,1,1
203_191,125,19.000000000000000,17100.000000000000000,1,1,0,1.000000000000000,0.000000000000000,19.000000000000000,1,1,19,0.2015000,1,19,0.2015000,1,1
140_166,126,1853.000000000000000,1667700.000000000000000,1,1,0,1.000000000000000,0.000000000000000,1853.000000000000000,1,1,1853,10.1795998,1,1853,10.1795998,1,1
356_472,127,318.000000000000000,286200.000000000000000,1,1,0,1.000000000000000,0.000000000000000,318.000000000000000,1,1,318,1.7681000,1,318,1.7681000,1,1
555_353,128,510.000000000000000,459000.000000000000000,1,1,0,1.000000000000000,0.000000000000000,510.000000000000000,1,1,510,2.8752999,1,510,2.8752999,1,1
233_424,129,256.000000000000000,230400.000000000000000,1,1,0,1.000000000000000,0.000000000000000,256.000000000000000,1,1,256,1.5526000,1,256,1.5526000,1,1
316_9,130,19.000000000000000,17100.000000000000000,1,1,0,1.000000000000000,0.000000000000000,19.000000000000000,1,1,19,0.2196000,1,19,0.2196000,1,1
756_387,131,655.000000000000000,589500.000000000000000,1,1,0,1.000000000000000,0.000000000000000,655.000000000000000,1,1,655,3.6405001,1,655,3.6405001,1,1
458_292,133,31.000000000000000,27900.000000000000000,1,1,0,1.000000000000000,0.000000000000000,31.000000000000000,1,1,31,0.3720000,1,31,0.3720000,1,1
512_12,134,395.000000000000000,355500.000000000000000,1,1,0,1.000000000000000,0.000000000000000,395.000000000000000,1,1,395,3.5945001,1,395,3.5945001,1,1
402_281,135,609.000000000000000,548100.000000000000000,1,1,0,1.000000000000000,0.000000000000000,609.000000000000000,1,1,609,3.3401000,1,609,3.3401000,1,1
746_382,136,494.000000000000000,444600.000000000000000,1,1,0,1.000000000000000,0.000000000000000,494.000000000000000,1,1,494,2.7330999,1,494,2.7330999,1,1
553_684,137,338.000000000000000,304200.000000000000000,1,1,0,1.000000000000000,0.000000000000000,338.000000000000000,1,1,338,1.9950000,1,338,1.9950000,1,1
460_495,138,231.000000000000000,207900.000000000000000,1,1,0,1.000000000000000,0.000000000000000,231.000000000000000,1,1,231,1.3863000,1,231,1.3863000,1,1
506_510,139,873.000000000000000,785700.000000000000000,1,1,0,1.000000000000000,0.000000000000000,873.000000000000000,1,1,873,5.2238002,1,873,5.2238002,1,1
452_652,140,2625.000000000000000,2362500.000000000000000,1,1,0,1.000000000000000,0.000000000000000,2625.000000000000000,1,1,2625,16.8442001,1,2625,16.8442001,1,1
269_437,141,197.000000000000000,177300.000000000000000,1,1,0,1.000000000000000,0.000000000000000,197.000000000000000,1,1,197,1.5330000,1,197,1.5330000,1,1
316_250,142,34.000000000000000,30600.000000000000000,1,1,0,1.000000000000000,0.000000000000000,34.000000000000000,1,1,34,0.2484000,1,34,0.2484000,1,1
318_239,143,1.000000000000000,900.000000000000000,1,1,0,1.000000000000000,0.000000000000000,1.000000000000000,1,1,1,0.0483000,1,1,0.0483000,1,1
136_569,144,955.000000000000000,859500.000000000000000,1,1,0,1.000000000000000,0.000000000000000,955.000000000000000,1,1,955,5.2620001,1,955,5.2620001,1,1
402_267,145,1086.000000000000000,977400.000000000000000,1,1,0,1.000000000000000,0.000000000000000,1086.000000000000000,1,1,1086,6.0416999,1,1086,6.0416999,1,1
602_532,146,424.000000000000000,381600.000000000000000,1,1,0,1.000000000000000,0.000000000000000,424.000000000000000,1,1,424,2.3338001,1,424,2.3338001,1,1
401_545,147,1342.000000000000000,1207800.000000000000000,1,1,0,1.000000000000000,0.000000000000000,1342.000000000000000,1,1,1342,7.3704000,1,1342,7.3704000,1,1
504_103,148,721.000000000000000,648900.000000000000000,1,1,0,1.000000000000000,0.000000000000000,721.000000000000000,1,1,721,4.0538001,1,721,4.0538001,1,1
458_98,149,16.000000000000000,14400.000000000000000,1,1,0,1.000000000000000,0.000000000000000,16.000000000000000,1,1,16,0.2937000,1,16,0.2937000,1,1
239_590,150,5.000000000000000,4500.000000000000000,1,1,0,1.000000000000000,0.000000000000000,5.000000000000000,1,1,5,0.0675000,1,5,0.0675000,1,1
270_217,151,339.000000000000000,305100.000000000000000,1,1,0,1.000000000000000,0.000000000000000,339.000000000000000,1,1,339,1.9531000,1,339,1.9531000,1,1
64_388,153,1497.000000000000000,1347300.000000000000000,1,1,0,1.000000000000000,0.000000000000000,1497.000000000000000,1,1,1497,8.2665997,1,1497,8.2665997,1,1
321_8,154,1013.000000000000000,911700.000000000000000,1,1,0,1.000000000000000,0.000000000000000,1013.000000000000000,1,1,1013,5.7254000,1,1013,5.7254000,1,1
406_546,155,1.000000000000000,900.000000000000000,1,1,0,1.000000000000000,0.000000000000000,1.000000000000000,1,1,1,0.0142000,1,1,0.0142000,1,1
605_697,157,751.000000000000000,675900.000000000000000,1,1,0,1.000000000000000,0.000000000000000,751.000000000000000,1,1,751,4.8287001,1,751,4.8287001,1,1
202_185,158,1193.000000000000000,1073700.000000000000000,1,1,0,1.000000000000000,0.000000000000000,1193.000000000000000,1,1,1193,6.5725999,1,1193,6.5725999,1,1
452_654,159,482.000000000000000,433800.000000000000000,1,1,0,1.000000000000000,0.000000000000000,482.000000000000000,1,1,482,4.5735002,1,482,4.5735002,1,1
656_563,160,495.000000000000000,445500.000000000000000,1,1,0,1.000000000000000,0.000000000000000,495.000000000000000,1,1,495,2.8893001,1,495,2.8893001,1,1
602_526,161,221.000000000000000,198900.000000000000000,1,1,0,1.000000000000000,0.000000000000000,221.000000000000000,1,1,221,1.2148000,1,221,1.2148000,1,1
410_636,162,5.000000000000000,4500.000000000000000,1,1,0,1.000000000000000,0.000000000000000,5.000000000000000,1,1,5,0.0405000,1,5,0.0405000,1,1
273_425,163,2.000000000000000,1800.000000000000000,1,1,0,1.000000000000000,0.000000000000000,2.000000000000000,1,1,2,0.0347000,1,2,0.0347000,1,1
458_99,164,66.000000000000000,59400.000000000000000,1,1,0,1.000000000000000,0.000000000000000,66.000000000000000,1,1,66,1.1065000,1,66,1.1065000,1,1
200_196,165,699.000000000000000,629100.000000000000000,1,1,0,1.000000000000000,0.000000000000000,699.000000000000000,1,1,699,3.8773000,1,699,3.8773000,1,1
169_578,166,1069.000000000000000,962100.000000000000000,1,1,0,1.000000000000000,0.000000000000000,1069.000000000000000,1,1,1069,5.8669000,1,1069,5.8669000,1,1
560_678,167,535.000000000000000,481500.000000000000000,1,1,0,1.000000000000000,0.000000000000000,535.000000000000000,1,1,535,2.9807000,1,535,2.9807000,1,1
511_661,168,237.000000000000000,213300.000000000000000,1,1,0,1.000000000000000,0.000000000000000,237.000000000000000,1,1,237,1.3306000,1,237,1.3306000,1,1
601_113,169,568.000000000000000,511200.000000000000000,1,1,0,1.000000000000000,0.000000000000000,568.000000000000000,1,1,568,3.2356999,1,568,3.2356999,1,1
506_560,170,731.000000000000000,657900.000000000000000,1,1,0,1.000000000000000,0.000000000000000,731.000000000000000,1,1,731,5.7891998,1,731,5.7891998,1,1
450_502,171,253.000000000000000,227700.000000000000000,1,1,0,1.000000000000000,0.000000000000000,253.000000000000000,1,1,253,3.4591000,1,253,3.4591000,1,1
168_180,172,930.000000000000000,837000.000000000000000,1,1,0,1.000000000000000,0.000000000000000,930.000000000000000,1,1,930,5.1032000,1,930,5.1032000,1,1
141_164,173,728.000000000000000,655200.000000000000000,1,1,0,1.000000000000000,0.000000000000000,728.000000000000000,1,1,728,4.0387998,1,728,4.0387998,1,1
608_115,174,828.000000000000000,745200.000000000000000,1,1,0,1.000000000000000,0.000000000000000,828.000000000000000,1,1,828,6.1251998,1,828,6.1251998,1,1
360_255,175,58.000000000000000,52200.000000000000000,1,1,0,1.000000000000000,0.000000000000000,58.000000000000000,1,1,58,0.6084000,1,58,0.6084000,1,1
312_441,176,3.000000000000000,2700.000000000000000,1,1,0,1.000000000000000,0.000000000000000,3.000000000000000,1,1,3,0.1041000,1,3,0.1041000,1,1
172_580,177,1781.000000000000000,1602900.000000000000000,1,1,0,1.000000000000000,0.000000000000000,1781.000000000000000,1,1,1781,9.7883997,1,1781,9.7883997,1,1
565_690,178,889.000000000000000,800100.000000000000000,1,1,0,1.000000000000000,0.000000000000000,889.000000000000000,1,1,889,6.7904000,1,889,6.7904000,1,1
279_605,179,612.000000000000000,550800.000000000000000,1,1,0,1.000000000000000,0.000000000000000,612.000000000000000,1,1,612,4.1124001,1,612,4.1124001,1,1
356_617,180,135.000000000000000,121500.000000000000000,1,1,0,1.000000000000000,0.000000000000000,135.000000000000000,1,1,135,0.7991000,1,135,0.7991000,1,1
462_301,181,436.000000000000000,392400.000000000000000,1,1,0,1.000000000000000,0.000000000000000,436.000000000000000,1,1,436,2.3996000,1,436,2.3996000,1,1
167_181,183,822.000000000000000,739800.000000000000000,1,1,0,1.000000000000000,0.000000000000000,822.000000000000000,1,1,822,5.1230998,1,822,5.1230998,1,1
606_111,184,500.000000000000000,450000.000000000000000,1,1,0,1.000000000000000,0.000000000000000,500.000000000000000,1,1,500,2.9066000,1,500,2.9066000,1,1
311_440,185,333.000000000000000,299700.000000000000000,1,1,0,1.000000000000000,0.000000000000000,333.000000000000000,1,1,333,1.8345000,1,333,1.8345000,1,1
138_564,186,883.000000000000000,794700.000000000000000,1,1,0,1.000000000000000,0.000000000000000,883.000000000000000,1,1,883,4.8817000,1,883,4.8817000,1,1
363_464,187,7.000000000000000,6300.000000000000000,1,1,0,1.000000000000000,0.000000000000000,7.000000000000000,1,1,7,0.0869000,1,7,0.0869000,1,1
135_169,189,568.000000000000000,511200.000000000000000,1,1,0,1.000000000000000,0.000000000000000,568.000000000000000,1,1,568,3.3736999,1,568,3.3736999,1,1
505_333,190,459.000000000000000,413100.000000000000000,1,1,0,1.000000000000000,0.000000000000000,459.000000000000000,1,1,459,2.5186999,1,459,2.5186999,1,1
170_182,192,1234.000000000000000,1110600.000000000000000,1,1,0,1.000000000000000,0.000000000000000,1234.000000000000000,1,1,1234,6.8989000,1,1234,6.8989000,1,1
561_336,193,521.000000000000000,468900.000000000000000,1,1,0,1.000000000000000,0.000000000000000,521.000000000000000,1,1,521,2.8629999,1,521,2.8629999,1,1
465_496,194,1752.000000000000000,1576800.000000000000000,1,1,0,1.000000000000000,0.000000000000000,1752.000000000000000,1,1,1752,9.7300997,1,1752,9.7300997,1,1
107_404,195,329.000000000000000,296100.000000000000000,1,1,0,1.000000000000000,0.000000000000000,329.000000000000000,1,1,329,1.8055000,1,329,1.8055000,1,1
552_350,196,563.000000000000000,506700.000000000000000,1,1,0,1.000000000000000,0.000000000000000,563.000000000000000,1,1,563,3.0919001,1,563,3.0919001,1,1
405_278,197,35.000000000000000,31500.000000000000000,1,1,0,1.000000000000000,0.000000000000000,35.000000000000000,1,1,35,0.7203000,1,35,0.7203000,1,1
109_1,198,486.000000000000000,437400.000000000000000,1,1,0,1.000000000000000,0.000000000000000,486.000000000000000,1,1,486,3.0278001,1,486,3.0278001,1,1
408_91,199,2.000000000000000,1800.000000000000000,1,1,0,1.000000000000000,0.000000000000000,2.000000000000000,1,1,2,0.0332000,1,2,0.0332000,1,1
316_70,200,25.000000000000000,22500.000000000000000,1,1,0,1.000000000000000,0.000000000000000,25.000000000000000,1,1,25,0.2763000,1,25,0.2763000,1,1
313_608,201,1.000000000000000,900.000000000000000,1,1,0,1.000000000000000,0.000000000000000,1.000000000000000,1,1,1,0.0584000,1,1,0.0584000,1,1
141_172,202,1409.000000000000000,1268100.000000000000000,1,1,0,1.000000000000000,0.000000000000000,1409.000000000000000,1,1,1409,7.7421999,1,1409,7.7421999,1,1
453_505,204,341.000000000000000,306900.000000000000000,1,1,0,1.000000000000000,0.000000000000000,341.000000000000000,1,1,341,1.8970000,1,341,1.8970000,1,1
559_352,205,484.000000000000000,435600.000000000000000,1,1,0,1.000000000000000,0.000000000000000,484.000000000000000,1,1,484,3.7636001,1,484,3.7636001,1,1
87_394,206,661.000000000000000,594900.000000000000000,1,1,0,1.000000000000000,0.000000000000000,661.000000000000000,1,1,661,3.7407999,1,661,3.7407999,1,1
450_647,207,1101.000000000000000,990900.000000000000000,1,1,0,1.000000000000000,0.000000000000000,1101.000000000000000,1,1,1101,7.1170001,1,1101,7.1170001,1,1
360_78,208,61.000000000000000,54900.000000000000000,1,1,0,1.000000000000000,0.000000000000000,61.000000000000000,1,1,61,0.4991000,1,61,0.4991000,1,1
606_355,209,515.000000000000000,463500.000000000000000,1,1,0,1.000000000000000,0.000000000000000,515.000000000000000,1,1,515,2.9890001,1,515,2.9890001,1,1
352_262,210,1015.000000000000000,913500.000000000000000,1,1,0,1.000000000000000,0.000000000000000,1015.000000000000000,1,1,1015,6.2045002,1,1015,6.2045002,1,1
461_643,211,5.000000000000000,4500.000000000000000,1,1,0,1.000000000000000,0.000000000000000,5.000000000000000,1,1,5,0.0552000,1,5,0.0552000,1,1
39_383,212,696.000000000000000,626400.000000000000000,1,1,0,1.000000000000000,0.000000000000000,696.000000000000000,1,1,696,3.8210001,1,696,3.8210001,1,1
364_616,214,1674.000000000000000,1506600.000000000000000,1,1,0,1.000000000000000,0.000000000000000,1674.000000000000000,1,1,1674,9.4061003,1,1674,9.4061003,1,1
365_127,215,706.000000000000000,635400.000000000000000,1,1,0,1.000000000000000,0.000000000000000,706.000000000000000,1,1,706,4.0005002,1,706,4.0005002,1,1
510_320,216,378.000000000000000,340200.000000000000000,1,1,0,1.000000000000000,0.000000000000000,378.000000000000000,1,1,378,3.2739000,1,378,3.2739000,1,1
309_607,217,498.000000000000000,448200.000000000000000,1,1,0,1.000000000000000,0.000000000000000,498.000000000000000,1,1,498,4.8274999,1,498,4.8274999,1,1
564_675,218,7654.000000000000000,6888600.000000000000000,1,1,0,1.000000000000000,0.000000000000000,7654.000000000000000,1,1,7654,42.3786011,1,7654,42.3786011,1,1
631_535,219,819.000000000000000,737100.000000000000000,1,1,0,1.000000000000000,0.000000000000000,819.000000000000000,1,1,819,4.4974999,1,819,4.4974999,1,1
135_165,220,402.000000000000000,361800.000000000000000,1,1,0,1.000000000000000,0.000000000000000,402.000000000000000,1,1,402,2.3280001,1,402,2.3280001,1,1
406_489,221,1.000000000000000,900.000000000000000,1,1,0,1.000000000000000,0.000000000000000,1.000000000000000,1,1,1,0.0142000,1,1,0.0142000,1,1
414_131,222,1030.000000000000000,927000.000000000000000,1,1,0,1.000000000000000,0.000000000000000,1030.000000000000000,1,1,1030,5.9531002,1,1030,5.9531002,1,1
366_81,223,988.000000000000000,889200.000000000000000,1,1,0,1.000000000000000,0.000000000000000,988.000000000000000,1,1,988,6.7357998,1,988,6.7357998,1,1
140_163,224,1689.000000000000000,1520100.000000000000000,1,1,0,1.000000000000000,0.000000000000000,1689.000000000000000,1,1,1689,9.3257999,1,1689,9.3257999,1,1
268_233,225,1124.000000000000000,1011600.000000000000000,1,1,0,1.000000000000000,0.000000000000000,1124.000000000000000,1,1,1124,6.1721001,1,1124,6.1721001,1,1
460_659,226,1.000000000000000,900.000000000000000,1,1,0,1.000000000000000,0.000000000000000,1.000000000000000,1,1,1,0.0286000,1,1,0.0286000,1,1
135_48,227,356.000000000000000,320400.000000000000000,1,1,0,1.000000000000000,0.000000000000000,356.000000000000000,1,1,356,2.1285999,1,356,2.1285999,1,1
41_541,228,426.000000000000000,383400.000000000000000,1,1,0,1.000000000000000,0.000000000000000,426.000000000000000,1,1,426,5.1079001,1,426,5.1079001,1,1
603_530,229,528.000000000000000,475200.000000000000000,1,1,0,1.000000000000000,0.000000000000000,528.000000000000000,1,1,528,3.1248000,1,528,3.1248000,1,1
508_102,230,2.000000000000000,1800.000000000000000,1,1,0,1.000000000000000,0.000000000000000,2.000000000000000,1,1,2,0.0163000,1,2,0.0163000,1,1
272_231,231,5.000000000000000,4500.000000000000000,1,1,0,1.000000000000000,0.000000000000000,5.000000000000000,1,1,5,0.0293000,1,5,0.0293000,1,1
559_346,232,903.000000000000000,812700.000000000000000,1,1,0,1.000000000000000,0.000000000000000,903.000000000000000,1,1,903,5.5011001,1,903,5.5011001,1,1
312_614,233,6.000000000000000,5400.000000000000000,1,1,0,1.000000000000000,0.000000000000000,6.000000000000000,1,1,6,0.0494000,1,6,0.0494000,1,1
454_302,235,376.000000000000000,338400.000000000000000,1,1,0,1.000000000000000,0.000000000000000,376.000000000000000,1,1,376,2.0750999,1,376,2.0750999,1,1
630_119,236,1311.000000000000000,1179900.000000000000000,1,1,0,1.000000000000000,0.000000000000000,1311.000000000000000,1,1,1311,7.2567000,1,1311,7.2567000,1,1
562_692,237,8565.000000000000000,7708500.000000000000000,1,1,0,1.000000000000000,0.000000000000000,8565.000000000000000,1,1,8565,49.3801994,1,8565,49.3801994,1,1
745_23,239,388.000000000000000,349200.000000000000000,1,1,0,1.000000000000000,0.000000000000000,388.000000000000000,1,1,388,2.5179999,1,388,2.5179999,1,1
203_2,240,8.000000000000000,7200.000000000000000,1,1,0,1.000000000000000,0.000000000000000,8.000000000000000,1,1,8,0.0967000,1,8,0.0967000,1,1
562_682,241,3493.000000000000000,3143700.000000000000000,1,1,0,1.000000000000000,0.000000000000000,3493.000000000000000,1,1,3493,19.4216995,1,3493,19.4216995,1,1
137_162,242,1264.000000000000000,1137600.000000000000000,1,1,0,1.000000000000000,0.000000000000000,1264.000000000000000,1,1,1264,6.9726000,1,1264,6.9726000,1,1
319_245,244,3.000000000000000,2700.000000000000000,1,1,0,1.000000000000000,0.000000000000000,3.000000000000000,1,1,3,0.0231000,1,3,0.0231000,1,1
271_220,245,16.000000000000000,14400.000000000000000,1,1,0,1.000000000000000,0.000000000000000,16.000000000000000,1,1,16,0.0924000,1,16,0.0924000,1,1
173_583,246,1582.000000000000000,1423800.000000000000000,1,1,0,1.000000000000000,0.000000000000000,1582.000000000000000,1,1,1582,8.9708004,1,1582,8.9708004,1,1
765_147,247,1220.000000000000000,1098000.000000000000000,1,1,0,1.000000000000000,0.000000000000000,1220.000000000000000,1,1,1220,6.7624002,1,1220,6.7624002,1,1
111_41,248,737.000000000000000,663300.000000000000000,1,1,0,1.000000000000000,0.000000000000000,737.000000000000000,1,1,737,4.2117000,1,737,4.2117000,1,1
135_171,249,419.000000000000000,377100.000000000000000,1,1,0,1.000000000000000,0.000000000000000,419.000000000000000,1,1,419,2.3945999,1,419,2.3945999,1,1
84_154,250,717.000000000000000,645300.000000000000000,1,1,0,1.000000000000000,0.000000000000000,717.000000000000000,1,1,717,3.9310999,1,717,3.9310999,1,1
140_170,251,1527.000000000000000,1374300.000000000000000,1,1,0,1.000000000000000,0.000000000000000,1527.000000000000000,1,1,1527,8.3841000,1,1527,8.3841000,1,1
463_285,252,551.000000000000000,495900.000000000000000,1,1,0,1.000000000000000,0.000000000000000,551.000000000000000,1,1,551,4.7722001,1,551,4.7722001,1,1
647_374,253,780.000000000000000,702000.000000000000000,1,1,0,1.000000000000000,0.000000000000000,780.000000000000000,1,1,780,4.7564001,1,780,4.7564001,1,1
557_517,255,321.000000000000000,288900.000000000000000,1,1,0,1.000000000000000,0.000000000000000,321.000000000000000,1,1,321,1.9788001,1,321,1.9788001,1,1
268_228,257,1101.000000000000000,990900.000000000000000,1,1,0,1.000000000000000,0.000000000000000,1101.000000000000000,1,1,1101,6.0558000,1,1101,6.0558000,1,1
452_646,258,3.000000000000000,2700.000000000000000,1,1,0,1.000000000000000,0.000000000000000,3.000000000000000,1,1,3,0.0292000,1,3,0.0292000,1,1
513_325,259,1127.000000000000000,1014300.000000000000000,1,1,0,1.000000000000000,0.000000000000000,1127.000000000000000,1,1,1127,6.1787000,1,1127,6.1787000,1,1
411_481,260,3.000000000000000,2700.000000000000000,1,1,0,1.000000000000000,0.000000000000000,3.000000000000000,1,1,3,0.0244000,1,3,0.0244000,1,1
171_408,261,1698.000000000000000,1528200.000000000000000,1,1,0,1.000000000000000,0.000000000000000,1698.000000000000000,1,1,1698,9.3234997,1,1698,9.3234997,1,1
402_84,262,1055.000000000000000,949500.000000000000000,1,1,0,1.000000000000000,0.000000000000000,1055.000000000000000,1,1,1055,5.8882999,1,1055,5.8882999,1,1
311_454,263,272.000000000000000,244800.000000000000000,1,1,0,1.000000000000000,0.000000000000000,272.000000000000000,1,1,272,1.4936000,1,272,1.4936000,1,1
173_584,264,1126.000000000000000,1013400.000000000000000,1,1,0,1.000000000000000,0.000000000000000,1126.000000000000000,1,1,1126,6.2610998,1,1126,6.2610998,1,1
275_219,265,11.000000000000000,9900.000000000000000,1,1,0,1.000000000000000,0.000000000000000,11.000000000000000,1,1,11,0.0834000,1,11,0.0834000,1,1
201_410,266,86.000000000000000,77400.000000000000000,1,1,0,1.000000000000000,0.000000000000000,86.000000000000000,1,1,86,0.4958000,1,86,0.4958000,1,1
366_10,267,979.000000000000000,881100.000000000000000,1,1,0,1.000000000000000,0.000000000000000,979.000000000000000,1,1,979,6.5228000,1,979,6.5228000,1,1
507_318,268,533.000000000000000,479700.000000000000000,1,1,0,1.000000000000000,0.000000000000000,533.000000000000000,1,1,533,3.3334999,1,533,3.3334999,1,1
632_118,269,1054.000000000000000,948600.000000000000000,1,1,0,1.000000000000000,0.000000000000000,1054.000000000000000,1,1,1054,5.8213000,1,1054,5.8213000,1,1
400_480,270,666.000000000000000,599400.000000000000000,1,1,0,1.000000000000000,0.000000000000000,666.000000000000000,1,1,666,3.9412999,1,666,3.9412999,1,1
405_279,271,81.000000000000000,72900.000000000000000,1,1,0,1.000000000000000,0.000000000000000,81.000000000000000,1,1,81,0.8612000,1,81,0.8612000,1,1
199_197,272,936.000000000000000,842400.000000000000000,1,1,0,1.000000000000000,0.000000000000000,936.000000000000000,1,1,936,5.1710000,1,936,5.1710000,1,1
404_484,273,12.000000000000000,10800.000000000000000,1,1,0,1.000000000000000,0.000000000000000,12.000000000000000,1,1,12,0.0659000,1,12,0.0659000,1,1
140_121,274,1922.000000000000000,1729800.000000000000000,1,1,0,1.000000000000000,0.000000000000000,1922.000000000000000,1,1,1922,10.5453997,1,1922,10.5453997,1,1
365_263,276,1271.000000000000000,1143900.000000000000000,1,1,0,1.000000000000000,0.000000000000000,1271.000000000000000,1,1,1271,7.1606002,1,1271,7.1606002,1,1
411_487,277,76.000000000000000,68400.000000000000000,1,1,0,1.000000000000000,0.000000000000000,76.000000000000000,1,1,76,0.5123000,1,76,0.5123000,1,1
506_671,278,677.000000000000000,609300.000000000000000,1,1,0,1.000000000000000,0.000000000000000,677.000000000000000,1,1,677,4.0293002,1,677,4.0293002,1,1
562_686,279,5238.000000000000000,4714200.000000000000000,1,1,0,1.000000000000000,0.000000000000000,5238.000000000000000,1,1,5238,28.7675991,1,5238,28.7675991,1,1
109_42,281,573.000000000000000,515700.000000000000000,1,1,0,1.000000000000000,0.000000000000000,573.000000000000000,1,1,573,3.3060000,1,573,3.3060000,1,1
319_249,282,2.000000000000000,1800.000000000000000,1,1,0,1.000000000000000,0.000000000000000,2.000000000000000,1,1,2,0.0294000,1,2,0.0294000,1,1
82_32,284,703.000000000000000,632700.000000000000000,1,1,0,1.000000000000000,0.000000000000000,703.000000000000000,1,1,703,3.8590000,1,703,3.8590000,1,1
734_135,285,754.000000000000000,678600.000000000000000,1,1,0,1.000000000000000,0.000000000000000,754.000000000000000,1,1,754,4.1788998,1,754,4.1788998,1,1
232_212,286,727.000000000000000,654300.000000000000000,1,1,0,1.000000000000000,0.000000000000000,727.000000000000000,1,1,727,4.0784998,1,727,4.0784998,1,1
238_124,287,4.000000000000000,3600.000000000000000,1,1,0,1.000000000000000,0.000000000000000,4.000000000000000,1,1,4,0.0561000,1,4,0.0561000,1,1
356_620,288,288.000000000000000,259200.000000000000000,1,1,0,1.000000000000000,0.000000000000000,288.000000000000000,1,1,288,1.6873000,1,288,1.6873000,1,1
88_29,289,578.000000000000000,520200.000000000000000,1,1,0,1.000000000000000,0.000000000000000,578.000000000000000,1,1,578,3.2026000,1,578,3.2026000,1,1
354_473,290,1171.000000000000000,1053900.000000000000000,1,1,0,1.000000000000000,0.000000000000000,1171.000000000000000,1,1,1171,6.4358001,1,1171,6.4358001,1,1
735_16,291,648.000000000000000,583200.000000000000000,1,1,0,1.000000000000000,0.000000000000000,648.000000000000000,1,1,648,3.5781000,1,648,3.5781000,1,1
757_28,292,1307.000000000000000,1176300.000000000000000,1,1,0,1.000000000000000,0.000000000000000,1307.000000000000000,1,1,1307,7.1820998,1,1307,7.1820998,1,1
278_225,293,869.000000000000000,782100.000000000000000,1,1,0,1.000000000000000,0.000000000000000,869.000000000000000,1,1,869,4.9207001,1,869,4.9207001,1,1
410_475,294,1.000000000000000,900.000000000000000,1,1,0,1.000000000000000,0.000000000000000,1.000000000000000,1,1,1,0.1300000,1,1,0.1300000,1,1
504_330,296,742.000000000000000,667800.000000000000000,1,1,0,1.000000000000000,0.000000000000000,742.000000000000000,1,1,742,4.2142000,1,742,4.2142000,1,1
557_519,297,598.000000000000000,538200.000000000000000,1,1,0,1.000000000000000,0.000000000000000,598.000000000000000,1,1,598,3.2816000,1,598,3.2816000,1,1
169_574,299,1193.000000000000000,1073700.000000000000000,1,1,0,1.000000000000000,0.000000000000000,1193.000000000000000,1,1,1193,6.5665002,1,1193,6.5665002,1,1
406_631,300,1.000000000000000,900.000000000000000,1,1,0,1.000000000000000,0.000000000000000,1.000000000000000,1,1,1,0.0142000,1,1,0.0142000,1,1
238_3,301,30.000000000000000,27000.000000000000000,1,1,0,1.000000000000000,0.000000000000000,30.000000000000000,1,1,30,0.5420000,1,30,0.5420000,1,1
451_287,302,494.000000000000000,444600.000000000000000,1,1,0,1.000000000000000,0.000000000000000,494.000000000000000,1,1,494,5.4967999,1,494,5.4967999,1,1
84_153,303,816.000000000000000,734400.000000000000000,1,1,0,1.000000000000000,0.000000000000000,816.000000000000000,1,1,816,4.4828000,1,816,4.4828000,1,1
240_589,304,7.000000000000000,6300.000000000000000,1,1,0,1.000000000000000,0.000000000000000,7.000000000000000,1,1,7,1.1345000,1,7,1.1345000,1,1
645_709,305,737.000000000000000,663300.000000000000000,1,1,0,1.000000000000000,0.000000000000000,737.000000000000000,1,1,737,4.3365998,1,737,4.3365998,1,1
405_277,306,121.000000000000000,108900.000000000000000,1,1,0,1.000000000000000,0.000000000000000,121.000000000000000,1,1,121,0.8711000,1,121,0.8711000,1,1
508_326,307,4.000000000000000,3600.000000000000000,1,1,0,1.000000000000000,0.000000000000000,4.000000000000000,1,1,4,0.0301000,1,4,0.0301000,1,1
107_399,308,565.000000000000000,508500.000000000000000,1,1,0,1.000000000000000,0.000000000000000,565.000000000000000,1,1,565,3.1233001,1,565,3.1233001,1,1
504_328,309,716.000000000000000,644400.000000000000000,1,1,0,1.000000000000000,0.000000000000000,716.000000000000000,1,1,716,4.2968998,1,716,4.2968998,1,1
514_312,310,913.000000000000000,821700.000000000000000,1,1,0,1.000000000000000,0.000000000000000,913.000000000000000,1,1,913,5.0091000,1,913,5.0091000,1,1
139_572,311,2219.000000000000000,1997100.000000000000000,1,1,0,1.000000000000000,0.000000000000000,2219.000000000000000,1,1,2219,12.1829004,1,2219,12.1829004,1,1
270_227,312,108.000000000000000,97200.000000000000000,1,1,0,1.000000000000000,0.000000000000000,108.000000000000000,1,1,108,0.8952000,1,108,0.8952000,1,1
501_104,313,435.000000000000000,391500.000000000000000,1,1,0,1.000000000000000,0.000000000000000,435.000000000000000,1,1,435,2.4351001,1,435,2.4351001,1,1
65_141,314,1009.000000000000000,908100.000000000000000,1,1,0,1.000000000000000,0.000000000000000,1009.000000000000000,1,1,1009,5.5451999,1,1009,5.5451999,1,1
507_334,315,516.000000000000000,464400.000000000000000,1,1,0,1.000000000000000,0.000000000000000,516.000000000000000,1,1,516,3.1858001,1,516,3.1858001,1,1
365_128,316,944.000000000000000,849600.000000000000000,1,1,0,1.000000000000000,0.000000000000000,944.000000000000000,1,1,944,5.4162998,1,944,5.4162998,1,1
271_223,317,15.000000000000000,13500.000000000000000,1,1,0,1.000000000000000,0.000000000000000,15.000000000000000,1,1,15,0.0865000,1,15,0.0865000,1,1
235_417,318,743.000000000000000,668700.000000000000000,1,1,0,1.000000000000000,0.000000000000000,743.000000000000000,1,1,743,4.0897999,1,743,4.0897999,1,1
408_284,319,2.000000000000000,1800.000000000000000,1,1,0,1.000000000000000,0.000000000000000,2.000000000000000,1,1,2,0.0332000,1,2,0.0332000,1,1
318_242,320,10.000000000000000,9000.000000000000000,1,1,0,1.000000000000000,0.000000000000000,10.000000000000000,1,1,10,0.1536000,1,10,0.1536000,1,1
400_491,321,613.000000000000000,551700.000000000000000,1,1,0,1.000000000000000,0.000000000000000,613.000000000000000,1,1,613,4.1124001,1,613,4.1124001,1,1
232_56,322,886.000000000000000,797400.000000000000000,1,1,0,1.000000000000000,0.000000000000000,886.000000000000000,1,1,886,4.8871999,1,886,4.8871999,1,1
41_384,323,557.000000000000000,501300.000000000000000,1,1,0,1.000000000000000,0.000000000000000,557.000000000000000,1,1,557,4.1757002,1,557,4.1757002,1,1
563_683,324,1823.000000000000000,1640700.000000000000000,1,1,0,1.000000000000000,0.000000000000000,1823.000000000000000,1,1,1823,9.9995003,1,1823,9.9995003,1,1
553_552,326,379.000000000000000,341100.000000000000000,1,1,0,1.000000000000000,0.000000000000000,379.000000000000000,1,1,379,2.2025001,1,379,2.2025001,1,1
88_37,327,1236.000000000000000,1112400.000000000000000,1,1,0,1.000000000000000,0.000000000000000,1236.000000000000000,1,1,1236,6.7908001,1,1236,6.7908001,1,1
65_145,328,971.000000000000000,873900.000000000000000,1,1,0,1.000000000000000,0.000000000000000,971.000000000000000,1,1,971,5.3614001,1,971,5.3614001,1,1
169_573,329,1313.000000000000000,1181700.000000000000000,1,1,0,1.000000000000000,0.000000000000000,1313.000000000000000,1,1,1313,7.2645998,1,1313,7.2645998,1,1
275_60,330,7.000000000000000,6300.000000000000000,1,1,0,1.000000000000000,0.000000000000000,7.000000000000000,1,1,7,0.0587000,1,7,0.0587000,1,1
609_357,331,1605.000000000000000,1444500.000000000000000,1,1,0,1.000000000000000,0.000000000000000,1605.000000000000000,1,1,1605,12.8338003,1,1605,12.8338003,1,1
83_395,332,1279.000000000000000,1151100.000000000000000,1,1,0,1.000000000000000,0.000000000000000,1279.000000000000000,1,1,1279,7.1008000,1,1279,7.1008000,1,1
310_453,333,994.000000000000000,894600.000000000000000,1,1,0,1.000000000000000,0.000000000000000,994.000000000000000,1,1,994,5.4517002,1,994,5.4517002,1,1
501_13,334,486.000000000000000,437400.000000000000000,1,1,0,1.000000000000000,0.000000000000000,486.000000000000000,1,1,486,2.7233000,1,486,2.7233000,1,1
453_549,335,387.000000000000000,348300.000000000000000,1,1,0,1.000000000000000,0.000000000000000,387.000000000000000,1,1,387,2.6234000,1,387,2.6234000,1,1
453_498,336,10.000000000000000,9000.000000000000000,1,1,0,1.000000000000000,0.000000000000000,10.000000000000000,1,1,10,0.0693000,1,10,0.0693000,1,1
232_54,338,1043.000000000000000,938700.000000000000000,1,1,0,1.000000000000000,0.000000000000000,1043.000000000000000,1,1,1043,6.0180998,1,1043,6.0180998,1,1
656_712,339,614.000000000000000,552600.000000000000000,1,1,0,1.000000000000000,0.000000000000000,614.000000000000000,1,1,614,3.6729000,1,614,3.6729000,1,1
607_696,341,626.000000000000000,563400.000000000000000,1,1,0,1.000000000000000,0.000000000000000,626.000000000000000,1,1,626,3.4960001,1,626,3.4960001,1,1
453_507,343,403.000000000000000,362700.000000000000000,1,1,0,1.000000000000000,0.000000000000000,403.000000000000000,1,1,403,2.5304999,1,403,2.5304999,1,1
271_221,345,11.000000000000000,9900.000000000000000,1,1,0,1.000000000000000,0.000000000000000,11.000000000000000,1,1,11,0.0645000,1,11,0.0645000,1,1
454_297,346,323.000000000000000,290700.000000000000000,1,1,0,1.000000000000000,0.000000000000000,323.000000000000000,1,1,323,1.7981000,1,323,1.7981000,1,1
356_618,347,188.000000000000000,169200.000000000000000,1,1,0,1.000000000000000,0.000000000000000,188.000000000000000,1,1,188,1.1835001,1,188,1.1835001,1,1
141_167,348,1277.000000000000000,1149300.000000000000000,1,1,0,1.000000000000000,0.000000000000000,1277.000000000000000,1,1,1277,7.0661998,1,1277,7.0661998,1,1
233_419,349,192.000000000000000,172800.000000000000000,1,1,0,1.000000000000000,0.000000000000000,192.000000000000000,1,1,192,1.0604000,1,192,1.0604000,1,1
63_146,350,1056.000000000000000,950400.000000000000000,1,1,0,1.000000000000000,0.000000000000000,1056.000000000000000,1,1,1056,5.8083000,1,1056,5.8083000,1,1
745_22,351,549.000000000000000,494100.000000000000000,1,1,0,1.000000000000000,0.000000000000000,549.000000000000000,1,1,549,3.0439000,1,549,3.0439000,1,1
745_25,352,700.000000000000000,630000.000000000000000,1,1,0,1.000000000000000,0.000000000000000,700.000000000000000,1,1,700,4.5278001,1,700,4.5278001,1,1
404_621,353,34.000000000000000,30600.000000000000000,1,1,0,1.000000000000000,0.000000000000000,34.000000000000000,1,1,34,0.2923000,1,34,0.2923000,1,1
316_126,354,27.000000000000000,24300.000000000000000,1,1,0,1.000000000000000,0.000000000000000,27.000000000000000,1,1,27,0.2760000,1,27,0.2760000,1,1
137_47,355,1081.000000000000000,972900.000000000000000,1,1,0,1.000000000000000,0.000000000000000,1081.000000000000000,1,1,1081,5.9956002,1,1081,5.9956002,1,1
84_151,356,601.000000000000000,540900.000000000000000,1,1,0,1.000000000000000,0.000000000000000,601.000000000000000,1,1,601,3.3046000,1,601,3.3046000,1,1
603_699,357,572.000000000000000,514800.000000000000000,1,1,0,1.000000000000000,0.000000000000000,572.000000000000000,1,1,572,3.4472001,1,572,3.4472001,1,1
87_398,358,765.000000000000000,688500.000000000000000,1,1,0,1.000000000000000,0.000000000000000,765.000000000000000,1,1,765,4.2020998,1,765,4.2020998,1,1
242_599,359,707.000000000000000,636300.000000000000000,1,1,0,1.000000000000000,0.000000000000000,707.000000000000000,1,1,707,4.2993999,1,707,4.2993999,1,1
605_522,360,604.000000000000000,543600.000000000000000,1,1,0,1.000000000000000,0.000000000000000,604.000000000000000,1,1,604,4.1327000,1,604,4.1327000,1,1
236_205,361,326.000000000000000,293400.000000000000000,1,1,0,1.000000000000000,0.000000000000000,326.000000000000000,1,1,326,1.7890000,1,326,1.7890000,1,1
647_373,362,858.000000000000000,772200.000000000000000,1,1,0,1.000000000000000,0.000000000000000,858.000000000000000,1,1,858,4.6998000,1,858,4.6998000,1,1
41_385,363,64.000000000000000,57600.000000000000000,1,1,0,1.000000000000000,0.000000000000000,64.000000000000000,1,1,64,1.6900001,1,64,1.6900001,1,1
309_606,364,608.000000000000000,547200.000000000000000,1,1,0,1.000000000000000,0.000000000000000,608.000000000000000,1,1,608,6.1013999,1,608,6.1013999,1,1
269_558,365,264.000000000000000,237600.000000000000000,1,1,0,1.000000000000000,0.000000000000000,264.000000000000000,1,1,264,1.6005000,1,264,1.6005000,1,1
232_201,366,828.000000000000000,745200.000000000000000,1,1,0,1.000000000000000,0.000000000000000,828.000000000000000,1,1,828,4.7618999,1,828,4.7618999,1,1
461_645,367,83.000000000000000,74700.000000000000000,1,1,0,1.000000000000000,0.000000000000000,83.000000000000000,1,1,83,0.6093000,1,83,0.6093000,1,1
554_351,368,541.000000000000000,486900.000000000000000,1,1,0,1.000000000000000,0.000000000000000,541.000000000000000,1,1,541,3.3734000,1,541,3.3734000,1,1
205_186,369,1144.000000000000000,1029600.000000000000000,1,1,0,1.000000000000000,0.000000000000000,1144.000000000000000,1,1,1144,7.1959000,1,1144,7.1959000,1,1
272_63,370,2.000000000000000,1800.000000000000000,1,1,0,1.000000000000000,0.000000000000000,2.000000000000000,1,1,2,0.0136000,1,2,0.0136000,1,1
201_412,371,433.000000000000000,389700.000000000000000,1,1,0,1.000000000000000,0.000000000000000,433.000000000000000,1,1,433,2.3778999,1,433,2.3778999,1,1
201_413,372,422.000000000000000,379800.000000000000000,1,1,0,1.000000000000000,0.000000000000000,422.000000000000000,1,1,422,2.4389000,1,422,2.4389000,1,1
513_304,373,809.000000000000000,728100.000000000000000,1,1,0,1.000000000000000,0.000000000000000,809.000000000000000,1,1,809,4.4924002,1,809,4.4924002,1,1
112_156,374,1048.000000000000000,943200.000000000000000,1,1,0,1.000000000000000,0.000000000000000,1048.000000000000000,1,1,1048,5.8292999,1,1048,5.8292999,1,1
236_203,376,231.000000000000000,207900.000000000000000,1,1,0,1.000000000000000,0.000000000000000,231.000000000000000,1,1,231,1.3622000,1,231,1.3622000,1,1
403_130,377,612.000000000000000,550800.000000000000000,1,1,0,1.000000000000000,0.000000000000000,612.000000000000000,1,1,612,3.3777001,1,612,3.3777001,1,1
242_420,378,1136.000000000000000,1022400.000000000000000,1,1,0,1.000000000000000,0.000000000000000,1136.000000000000000,1,1,1136,6.3157001,1,1136,6.3157001,1,1
167_179,380,616.000000000000000,554400.000000000000000,1,1,0,1.000000000000000,0.000000000000000,616.000000000000000,1,1,616,3.3949001,1,616,3.3949001,1,1
319_251,381,2.000000000000000,1800.000000000000000,1,1,0,1.000000000000000,0.000000000000000,2.000000000000000,1,1,2,0.0294000,1,2,0.0294000,1,1
205_200,382,843.000000000000000,758700.000000000000000,1,1,0,1.000000000000000,0.000000000000000,843.000000000000000,1,1,843,5.5221000,1,843,5.5221000,1,1
401_632,383,1122.000000000000000,1009800.000000000000000,1,1,0,1.000000000000000,0.000000000000000,1122.000000000000000,1,1,1122,6.1624999,1,1122,6.1624999,1,1
316_68,384,17.000000000000000,15300.000000000000000,1,1,0,1.000000000000000,0.000000000000000,17.000000000000000,1,1,17,0.2667000,1,17,0.2667000,1,1
506_668,385,801.000000000000000,720900.000000000000000,1,1,0,1.000000000000000,0.000000000000000,801.000000000000000,1,1,801,5.2687001,1,801,5.2687001,1,1
109_44,386,427.000000000000000,384300.000000000000000,1,1,0,1.000000000000000,0.000000000000000,427.000000000000000,1,1,427,2.5469999,1,427,2.5469999,1,1
506_660,387,604.000000000000000,543600.000000000000000,1,1,0,1.000000000000000,0.000000000000000,604.000000000000000,1,1,604,4.1254001,1,604,4.1254001,1,1
202_187,388,1024.000000000000000,921600.000000000000000,1,1,0,1.000000000000000,0.000000000000000,1024.000000000000000,1,1,1024,6.5023999,1,1024,6.5023999,1,1
508_321,389,2.000000000000000,1800.000000000000000,1,1,0,1.000000000000000,0.000000000000000,2.000000000000000,1,1,2,0.0163000,1,2,0.0163000,1,1
605_694,390,529.000000000000000,476100.000000000000000,1,1,0,1.000000000000000,0.000000000000000,529.000000000000000,1,1,529,3.7520001,1,529,3.7520001,1,1
605_524,391,718.000000000000000,646200.000000000000000,1,1,0,1.000000000000000,0.000000000000000,718.000000000000000,1,1,718,4.6441998,1,718,4.6441998,1,1
410_641,392,4.000000000000000,3600.000000000000000,1,1,0,1.000000000000000,0.000000000000000,4.000000000000000,1,1,4,0.0346000,1,4,0.0346000,1,1
109_38,393,587.000000000000000,528300.000000000000000,1,1,0,1.000000000000000,0.000000000000000,587.000000000000000,1,1,587,3.6870000,1,587,3.6870000,1,1
402_92,394,455.000000000000000,409500.000000000000000,1,1,0,1.000000000000000,0.000000000000000,455.000000000000000,1,1,455,2.5314000,1,455,2.5314000,1,1
604_528,395,304.000000000000000,273600.000000000000000,1,1,0,1.000000000000000,0.000000000000000,304.000000000000000,1,1,304,2.6039000,1,304,2.6039000,1,1
414_90,396,1052.000000000000000,946800.000000000000000,1,1,0,1.000000000000000,0.000000000000000,1052.000000000000000,1,1,1052,6.1066999,1,1052,6.1066999,1,1
552_338,397,532.000000000000000,478800.000000000000000,1,1,0,1.000000000000000,0.000000000000000,532.000000000000000,1,1,532,2.9417000,1,532,2.9417000,1,1
455_657,399,332.000000000000000,298800.000000000000000,1,1,0,1.000000000000000,0.000000000000000,332.000000000000000,1,1,332,1.8803000,1,332,1.8803000,1,1
514_305,400,1122.000000000000000,1009800.000000000000000,1,1,0,1.000000000000000,0.000000000000000,1122.000000000000000,1,1,1122,6.2490001,1,1122,6.2490001,1,1
238_204,401,115.000000000000000,103500.000000000000000,1,1,0,1.000000000000000,0.000000000000000,115.000000000000000,1,1,115,0.8985000,1,115,0.8985000,1,1
238_4,402,4.000000000000000,3600.000000000000000,1,1,0,1.000000000000000,0.000000000000000,4.000000000000000,1,1,4,0.0561000,1,4,0.0561000,1,1
357_256,403,2.000000000000000,1800.000000000000000,1,1,0,1.000000000000000,0.000000000000000,2.000000000000000,1,1,2,0.0162000,1,2,0.0162000,1,1
400_640,404,725.000000000000000,652500.000000000000000,1,1,0,1.000000000000000,0.000000000000000,725.000000000000000,1,1,725,4.7870998,1,725,4.7870998,1,1
555_347,405,977.000000000000000,879300.000000000000000,1,1,0,1.000000000000000,0.000000000000000,977.000000000000000,1,1,977,5.5342002,1,977,5.5342002,1,1
279_559,406,658.000000000000000,592200.000000000000000,1,1,0,1.000000000000000,0.000000000000000,658.000000000000000,1,1,658,3.9535999,1,658,3.9535999,1,1
270_6,408,494.000000000000000,444600.000000000000000,1,1,0,1.000000000000000,0.000000000000000,494.000000000000000,1,1,494,3.3478000,1,494,3.3478000,1,1
501_309,409,74.000000000000000,66600.000000000000000,1,1,0,1.000000000000000,0.000000000000000,74.000000000000000,1,1,74,2.1356001,1,74,2.1356001,1,1
604_527,411,305.000000000000000,274500.000000000000000,1,1,0,1.000000000000000,0.000000000000000,305.000000000000000,1,1,305,2.1266000,1,305,2.1266000,1,1
734_136,413,1156.000000000000000,1040400.000000000000000,1,1,0,1.000000000000000,0.000000000000000,1156.000000000000000,1,1,1156,6.3649001,1,1156,6.3649001,1,1
112_159,414,1217.000000000000000,1095300.000000000000000,1,1,0,1.000000000000000,0.000000000000000,1217.000000000000000,1,1,1217,6.6863999,1,1217,6.6863999,1,1
357_72,415,1.000000000000000,900.000000000000000,1,1,0,1.000000000000000,0.000000000000000,1.000000000000000,1,1,1,0.0118000,1,1,0.0118000,1,1
406_488,416,1.000000000000000,900.000000000000000,1,1,0,1.000000000000000,0.000000000000000,1.000000000000000,1,1,1,0.0142000,1,1,0.0142000,1,1
106_39,417,765.000000000000000,688500.000000000000000,1,1,0,1.000000000000000,0.000000000000000,765.000000000000000,1,1,765,4.2410002,1,765,4.2410002,1,1
366_76,419,834.000000000000000,750600.000000000000000,1,1,0,1.000000000000000,0.000000000000000,834.000000000000000,1,1,834,6.5773001,1,834,6.5773001,1,1
602_525,420,124.000000000000000,111600.000000000000000,1,1,0,1.000000000000000,0.000000000000000,124.000000000000000,1,1,124,0.6935000,1,124,0.6935000,1,1
459_547,421,9.000000000000000,8100.000000000000000,1,1,0,1.000000000000000,0.000000000000000,9.000000000000000,1,1,9,0.1681000,1,9,0.1681000,1,1
555_109,422,719.000000000000000,647100.000000000000000,1,1,0,1.000000000000000,0.000000000000000,719.000000000000000,1,1,719,4.1167998,1,719,4.1167998,1,1
408_11,423,24.000000000000000,21600.000000000000000,1,1,0,1.000000000000000,0.000000000000000,24.000000000000000,1,1,24,0.4716000,1,24,0.4716000,1,1
312_610,424,1.000000000000000,900.000000000000000,1,1,0,1.000000000000000,0.000000000000000,1.000000000000000,1,1,1,0.1808000,1,1,0.1808000,1,1
275_216,425,7.000000000000000,6300.000000000000000,1,1,0,1.000000000000000,0.000000000000000,7.000000000000000,1,1,7,0.0546000,1,7,0.0546000,1,1
603_701,426,605.000000000000000,544500.000000000000000,1,1,0,1.000000000000000,0.000000000000000,605.000000000000000,1,1,605,3.3234000,1,605,3.3234000,1,1
402_273,427,1052.000000000000000,946800.000000000000000,1,1,0,1.000000000000000,0.000000000000000,1052.000000000000000,1,1,1052,5.9238000,1,1052,5.9238000,1,1
360_73,428,58.000000000000000,52200.000000000000000,1,1,0,1.000000000000000,0.000000000000000,58.000000000000000,1,1,58,0.6084000,1,58,0.6084000,1,1
86_155,429,1268.000000000000000,1141200.000000000000000,1,1,0,1.000000000000000,0.000000000000000,1268.000000000000000,1,1,1268,6.9658999,1,1268,6.9658999,1,1
410_628,430,2.000000000000000,1800.000000000000000,1,1,0,1.000000000000000,0.000000000000000,2.000000000000000,1,1,2,0.0311000,1,2,0.0311000,1,1
451_95,431,512.000000000000000,460800.000000000000000,1,1,0,1.000000000000000,0.000000000000000,512.000000000000000,1,1,512,9.3515997,1,512,9.3515997,1,1
205_123,432,1204.000000000000000,1083600.000000000000000,1,1,0,1.000000000000000,0.000000000000000,1204.000000000000000,1,1,1204,6.6066999,1,1204,6.6066999,1,1
173_579,434,1367.000000000000000,1230300.000000000000000,1,1,0,1.000000000000000,0.000000000000000,1367.000000000000000,1,1,1367,7.5296001,1,1367,7.5296001,1,1
39_381,435,903.000000000000000,812700.000000000000000,1,1,0,1.000000000000000,0.000000000000000,903.000000000000000,1,1,903,4.9576998,1,903,4.9576998,1,1
240_588,436,3.000000000000000,2700.000000000000000,1,1,0,1.000000000000000,0.000000000000000,3.000000000000000,1,1,3,0.2104000,1,3,0.2104000,1,1
465_509,438,1229.000000000000000,1106100.000000000000000,1,1,0,1.000000000000000,0.000000000000000,1229.000000000000000,1,1,1229,6.8579001,1,1229,6.8579001,1,1
402_83,439,1032.000000000000000,928800.000000000000000,1,1,0,1.000000000000000,0.000000000000000,1032.000000000000000,1,1,1032,5.7666998,1,1032,5.7666998,1,1
40_139,440,637.000000000000000,573300.000000000000000,1,1,0,1.000000000000000,0.000000000000000,637.000000000000000,1,1,637,3.4944000,1,637,3.4944000,1,1
412_477,441,509.000000000000000,458100.000000000000000,1,1,0,1.000000000000000,0.000000000000000,509.000000000000000,1,1,509,4.1062002,1,509,4.1062002,1,1
82_30,442,506.000000000000000,455400.000000000000000,1,1,0,1.000000000000000,0.000000000000000,506.000000000000000,1,1,506,3.3059001,1,506,3.3059001,1,1
40_140,443,773.000000000000000,695700.000000000000000,1,1,0,1.000000000000000,0.000000000000000,773.000000000000000,1,1,773,4.2406998,1,773,4.2406998,1,1
560_691,444,917.000000000000000,825300.000000000000000,1,1,0,1.000000000000000,0.000000000000000,917.000000000000000,1,1,917,5.0376000,1,917,5.0376000,1,1
608_360,445,1197.000000000000000,1077300.000000000000000,1,1,0,1.000000000000000,0.000000000000000,1197.000000000000000,1,1,1197,8.1527996,1,1197,8.1527996,1,1
605_523,446,563.000000000000000,506700.000000000000000,1,1,0,1.000000000000000,0.000000000000000,563.000000000000000,1,1,563,3.8176999,1,563,3.8176999,1,1
354_468,447,1174.000000000000000,1056600.000000000000000,1,1,0,1.000000000000000,0.000000000000000,1174.000000000000000,1,1,1174,6.5297999,1,1174,6.5297999,1,1
632_368,448,763.000000000000000,686700.000000000000000,1,1,0,1.000000000000000,0.000000000000000,763.000000000000000,1,1,763,4.2585001,1,763,4.2585001,1,1
556_514,450,707.000000000000000,636300.000000000000000,1,1,0,1.000000000000000,0.000000000000000,707.000000000000000,1,1,707,4.3446002,1,707,4.3446002,1,1
360_80,451,61.000000000000000,54900.000000000000000,1,1,0,1.000000000000000,0.000000000000000,61.000000000000000,1,1,61,0.4991000,1,61,0.4991000,1,1
401_627,452,1318.000000000000000,1186200.000000000000000,1,1,0,1.000000000000000,0.000000000000000,1318.000000000000000,1,1,1318,7.2413998,1,1318,7.2413998,1,1
199_183,453,785.000000000000000,706500.000000000000000,1,1,0,1.000000000000000,0.000000000000000,785.000000000000000,1,1,785,4.3642998,1,785,4.3642998,1,1
514_308,454,921.000000000000000,828900.000000000000000,1,1,0,1.000000000000000,0.000000000000000,921.000000000000000,1,1,921,5.0556998,1,921,5.0556998,1,1
451_286,455,327.000000000000000,294300.000000000000000,1,1,0,1.000000000000000,0.000000000000000,327.000000000000000,1,1,327,6.8025999,1,327,6.8025999,1,1
605_556,456,360.000000000000000,324000.000000000000000,1,1,0,1.000000000000000,0.000000000000000,360.000000000000000,1,1,360,2.6394999,1,360,2.6394999,1,1
509_662,457,86.000000000000000,77400.000000000000000,1,1,0,1.000000000000000,0.000000000000000,86.000000000000000,1,1,86,0.5525000,1,86,0.5525000,1,1
171_581,458,1749.000000000000000,1574100.000000000000000,1,1,0,1.000000000000000,0.000000000000000,1749.000000000000000,1,1,1749,9.6215000,1,1749,9.6215000,1,1
279_426,459,762.000000000000000,685800.000000000000000,1,1,0,1.000000000000000,0.000000000000000,762.000000000000000,1,1,762,4.9703002,1,762,4.9703002,1,1
556_520,460,853.000000000000000,767700.000000000000000,1,1,0,1.000000000000000,0.000000000000000,853.000000000000000,1,1,853,5.0271001,1,853,5.0271001,1,1
108_402,461,272.000000000000000,244800.000000000000000,1,1,0,1.000000000000000,0.000000000000000,272.000000000000000,1,1,272,1.5190001,1,272,1.5190001,1,1
278_224,462,636.000000000000000,572400.000000000000000,1,1,0,1.000000000000000,0.000000000000000,636.000000000000000,1,1,636,3.5327001,1,636,3.5327001,1,1
352_79,463,140.000000000000000,126000.000000000000000,1,1,0,1.000000000000000,0.000000000000000,140.000000000000000,1,1,140,1.8774000,1,140,1.8774000,1,1
736_377,464,723.000000000000000,650700.000000000000000,1,1,0,1.000000000000000,0.000000000000000,723.000000000000000,1,1,723,4.1985998,1,723,4.1985998,1,1
242_423,465,1116.000000000000000,1004400.000000000000000,1,1,0,1.000000000000000,0.000000000000000,1116.000000000000000,1,1,1116,6.1375999,1,1116,6.1375999,1,1
237_202,466,189.000000000000000,170100.000000000000000,1,1,0,1.000000000000000,0.000000000000000,189.000000000000000,1,1,189,1.0536000,1,189,1.0536000,1,1
204_51,467,664.000000000000000,597600.000000000000000,1,1,0,1.000000000000000,0.000000000000000,664.000000000000000,1,1,664,4.2681999,1,664,4.2681999,1,1
601_365,468,455.000000000000000,409500.000000000000000,1,1,0,1.000000000000000,0.000000000000000,455.000000000000000,1,1,455,2.6661000,1,455,2.6661000,1,1
363_463,469,32.000000000000000,28800.000000000000000,1,1,0,1.000000000000000,0.000000000000000,32.000000000000000,1,1,32,0.3179000,1,32,0.3179000,1,1
240_418,470,204.000000000000000,183600.000000000000000,1,1,0,1.000000000000000,0.000000000000000,204.000000000000000,1,1,204,1.8433000,1,204,1.8433000,1,1
319_69,471,2.000000000000000,1800.000000000000000,1,1,0,1.000000000000000,0.000000000000000,2.000000000000000,1,1,2,0.0294000,1,2,0.0294000,1,1
136_568,473,919.000000000000000,827100.000000000000000,1,1,0,1.000000000000000,0.000000000000000,919.000000000000000,1,1,919,5.0959001,1,919,5.0959001,1,1
736_375,474,415.000000000000000,373500.000000000000000,1,1,0,1.000000000000000,0.000000000000000,415.000000000000000,1,1,415,2.3965001,1,415,2.3965001,1,1
320_448,475,580.000000000000000,522000.000000000000000,1,1,0,1.000000000000000,0.000000000000000,580.000000000000000,1,1,580,3.2334001,1,580,3.2334001,1,1
268_62,476,1136.000000000000000,1022400.000000000000000,1,1,0,1.000000000000000,0.000000000000000,1136.000000000000000,1,1,1136,7.0876002,1,1136,7.0876002,1,1
414_283,477,922.000000000000000,829800.000000000000000,1,1,0,1.000000000000000,0.000000000000000,922.000000000000000,1,1,922,5.3378000,1,922,5.3378000,1,1
404_625,478,9.000000000000000,8100.000000000000000,1,1,0,1.000000000000000,0.000000000000000,9.000000000000000,1,1,9,0.0572000,1,9,0.0572000,1,1
278_125,480,670.000000000000000,603000.000000000000000,1,1,0,1.000000000000000,0.000000000000000,670.000000000000000,1,1,670,3.7068000,1,670,3.7068000,1,1
237_214,481,36.000000000000000,32400.000000000000000,1,1,0,1.000000000000000,0.000000000000000,36.000000000000000,1,1,36,0.4284000,1,36,0.4284000,1,1
604_555,482,374.000000000000000,336600.000000000000000,1,1,0,1.000000000000000,0.000000000000000,374.000000000000000,1,1,374,2.9428000,1,374,2.9428000,1,1
357_254,483,1.000000000000000,900.000000000000000,1,1,0,1.000000000000000,0.000000000000000,1.000000000000000,1,1,1,0.0118000,1,1,0.0118000,1,1
111_43,484,1234.000000000000000,1110600.000000000000000,1,1,0,1.000000000000000,0.000000000000000,1234.000000000000000,1,1,1234,7.0086002,1,1234,7.0086002,1,1
463_288,485,968.000000000000000,871200.000000000000000,1,1,0,1.000000000000000,0.000000000000000,968.000000000000000,1,1,968,5.3162999,1,968,5.3162999,1,1
139_407,486,2108.000000000000000,1897200.000000000000000,1,1,0,1.000000000000000,0.000000000000000,2108.000000000000000,1,1,2108,11.5791998,1,2108,11.5791998,1,1
647_372,487,619.000000000000000,557100.000000000000000,1,1,0,1.000000000000000,0.000000000000000,619.000000000000000,1,1,619,3.4003999,1,619,3.4003999,1,1
556_553,488,1047.000000000000000,942300.000000000000000,1,1,0,1.000000000000000,0.000000000000000,1047.000000000000000,1,1,1047,6.3362002,1,1047,6.3362002,1,1
411_485,489,3.000000000000000,2700.000000000000000,1,1,0,1.000000000000000,0.000000000000000,3.000000000000000,1,1,3,0.0244000,1,3,0.0244000,1,1
86_149,490,1010.000000000000000,909000.000000000000000,1,1,0,1.000000000000000,0.000000000000000,1010.000000000000000,1,1,1010,5.6073999,1,1010,5.6073999,1,1
554_345,491,574.000000000000000,516600.000000000000000,1,1,0,1.000000000000000,0.000000000000000,574.000000000000000,1,1,574,3.4388001,1,574,3.4388001,1,1
316_247,492,27.000000000000000,24300.000000000000000,1,1,0,1.000000000000000,0.000000000000000,27.000000000000000,1,1,27,0.2760000,1,27,0.2760000,1,1
510_315,493,248.000000000000000,223200.000000000000000,1,1,0,1.000000000000000,0.000000000000000,248.000000000000000,1,1,248,3.3173001,1,248,3.3173001,1,1
450_649,494,2410.000000000000000,2169000.000000000000000,1,1,0,1.000000000000000,0.000000000000000,2410.000000000000000,1,1,2410,13.5438995,1,2410,13.5438995,1,1
269_542,495,249.000000000000000,224100.000000000000000,1,1,0,1.000000000000000,0.000000000000000,249.000000000000000,1,1,249,1.7901000,1,249,1.7901000,1,1
83_397,496,754.000000000000000,678600.000000000000000,1,1,0,1.000000000000000,0.000000000000000,754.000000000000000,1,1,754,4.1501999,1,754,4.1501999,1,1
564_680,498,10538.000000000000000,9484200.000000000000000,1,1,0,1.000000000000000,0.000000000000000,10538.000000000000000,1,1,10538,57.9393005,1,10538,57.9393005,1,1
508_324,499,4.000000000000000,3600.000000000000000,1,1,0,1.000000000000000,0.000000000000000,4.000000000000000,1,1,4,0.0236000,1,4,0.0236000,1,1
234_422,500,1305.000000000000000,1174500.000000000000000,1,1,0,1.000000000000000,0.000000000000000,1305.000000000000000,1,1,1305,7.1680002,1,1305,7.1680002,1,1
86_150,501,846.000000000000000,761400.000000000000000,1,1,0,1.000000000000000,0.000000000000000,846.000000000000000,1,1,846,4.6872001,1,846,4.6872001,1,1
503_669,502,382.000000000000000,343800.000000000000000,1,1,0,1.000000000000000,0.000000000000000,382.000000000000000,1,1,382,2.5394001,1,382,2.5394001,1,1
365_258,504,636.000000000000000,572400.000000000000000,1,1,0,1.000000000000000,0.000000000000000,636.000000000000000,1,1,636,3.7527001,1,636,3.7527001,1,1
270_61,505,501.000000000000000,450900.000000000000000,1,1,0,1.000000000000000,0.000000000000000,501.000000000000000,1,1,501,3.1619000,1,501,3.1619000,1,1
515_323,506,1035.000000000000000,931500.000000000000000,1,1,0,1.000000000000000,0.000000000000000,1035.000000000000000,1,1,1035,5.6862001,1,1035,5.6862001,1,1
462_289,507,588.000000000000000,529200.000000000000000,1,1,0,1.000000000000000,0.000000000000000,588.000000000000000,1,1,588,3.2660999,1,588,3.2660999,1,1
269_604,508,258.000000000000000,232200.000000000000000,1,1,0,1.000000000000000,0.000000000000000,258.000000000000000,1,1,258,1.5778000,1,258,1.5778000,1,1
312_613,510,3.000000000000000,2700.000000000000000,1,1,0,1.000000000000000,0.000000000000000,3.000000000000000,1,1,3,0.0466000,1,3,0.0466000,1,1
355_457,511,1206.000000000000000,1085400.000000000000000,1,1,0,1.000000000000000,0.000000000000000,1206.000000000000000,1,1,1206,6.7062998,1,1206,6.7062998,1,1
509_511,512,4.000000000000000,3600.000000000000000,1,1,0,1.000000000000000,0.000000000000000,4.000000000000000,1,1,4,0.0463000,1,4,0.0463000,1,1
456_300,513,194.000000000000000,174600.000000000000000,1,1,0,1.000000000000000,0.000000000000000,194.000000000000000,1,1,194,3.1099999,1,194,3.1099999,1,1
450_642,514,904.000000000000000,813600.000000000000000,1,1,0,1.000000000000000,0.000000000000000,904.000000000000000,1,1,904,5.1996002,1,904,5.1996002,1,1
366_77,515,942.000000000000000,847800.000000000000000,1,1,0,1.000000000000000,0.000000000000000,942.000000000000000,1,1,942,6.6629000,1,942,6.6629000,1,1
279_603,516,988.000000000000000,889200.000000000000000,1,1,0,1.000000000000000,0.000000000000000,988.000000000000000,1,1,988,6.1546001,1,988,6.1546001,1,1
241_207,518,331.000000000000000,297900.000000000000000,1,1,0,1.000000000000000,0.000000000000000,331.000000000000000,1,1,331,1.9922000,1,331,1.9922000,1,1
139_406,519,1960.000000000000000,1764000.000000000000000,1,1,0,1.000000000000000,0.000000000000000,1960.000000000000000,1,1,1960,10.7496996,1,1960,10.7496996,1,1
309_611,520,632.000000000000000,568800.000000000000000,1,1,0,1.000000000000000,0.000000000000000,632.000000000000000,1,1,632,3.4712000,1,632,3.4712000,1,1
273_432,521,6.000000000000000,5400.000000000000000,1,1,0,1.000000000000000,0.000000000000000,6.000000000000000,1,1,6,0.0482000,1,6,0.0482000,1,1
63_144,522,990.000000000000000,891000.000000000000000,1,1,0,1.000000000000000,0.000000000000000,990.000000000000000,1,1,990,5.4808002,1,990,5.4808002,1,1
604_533,523,308.000000000000000,277200.000000000000000,1,1,0,1.000000000000000,0.000000000000000,308.000000000000000,1,1,308,2.3506000,1,308,2.3506000,1,1
206_411,524,1449.000000000000000,1304100.000000000000000,1,1,0,1.000000000000000,0.000000000000000,1449.000000000000000,1,1,1449,8.4460001,1,1449,8.4460001,1,1
21_15,525,2099.000000000000000,1889100.000000000000000,1,1,0,1.000000000000000,0.000000000000000,2099.000000000000000,1,1,2099,11.5348997,1,2099,11.5348997,1,1
405_86,526,47.000000000000000,42300.000000000000000,1,1,0,1.000000000000000,0.000000000000000,47.000000000000000,1,1,47,0.7781000,1,47,0.7781000,1,1
632_371,527,711.000000000000000,639900.000000000000000,1,1,0,1.000000000000000,0.000000000000000,711.000000000000000,1,1,711,3.9417000,1,711,3.9417000,1,1
204_195,528,723.000000000000000,650700.000000000000000,1,1,0,1.000000000000000,0.000000000000000,723.000000000000000,1,1,723,4.7435002,1,723,4.7435002,1,1
408_282,529,6.000000000000000,5400.000000000000000,1,1,0,1.000000000000000,0.000000000000000,6.000000000000000,1,1,6,0.0985000,1,6,0.0985000,1,1
554_106,530,677.000000000000000,609300.000000000000000,1,1,0,1.000000000000000,0.000000000000000,677.000000000000000,1,1,677,3.8919001,1,677,3.8919001,1,1
64_391,531,1201.000000000000000,1080900.000000000000000,1,1,0,1.000000000000000,0.000000000000000,1201.000000000000000,1,1,1201,6.5960002,1,1201,6.5960002,1,1
273_429,532,6.000000000000000,5400.000000000000000,1,1,0,1.000000000000000,0.000000000000000,6.000000000000000,1,1,6,0.0482000,1,6,0.0482000,1,1
364_615,533,1066.000000000000000,959400.000000000000000,1,1,0,1.000000000000000,0.000000000000000,1066.000000000000000,1,1,1066,6.0565000,1,1066,6.0565000,1,1
88_34,534,862.000000000000000,775800.000000000000000,1,1,0,1.000000000000000,0.000000000000000,862.000000000000000,1,1,862,4.7396002,1,862,4.7396002,1,1
509_667,535,36.000000000000000,32400.000000000000000,1,1,0,1.000000000000000,0.000000000000000,36.000000000000000,1,1,36,0.6231000,1,36,0.6231000,1,1
137_173,536,834.000000000000000,750600.000000000000000,1,1,0,1.000000000000000,0.000000000000000,834.000000000000000,1,1,834,4.5995998,1,834,4.5995998,1,1
352_75,537,197.000000000000000,177300.000000000000000,1,1,0,1.000000000000000,0.000000000000000,197.000000000000000,1,1,197,2.5894001,1,197,2.5894001,1,1
203_189,538,94.000000000000000,84600.000000000000000,1,1,0,1.000000000000000,0.000000000000000,94.000000000000000,1,1,94,0.6982000,1,94,0.6982000,1,1
609_354,539,2503.000000000000000,2252700.000000000000000,1,1,0,1.000000000000000,0.000000000000000,2503.000000000000000,1,1,2503,14.1403999,1,2503,14.1403999,1,1
64_392,540,1300.000000000000000,1170000.000000000000000,1,1,0,1.000000000000000,0.000000000000000,1300.000000000000000,1,1,1300,7.1303000,1,1300,7.1303000,1,1
512_310,541,341.000000000000000,306900.000000000000000,1,1,0,1.000000000000000,0.000000000000000,341.000000000000000,1,1,341,3.9716001,1,341,3.9716001,1,1
205_192,543,1221.000000000000000,1098900.000000000000000,1,1,0,1.000000000000000,0.000000000000000,1221.000000000000000,1,1,1221,7.3421998,1,1221,7.3421998,1,1
87_393,544,657.000000000000000,591300.000000000000000,1,1,0,1.000000000000000,0.000000000000000,657.000000000000000,1,1,657,3.7105999,1,657,3.7105999,1,1
408_85,545,24.000000000000000,21600.000000000000000,1,1,0,1.000000000000000,0.000000000000000,24.000000000000000,1,1,24,0.4716000,1,24,0.4716000,1,1
360_252,546,54.000000000000000,48600.000000000000000,1,1,0,1.000000000000000,0.000000000000000,54.000000000000000,1,1,54,1.2460001,1,54,1.2460001,1,1
310_452,547,1151.000000000000000,1035900.000000000000000,1,1,0,1.000000000000000,0.000000000000000,1151.000000000000000,1,1,1151,6.3179002,1,1151,6.3179002,1,1
357_259,548,3.000000000000000,2700.000000000000000,1,1,0,1.000000000000000,0.000000000000000,3.000000000000000,1,1,3,0.0182000,1,3,0.0182000,1,1
515_306,549,990.000000000000000,891000.000000000000000,1,1,0,1.000000000000000,0.000000000000000,990.000000000000000,1,1,990,5.4889998,1,990,5.4889998,1,1
360_261,550,61.000000000000000,54900.000000000000000,1,1,0,1.000000000000000,0.000000000000000,61.000000000000000,1,1,61,0.4991000,1,61,0.4991000,1,1
167_177,551,762.000000000000000,685800.000000000000000,1,1,0,1.000000000000000,0.000000000000000,762.000000000000000,1,1,762,4.2125001,1,762,4.2125001,1,1
606_362,552,425.000000000000000,382500.000000000000000,1,1,0,1.000000000000000,0.000000000000000,425.000000000000000,1,1,425,3.9105999,1,425,3.9105999,1,1
451_132,553,347.000000000000000,312300.000000000000000,1,1,0,1.000000000000000,0.000000000000000,347.000000000000000,1,1,347,7.9260001,1,347,7.9260001,1,1
320_450,554,38.000000000000000,34200.000000000000000,1,1,0,1.000000000000000,0.000000000000000,38.000000000000000,1,1,38,0.2117000,1,38,0.2117000,1,1
502_663,555,302.000000000000000,271800.000000000000000,1,1,0,1.000000000000000,0.000000000000000,302.000000000000000,1,1,302,1.6864001,1,302,1.6864001,1,1
503_670,556,989.000000000000000,890100.000000000000000,1,1,0,1.000000000000000,0.000000000000000,989.000000000000000,1,1,989,5.4879999,1,989,5.4879999,1,1
241_215,557,201.000000000000000,180900.000000000000000,1,1,0,1.000000000000000,0.000000000000000,201.000000000000000,1,1,201,1.2588000,1,201,1.2588000,1,1
139_570,558,1969.000000000000000,1772100.000000000000000,1,1,0,1.000000000000000,0.000000000000000,1969.000000000000000,1,1,1969,10.8015003,1,1969,10.8015003,1,1
321_248,559,1265.000000000000000,1138500.000000000000000,1,1,0,1.000000000000000,0.000000000000000,1265.000000000000000,1,1,1265,6.9524999,1,1265,6.9524999,1,1
645_708,560,546.000000000000000,491400.000000000000000,1,1,0,1.000000000000000,0.000000000000000,546.000000000000000,1,1,546,3.0000000,1,546,3.0000000,1,1
765_152,561,1811.000000000000000,1629900.000000000000000,1,1,0,1.000000000000000,0.000000000000000,1811.000000000000000,1,1,1811,9.9554996,1,1811,9.9554996,1,1
268_222,562,1176.000000000000000,1058400.000000000000000,1,1,0,1.000000000000000,0.000000000000000,1176.000000000000000,1,1,1176,6.5207000,1,1176,6.5207000,1,1
269_601,563,282.000000000000000,253800.000000000000000,1,1,0,1.000000000000000,0.000000000000000,282.000000000000000,1,1,282,2.2433000,1,282,2.2433000,1,1
364_619,565,1399.000000000000000,1259100.000000000000000,1,1,0,1.000000000000000,0.000000000000000,1399.000000000000000,1,1,1399,7.8260999,1,1399,7.8260999,1,1
736_376,566,913.000000000000000,821700.000000000000000,1,1,0,1.000000000000000,0.000000000000000,913.000000000000000,1,1,913,5.0170002,1,913,5.0170002,1,1
510_133,567,345.000000000000000,310500.000000000000000,1,1,0,1.000000000000000,0.000000000000000,345.000000000000000,1,1,345,2.9270000,1,345,2.9270000,1,1
605_557,568,429.000000000000000,386100.000000000000000,1,1,0,1.000000000000000,0.000000000000000,429.000000000000000,1,1,429,2.8840001,1,429,2.8840001,1,1
656_711,569,595.000000000000000,535500.000000000000000,1,1,0,1.000000000000000,0.000000000000000,595.000000000000000,1,1,595,3.5186000,1,595,3.5186000,1,1
168_176,570,1099.000000000000000,989100.000000000000000,1,1,0,1.000000000000000,0.000000000000000,1099.000000000000000,1,1,1099,6.0507998,1,1099,6.0507998,1,1
631_534,571,910.000000000000000,819000.000000000000000,1,1,0,1.000000000000000,0.000000000000000,910.000000000000000,1,1,910,5.0553002,1,910,5.0553002,1,1
561_343,572,1270.000000000000000,1143000.000000000000000,1,1,0,1.000000000000000,0.000000000000000,1270.000000000000000,1,1,1270,6.9734001,1,1270,6.9734001,1,1
565_688,573,953.000000000000000,857700.000000000000000,1,1,0,1.000000000000000,0.000000000000000,953.000000000000000,1,1,953,7.4640002,1,953,7.4640002,1,1
459_501,574,21.000000000000000,18900.000000000000000,1,1,0,1.000000000000000,0.000000000000000,21.000000000000000,1,1,21,0.1441000,1,21,0.1441000,1,1
232_209,575,925.000000000000000,832500.000000000000000,1,1,0,1.000000000000000,0.000000000000000,925.000000000000000,1,1,925,5.2930002,1,925,5.2930002,1,1
234_594,577,1232.000000000000000,1108800.000000000000000,1,1,0,1.000000000000000,0.000000000000000,1232.000000000000000,1,1,1232,6.7867999,1,1232,6.7867999,1,1
275_218,578,5.000000000000000,4500.000000000000000,1,1,0,1.000000000000000,0.000000000000000,5.000000000000000,1,1,5,0.0448000,1,5,0.0448000,1,1
600_703,579,347.000000000000000,312300.000000000000000,1,1,0,1.000000000000000,0.000000000000000,347.000000000000000,1,1,347,2.1688001,1,347,2.1688001,1,1
555_339,580,1140.000000000000000,1026000.000000000000000,1,1,0,1.000000000000000,0.000000000000000,1140.000000000000000,1,1,1140,6.3393002,1,1140,6.3393002,1,1
504_134,581,756.000000000000000,680400.000000000000000,1,1,0,1.000000000000000,0.000000000000000,756.000000000000000,1,1,756,4.3586001,1,756,4.3586001,1,1
504_332,582,633.000000000000000,569700.000000000000000,1,1,0,1.000000000000000,0.000000000000000,633.000000000000000,1,1,633,3.6056001,1,633,3.6056001,1,1
600_702,583,281.000000000000000,252900.000000000000000,1,1,0,1.000000000000000,0.000000000000000,281.000000000000000,1,1,281,1.7026000,1,281,1.7026000,1,1
240_593,584,12.000000000000000,10800.000000000000000,1,1,0,1.000000000000000,0.000000000000000,12.000000000000000,1,1,12,0.4902000,1,12,0.4902000,1,1
747_24,585,743.000000000000000,668700.000000000000000,1,1,0,1.000000000000000,0.000000000000000,743.000000000000000,1,1,743,4.4147000,1,743,4.4147000,1,1
85_36,586,1004.000000000000000,903600.000000000000000,1,1,0,1.000000000000000,0.000000000000000,1004.000000000000000,1,1,1004,5.5131998,1,1004,5.5131998,1,1
401_622,587,1330.000000000000000,1197000.000000000000000,1,1,0,1.000000000000000,0.000000000000000,1330.000000000000000,1,1,1330,7.3362999,1,1330,7.3362999,1,1
364_459,588,1712.000000000000000,1540800.000000000000000,1,1,0,1.000000000000000,0.000000000000000,1712.000000000000000,1,1,1712,9.4081001,1,1712,9.4081001,1,1
757_27,589,768.000000000000000,691200.000000000000000,1,1,0,1.000000000000000,0.000000000000000,768.000000000000000,1,1,768,4.2533998,1,768,4.2533998,1,1
206_586,591,1063.000000000000000,956700.000000000000000,1,1,0,1.000000000000000,0.000000000000000,1063.000000000000000,1,1,1063,6.5488000,1,1063,6.5488000,1,1
354_461,592,1504.000000000000000,1353600.000000000000000,1,1,0,1.000000000000000,0.000000000000000,1504.000000000000000,1,1,1504,8.3559999,1,1504,8.3559999,1,1
507_322,593,228.000000000000000,205200.000000000000000,1,1,0,1.000000000000000,0.000000000000000,228.000000000000000,1,1,228,1.4254000,1,228,1.4254000,1,1
172_576,594,1705.000000000000000,1534500.000000000000000,1,1,0,1.000000000000000,0.000000000000000,1705.000000000000000,1,1,1705,9.4643002,1,1705,9.4643002,1,1
511_550,595,240.000000000000000,216000.000000000000000,1,1,0,1.000000000000000,0.000000000000000,240.000000000000000,1,1,240,1.3484000,1,240,1.3484000,1,1
241_52,596,602.000000000000000,541800.000000000000000,1,1,0,1.000000000000000,0.000000000000000,602.000000000000000,1,1,602,3.7955000,1,602,3.7955000,1,1
559_349,597,855.000000000000000,769500.000000000000000,1,1,0,1.000000000000000,0.000000000000000,855.000000000000000,1,1,855,5.6069002,1,855,5.6069002,1,1
501_331,598,722.000000000000000,649800.000000000000000,1,1,0,1.000000000000000,0.000000000000000,722.000000000000000,1,1,722,3.9655001,1,722,3.9655001,1,1
735_19,599,446.000000000000000,401400.000000000000000,1,1,0,1.000000000000000,0.000000000000000,446.000000000000000,1,1,446,2.4497001,1,446,2.4497001,1,1
403_271,600,261.000000000000000,234900.000000000000000,1,1,0,1.000000000000000,0.000000000000000,261.000000000000000,1,1,261,1.4396000,1,261,1.4396000,1,1
315_444,601,1.000000000000000,900.000000000000000,1,1,0,1.000000000000000,0.000000000000000,1.000000000000000,1,1,1,0.0239000,1,1,0.0239000,1,1
503_666,602,278.000000000000000,250200.000000000000000,1,1,0,1.000000000000000,0.000000000000000,278.000000000000000,1,1,278,1.5436000,1,278,1.5436000,1,1
171_575,603,2244.000000000000000,2019600.000000000000000,1,1,0,1.000000000000000,0.000000000000000,2244.000000000000000,1,1,2244,12.3534002,1,2244,12.3534002,1,1
172_577,605,1758.000000000000000,1582200.000000000000000,1,1,0,1.000000000000000,0.000000000000000,1758.000000000000000,1,1,1758,9.6924000,1,1758,9.6924000,1,1
137_168,606,1080.000000000000000,972000.000000000000000,1,1,0,1.000000000000000,0.000000000000000,1080.000000000000000,1,1,1080,5.9573002,1,1080,5.9573002,1,1
553_676,607,350.000000000000000,315000.000000000000000,1,1,0,1.000000000000000,0.000000000000000,350.000000000000000,1,1,350,2.1745000,1,350,2.1745000,1,1
238_213,608,2.000000000000000,1800.000000000000000,1,1,0,1.000000000000000,0.000000000000000,2.000000000000000,1,1,2,0.0609000,1,2,0.0609000,1,1
412_544,609,41.000000000000000,36900.000000000000000,1,1,0,1.000000000000000,0.000000000000000,41.000000000000000,1,1,41,0.6777000,1,41,0.6777000,1,1
352_71,610,380.000000000000000,342000.000000000000000,1,1,0,1.000000000000000,0.000000000000000,380.000000000000000,1,1,380,4.6216998,1,380,4.6216998,1,1
601_116,611,914.000000000000000,822600.000000000000000,1,1,0,1.000000000000000,0.000000000000000,914.000000000000000,1,1,914,5.2210999,1,914,5.2210999,1,1
353_265,612,1026.000000000000000,923400.000000000000000,1,1,0,1.000000000000000,0.000000000000000,1026.000000000000000,1,1,1026,5.6469998,1,1026,5.6469998,1,1
557_513,613,646.000000000000000,581400.000000000000000,1,1,0,1.000000000000000,0.000000000000000,646.000000000000000,1,1,646,4.0060000,1,646,4.0060000,1,1
412_630,614,121.000000000000000,108900.000000000000000,1,1,0,1.000000000000000,0.000000000000000,121.000000000000000,1,1,121,0.9291000,1,121,0.9291000,1,1
632_367,615,793.000000000000000,713700.000000000000000,1,1,0,1.000000000000000,0.000000000000000,793.000000000000000,1,1,793,4.4113998,1,793,4.4113998,1,1
607_561,616,1099.000000000000000,989100.000000000000000,1,1,0,1.000000000000000,0.000000000000000,1099.000000000000000,1,1,1099,7.4092002,1,1099,7.4092002,1,1
412_626,617,70.000000000000000,63000.000000000000000,1,1,0,1.000000000000000,0.000000000000000,70.000000000000000,1,1,70,0.7928000,1,70,0.7928000,1,1
454_299,618,206.000000000000000,185400.000000000000000,1,1,0,1.000000000000000,0.000000000000000,206.000000000000000,1,1,206,1.2527000,1,206,1.2527000,1,1
21_14,619,913.000000000000000,821700.000000000000000,1,1,0,1.000000000000000,0.000000000000000,913.000000000000000,1,1,913,5.0587001,1,913,5.0587001,1,1
365_253,620,634.000000000000000,570600.000000000000000,1,1,0,1.000000000000000,0.000000000000000,634.000000000000000,1,1,634,3.6103001,1,634,3.6103001,1,1
314_234,621,2.000000000000000,1800.000000000000000,1,1,0,1.000000000000000,0.000000000000000,2.000000000000000,1,1,2,0.4598000,1,2,0.4598000,1,1
501_319,622,614.000000000000000,552600.000000000000000,1,1,0,1.000000000000000,0.000000000000000,614.000000000000000,1,1,614,3.4087999,1,614,3.4087999,1,1
356_465,623,104.000000000000000,93600.000000000000000,1,1,0,1.000000000000000,0.000000000000000,104.000000000000000,1,1,104,0.5769000,1,104,0.5769000,1,1
513_303,624,1105.000000000000000,994500.000000000000000,1,1,0,1.000000000000000,0.000000000000000,1105.000000000000000,1,1,1105,6.0611000,1,1105,6.0611000,1,1
462_291,625,552.000000000000000,496800.000000000000000,1,1,0,1.000000000000000,0.000000000000000,552.000000000000000,1,1,552,3.0464001,1,552,3.0464001,1,1
242_597,626,1105.000000000000000,994500.000000000000000,1,1,0,1.000000000000000,0.000000000000000,1105.000000000000000,1,1,1105,6.0861001,1,1105,6.0861001,1,1
746_379,627,2736.000000000000000,2462400.000000000000000,1,1,0,1.000000000000000,0.000000000000000,2736.000000000000000,1,1,2736,15.2423000,1,2736,15.2423000,1,1
40_138,628,849.000000000000000,764100.000000000000000,1,1,0,1.000000000000000,0.000000000000000,849.000000000000000,1,1,849,4.6679001,1,849,4.6679001,1,1
313_612,629,3.000000000000000,2700.000000000000000,1,1,0,1.000000000000000,0.000000000000000,3.000000000000000,1,1,3,0.0256000,1,3,0.0256000,1,1
454_100,630,369.000000000000000,332100.000000000000000,1,1,0,1.000000000000000,0.000000000000000,369.000000000000000,1,1,369,2.0265000,1,369,2.0265000,1,1
746_378,631,735.000000000000000,661500.000000000000000,1,1,0,1.000000000000000,0.000000000000000,735.000000000000000,1,1,735,4.0720000,1,735,4.0720000,1,1
455_658,632,336.000000000000000,302400.000000000000000,1,1,0,1.000000000000000,0.000000000000000,336.000000000000000,1,1,336,1.8463000,1,336,1.8463000,1,1
608_356,633,1472.000000000000000,1324800.000000000000000,1,1,0,1.000000000000000,0.000000000000000,1472.000000000000000,1,1,1472,8.1872997,1,1472,8.1872997,1,1
600_704,634,363.000000000000000,326700.000000000000000,1,1,0,1.000000000000000,0.000000000000000,363.000000000000000,1,1,363,2.1679001,1,363,2.1679001,1,1
137_49,635,870.000000000000000,783000.000000000000000,1,1,0,1.000000000000000,0.000000000000000,870.000000000000000,1,1,870,4.7763000,1,870,4.7763000,1,1
562_515,636,2814.000000000000000,2532600.000000000000000,1,1,0,1.000000000000000,0.000000000000000,2814.000000000000000,1,1,2814,15.6064997,1,2814,15.6064997,1,1
646_540,637,889.000000000000000,800100.000000000000000,1,1,0,1.000000000000000,0.000000000000000,889.000000000000000,1,1,889,4.9528999,1,889,4.9528999,1,1
311_447,638,269.000000000000000,242100.000000000000000,1,1,0,1.000000000000000,0.000000000000000,269.000000000000000,1,1,269,1.5254000,1,269,1.5254000,1,1
757_26,639,1240.000000000000000,1116000.000000000000000,1,1,0,1.000000000000000,0.000000000000000,1240.000000000000000,1,1,1240,6.8143001,1,1240,6.8143001,1,1
313_445,640,3.000000000000000,2700.000000000000000,1,1,0,1.000000000000000,0.000000000000000,3.000000000000000,1,1,3,0.0423000,1,3,0.0423000,1,1
202_190,641,956.000000000000000,860400.000000000000000,1,1,0,1.000000000000000,0.000000000000000,956.000000000000000,1,1,956,7.3431001,1,956,7.3431001,1,1
461_492,642,4.000000000000000,3600.000000000000000,1,1,0,1.000000000000000,0.000000000000000,4.000000000000000,1,1,4,0.0794000,1,4,0.0794000,1,1
555_105,643,1104.000000000000000,993600.000000000000000,1,1,0,1.000000000000000,0.000000000000000,1104.000000000000000,1,1,1104,6.2927999,1,1104,6.2927999,1,1
607_531,644,854.000000000000000,768600.000000000000000,1,1,0,1.000000000000000,0.000000000000000,854.000000000000000,1,1,854,7.0818000,1,854,7.0818000,1,1
203_184,645,294.000000000000000,264600.000000000000000,1,1,0,1.000000000000000,0.000000000000000,294.000000000000000,1,1,294,1.6226000,1,294,1.6226000,1,1
238_57,646,3.000000000000000,2700.000000000000000,1,1,0,1.000000000000000,0.000000000000000,3.000000000000000,1,1,3,0.0521000,1,3,0.0521000,1,1
463_293,647,822.000000000000000,739800.000000000000000,1,1,0,1.000000000000000,0.000000000000000,822.000000000000000,1,1,822,4.5146999,1,822,4.5146999,1,1
236_211,648,121.000000000000000,108900.000000000000000,1,1,0,1.000000000000000,0.000000000000000,121.000000000000000,1,1,121,0.7482000,1,121,0.7482000,1,1
108_400,649,303.000000000000000,272700.000000000000000,1,1,0,1.000000000000000,0.000000000000000,303.000000000000000,1,1,303,1.6765000,1,303,1.6765000,1,1
234_598,650,1320.000000000000000,1188000.000000000000000,1,1,0,1.000000000000000,0.000000000000000,1320.000000000000000,1,1,1320,7.3554001,1,1320,7.3554001,1,1
206_585,651,887.000000000000000,798300.000000000000000,1,1,0,1.000000000000000,0.000000000000000,887.000000000000000,1,1,887,5.4424000,1,887,5.4424000,1,1
139_565,652,2293.000000000000000,2063700.000000000000000,1,1,0,1.000000000000000,0.000000000000000,2293.000000000000000,1,1,2293,12.6169004,1,2293,12.6169004,1,1
563_679,653,1641.000000000000000,1476900.000000000000000,1,1,0,1.000000000000000,0.000000000000000,1641.000000000000000,1,1,1641,9.0095997,1,1641,9.0095997,1,1
459_504,655,9.000000000000000,8100.000000000000000,1,1,0,1.000000000000000,0.000000000000000,9.000000000000000,1,1,9,0.0636000,1,9,0.0636000,1,1
238_208,656,80.000000000000000,72000.000000000000000,1,1,0,1.000000000000000,0.000000000000000,80.000000000000000,1,1,80,0.9875000,1,80,0.9875000,1,1
236_53,657,189.000000000000000,170100.000000000000000,1,1,0,1.000000000000000,0.000000000000000,189.000000000000000,1,1,189,1.1809000,1,189,1.1809000,1,1
108_403,658,436.000000000000000,392400.000000000000000,1,1,0,1.000000000000000,0.000000000000000,436.000000000000000,1,1,436,2.3985000,1,436,2.3985000,1,1
309_543,659,654.000000000000000,588600.000000000000000,1,1,0,1.000000000000000,0.000000000000000,654.000000000000000,1,1,654,3.6406000,1,654,3.6406000,1,1
601_361,660,810.000000000000000,729000.000000000000000,1,1,0,1.000000000000000,0.000000000000000,810.000000000000000,1,1,810,4.4910002,1,810,4.4910002,1,1
735_17,661,590.000000000000000,531000.000000000000000,1,1,0,1.000000000000000,0.000000000000000,590.000000000000000,1,1,590,3.3230000,1,590,3.3230000,1,1
63_143,662,829.000000000000000,746100.000000000000000,1,1,0,1.000000000000000,0.000000000000000,829.000000000000000,1,1,829,4.5757999,1,829,4.5757999,1,1
630_369,663,981.000000000000000,882900.000000000000000,1,1,0,1.000000000000000,0.000000000000000,981.000000000000000,1,1,981,5.6472998,1,981,5.6472998,1,1
630_120,664,903.000000000000000,812700.000000000000000,1,1,0,1.000000000000000,0.000000000000000,903.000000000000000,1,1,903,5.1768999,1,903,5.1768999,1,1
630_366,665,1483.000000000000000,1334700.000000000000000,1,1,0,1.000000000000000,0.000000000000000,1483.000000000000000,1,1,1483,8.4743004,1,1483,8.4743004,1,1
630_370,666,766.000000000000000,689400.000000000000000,1,1,0,1.000000000000000,0.000000000000000,766.000000000000000,1,1,766,4.3877001,1,766,4.3877001,1,1
630_117,667,1763.000000000000000,1586700.000000000000000,1,1,0,1.000000000000000,0.000000000000000,1763.000000000000000,1,1,1763,10.1159000,1,1763,10.1159000,1,1
600_529,668,525.000000000000000,472500.000000000000000,1,1,0,1.000000000000000,0.000000000000000,525.000000000000000,1,1,525,4.8804998,1,525,4.8804998,1,1
601_359,669,548.000000000000000,493200.000000000000000,1,1,0,1.000000000000000,0.000000000000000,548.000000000000000,1,1,548,3.2021999,1,548,3.2021999,1,1
552_340,670,215.000000000000000,193500.000000000000000,1,1,0,1.000000000000000,0.000000000000000,215.000000000000000,1,1,215,1.4016000,1,215,1.4016000,1,1
502_674,671,449.000000000000000,404100.000000000000000,1,1,0,1.000000000000000,0.000000000000000,449.000000000000000,1,1,449,3.3499999,1,449,3.3499999,1,1
502_551,672,340.000000000000000,306000.000000000000000,1,1,0,1.000000000000000,0.000000000000000,340.000000000000000,1,1,340,2.5472000,1,340,2.5472000,1,1
502_665,673,337.000000000000000,303300.000000000000000,1,1,0,1.000000000000000,0.000000000000000,337.000000000000000,1,1,337,2.4154000,1,337,2.4154000,1,1
558_341,674,378.000000000000000,340200.000000000000000,1,1,0,1.000000000000000,0.000000000000000,378.000000000000000,1,1,378,3.6763000,1,378,3.6763000,1,1
558_108,675,250.000000000000000,225000.000000000000000,1,1,0,1.000000000000000,0.000000000000000,250.000000000000000,1,1,250,1.7948999,1,250,1.7948999,1,1
558_344,676,261.000000000000000,234900.000000000000000,1,1,0,1.000000000000000,0.000000000000000,261.000000000000000,1,1,261,2.4252000,1,261,2.4252000,1,1
558_342,677,398.000000000000000,358200.000000000000000,1,1,0,1.000000000000000,0.000000000000000,398.000000000000000,1,1,398,3.9697001,1,398,3.9697001,1,1
609_358,678,1303.000000000000000,1172700.000000000000000,1,1,0,1.000000000000000,0.000000000000000,1303.000000000000000,1,1,1303,14.6701002,1,1303,14.6701002,1,1
511_673,679,337.000000000000000,303300.000000000000000,1,1,0,1.000000000000000,0.000000000000000,337.000000000000000,1,1,337,1.8792000,1,337,1.8792000,1,1
511_672,680,281.000000000000000,252900.000000000000000,1,1,0,1.000000000000000,0.000000000000000,281.000000000000000,1,1,281,1.5711000,1,281,1.5711000,1,1
565_681,683,1172.000000000000000,1054800.000000000000000,1,1,0,1.000000000000000,0.000000000000000,1172.000000000000000,1,1,1172,8.8100004,1,1172,8.8100004,1,1
516_329,684,4228.000000000000000,3805200.000000000000000,1,1,0,1.000000000000000,0.000000000000000,4228.000000000000000,1,1,4228,23.5727005,1,4228,23.5727005,1,1
516_327,685,2046.000000000000000,1841400.000000000000000,1,1,0,1.000000000000000,0.000000000000000,2046.000000000000000,1,1,2046,11.9167995,1,2046,11.9167995,1,1
516_335,686,5341.000000000000000,4806900.000000000000000,1,1,0,1.000000000000000,0.000000000000000,5341.000000000000000,1,1,5341,29.7003002,1,5341,29.7003002,1,1
464_499,687,757.000000000000000,681300.000000000000000,1,1,0,1.000000000000000,0.000000000000000,757.000000000000000,1,1,757,4.4837999,1,757,4.4837999,1,1
464_503,688,770.000000000000000,693000.000000000000000,1,1,0,1.000000000000000,0.000000000000000,770.000000000000000,1,1,770,4.3025999,1,770,4.3025999,1,1
464_494,689,793.000000000000000,713700.000000000000000,1,1,0,1.000000000000000,0.000000000000000,793.000000000000000,1,1,793,4.4993000,1,793,4.4993000,1,1
414_268,690,615.000000000000000,553500.000000000000000,1,1,0,1.000000000000000,0.000000000000000,615.000000000000000,1,1,615,4.2634001,1,615,4.2634001,1,1
414_274,691,897.000000000000000,807300.000000000000000,1,1,0,1.000000000000000,0.000000000000000,897.000000000000000,1,1,897,5.4443002,1,897,5.4443002,1,1
413_280,692,458.000000000000000,412200.000000000000000,1,1,0,1.000000000000000,0.000000000000000,458.000000000000000,1,1,458,2.5425999,1,458,2.5425999,1,1
413_276,693,504.000000000000000,453600.000000000000000,1,1,0,1.000000000000000,0.000000000000000,504.000000000000000,1,1,504,2.7994001,1,504,2.7994001,1,1
365_82,694,2145.000000000000000,1930500.000000000000000,1,1,0,1.000000000000000,0.000000000000000,2145.000000000000000,1,1,2145,13.4104004,1,2145,13.4104004,1,1
200_193,698,294.000000000000000,264600.000000000000000,1,1,0,1.000000000000000,0.000000000000000,294.000000000000000,1,1,294,1.9298000,1,294,1.9298000,1,1
200_188,699,328.000000000000000,295200.000000000000000,1,1,0,1.000000000000000,0.000000000000000,328.000000000000000,1,1,328,2.7570000,1,328,2.7570000,1,1
170_178,700,1375.000000000000000,1237500.000000000000000,1,1,0,1.000000000000000,0.000000000000000,1375.000000000000000,1,1,1375,8.1626997,1,1375,8.1626997,1,1
206_409,701,1446.000000000000000,1301400.000000000000000,1,1,0,1.000000000000000,0.000000000000000,1446.000000000000000,1,1,1446,8.6308002,1,1446,8.6308002,1,1
206_587,702,1321.000000000000000,1188900.000000000000000,1,1,0,1.000000000000000,0.000000000000000,1321.000000000000000,1,1,1321,8.1468000,1,1321,8.1468000,1,1
138_405,703,1583.000000000000000,1424700.000000000000000,1,1,0,1.000000000000000,0.000000000000000,1583.000000000000000,1,1,1583,9.0169001,1,1583,9.0169001,1,1
138_571,704,1379.000000000000000,1241100.000000000000000,1,1,0,1.000000000000000,0.000000000000000,1379.000000000000000,1,1,1379,7.9308000,1,1379,7.9308000,1,1
775_161,705,2453.000000000000000,2207700.000000000000000,1,1,0,1.000000000000000,0.000000000000000,2453.000000000000000,1,1,2453,13.5443001,1,2453,13.5443001,1,1
775_158,706,1571.000000000000000,1413900.000000000000000,1,1,0,1.000000000000000,0.000000000000000,1571.000000000000000,1,1,1571,8.6422997,1,1571,8.6422997,1,1
111_46,707,1691.000000000000000,1521900.000000000000000,1,1,0,1.000000000000000,0.000000000000000,1691.000000000000000,1,1,1691,9.3030005,1,1691,9.3030005,1,1
106_45,708,780.000000000000000,702000.000000000000000,1,1,0,1.000000000000000,0.000000000000000,780.000000000000000,1,1,780,4.2845001,1,780,4.2845001,1,1
83_396,709,1004.000000000000000,903600.000000000000000,1,1,0,1.000000000000000,0.000000000000000,1004.000000000000000,1,1,1004,5.5363002,1,1004,5.5363002,1,1
756_390,710,963.000000000000000,866700.000000000000000,1,1,0,1.000000000000000,0.000000000000000,963.000000000000000,1,1,963,5.5398998,1,963,5.5398998,1,1
747_20,711,383.000000000000000,344700.000000000000000,1,1,0,1.000000000000000,0.000000000000000,383.000000000000000,1,1,383,2.2413001,1,383,2.2413001,1,1
204_194,712,439.000000000000000,395100.000000000000000,1,1,0,1.000000000000000,0.000000000000000,439.000000000000000,1,1,439,2.7154000,1,439,2.7154000,1,1
