Site_ID,Hex_ID,Rep_ID,Station_ID,site_rep,site_station_num,site_st_visit_num,Year,Rep,UTM_E,UTM_N,Station_num,Visit_num,lat,lon,occ_start,Visit_date,Interval,Camera_Days_Good,Bait_Days_Good,Snare_Days_Good,Photo_Count,Species,events,NumFishers,Fisher.camera,Fisher.DNA,fisher._sex,Collar,Fisher2.DNA,fisher2._sex,Collar2,Other.DNA1,Other.DNA2,Pine_marten,Black_bear,Bobcat,Cougar,Coyote,Spotted_skunk,skunk_hair,bear_hair,Station_moved,combined_spottedskunk,combined_bear,combined_fisher,moon,moon.scaled,camera.days.scaled,bait.days.scaled
136_568,136,NA,NA,1,1,1,2013,1,434196,5245984,1,1,47.36400375,-123.87149,9/16/2013,9/29/2013,13,13,13,NA,NA,NA,NA,NA,NA,NA,NA,NA,NA,NA,NA,NA,NA,NA,NA,0,NA,0,0,0,NA,0,0,NA,NA,480.8380624,1.799088825,-0.262837516,0.151398724
136_568,136,NA,NA,1,1,2,2013,1,434196,5245984,1,2,47.36400375,-123.87149,9/29/2013,10/20/2013,21,21,12,NA,NA,NA,NA,NA,NA,NA,NA,NA,NA,NA,NA,NA,NA,NA,NA,0,NA,0,1,0,NA,0,1,NA,NA,232.3721534,0.06429547,2.455115679,-0.0955243
136_568,136,NA,NA,1,1,3,2013,1,434196,5245984,1,3,47.36400375,-123.87149,10/20/2013,11/3/2013,14,14,7,NA,NA,NA,NA,NA,NA,NA,NA,NA,NA,NA,NA,NA,NA,NA,NA,0,NA,0,1,0,NA,0,1,NA,NA,287.1886518,0.447025228,0.076906634,-1.330139425
136_569,136,NA,NA,1,1,1,2013,1,435556,5246627,2,1,47.36992446,-123.8535739,9/16/2013,9/29/2013,13,13,13,NA,NA,NA,NA,NA,NA,NA,NA,NA,NA,NA,NA,NA,NA,NA,NA,0,NA,0,0,0,NA,0,0,NA,NA,480.847712,1.799156198,-0.262837516,0.151398724
136_569,136,NA,NA,1,1,2,2013,1,435556,5246627,2,2,47.36992446,-123.8535739,9/29/2013,10/20/2013,21,21,21,NA,NA,NA,NA,NA,NA,NA,NA,NA,NA,NA,NA,NA,NA,NA,NA,0,NA,0,1,0,NA,0,1,NA,NA,232.3747163,0.064313364,2.455115679,2.126782923
136_569,136,NA,NA,1,1,3,2013,1,435556,5246627,2,3,47.36992446,-123.8535739,10/20/2013,11/3/2013,14,14,10,NA,NA,NA,NA,NA,NA,NA,NA,NA,NA,NA,NA,NA,NA,NA,NA,0,NA,0,1,0,NA,0,1,NA,NA,287.2044692,0.447135665,0.076906634,-0.58937035
136_567,136,NA,NA,1,1,1,2013,1,437762,5245689,3,1,47.36169888,-123.8242267,9/16/2013,9/29/2013,13,13,13,NA,NA,NA,NA,NA,NA,NA,NA,NA,NA,NA,NA,NA,NA,NA,NA,0,NA,0,1,0,NA,0,1,NA,NA,480.8393947,1.799098127,-0.262837516,0.151398724
136_567,136,NA,NA,1,1,2,2013,1,437762,5245689,3,2,47.36169888,-123.8242267,9/29/2013,10/21/2013,22,22,7,NA,NA,NA,NA,NA,NA,NA,NA,NA,NA,NA,NA,NA,NA,NA,NA,0,NA,0,1,0,NA,0,1,NA,NA,255.123117,0.223143099,2.794859828,-1.330139425
136_567,136,NA,NA,1,1,3,2013,1,437762,5245689,3,3,47.36169888,-123.8242267,10/21/2013,11/3/2013,13,13,2,NA,NA,NA,NA,NA,NA,NA,NA,NA,NA,NA,NA,NA,NA,NA,NA,0,NA,0,1,0,NA,0,1,NA,NA,252.8962233,0.207594888,-0.262837516,-2.564754549
138_571,138,NA,NA,1,1,1,2013,1,456346,5247235,1,1,47.37711479,-123.5782838,9/16/2013,9/29/2013,13,13,13,NA,NA,NA,NA,NA,NA,NA,NA,NA,NA,NA,NA,NA,NA,NA,NA,0,NA,0,1,0,NA,0,1,NA,NA,480.8732275,1.799334348,-0.262837516,0.151398724
138_571,138,NA,NA,1,1,2,2013,1,456346,5247235,1,2,47.37711479,-123.5782838,9/29/2013,10/21/2013,22,22,22,NA,NA,NA,NA,NA,NA,NA,NA,NA,NA,NA,NA,NA,NA,NA,NA,0,NA,0,0,0,NA,0,0,NA,NA,255.1275375,0.223173963,2.794859828,2.373705948
138_571,138,NA,NA,1,1,3,2013,1,456346,5247235,1,3,47.37711479,-123.5782838,10/21/2013,11/4/2013,14,14,14,NA,NA,NA,NA,NA,NA,NA,NA,NA,NA,NA,NA,NA,NA,NA,NA,0,NA,0,1,0,NA,0,1,NA,NA,234.8881226,0.081862012,0.076906634,0.398321749
138_566,138,NA,NA,1,1,1,2013,1,457284,5245418,2,1,47.36082791,-123.5656839,9/16/2013,9/29/2013,13,13,13,NA,NA,NA,NA,NA,NA,NA,NA,NA,NA,NA,NA,NA,NA,NA,NA,0,NA,0,1,0,NA,0,1,NA,NA,480.8550088,1.799207145,-0.262837516,0.151398724
138_566,138,NA,NA,1,1,2,2013,1,457284,5245418,2,2,47.36082791,-123.5656839,9/29/2013,10/21/2013,22,22,22,NA,NA,NA,NA,NA,NA,NA,NA,NA,NA,NA,NA,NA,NA,NA,NA,0,NA,0,0,0,NA,0,0,NA,NA,255.1151725,0.22308763,2.794859828,2.373705948
138_566,138,NA,NA,1,1,3,2013,1,457284,5245418,2,3,47.36082791,-123.5656839,10/21/2013,11/4/2013,14,14,14,NA,NA,NA,NA,NA,NA,NA,NA,NA,NA,NA,NA,NA,NA,NA,NA,0,NA,0,0,0,NA,0,0,NA,NA,234.8575645,0.081648654,0.076906634,0.398321749
138_564,138,NA,NA,1,1,1,2013,1,453172,5244368,3,1,47.35109869,-123.6200249,9/16/2013,9/29/2013,13,13,13,NA,NA,NA,NA,NA,NA,NA,NA,NA,NA,NA,NA,NA,NA,NA,NA,0,NA,0,1,0,NA,0,1,NA,NA,480.8372315,1.799083023,-0.262837516,0.151398724
138_564,138,NA,NA,1,1,2,2013,1,453172,5244368,3,2,47.35109869,-123.6200249,9/29/2013,10/21/2013,22,22,11,NA,NA,NA,NA,NA,NA,NA,NA,NA,NA,NA,NA,NA,NA,NA,NA,0,NA,0,1,0,NA,0,1,NA,NA,255.1091812,0.223045799,2.794859828,-0.342447325
138_564,138,NA,NA,1,1,3,2013,1,453172,5244368,3,3,47.35109869,-123.6200249,10/21/2013,11/4/2013,14,14,2,NA,NA,NA,NA,NA,NA,NA,NA,NA,NA,NA,NA,NA,NA,NA,NA,1,NA,0,1,0,NA,0,1,NA,NA,234.8324058,0.081472996,0.076906634,-2.564754549
139_572,139,NA,NA,1,1,1,2013,1,465382,5248518,1,1,47.38920041,-123.4586886,5/28/2013,6/11/2013,14,14,14,NA,NA,NA,NA,NA,NA,NA,NA,NA,NA,NA,NA,NA,NA,NA,NA,0,NA,1,0,0,NA,0,0,NA,NA,74.28080667,-1.039501098,0.076906634,0.398321749
139_572,139,NA,NA,1,1,2,2013,1,465382,5248518,1,2,47.38920041,-123.4586886,6/11/2013,6/25/2013,14,14,14,NA,NA,NA,NA,NA,NA,NA,NA,NA,NA,NA,NA,NA,NA,NA,NA,1,NA,0,0,0,NA,0,0,NA,NA,217.447315,-0.039910014,0.076906634,0.398321749
139_572,139,NA,NA,1,1,3,2013,1,465382,5248518,1,3,47.38920041,-123.4586886,6/25/2013,7/11/2013,16,16,16,NA,NA,NA,NA,NA,NA,NA,NA,NA,NA,NA,NA,NA,NA,NA,NA,0,NA,1,0,0,NA,0,0,NA,NA,110.6492567,-0.785575939,0.756394932,0.892167799
139_570,139,NA,NA,1,1,1,2013,1,464895,5246861,2,1,47.37426495,-123.4650101,5/28/2013,6/11/2013,14,14,14,NA,NA,NA,NA,NA,NA,NA,NA,NA,NA,NA,NA,NA,NA,NA,NA,0,NA,0,0,0,NA,0,0,NA,NA,74.30233694,-1.039350773,0.076906634,0.398321749
139_570,139,NA,NA,1,1,2,2013,1,464895,5246861,2,2,47.37426495,-123.4650101,6/11/2013,6/25/2013,14,14,14,NA,NA,NA,NA,NA,NA,NA,NA,NA,NA,NA,NA,NA,NA,NA,NA,0,NA,0,0,0,NA,0,0,NA,NA,217.5060531,-0.039499904,0.076906634,0.398321749
139_570,139,NA,NA,1,1,3,2013,1,464895,5246861,2,3,47.37426495,-123.4650101,6/25/2013,7/11/2013,16,16,16,NA,NA,NA,NA,NA,NA,NA,NA,NA,NA,NA,NA,NA,NA,NA,NA,0,NA,0,0,0,NA,0,0,NA,NA,110.6701689,-0.78542993,0.756394932,0.892167799
139_565,139,NA,NA,1,1,1,2013,1,463143,5244873,3,1,47.35628071,-123.4880516,5/28/2013,6/11/2013,14,14,14,NA,NA,NA,NA,NA,NA,NA,NA,NA,NA,NA,NA,NA,NA,NA,NA,0,NA,0,0,0,NA,0,0,NA,NA,74.32599854,-1.039185568,0.076906634,0.398321749
139_565,139,NA,NA,1,1,2,2013,1,463143,5244873,3,2,47.35628071,-123.4880516,6/11/2013,6/25/2013,14,14,14,NA,NA,NA,NA,NA,NA,NA,NA,NA,NA,NA,NA,NA,NA,NA,NA,1,NA,0,0,0,NA,0,0,NA,NA,217.5794712,-0.038987297,0.076906634,0.398321749
139_565,139,NA,NA,1,1,3,2013,1,463143,5244873,3,3,47.35628071,-123.4880516,6/25/2013,7/11/2013,16,16,12,NA,NA,NA,NA,NA,NA,NA,NA,NA,NA,NA,NA,NA,NA,NA,NA,0,NA,1,0,0,NA,0,0,NA,NA,110.6970548,-0.785242212,0.756394932,-0.0955243
169_573,169,NA,NA,1,1,1,2013,1,449883,5251424,1,1,47.41434161,-123.6643671,5/29/2013,6/12/2013,14,14,14,NA,NA,NA,NA,NA,NA,NA,NA,NA,NA,NA,NA,NA,NA,NA,NA,0,NA,0,0,0,NA,0,0,NA,NA,54.70485638,-1.176180728,0.076906634,0.398321749
169_573,169,NA,NA,1,1,2,2013,1,449883,5251424,1,2,47.41434161,-123.6643671,6/12/2013,6/26/2013,14,14,14,NA,NA,NA,NA,NA,NA,NA,NA,NA,NA,NA,NA,NA,NA,NA,NA,0,NA,0,0,0,NA,0,0,NA,NA,244.1874149,0.146789834,0.076906634,0.398321749
169_573,169,NA,NA,1,1,3,2013,1,449883,5251424,1,3,47.41434161,-123.6643671,6/26/2013,7/11/2013,15,15,7,NA,NA,NA,NA,NA,NA,NA,NA,NA,NA,NA,NA,NA,NA,NA,NA,0,NA,0,0,0,NA,0,0,NA,NA,92.51591013,-0.912183284,0.416650783,-1.330139425
169_578,169,NA,NA,1,1,1,2013,1,451119,5253428,2,1,47.43246641,-123.6482047,5/29/2013,6/12/2013,14,14,8,NA,NA,NA,NA,NA,NA,NA,NA,NA,NA,NA,NA,NA,NA,NA,NA,0,NA,0,0,0,NA,0,0,NA,NA,54.6848014,-1.176320752,0.076906634,-1.0832164
169_578,169,NA,NA,1,1,2,2013,1,451119,5253428,2,2,47.43246641,-123.6482047,6/12/2013,6/26/2013,14,14,2,NA,NA,NA,NA,NA,NA,NA,NA,NA,NA,NA,NA,NA,NA,NA,NA,0,NA,0,0,0,NA,0,0,NA,NA,244.1065109,0.146224961,0.076906634,-2.564754549
169_578,169,NA,NA,1,1,3,2013,1,451119,5253428,2,3,47.43246641,-123.6482047,6/26/2013,7/11/2013,15,15,15,NA,NA,NA,NA,NA,NA,NA,NA,NA,NA,NA,NA,NA,NA,NA,NA,0,NA,0,0,0,NA,0,0,NA,NA,92.4974873,-0.912311913,0.416650783,0.645244774
169_574,169,NA,NA,1,1,1,2013,1,451406,5251802,3,1,47.41785789,-123.6442205,5/29/2013,6/12/2013,14,14,14,NA,NA,NA,NA,NA,NA,NA,NA,NA,NA,NA,NA,NA,NA,NA,NA,0,NA,0,0,0,NA,0,0,NA,NA,54.70162724,-1.176203274,0.076906634,0.398321749
169_574,169,NA,NA,1,1,2,2013,1,451406,5251802,3,2,47.41785789,-123.6442205,6/12/2013,6/26/2013,14,14,14,NA,NA,NA,NA,NA,NA,NA,NA,NA,NA,NA,NA,NA,NA,NA,NA,0,NA,0,0,0,NA,0,0,NA,NA,244.1728097,0.14668786,0.076906634,0.398321749
169_574,169,NA,NA,1,1,3,2013,1,451406,5251802,3,3,47.41785789,-123.6442205,6/26/2013,7/11/2013,15,15,15,NA,NA,NA,NA,NA,NA,NA,NA,NA,NA,NA,NA,NA,NA,NA,NA,0,NA,0,0,0,NA,0,0,NA,NA,92.51434981,-0.912194179,0.416650783,0.645244774
171_575,171,NA,NA,1,1,1,2013,1,467396,5251819,1,1,47.41900604,-123.4322468,9/17/2013,9/29/2013,12,12,12,NA,NA,NA,NA,NA,NA,NA,NA,NA,NA,NA,NA,NA,NA,NA,NA,0,NA,0,0,0,NA,0,0,NA,NA,479.8078827,1.791896092,-0.602581665,-0.0955243
171_575,171,NA,NA,1,1,2,2013,1,467396,5251819,1,2,47.41900604,-123.4322468,9/29/2013,10/21/2013,22,22,22,NA,NA,NA,NA,NA,NA,NA,NA,NA,NA,NA,NA,NA,NA,NA,NA,0,NA,0,0,0,NA,0,0,NA,NA,255.1554202,0.223368641,2.794859828,2.373705948
171_575,171,NA,NA,1,1,3,2013,1,467396,5251819,1,3,47.41900604,-123.4322468,10/21/2013,11/4/2013,14,14,14,NA,NA,NA,NA,NA,NA,NA,NA,NA,NA,NA,NA,NA,NA,NA,NA,0,NA,0,0,0,NA,0,0,NA,NA,234.9862918,0.082547431,0.076906634,0.398321749
171_581,171,NA,NA,1,1,1,2013,1,469963,5253812,2,1,47.43706206,-123.3983511,9/17/2013,9/29/2013,12,12,8,NA,NA,NA,NA,NA,NA,NA,NA,NA,NA,NA,NA,NA,NA,NA,NA,0,NA,0,1,0,NA,0,1,NA,NA,479.8346475,1.792082964,-0.602581665,-1.0832164
171_581,171,NA,NA,1,1,2,2013,1,469963,5253812,2,3,47.43706206,-123.3983511,10/21/2013,11/4/2013,14,14,14,NA,NA,NA,NA,NA,NA,NA,NA,NA,NA,NA,NA,NA,NA,NA,NA,0,NA,0,1,0,NA,0,1,NA,NA,235.0263245,0.08282694,0.076906634,0.398321749
171_582,171,NA,NA,1,1,1,2013,1,468231,5254254,3,1,47.44095699,-123.421352,9/17/2013,9/29/2013,12,12,12,NA,NA,NA,NA,NA,NA,NA,NA,NA,NA,NA,NA,NA,NA,NA,NA,0,NA,0,0,0,NA,0,0,NA,NA,479.8403879,1.792123044,-0.602581665,-0.0955243
171_582,171,NA,NA,1,1,2,2013,1,468231,5254254,3,2,47.44095699,-123.421352,9/29/2013,10/21/2013,22,22,22,NA,NA,NA,NA,NA,NA,NA,NA,NA,NA,NA,NA,NA,NA,NA,NA,0,NA,1,0,0,NA,0,0,NA,NA,255.1753004,0.223507444,2.794859828,2.373705948
171_582,171,NA,NA,1,1,3,2013,1,468231,5254254,3,3,47.44095699,-123.421352,10/21/2013,11/4/2013,14,14,14,NA,NA,NA,NA,NA,NA,NA,NA,NA,NA,NA,NA,NA,NA,NA,NA,0,NA,0,0,0,NA,0,0,NA,NA,235.0311796,0.082860838,0.076906634,0.398321749
172_577,172,NA,NA,1,1,1,2013,1,476142,5252252,1,1,47.42328068,-123.3163224,6/3/2013,6/17/2013,14,0,0,NA,NA,NA,NA,NA,NA,NA,NA,NA,NA,NA,NA,NA,NA,NA,NA,0,NA,0,0,0,NA,0,0,NA,NA,25.57626635,-1.379557057,-4.679511457,-3.058600599
172_577,172,NA,NA,1,1,2,2013,1,476142,5252252,1,2,47.42328068,-123.3163224,6/17/2013,7/1/2013,14,14,7,NA,NA,NA,NA,NA,NA,NA,NA,NA,NA,NA,NA,NA,NA,NA,NA,0,NA,0,0,0,NA,0,0,NA,NA,307.0597283,0.585765434,0.076906634,-1.330139425
172_577,172,NA,NA,1,1,3,2013,1,476142,5252252,1,3,47.42328068,-123.3163224,7/1/2013,7/15/2013,14,14,14,NA,NA,NA,NA,NA,NA,NA,NA,NA,NA,NA,NA,NA,NA,NA,NA,0,NA,0,0,0,NA,0,0,NA,NA,23.04791575,-1.397210045,0.076906634,0.398321749
172_580,172,NA,NA,1,1,1,2013,1,476619,5253781,2,1,47.43705583,-123.310079,6/3/2013,6/17/2013,14,14,14,NA,NA,NA,NA,NA,NA,NA,NA,NA,NA,NA,NA,NA,NA,NA,NA,0,NA,0,0,0,NA,0,0,NA,NA,25.57004543,-1.379600491,0.076906634,0.398321749
172_580,172,NA,NA,1,1,2,2013,1,476619,5253781,2,2,47.43705583,-123.310079,6/17/2013,7/1/2013,14,14,14,NA,NA,NA,NA,NA,NA,NA,NA,NA,NA,NA,NA,NA,NA,NA,NA,0,NA,0,0,0,NA,0,0,NA,NA,306.9879781,0.585264473,0.076906634,0.398321749
172_580,172,NA,NA,1,1,3,2013,1,476619,5253781,2,3,47.43705583,-123.310079,7/1/2013,7/15/2013,14,0,0,NA,NA,NA,NA,NA,NA,NA,NA,NA,NA,NA,NA,NA,NA,NA,NA,0,NA,0,0,0,NA,0,0,NA,NA,23.04307154,-1.397243867,-4.679511457,-3.058600599
172_576,172,NA,NA,1,1,1,2013,1,479243,5252146,3,1,47.42243296,-123.2752032,6/3/2013,6/17/2013,14,14,14,NA,NA,NA,NA,NA,NA,NA,NA,NA,NA,NA,NA,NA,NA,NA,NA,0,NA,0,0,0,NA,0,0,NA,NA,25.57704254,-1.379551637,0.076906634,0.398321749
172_576,172,NA,NA,1,1,2,2013,1,479243,5252146,3,2,47.42243296,-123.2752032,6/17/2013,7/1/2013,14,14,14,NA,NA,NA,NA,NA,NA,NA,NA,NA,NA,NA,NA,NA,NA,NA,NA,1,NA,0,0,0,NA,0,0,NA,NA,307.0668728,0.585815317,0.076906634,0.398321749
172_576,172,NA,NA,1,1,3,2013,1,479243,5252146,3,3,47.42243296,-123.2752032,7/1/2013,7/15/2013,14,14,14,NA,NA,NA,NA,NA,NA,NA,NA,NA,NA,NA,NA,NA,NA,NA,NA,0,NA,0,0,0,NA,0,0,NA,NA,23.0485575,-1.397205564,0.076906634,0.398321749
173_579,173,NA,NA,1,1,1,2013,1,487144,5253588,1,1,47.43561174,-123.1704916,6/4/2013,6/18/2013,14,14,14,NA,NA,NA,NA,NA,NA,NA,NA,NA,NA,NA,NA,NA,NA,NA,NA,0,NA,0,0,0,NA,0,0,NA,NA,33.85091785,-1.321783294,0.076906634,0.398321749
173_579,173,NA,NA,1,1,2,2013,1,487144,5253588,1,2,47.43561174,-123.1704916,6/18/2013,7/2/2013,14,14,14,NA,NA,NA,NA,NA,NA,NA,NA,NA,NA,NA,NA,NA,NA,NA,NA,0,NA,0,0,0,NA,0,0,NA,NA,302.9095854,0.556789063,0.076906634,0.398321749
173_579,173,NA,NA,1,1,3,2013,1,487144,5253588,1,3,47.43561174,-123.1704916,7/2/2013,7/16/2013,14,14,12,NA,NA,NA,NA,NA,NA,NA,NA,NA,NA,NA,NA,NA,NA,NA,NA,0,NA,0,0,0,NA,0,0,NA,NA,21.7345379,-1.406380072,0.076906634,-0.0955243
173_584,173,NA,NA,1,1,1,2013,1,487871,5256320,2,1,47.46020827,-123.1609254,6/4/2013,6/18/2013,14,14,14,NA,NA,NA,NA,NA,NA,NA,NA,NA,NA,NA,NA,NA,NA,NA,NA,0,NA,0,0,0,NA,0,0,NA,NA,33.83495235,-1.321894766,0.076906634,0.398321749
173_584,173,NA,NA,1,1,2,2013,1,487871,5256320,2,2,47.46020827,-123.1609254,6/18/2013,7/2/2013,14,14,14,NA,NA,NA,NA,NA,NA,NA,NA,NA,NA,NA,NA,NA,NA,NA,NA,0,NA,1,0,0,NA,0,0,NA,NA,302.7920039,0.555968107,0.076906634,0.398321749
173_584,173,NA,NA,1,1,3,2013,1,487871,5256320,2,3,47.46020827,-123.1609254,7/2/2013,7/16/2013,14,14,14,NA,NA,NA,NA,NA,NA,NA,NA,NA,NA,NA,NA,NA,NA,NA,NA,0,NA,0,0,0,NA,0,0,NA,NA,21.72304367,-1.406460325,0.076906634,0.398321749
173_583,173,NA,NA,1,1,1,2013,1,485763,5255420,3,1,47.45206741,-123.1888649,6/4/2013,6/18/2013,14,14,14,NA,NA,NA,NA,NA,NA,NA,NA,NA,NA,NA,NA,NA,NA,NA,NA,0,NA,0,0,0,NA,0,0,NA,NA,33.84000212,-1.321859508,0.076906634,0.398321749
173_583,173,NA,NA,1,1,2,2013,1,485763,5255420,3,2,47.45206741,-123.1888649,6/18/2013,7/2/2013,14,14,14,NA,NA,NA,NA,NA,NA,NA,NA,NA,NA,NA,NA,NA,NA,NA,NA,0,NA,0,0,0,NA,0,0,NA,NA,302.8276293,0.556216844,0.076906634,0.398321749
173_583,173,NA,NA,1,1,3,2013,1,485763,5255420,3,3,47.45206741,-123.1888649,7/2/2013,7/16/2013,14,14,12,NA,NA,NA,NA,NA,NA,NA,NA,NA,NA,NA,NA,NA,NA,NA,NA,0,NA,0,0,0,NA,0,0,NA,NA,21.72652381,-1.406436027,0.076906634,-0.0955243
206_585,206,NA,NA,1,1,1,2013,1,490782,5259974,1,1,47.49313463,-123.1223792,7/24/2013,8/8/2013,15,15,15,NA,NA,NA,NA,NA,NA,NA,NA,NA,NA,NA,NA,NA,NA,NA,NA,0,NA,0,0,0,NA,0,0,NA,NA,159.8077768,-0.442350286,0.416650783,0.645244774
206_585,206,NA,NA,1,1,2,2013,1,490782,5259974,1,2,47.49313463,-123.1223792,8/8/2013,8/22/2013,14,14,14,NA,NA,NA,NA,NA,NA,NA,NA,NA,NA,NA,NA,NA,NA,NA,NA,0,NA,0,0,0,NA,0,0,NA,NA,229.0882034,0.041366874,0.076906634,0.398321749
206_585,206,NA,NA,1,1,3,2013,1,490782,5259974,1,3,47.49313463,-123.1223792,8/22/2013,9/5/2013,14,14,14,NA,NA,NA,NA,NA,NA,NA,NA,NA,NA,NA,NA,NA,NA,NA,NA,0,NA,0,0,0,NA,0,0,NA,NA,225.4231626,0.015777494,0.076906634,0.398321749
206_587,206,NA,NA,1,1,1,2013,1,489500,5262990,2,1,47.52025298,-123.139471,7/24/2013,8/8/2013,15,15,15,NA,NA,NA,NA,NA,NA,NA,NA,NA,NA,NA,NA,NA,NA,NA,NA,0,NA,0,0,0,NA,0,0,NA,NA,159.7854214,-0.442506371,0.416650783,0.645244774
206_587,206,NA,NA,1,1,2,2013,1,489500,5262990,2,2,47.52025298,-123.139471,8/8/2013,8/22/2013,14,14,14,NA,NA,NA,NA,NA,NA,NA,NA,NA,NA,NA,NA,NA,NA,NA,NA,0,NA,0,0,0,NA,0,0,NA,NA,229.0232448,0.040913331,0.076906634,0.398321749
206_587,206,NA,NA,1,1,3,2013,1,489500,5262990,2,3,47.52025298,-123.139471,8/22/2013,9/5/2013,14,14,14,NA,NA,NA,NA,NA,NA,NA,NA,NA,NA,NA,NA,NA,NA,NA,NA,0,NA,0,0,0,NA,0,0,NA,NA,225.4317327,0.015837331,0.076906634,0.398321749
206_586,206,NA,NA,1,1,1,2013,1,492118,5262337,3,1,47.51441435,-123.1046846,7/24/2013,8/8/2013,15,15,15,NA,NA,NA,NA,NA,NA,NA,NA,NA,NA,NA,NA,NA,NA,NA,NA,0,NA,0,0,0,NA,0,0,NA,NA,159.7926246,-0.442456079,0.416650783,0.645244774
206_586,206,NA,NA,1,1,2,2013,1,492118,5262337,3,2,47.51441435,-123.1046846,8/8/2013,8/22/2013,14,14,14,NA,NA,NA,NA,NA,NA,NA,NA,NA,NA,NA,NA,NA,NA,NA,NA,0,NA,0,0,0,NA,0,0,NA,NA,229.0342619,0.040990253,0.076906634,0.398321749
206_586,206,NA,NA,1,1,3,2013,1,492118,5262337,3,3,47.51441435,-123.1046846,8/22/2013,9/5/2013,14,14,14,NA,NA,NA,NA,NA,NA,NA,NA,NA,NA,NA,NA,NA,NA,NA,NA,0,NA,0,0,0,NA,0,0,NA,NA,225.4316129,0.015836494,0.076906634,0.398321749
234_594,234,NA,NA,1,1,1,2013,1,422183,5268709,1,1,47.56713086,-124.0345665,9/15/2013,9/28/2013,13,13,13,NA,NA,NA,NA,NA,NA,NA,NA,NA,NA,NA,NA,NA,NA,NA,NA,0,NA,0,0,0,NA,0,0,NA,NA,499.6209508,1.930231282,-0.262837516,0.151398724
234_594,234,NA,NA,1,1,2,2013,1,422183,5268709,1,2,47.56713086,-124.0345665,9/28/2013,10/20/2013,22,22,22,NA,NA,NA,NA,NA,NA,NA,NA,NA,NA,NA,NA,NA,NA,NA,NA,0,NA,1,0,0,NA,0,0,NA,NA,228.389031,0.03648524,2.794859828,2.373705948
234_594,234,NA,NA,1,1,3,2013,1,422183,5268709,1,3,47.56713086,-124.0345665,10/20/2013,11/3/2013,14,14,14,NA,NA,NA,NA,NA,NA,NA,NA,NA,NA,NA,NA,NA,NA,NA,NA,0,NA,0,0,0,NA,0,0,NA,NA,287.6551348,0.45028222,0.076906634,0.398321749
234_596,234,NA,NA,1,1,1,2013,1,421646,5270453,2,1,47.58275591,-124.0420158,9/15/2013,9/28/2013,13,13,13,NA,NA,NA,NA,NA,NA,NA,NA,NA,NA,NA,NA,NA,NA,NA,NA,0,NA,0,1,0,NA,0,1,NA,NA,499.6424081,1.930381098,-0.262837516,0.151398724
234_596,234,NA,NA,1,1,2,2013,1,421646,5270453,2,2,47.58275591,-124.0420158,9/28/2013,10/20/2013,22,22,7,NA,NA,NA,NA,NA,NA,NA,NA,NA,NA,NA,NA,NA,NA,NA,NA,0,NA,0,1,0,NA,0,1,NA,NA,228.3992364,0.036556494,2.794859828,-1.330139425
234_596,234,NA,NA,1,1,3,2013,1,421646,5270453,2,3,47.58275591,-124.0420158,10/20/2013,11/3/2013,14,14,5,NA,NA,NA,NA,NA,NA,NA,NA,NA,NA,NA,NA,NA,NA,NA,NA,0,NA,0,1,0,NA,0,1,NA,NA,287.6915392,0.450536397,0.076906634,-1.823985474
234_598,234,NA,NA,1,1,1,2013,1,422867,5271231,3,1,47.58990145,-124.0259174,9/15/2013,9/28/2013,13,13,13,NA,NA,NA,NA,NA,NA,NA,NA,NA,NA,NA,NA,NA,NA,NA,NA,0,NA,1,0,0,NA,0,0,NA,NA,499.6498329,1.930432938,-0.262837516,0.151398724
234_598,234,NA,NA,1,1,2,2013,1,422867,5271231,3,2,47.58990145,-124.0259174,9/28/2013,10/20/2013,22,22,10,NA,NA,NA,NA,NA,NA,NA,NA,NA,NA,NA,NA,NA,NA,NA,NA,0,NA,0,1,0,NA,0,1,NA,NA,228.4024315,0.036578802,2.794859828,-0.58937035
234_598,234,NA,NA,1,1,3,2013,1,422867,5271231,3,3,47.58990145,-124.0259174,10/20/2013,11/3/2013,14,14,10,NA,NA,NA,NA,NA,NA,NA,NA,NA,NA,NA,NA,NA,NA,NA,NA,0,NA,0,1,0,NA,0,1,NA,NA,287.7102798,0.450667244,0.076906634,-0.58937035
239_592,239,NA,NA,1,1,1,2013,1,470174,5267711,1,1,47.56213162,-123.3964933,7/19/2013,8/3/2013,15,15,15,NA,NA,NA,NA,NA,NA,NA,NA,NA,NA,NA,NA,NA,NA,NA,NA,0,NA,0,0,0,NA,0,0,NA,NA,308.5220498,0.595975389,0.416650783,0.645244774
239_592,239,NA,NA,1,1,2,2013,1,470174,5267711,1,2,47.56213162,-123.3964933,8/3/2013,8/17/2013,14,14,14,NA,NA,NA,NA,NA,NA,NA,NA,NA,NA,NA,NA,NA,NA,NA,NA,0,NA,0,0,0,NA,0,0,NA,NA,48.99209992,-1.216067294,0.076906634,0.398321749
239_592,239,NA,NA,1,1,3,2013,1,470174,5267711,1,3,47.56213162,-123.3964933,8/17/2013,8/31/2013,14,14,14,NA,NA,NA,NA,NA,NA,NA,NA,NA,NA,NA,NA,NA,NA,NA,NA,0,NA,0,0,0,NA,0,0,NA,NA,399.0949073,1.228356676,0.076906634,0.398321749
239_591,239,NA,NA,1,1,1,2013,1,469172,5267627,2,1,47.561329,-123.4098072,7/19/2013,8/3/2013,15,15,15,NA,NA,NA,NA,NA,NA,NA,NA,NA,NA,NA,NA,NA,NA,NA,NA,0,NA,0,0,0,NA,0,0,NA,NA,308.5231134,0.595982815,0.416650783,0.645244774
239_591,239,NA,NA,1,1,2,2013,1,469172,5267627,2,2,47.561329,-123.4098072,8/3/2013,8/17/2013,14,14,14,NA,NA,NA,NA,NA,NA,NA,NA,NA,NA,NA,NA,NA,NA,NA,NA,0,NA,0,0,0,NA,0,0,NA,NA,48.99365413,-1.216056443,0.076906634,0.398321749
239_591,239,NA,NA,1,1,3,2013,1,469172,5267627,2,3,47.561329,-123.4098072,8/17/2013,8/31/2013,14,14,14,NA,NA,NA,NA,NA,NA,NA,NA,NA,NA,NA,NA,NA,NA,NA,NA,0,NA,0,0,0,NA,0,0,NA,NA,399.096148,1.228365338,0.076906634,0.398321749
239_590,239,NA,NA,1,1,1,2013,1,467656,5267456,3,1,47.55971663,-123.4299467,7/19/2013,8/3/2013,15,15,15,NA,NA,NA,NA,NA,NA,NA,NA,NA,NA,NA,NA,NA,NA,NA,NA,0,NA,0,0,0,NA,0,0,NA,NA,308.5297446,0.596029114,0.416650783,0.645244774
239_590,239,NA,NA,1,1,2,2013,1,467656,5267456,3,2,47.55971663,-123.4299467,8/3/2013,8/17/2013,14,14,14,NA,NA,NA,NA,NA,NA,NA,NA,NA,NA,NA,NA,NA,NA,NA,NA,1,NA,0,0,0,NA,0,0,NA,NA,48.99525324,-1.216045278,0.076906634,0.398321749
239_590,239,NA,NA,1,1,3,2013,1,467656,5267456,3,3,47.55971663,-123.4299467,8/17/2013,8/31/2013,14,14,14,NA,NA,NA,NA,NA,NA,NA,NA,NA,NA,NA,NA,NA,NA,NA,NA,0,NA,0,0,0,NA,0,0,NA,NA,399.0967466,1.228369518,0.076906634,0.398321749
240_589,240,NA,NA,1,1,1,2013,1,479108,5267349,1,1,47.55922348,-123.2777133,7/17/2013,8/1/2013,15,15,15,NA,NA,NA,NA,NA,NA,NA,NA,NA,NA,NA,NA,NA,NA,NA,NA,0,NA,0,0,0,NA,0,0,NA,NA,329.2444003,0.740659205,0.416650783,0.645244774
240_589,240,NA,NA,1,1,2,2013,1,479108,5267349,1,2,47.55922348,-123.2777133,8/1/2013,8/15/2013,14,14,14,NA,NA,NA,NA,NA,NA,NA,NA,NA,NA,NA,NA,NA,NA,NA,NA,0,NA,0,0,0,NA,0,0,NA,NA,26.15325512,-1.375528511,0.076906634,0.398321749
240_589,240,NA,NA,1,1,3,2013,1,479108,5267349,1,3,47.55922348,-123.2777133,8/15/2013,8/29/2013,14,14,14,NA,NA,NA,NA,NA,NA,NA,NA,NA,NA,NA,NA,NA,NA,NA,NA,0,NA,0,0,0,NA,0,0,NA,NA,411.3099168,1.313642087,0.076906634,0.398321749
240_588,240,NA,NA,1,1,1,2013,1,478325,5267203,2,1,47.55788413,-123.2881142,7/17/2013,8/1/2013,15,15,15,NA,NA,NA,NA,NA,NA,NA,NA,NA,NA,NA,NA,NA,NA,NA,NA,0,NA,0,0,0,NA,0,0,NA,NA,329.2494522,0.740694477,0.416650783,0.645244774
240_588,240,NA,NA,1,1,2,2013,1,478325,5267203,2,2,47.55788413,-123.2881142,8/1/2013,8/15/2013,14,14,14,NA,NA,NA,NA,NA,NA,NA,NA,NA,NA,NA,NA,NA,NA,NA,NA,0,NA,0,0,0,NA,0,0,NA,NA,26.15348193,-1.375526927,0.076906634,0.398321749
240_588,240,NA,NA,1,1,3,2013,1,478325,5267203,2,3,47.55788413,-123.2881142,8/15/2013,8/29/2013,14,14,14,NA,NA,NA,NA,NA,NA,NA,NA,NA,NA,NA,NA,NA,NA,NA,NA,0,NA,0,0,0,NA,0,0,NA,NA,411.3103764,1.313645296,0.076906634,0.398321749
240_593,240,NA,NA,1,1,1,2013,1,478552,5268133,3,1,47.5662596,-123.2851423,7/17/2013,8/1/2013,15,15,15,NA,NA,NA,NA,NA,NA,NA,NA,NA,NA,NA,NA,NA,NA,NA,NA,0,NA,0,0,0,NA,0,0,NA,NA,329.2188525,0.74048083,0.416650783,0.645244774
240_593,240,NA,NA,1,1,2,2013,1,478552,5268133,3,2,47.5662596,-123.2851423,8/1/2013,8/15/2013,14,14,14,NA,NA,NA,NA,NA,NA,NA,NA,NA,NA,NA,NA,NA,NA,NA,NA,0,NA,0,0,0,NA,0,0,NA,NA,26.14982313,-1.375552473,0.076906634,0.398321749
240_593,240,NA,NA,1,1,3,2013,1,478552,5268133,3,3,47.5662596,-123.2851423,8/15/2013,8/29/2013,14,14,14,NA,NA,NA,NA,NA,NA,NA,NA,NA,NA,NA,NA,NA,NA,NA,NA,0,NA,0,0,0,NA,0,0,NA,NA,411.2963496,1.313547361,0.076906634,0.398321749
242_595,242,NA,NA,1,1,1,2013,1,497461,5268969,1,1,47.57413127,-123.03376,7/23/2013,8/7/2013,15,15,15,NA,NA,NA,NA,NA,NA,NA,NA,NA,NA,NA,NA,NA,NA,NA,NA,0,NA,0,0,0,NA,0,0,NA,NA,193.5086481,-0.207050208,0.416650783,0.645244774
242_595,242,NA,NA,1,1,2,2013,1,497461,5268969,1,2,47.57413127,-123.03376,8/7/2013,8/21/2013,14,14,14,NA,NA,NA,NA,NA,NA,NA,NA,NA,NA,NA,NA,NA,NA,NA,NA,0,NA,0,0,0,NA,0,0,NA,NA,185.824667,-0.2606999,0.076906634,0.398321749
242_595,242,NA,NA,1,1,3,2013,1,497461,5268969,1,3,47.57413127,-123.03376,8/21/2013,9/4/2013,14,14,4,NA,NA,NA,NA,NA,NA,NA,NA,NA,NA,NA,NA,NA,NA,NA,NA,0,NA,0,0,0,NA,0,0,NA,NA,268.5152745,0.316647379,0.076906634,-2.070908499
242_599,242,NA,NA,1,1,1,2013,1,497235,5271666,2,1,47.59839751,-123.036782,7/23/2013,8/7/2013,15,15,15,NA,NA,NA,NA,NA,NA,NA,NA,NA,NA,NA,NA,NA,NA,NA,NA,0,NA,0,0,0,NA,0,0,NA,NA,193.4822625,-0.207234433,0.416650783,0.645244774
242_599,242,NA,NA,1,1,2,2013,1,497235,5271666,2,2,47.59839751,-123.036782,8/7/2013,8/21/2013,14,14,14,NA,NA,NA,NA,NA,NA,NA,NA,NA,NA,NA,NA,NA,NA,NA,NA,0,NA,0,0,0,NA,0,0,NA,NA,185.7717948,-0.261069055,0.076906634,0.398321749
242_599,242,NA,NA,1,1,3,2013,1,497235,5271666,2,3,47.59839751,-123.036782,8/21/2013,9/4/2013,14,14,14,NA,NA,NA,NA,NA,NA,NA,NA,NA,NA,NA,NA,NA,NA,NA,NA,0,NA,0,0,0,NA,0,0,NA,NA,268.5159897,0.316652372,0.076906634,0.398321749
242_597,242,NA,NA,1,1,1,2013,1,495697,5270971,3,1,47.59213564,-123.0572348,7/23/2013,8/7/2013,15,15,9,NA,NA,NA,NA,NA,NA,NA,NA,NA,NA,NA,NA,NA,NA,NA,NA,0,NA,0,0,0,NA,0,0,NA,NA,193.4867655,-0.207202993,0.416650783,-0.836293375
242_597,242,NA,NA,1,1,2,2013,1,495697,5270971,3,2,47.59213564,-123.0572348,8/7/2013,8/21/2013,14,14,14,NA,NA,NA,NA,NA,NA,NA,NA,NA,NA,NA,NA,NA,NA,NA,NA,0,NA,0,0,0,NA,0,0,NA,NA,185.7863851,-0.260967185,0.076906634,0.398321749
242_597,242,NA,NA,1,1,3,2013,1,495697,5270971,3,3,47.59213564,-123.0572348,8/21/2013,9/4/2013,14,14,1,NA,NA,NA,NA,NA,NA,NA,NA,NA,NA,NA,NA,NA,NA,NA,NA,0,NA,0,0,0,NA,0,0,NA,NA,268.5173506,0.316661874,0.076906634,-2.811677574
269_602,269,NA,NA,1,1,1,2013,1,410198,5277893,1,1,47.64820101,-124.1957539,9/17/2013,10/3/2013,16,16,16,NA,NA,NA,NA,NA,NA,NA,NA,NA,NA,NA,NA,NA,NA,NA,NA,0,NA,0,0,0,NA,0,0,NA,NA,371.4644191,1.03544012,0.756394932,0.892167799
269_602,269,NA,NA,1,1,2,2013,1,410198,5277893,1,2,47.64820101,-124.1957539,10/3/2013,10/16/2013,13,13,13,NA,NA,NA,NA,NA,NA,NA,NA,NA,NA,NA,NA,NA,NA,NA,NA,0,NA,1,0,0,NA,0,0,NA,NA,132.8533468,-0.630546591,-0.262837516,0.151398724
269_602,269,NA,NA,1,1,3,2013,1,410198,5277893,1,3,47.64820101,-124.1957539,10/16/2013,10/30/2013,14,14,5,NA,NA,NA,NA,NA,NA,NA,NA,NA,NA,NA,NA,NA,NA,NA,NA,1,NA,0,0,0,NA,0,0,NA,NA,495.2739639,1.899880543,0.076906634,-1.823985474
269_601,269,NA,NA,1,1,1,2013,1,408403,5277673,2,1,47.64597038,-124.2196035,9/17/2013,10/3/2013,16,16,16,NA,NA,NA,NA,NA,NA,NA,NA,NA,NA,NA,NA,NA,NA,NA,NA,0,NA,0,0,0,NA,0,0,NA,NA,371.4624892,1.035426646,0.756394932,0.892167799
269_601,269,NA,NA,1,1,2,2013,1,408403,5277673,2,2,47.64597038,-124.2196035,10/3/2013,10/16/2013,13,13,9,NA,NA,NA,NA,NA,NA,NA,NA,NA,NA,NA,NA,NA,NA,NA,NA,0,NA,0,0,0,NA,0,0,NA,NA,132.8535874,-0.630544911,-0.262837516,-0.836293375
269_601,269,NA,NA,1,1,3,2013,1,408403,5277673,2,3,47.64597038,-124.2196035,10/16/2013,10/30/2013,14,14,4,NA,NA,NA,NA,NA,NA,NA,NA,NA,NA,NA,NA,NA,NA,NA,NA,0,NA,0,0,0,NA,0,0,NA,NA,495.2709082,1.899859208,0.076906634,-2.070908499
269_604,269,NA,NA,1,1,1,2013,1,410051,5279322,3,1,47.66103554,-124.1980048,9/18/2013,10/2/2013,14,14,9,NA,NA,NA,NA,NA,NA,NA,NA,NA,NA,NA,NA,NA,NA,NA,NA,0,NA,0,0,0,NA,0,0,NA,NA,380.6726702,1.099732292,0.076906634,-0.836293375
269_558,269,NA,NA,1,1,1,2013,1,410259,5279456,3,2,47.66226986,-124.1952627,10/3/2013,10/16/2013,13,13,13,NA,NA,NA,NA,NA,NA,NA,NA,NA,NA,NA,NA,NA,NA,NA,NA,0,NA,0,0,0,NA,1,0,NA,NA,132.8514995,-0.630559489,-0.262837516,0.151398724
269_558,269,NA,NA,1,1,2,2013,1,410259,5279456,3,3,47.66226986,-124.1952627,10/16/2013,10/30/2013,14,14,14,NA,NA,NA,NA,NA,NA,NA,NA,NA,NA,NA,NA,NA,NA,NA,NA,0,NA,0,0,0,NA,1,0,NA,NA,495.3205828,1.900206037,0.076906634,0.398321749
279_600,279,NA,NA,1,1,1,2013,1,501140,5277289,1,1,47.64899692,-122.9848203,7/20/2013,8/4/2013,15,15,8,NA,NA,NA,NA,NA,NA,NA,NA,NA,NA,NA,NA,NA,NA,NA,NA,0,NA,0,0,0,NA,0,0,NA,NA,288.0238325,0.452856474,0.416650783,-1.0832164
279_600,279,NA,NA,1,1,2,2013,1,501140,5277289,1,2,47.64899692,-122.9848203,8/4/2013,8/18/2013,14,14,9,NA,NA,NA,NA,NA,NA,NA,NA,NA,NA,NA,NA,NA,NA,NA,NA,0,NA,0,0,0,NA,0,0,NA,NA,72.25851637,-1.053620765,0.076906634,-0.836293375
279_600,279,NA,NA,1,1,3,2013,1,501140,5277289,1,3,47.64899692,-122.9848203,8/18/2013,9/1/2013,14,14,12,NA,NA,NA,NA,NA,NA,NA,NA,NA,NA,NA,NA,NA,NA,NA,NA,0,NA,0,0,0,NA,0,0,NA,NA,378.7993067,1.086652435,0.076906634,-0.0955243
279_603,279,NA,NA,1,1,1,2013,1,501852,5278816,2,1,47.66273481,-122.9753331,7/20/2013,8/4/2013,15,15,15,NA,NA,NA,NA,NA,NA,NA,NA,NA,NA,NA,NA,NA,NA,NA,NA,0,NA,0,0,0,NA,0,0,NA,NA,287.9899899,0.452620185,0.416650783,0.645244774
279_603,279,NA,NA,1,1,2,2013,1,501852,5278816,2,2,47.66273481,-122.9753331,8/4/2013,8/18/2013,14,14,14,NA,NA,NA,NA,NA,NA,NA,NA,NA,NA,NA,NA,NA,NA,NA,NA,0,NA,0,0,0,NA,0,0,NA,NA,72.24031666,-1.053747835,0.076906634,0.398321749
279_603,279,NA,NA,1,1,3,2013,1,501852,5278816,2,3,47.66273481,-122.9753331,8/18/2013,9/1/2013,14,14,14,NA,NA,NA,NA,NA,NA,NA,NA,NA,NA,NA,NA,NA,NA,NA,NA,0,NA,0,0,0,NA,0,0,NA,NA,378.787758,1.086571801,0.076906634,0.398321749
279_605,279,NA,NA,1,1,1,2013,1,500450,5279534,3,1,47.66919766,-122.9940057,7/20/2013,8/4/2013,15,15,4,NA,NA,NA,NA,NA,NA,NA,NA,NA,NA,NA,NA,NA,NA,NA,NA,0,NA,0,0,0,NA,0,0,NA,NA,287.9732254,0.452503135,0.416650783,-2.070908499
279_559,279,NA,NA,1,1,1,2013,1,499645,5279939,3,2,47.67284179,-123.0047292,8/4/2013,8/18/2013,14,0,0,NA,NA,NA,NA,NA,NA,NA,NA,NA,NA,NA,NA,NA,NA,NA,NA,0,NA,0,0,0,NA,1,0,NA,NA,72.22832008,-1.053831596,-4.679511457,-3.058600599
279_559,279,NA,NA,1,1,2,2013,1,499645,5279939,3,3,47.67284179,-123.0047292,8/18/2013,9/1/2013,14,14,14,NA,NA,NA,NA,NA,NA,NA,NA,NA,NA,NA,NA,NA,NA,NA,NA,0,NA,0,0,0,NA,1,0,NA,NA,378.7784698,1.086506951,0.076906634,0.398321749
309_611,309,NA,NA,1,1,1,2013,1,395798,5286809,1,1,47.72624243,-124.3895712,9/15/2013,9/28/2013,13,13,13,NA,NA,NA,NA,NA,NA,NA,NA,NA,NA,NA,NA,NA,NA,NA,NA,0,NA,1,0,0,NA,0,0,NA,NA,499.786059,1.931384071,-0.262837516,0.151398724
309_611,309,NA,NA,1,1,2,2013,1,395798,5286809,1,2,47.72624243,-124.3895712,9/28/2013,10/20/2013,22,22,12,NA,NA,NA,NA,NA,NA,NA,NA,NA,NA,NA,NA,NA,NA,NA,NA,0,NA,1,0,0,NA,0,0,NA,NA,228.5036987,0.037285851,2.794859828,-0.0955243
309_611,309,NA,NA,1,1,3,2013,1,395798,5286809,1,3,47.72624243,-124.3895712,10/20/2013,11/3/2013,14,14,14,NA,NA,NA,NA,NA,NA,NA,NA,NA,NA,NA,NA,NA,NA,NA,NA,0,NA,0,0,0,NA,0,0,NA,NA,288.0043702,0.452720588,0.076906634,0.398321749
309_607,309,NA,NA,1,1,1,2013,1,394082,5284632,2,1,47.70638121,-124.4119183,9/15/2013,9/28/2013,13,13,3,NA,NA,NA,NA,NA,NA,NA,NA,NA,NA,NA,NA,NA,NA,NA,NA,0,NA,0,0,0,NA,0,0,NA,NA,499.761634,1.931213535,-0.262837516,-2.317831524
309_607,309,NA,NA,1,1,2,2013,1,394082,5284632,2,2,47.70638121,-124.4119183,9/28/2013,10/20/2013,22,22,12,NA,NA,NA,NA,NA,NA,NA,NA,NA,NA,NA,NA,NA,NA,NA,NA,0,NA,1,0,0,NA,0,0,NA,NA,228.4924974,0.037207644,2.794859828,-0.0955243
309_607,309,NA,NA,1,1,3,2013,1,394082,5284632,2,3,47.70638121,-124.4119183,10/20/2013,11/3/2013,14,14,12,NA,NA,NA,NA,NA,NA,NA,NA,NA,NA,NA,NA,NA,NA,NA,NA,0,NA,0,0,0,NA,0,0,NA,NA,287.9533435,0.452364319,0.076906634,-0.0955243
309_606,309,NA,NA,1,1,1,2013,1,394265,5283313,3,1,47.69454688,-124.4091598,9/15/2013,9/28/2013,13,13,13,NA,NA,NA,NA,NA,NA,NA,NA,NA,NA,NA,NA,NA,NA,NA,NA,0,NA,0,0,0,NA,0,0,NA,NA,499.7527943,1.931151816,-0.262837516,0.151398724
309_606,309,NA,NA,1,1,2,2013,1,394265,5283313,3,2,47.69454688,-124.4091598,9/28/2013,10/20/2013,22,22,11,NA,NA,NA,NA,NA,NA,NA,NA,NA,NA,NA,NA,NA,NA,NA,NA,0,NA,0,0,0,NA,0,0,NA,NA,228.4851891,0.037156617,2.794859828,-0.342447325
309_606,309,NA,NA,1,1,3,2013,1,394265,5283313,3,3,47.69454688,-124.4091598,10/20/2013,11/3/2013,14,14,4,NA,NA,NA,NA,NA,NA,NA,NA,NA,NA,NA,NA,NA,NA,NA,NA,0,NA,0,0,0,NA,0,0,NA,NA,287.9247679,0.452164804,0.076906634,-2.070908499
312_610,312,NA,NA,1,1,1,2013,1,421750,5286441,1,1,47.72660036,-124.0434949,8/16/2013,9/4/2013,19,19,19,NA,NA,NA,NA,NA,NA,NA,NA,NA,NA,NA,NA,NA,NA,NA,NA,0,NA,0,0,0,NA,0,0,NA,NA,312.8170569,0.625963204,1.77562738,1.632936873
312_610,312,NA,NA,1,1,2,2013,1,421750,5286441,1,2,47.72660036,-124.0434949,9/4/2013,9/18/2013,14,14,14,NA,NA,NA,NA,NA,NA,NA,NA,NA,NA,NA,NA,NA,NA,NA,NA,0,NA,0,0,0,NA,0,0,NA,NA,156.4100882,-0.466073007,0.076906634,0.398321749
312_610,312,NA,NA,1,1,3,2013,1,421750,5286441,1,3,47.72660036,-124.0434949,9/18/2013,10/2/2013,14,14,14,NA,NA,NA,NA,NA,NA,NA,NA,NA,NA,NA,NA,NA,NA,NA,NA,0,NA,0,0,0,NA,0,0,NA,NA,380.7722853,1.100427806,0.076906634,0.398321749
312_613,312,NA,NA,1,1,1,2013,1,423154,5286991,2,1,47.73171696,-124.0248722,8/16/2013,9/4/2013,19,19,19,NA,NA,NA,NA,NA,NA,NA,NA,NA,NA,NA,NA,NA,NA,NA,NA,0,NA,0,0,0,NA,0,0,NA,NA,312.8132836,0.625936859,1.77562738,1.632936873
312_613,312,NA,NA,1,1,2,2013,1,423154,5286991,2,2,47.73171696,-124.0248722,9/4/2013,9/18/2013,14,14,14,NA,NA,NA,NA,NA,NA,NA,NA,NA,NA,NA,NA,NA,NA,NA,NA,0,NA,0,0,0,NA,0,0,NA,NA,156.406479,-0.466098207,0.076906634,0.398321749
312_613,312,NA,NA,1,1,3,2013,1,423154,5286991,2,3,47.73171696,-124.0248722,9/18/2013,10/2/2013,14,0,14,NA,NA,NA,NA,NA,NA,NA,NA,NA,NA,NA,NA,NA,NA,NA,NA,0,NA,0,0,0,NA,0,0,NA,NA,380.7804556,1.100484851,-4.679511457,0.398321749
312_614,312,NA,NA,1,1,1,2013,1,424241,5287308,3,1,47.7346973,-124.0104327,8/19/2013,9/4/2013,16,16,16,NA,NA,NA,NA,NA,NA,NA,NA,NA,NA,NA,NA,NA,NA,NA,NA,0,NA,0,0,0,NA,0,0,NA,NA,306.4239983,0.581326756,0.756394932,0.892167799
312_614,312,NA,NA,1,1,2,2013,1,424241,5287308,3,2,47.7346973,-124.0104327,9/4/2013,9/18/2013,14,14,14,NA,NA,NA,NA,NA,NA,NA,NA,NA,NA,NA,NA,NA,NA,NA,NA,0,NA,0,0,0,NA,0,0,NA,NA,156.4022452,-0.466127767,0.076906634,0.398321749
312_614,312,NA,NA,1,1,3,2013,1,424241,5287308,3,3,47.7346973,-124.0104327,9/18/2013,10/2/2013,14,14,14,NA,NA,NA,NA,NA,NA,NA,NA,NA,NA,NA,NA,NA,NA,NA,NA,0,NA,0,0,0,NA,0,0,NA,NA,380.7861385,1.100524529,0.076906634,0.398321749
313_612,313,NA,NA,1,1,1,2013,1,429868,5286955,1,1,47.73215776,-123.9353367,6/18/2013,7/2/2013,14,14,14,NA,NA,NA,NA,NA,NA,NA,NA,NA,NA,NA,NA,NA,NA,NA,NA,0,NA,0,0,0,NA,0,0,NA,NA,301.3904152,0.54618219,0.076906634,0.398321749
313_612,313,NA,NA,1,1,2,2013,1,429868,5286955,1,2,47.73215776,-123.9353367,7/2/2013,7/16/2013,14,14,14,NA,NA,NA,NA,NA,NA,NA,NA,NA,NA,NA,NA,NA,NA,NA,NA,0,NA,0,0,0,NA,0,0,NA,NA,21.59935462,-1.407323924,0.076906634,0.398321749
313_612,313,NA,NA,1,1,3,2013,1,429868,5286955,1,3,47.73215776,-123.9353367,7/16/2013,7/30/2013,14,14,14,NA,NA,NA,NA,NA,NA,NA,NA,NA,NA,NA,NA,NA,NA,NA,NA,0,NA,0,0,0,NA,0,0,NA,NA,342.7302897,0.834817922,0.076906634,0.398321749
313_609,313,NA,NA,1,1,1,2013,1,432129,5285155,2,1,47.71620586,-123.9049056,6/18/2013,7/2/2013,14,14,14,NA,NA,NA,NA,NA,NA,NA,NA,NA,NA,NA,NA,NA,NA,NA,NA,0,NA,0,0,0,NA,0,0,NA,NA,301.4713385,0.546747198,0.076906634,0.398321749
313_609,313,NA,NA,1,1,2,2013,1,432129,5285155,2,2,47.71620586,-123.9049056,7/2/2013,7/16/2013,14,0,0,NA,NA,NA,NA,NA,NA,NA,NA,NA,NA,NA,NA,NA,NA,NA,NA,0,NA,0,0,0,NA,0,0,NA,NA,21.6068165,-1.407271825,-4.679511457,-3.058600599
313_609,313,NA,NA,1,2,1,2013,1,432212,5285245,2,3,47.71702426,-123.9038131,7/16/2013,7/30/2013,14,14,14,NA,NA,NA,NA,NA,NA,NA,NA,NA,NA,NA,NA,NA,NA,NA,NA,0,NA,0,0,0,NA,1,0,NA,NA,342.7951145,0.83527053,0.076906634,0.398321749
313_608,313,NA,NA,1,1,1,2013,1,431168,5284796,3,1,47.71287438,-123.9176599,6/18/2013,7/2/2013,14,14,14,NA,NA,NA,NA,NA,NA,NA,NA,NA,NA,NA,NA,NA,NA,NA,NA,0,NA,0,0,0,NA,0,0,NA,NA,301.4888387,0.546869385,0.076906634,0.398321749
313_608,313,NA,NA,1,1,2,2013,1,431168,5284796,3,2,47.71287438,-123.9176599,7/2/2013,7/16/2013,14,14,14,NA,NA,NA,NA,NA,NA,NA,NA,NA,NA,NA,NA,NA,NA,NA,NA,0,NA,0,0,0,NA,0,0,NA,NA,21.60770852,-1.407265597,0.076906634,0.398321749
313_608,313,NA,NA,1,1,3,2013,1,431168,5284796,3,3,47.71287438,-123.9176599,7/16/2013,7/30/2013,14,14,14,NA,NA,NA,NA,NA,NA,NA,NA,NA,NA,NA,NA,NA,NA,NA,NA,0,NA,0,0,0,NA,0,0,NA,NA,342.8101037,0.835375185,0.076906634,0.398321749
356_620,356,NA,NA,1,1,1,2013,1,426341,5295014,1,1,47.80426537,-123.9837349,9/16/2013,9/30/2013,14,14,14,NA,NA,NA,NA,NA,NA,NA,NA,NA,NA,NA,NA,NA,NA,NA,NA,0,NA,0,0,0,NA,0,0,NA,NA,453.614757,1.609015227,0.076906634,0.398321749
356_620,356,NA,NA,1,1,2,2013,1,426341,5295014,1,2,47.80426537,-123.9837349,9/30/2013,10/14/2013,14,14,12,NA,NA,NA,NA,NA,NA,NA,NA,NA,NA,NA,NA,NA,NA,NA,NA,0,NA,0,0,0,NA,0,0,NA,NA,61.97477934,-1.125421998,0.076906634,-0.0955243
356_620,356,NA,NA,1,1,3,2013,1,426341,5295014,1,3,47.80426537,-123.9837349,10/14/2013,10/30/2013,16,16,4,NA,NA,NA,NA,NA,NA,NA,NA,NA,NA,NA,NA,NA,NA,NA,NA,1,NA,0,0,0,NA,0,0,NA,NA,493.134983,1.884946141,0.756394932,-2.070908499
356_618,356,NA,NA,1,1,1,2013,1,427807,5294660,2,1,47.80124681,-123.9641001,9/16/2013,9/30/2013,14,14,5,NA,NA,NA,NA,NA,NA,NA,NA,NA,NA,NA,NA,NA,NA,NA,NA,1,NA,0,0,0,NA,0,0,NA,NA,453.6113304,1.608991302,0.076906634,-1.823985474
356_618,356,NA,NA,1,1,2,2013,1,427807,5294660,2,2,47.80124681,-123.9641001,9/30/2013,10/14/2013,14,14,13,NA,NA,NA,NA,NA,NA,NA,NA,NA,NA,NA,NA,NA,NA,NA,NA,1,NA,0,0,0,NA,0,0,NA,NA,61.97671474,-1.125408485,0.076906634,0.151398724
356_618,356,NA,NA,1,1,3,2013,1,427807,5294660,2,3,47.80124681,-123.9641001,10/14/2013,10/30/2013,16,16,4,NA,NA,NA,NA,NA,NA,NA,NA,NA,NA,NA,NA,NA,NA,NA,NA,0,NA,0,0,0,NA,0,0,NA,NA,493.1273554,1.884892885,0.756394932,-2.070908499
356_617,356,NA,NA,1,1,1,2013,1,428723,5294196,3,1,47.79717462,-123.9517929,9/16/2013,9/30/2013,14,14,14,NA,NA,NA,NA,NA,NA,NA,NA,NA,NA,NA,NA,NA,NA,NA,NA,1,NA,0,0,0,NA,0,0,NA,NA,453.6047849,1.608945601,0.076906634,0.398321749
356_617,356,NA,NA,1,1,2,2013,1,428723,5294196,3,2,47.79717462,-123.9517929,9/30/2013,10/14/2013,14,14,14,NA,NA,NA,NA,NA,NA,NA,NA,NA,NA,NA,NA,NA,NA,NA,NA,0,NA,0,0,0,NA,0,0,NA,NA,61.97583725,-1.125414611,0.076906634,0.398321749
356_617,356,NA,NA,1,1,3,2013,1,428723,5294196,3,3,47.79717462,-123.9517929,10/14/2013,10/30/2013,16,16,16,NA,NA,NA,NA,NA,NA,NA,NA,NA,NA,NA,NA,NA,NA,NA,NA,0,NA,0,0,0,NA,0,0,NA,NA,493.1151915,1.884807956,0.756394932,0.892167799
364_616,364,NA,NA,1,1,1,2013,1,501252,5293065,1,1,47.79094329,-122.9832836,7/12/2013,7/26/2013,14,14,14,NA,NA,NA,NA,NA,NA,NA,NA,NA,NA,NA,NA,NA,NA,NA,NA,0,NA,0,0,0,NA,0,0,NA,NA,273.4844384,0.351342169,0.076906634,0.398321749
364_616,364,NA,NA,1,1,2,2013,1,501252,5293065,1,2,47.79094329,-122.9832836,7/26/2013,8/10/2013,15,15,15,NA,NA,NA,NA,NA,NA,NA,NA,NA,NA,NA,NA,NA,NA,NA,NA,0,NA,0,1,0,NA,0,1,NA,NA,100.6374251,-0.855478724,0.416650783,0.645244774
364_616,364,NA,NA,1,1,3,2013,1,501252,5293065,1,3,47.79094329,-122.9832836,8/10/2013,8/23/2013,13,13,13,NA,NA,NA,NA,NA,NA,NA,NA,NA,NA,NA,NA,NA,NA,NA,NA,0,NA,0,0,0,NA,0,0,NA,NA,289.7202917,0.464701182,-0.262837516,0.151398724
364_619,364,NA,NA,1,1,1,2013,1,501463,5294872,2,1,47.80720134,-122.9804602,7/12/2013,7/26/2013,14,14,14,NA,NA,NA,NA,NA,NA,NA,NA,NA,NA,NA,NA,NA,NA,NA,NA,1,NA,0,0,0,NA,0,0,NA,NA,273.418857,0.350884278,0.076906634,0.398321749
364_619,364,NA,NA,1,1,2,2013,1,501463,5294872,2,2,47.80720134,-122.9804602,7/26/2013,8/10/2013,15,15,15,NA,NA,NA,NA,NA,NA,NA,NA,NA,NA,NA,NA,NA,NA,NA,NA,0,NA,0,0,0,NA,0,0,NA,NA,100.633755,-0.855504348,0.416650783,0.645244774
364_619,364,NA,NA,1,1,3,2013,1,501463,5294872,2,3,47.80720134,-122.9804602,8/10/2013,8/23/2013,13,13,13,NA,NA,NA,NA,NA,NA,NA,NA,NA,NA,NA,NA,NA,NA,NA,NA,0,NA,0,0,0,NA,0,0,NA,NA,289.6768373,0.464397783,-0.262837516,0.151398724
364_615,364,NA,NA,1,1,1,2013,1,498447,5292798,3,1,47.7885403,-123.0207344,7/12/2013,7/26/2013,14,14,14,NA,NA,NA,NA,NA,NA,NA,NA,NA,NA,NA,NA,NA,NA,NA,NA,0,NA,0,0,0,NA,0,0,NA,NA,273.4981989,0.351438245,0.076906634,0.398321749
364_615,364,NA,NA,1,1,2,2013,1,498447,5292798,3,2,47.7885403,-123.0207344,7/26/2013,8/10/2013,15,15,15,NA,NA,NA,NA,NA,NA,NA,NA,NA,NA,NA,NA,NA,NA,NA,NA,0,NA,0,0,0,NA,0,0,NA,NA,100.638124,-0.855473844,0.416650783,0.645244774
364_615,364,NA,NA,1,1,3,2013,1,498447,5292798,3,3,47.7885403,-123.0207344,8/10/2013,8/23/2013,13,13,13,NA,NA,NA,NA,NA,NA,NA,NA,NA,NA,NA,NA,NA,NA,NA,NA,0,NA,0,0,0,NA,0,0,NA,NA,289.7287122,0.464759974,-0.262837516,0.151398724
400_640,400,NA,NA,1,1,1,2013,1,386325,5303183,1,1,47.87191692,-124.5201441,9/14/2013,9/27/2013,13,13,13,NA,NA,NA,NA,NA,NA,NA,NA,NA,NA,NA,NA,NA,NA,NA,NA,1,NA,0,1,0,NA,0,1,NA,NA,505.7177615,1.972799322,-0.262837516,0.151398724
400_640,400,NA,NA,1,1,2,2013,1,386325,5303183,1,2,47.87191692,-124.5201441,9/27/2013,10/19/2013,22,22,3,NA,NA,NA,NA,NA,NA,NA,NA,NA,NA,NA,NA,NA,NA,NA,NA,0,NA,0,1,0,NA,0,1,NA,NA,202.3836851,-0.145084544,2.794859828,-2.317831524
400_640,400,NA,NA,1,1,3,2013,1,386325,5303183,1,3,47.87191692,-124.5201441,10/19/2013,11/2/2013,14,14,12,NA,NA,NA,NA,NA,NA,NA,NA,NA,NA,NA,NA,NA,NA,NA,NA,0,NA,0,1,0,NA,0,1,NA,NA,344.0366468,0.843938931,0.076906634,-0.0955243
400_637,400,NA,NA,1,1,1,2013,1,387074,5303021,2,1,47.870592,-124.5100892,9/14/2013,9/27/2013,13,13,13,NA,NA,NA,NA,NA,NA,NA,NA,NA,NA,NA,NA,NA,NA,NA,NA,0,NA,1,0,0,NA,0,0,NA,NA,505.7141765,1.972774292,-0.262837516,0.151398724
400_637,400,NA,NA,1,1,2,2013,1,387074,5303021,2,2,47.870592,-124.5100892,9/27/2013,10/19/2013,22,22,22,NA,NA,NA,NA,NA,NA,NA,NA,NA,NA,NA,NA,NA,NA,NA,NA,0,NA,1,1,0,NA,0,1,NA,NA,202.3828016,-0.145090712,2.794859828,2.373705948
400_637,400,NA,NA,1,1,3,2013,1,387074,5303021,2,3,47.870592,-124.5100892,10/19/2013,11/2/2013,14,14,10,NA,NA,NA,NA,NA,NA,NA,NA,NA,NA,NA,NA,NA,NA,NA,NA,0,NA,1,1,0,NA,0,1,NA,NA,344.0322408,0.843908168,0.076906634,-0.58937035
400_638,400,NA,NA,1,1,1,2013,1,388320,5303114,3,1,47.87164637,-124.4934572,9/14/2013,9/27/2013,13,13,7,NA,NA,NA,NA,NA,NA,NA,NA,NA,NA,NA,NA,NA,NA,NA,NA,0,NA,0,1,0,NA,0,1,NA,NA,505.7177832,1.972799474,-0.262837516,-1.330139425
400_638,400,NA,NA,1,1,2,2013,1,388320,5303114,3,2,47.87164637,-124.4934572,9/27/2013,10/19/2013,22,22,5,NA,NA,NA,NA,NA,NA,NA,NA,NA,NA,NA,NA,NA,NA,NA,NA,0,NA,0,1,0,NA,0,1,NA,NA,202.3823231,-0.145094053,2.794859828,-1.823985474
400_638,400,NA,NA,1,1,3,2013,1,388320,5303114,3,3,47.87164637,-124.4934572,10/19/2013,11/2/2013,14,14,3,NA,NA,NA,NA,NA,NA,NA,NA,NA,NA,NA,NA,NA,NA,NA,NA,0,NA,0,1,0,NA,0,1,NA,NA,344.0351975,0.843928812,0.076906634,-2.317831524
401_622,401,NA,NA,1,1,1,2013,1,395200,5299581,1,1,47.84102773,-124.4006265,7/24/2013,8/7/2013,14,14,14,NA,NA,NA,NA,NA,NA,NA,NA,NA,NA,NA,NA,NA,NA,NA,NA,0,NA,0,1,0,NA,0,1,NA,NA,170.8648527,-0.365149587,0.076906634,0.398321749
401_622,401,NA,NA,1,1,2,2013,1,395200,5299581,1,2,47.84102773,-124.4006265,8/7/2013,8/21/2013,14,14,14,NA,NA,NA,NA,NA,NA,NA,NA,NA,NA,NA,NA,NA,NA,NA,NA,0,NA,0,0,0,NA,0,0,NA,NA,185.3429317,-0.264063384,0.076906634,0.398321749
401_622,401,NA,NA,1,1,3,2013,1,395200,5299581,1,3,47.84102773,-124.4006265,8/21/2013,9/4/2013,14,14,14,NA,NA,NA,NA,NA,NA,NA,NA,NA,NA,NA,NA,NA,NA,NA,NA,0,NA,0,1,0,NA,0,1,NA,NA,268.4605418,0.316265234,0.076906634,0.398321749
401_627,401,NA,NA,1,1,1,2013,1,395380,5301672,2,1,47.85986505,-124.3987273,7/24/2013,8/7/2013,14,14,14,NA,NA,NA,NA,NA,NA,NA,NA,NA,NA,NA,NA,NA,NA,NA,NA,0,NA,0,1,0,NA,0,1,NA,NA,170.8500497,-0.365252942,0.076906634,0.398321749
401_627,401,NA,NA,1,1,2,2013,1,395380,5301672,2,2,47.85986505,-124.3987273,8/7/2013,8/21/2013,14,9,14,NA,NA,NA,NA,NA,NA,NA,NA,NA,NA,NA,NA,NA,NA,NA,NA,0,NA,0,1,0,NA,0,1,NA,NA,185.3024248,-0.264346204,-1.621814113,0.398321749
401_627,401,NA,NA,1,1,3,2013,1,395380,5301672,2,3,47.85986505,-124.3987273,8/21/2013,9/4/2013,14,14,14,NA,NA,NA,NA,NA,NA,NA,NA,NA,NA,NA,NA,NA,NA,NA,NA,0,NA,1,1,0,NA,0,1,NA,NA,268.4623028,0.316277529,0.076906634,0.398321749
401_632,401,NA,NA,1,1,1,2013,1,395237,5302719,3,1,47.86925921,-124.4008924,7/24/2013,8/7/2013,14,14,14,NA,NA,NA,NA,NA,NA,NA,NA,NA,NA,NA,NA,NA,NA,NA,NA,0,NA,0,0,0,NA,0,0,NA,NA,170.8432186,-0.365300637,0.076906634,0.398321749
401_632,401,NA,NA,1,1,2,2013,1,395237,5302719,3,2,47.86925921,-124.4008924,8/7/2013,8/21/2013,14,14,14,NA,NA,NA,NA,NA,NA,NA,NA,NA,NA,NA,NA,NA,NA,NA,NA,0,NA,0,1,0,NA,0,1,NA,NA,185.2826295,-0.264484415,0.076906634,0.398321749
401_632,401,NA,NA,1,1,3,2013,1,395237,5302719,3,3,47.86925921,-124.4008924,8/21/2013,9/4/2013,14,14,12,NA,NA,NA,NA,NA,NA,NA,NA,NA,NA,NA,NA,NA,NA,NA,NA,0,NA,0,1,0,NA,0,1,NA,NA,268.4625699,0.316279394,0.076906634,-0.0955243
404_621,404,NA,NA,1,1,1,2013,1,423075,5299011,1,1,47.8398404,-124.0280558,8/6/2013,8/21/2013,15,15,15,NA,NA,NA,NA,NA,NA,NA,NA,NA,NA,NA,NA,NA,NA,NA,NA,0,NA,0,0,0,NA,0,0,NA,NA,172.9647889,-0.350487795,0.416650783,0.645244774
404_621,404,NA,NA,1,1,2,2013,1,423075,5299011,1,2,47.8398404,-124.0280558,8/21/2013,9/5/2013,15,15,15,NA,NA,NA,NA,NA,NA,NA,NA,NA,NA,NA,NA,NA,NA,NA,NA,0,NA,0,0,0,NA,0,0,NA,NA,250.5804665,0.191426233,0.416650783,0.645244774
404_621,404,NA,NA,1,1,3,2013,1,423075,5299011,1,3,47.8398404,-124.0280558,9/5/2013,9/18/2013,13,13,13,NA,NA,NA,NA,NA,NA,NA,NA,NA,NA,NA,NA,NA,NA,NA,NA,1,NA,0,0,0,NA,0,0,NA,NA,168.3329645,-0.382827275,-0.262837516,0.151398724
404_623,404,NA,NA,1,1,1,2013,1,422787,5300156,2,1,47.85010626,-124.0321085,8/6/2013,8/21/2013,15,15,15,NA,NA,NA,NA,NA,NA,NA,NA,NA,NA,NA,NA,NA,NA,NA,NA,0,NA,0,0,0,NA,0,0,NA,NA,172.943966,-0.350633181,0.416650783,0.645244774
404_623,404,NA,NA,1,1,2,2013,1,422787,5300156,2,2,47.85010626,-124.0321085,8/21/2013,9/5/2013,15,15,15,NA,NA,NA,NA,NA,NA,NA,NA,NA,NA,NA,NA,NA,NA,NA,NA,0,NA,0,0,0,NA,0,0,NA,NA,250.5810018,0.191429971,0.416650783,0.645244774
404_623,404,NA,NA,1,1,3,2013,1,422787,5300156,2,3,47.85010626,-124.0321085,9/5/2013,9/18/2013,13,13,13,NA,NA,NA,NA,NA,NA,NA,NA,NA,NA,NA,NA,NA,NA,NA,NA,0,NA,0,0,0,NA,0,0,NA,NA,168.324429,-0.38288687,-0.262837516,0.151398724
404_625,404,NA,NA,1,1,1,2013,1,422471,5301037,3,1,47.85799364,-124.0364897,8/6/2013,8/21/2013,15,15,15,NA,NA,NA,NA,NA,NA,NA,NA,NA,NA,NA,NA,NA,NA,NA,NA,0,NA,0,0,0,NA,0,0,NA,NA,172.9283068,-0.350742514,0.416650783,0.645244774
404_625,404,NA,NA,1,1,2,2013,1,422471,5301037,3,2,47.85799364,-124.0364897,8/21/2013,9/5/2013,15,15,15,NA,NA,NA,NA,NA,NA,NA,NA,NA,NA,NA,NA,NA,NA,NA,NA,0,NA,0,0,0,NA,0,0,NA,NA,250.5786572,0.191413601,0.416650783,0.645244774
404_625,404,NA,NA,1,1,3,2013,1,422471,5301037,3,3,47.85799364,-124.0364897,9/5/2013,9/18/2013,13,13,13,NA,NA,NA,NA,NA,NA,NA,NA,NA,NA,NA,NA,NA,NA,NA,NA,0,NA,0,0,0,NA,0,0,NA,NA,168.3141463,-0.382958664,-0.262837516,0.151398724
406_639,406,NA,NA,1,1,1,2013,1,442435,5303156,1,1,47.87915656,-123.7699013,7/21/2013,8/4/2013,14,14,14,NA,NA,NA,NA,NA,NA,NA,NA,NA,NA,NA,NA,NA,NA,NA,NA,0,NA,1,0,0,NA,0,0,NA,NA,278.5018262,0.386373659,0.076906634,0.398321749
406_639,406,NA,NA,1,1,2,2013,1,442435,5303156,1,2,47.87915656,-123.7699013,8/3/2013,8/18/2013,15,15,15,NA,NA,NA,NA,NA,NA,NA,NA,NA,NA,NA,NA,NA,NA,NA,NA,0,NA,1,0,0,NA,0,0,NA,NA,68.29385231,-1.081302119,0.416650783,0.645244774
406_639,406,NA,NA,1,1,3,2013,1,442435,5303156,1,3,47.87915656,-123.7699013,8/18/2013,9/4/2013,17,17,17,NA,NA,NA,NA,NA,NA,NA,NA,NA,NA,NA,NA,NA,NA,NA,NA,0,NA,1,0,0,NA,0,0,NA,NA,314.6601832,0.638831944,1.096139082,1.139090824
406_634,406,NA,NA,1,1,1,2013,1,440966,5302888,2,1,47.87661208,-123.7895099,7/21/2013,8/4/2013,14,14,14,NA,NA,NA,NA,NA,NA,NA,NA,NA,NA,NA,NA,NA,NA,NA,NA,0,NA,0,0,0,NA,0,0,NA,NA,278.5054503,0.386398962,0.076906634,0.398321749
406_634,406,NA,NA,1,1,2,2013,1,440966,5302888,2,2,47.87661208,-123.7895099,8/3/2013,8/18/2013,15,15,15,NA,NA,NA,NA,NA,NA,NA,NA,NA,NA,NA,NA,NA,NA,NA,NA,0,NA,0,0,0,NA,0,0,NA,NA,68.29918105,-1.081264914,0.416650783,0.645244774
406_634,406,NA,NA,1,1,3,2013,1,440966,5302888,2,3,47.87661208,-123.7895099,8/18/2013,9/4/2013,17,17,17,NA,NA,NA,NA,NA,NA,NA,NA,NA,NA,NA,NA,NA,NA,NA,NA,0,NA,0,0,0,NA,0,0,NA,NA,314.6611401,0.638838625,1.096139082,1.139090824
406_631,406,NA,NA,1,1,1,2013,1,439412,5302566,3,1,47.87357044,-123.8102455,7/21/2013,8/4/2013,14,14,14,NA,NA,NA,NA,NA,NA,NA,NA,NA,NA,NA,NA,NA,NA,NA,NA,0,NA,0,0,0,NA,0,0,NA,NA,278.5123478,0.386447121,0.076906634,0.398321749
406_631,406,NA,NA,1,1,2,2013,1,439412,5302566,3,2,47.87357044,-123.8102455,8/3/2013,8/18/2013,15,15,15,NA,NA,NA,NA,NA,NA,NA,NA,NA,NA,NA,NA,NA,NA,NA,NA,0,NA,0,0,0,NA,0,0,NA,NA,68.30293247,-1.081238721,0.416650783,0.645244774
406_631,406,NA,NA,1,1,3,2013,1,439412,5302566,3,3,47.87357044,-123.8102455,8/18/2013,9/4/2013,17,17,17,NA,NA,NA,NA,NA,NA,NA,NA,NA,NA,NA,NA,NA,NA,NA,NA,0,NA,0,0,0,NA,0,0,NA,NA,314.6628353,0.638850461,1.096139082,1.139090824
407_633,407,NA,NA,1,1,1,2013,1,448162,5302792,1,1,47.87636977,-123.6932682,7/22/2013,8/5/2013,14,14,14,NA,NA,NA,NA,NA,NA,NA,NA,NA,NA,NA,NA,NA,NA,NA,NA,0,NA,0,0,0,NA,0,0,NA,NA,243.5775794,0.142531952,0.076906634,0.398321749
407_633,407,NA,NA,1,1,2,2013,1,448162,5302792,1,2,47.87636977,-123.6932682,8/5/2013,8/19/2013,14,14,14,NA,NA,NA,NA,NA,NA,NA,NA,NA,NA,NA,NA,NA,NA,NA,NA,0,NA,0,0,0,NA,0,0,NA,NA,103.5798068,-0.834934963,0.076906634,0.398321749
407_633,407,NA,NA,1,1,3,2013,1,448162,5302792,1,3,47.87636977,-123.6932682,8/18/2013,9/2/2013,15,15,15,NA,NA,NA,NA,NA,NA,NA,NA,NA,NA,NA,NA,NA,NA,NA,NA,0,NA,0,0,0,NA,0,0,NA,NA,355.4973862,0.923958015,0.416650783,0.645244774
407_629,407,NA,NA,1,1,1,2013,1,448226,5302036,2,1,47.86957341,-123.6923217,7/22/2013,8/5/2013,14,14,14,NA,NA,NA,NA,NA,NA,NA,NA,NA,NA,NA,NA,NA,NA,NA,NA,0,NA,0,0,0,NA,0,0,NA,NA,243.5898243,0.142617446,0.076906634,0.398321749
407_629,407,NA,NA,1,1,2,2013,1,448226,5302036,2,2,47.86957341,-123.6923217,8/5/2013,8/19/2013,14,14,14,NA,NA,NA,NA,NA,NA,NA,NA,NA,NA,NA,NA,NA,NA,NA,NA,0,NA,0,0,0,NA,0,0,NA,NA,103.591505,-0.834853286,0.076906634,0.398321749
407_629,407,NA,NA,1,1,3,2013,1,448226,5302036,2,3,47.86957341,-123.6923217,8/18/2013,9/2/2013,15,15,15,NA,NA,NA,NA,NA,NA,NA,NA,NA,NA,NA,NA,NA,NA,NA,NA,0,NA,0,0,0,NA,0,0,NA,NA,355.5009265,0.923982734,0.416650783,0.645244774
407_624,407,NA,NA,1,1,1,2013,1,448182,5300889,3,1,47.8592506,-123.6927725,7/22/2013,8/5/2013,14,14,14,NA,NA,NA,NA,NA,NA,NA,NA,NA,NA,NA,NA,NA,NA,NA,NA,0,NA,0,0,0,NA,0,0,NA,NA,243.6093157,0.142753535,0.076906634,0.398321749
407_624,407,NA,NA,1,1,2,2013,1,448182,5300889,3,2,47.8592506,-123.6927725,8/5/2013,8/19/2013,14,14,14,NA,NA,NA,NA,NA,NA,NA,NA,NA,NA,NA,NA,NA,NA,NA,NA,0,NA,0,0,0,NA,0,0,NA,NA,103.6098385,-0.834725281,0.076906634,0.398321749
407_624,407,NA,NA,1,1,3,2013,1,448182,5300889,3,3,47.8592506,-123.6927725,8/18/2013,9/2/2013,15,15,12,NA,NA,NA,NA,NA,NA,NA,NA,NA,NA,NA,NA,NA,NA,NA,NA,0,NA,0,0,0,NA,0,0,NA,NA,355.5091281,0.924039997,0.416650783,-0.0955243
410_641,410,NA,NA,1,1,1,2013,1,477488,5303893,1,1,47.88797392,-123.3011364,7/18/2013,8/2/2013,15,15,15,NA,NA,NA,NA,NA,NA,NA,NA,NA,NA,NA,NA,NA,NA,NA,NA,0,NA,0,0,0,NA,0,0,NA,NA,320.9944345,0.683057798,0.416650783,0.645244774
410_641,410,NA,NA,1,2,1,2013,1,477471,5303908,1,2,47.88810828,-123.3013646,8/2/2013,8/16/2013,14,14,14,NA,NA,NA,NA,NA,NA,NA,NA,NA,NA,NA,NA,NA,NA,NA,NA,0,NA,0,0,0,NA,1,0,NA,NA,33.50464761,-1.324200959,0.076906634,0.398321749
410_641,410,NA,NA,1,2,2,2013,1,477471,5303908,1,3,47.88810828,-123.3013646,8/16/2013,8/30/2013,14,14,14,NA,NA,NA,NA,NA,NA,NA,NA,NA,NA,NA,NA,NA,NA,NA,NA,0,NA,0,0,0,NA,1,0,NA,NA,409.2968757,1.299586999,0.076906634,0.398321749
410_636,410,NA,NA,1,1,1,2013,1,476666,5302988,2,1,47.87980206,-123.312083,7/18/2013,8/2/2013,15,15,15,NA,NA,NA,NA,NA,NA,NA,NA,NA,NA,NA,NA,NA,NA,NA,NA,0,NA,0,0,0,NA,0,0,NA,NA,321.0207803,0.683241745,0.416650783,0.645244774
410_636,410,NA,NA,1,1,2,2013,1,476666,5302988,2,2,47.87980206,-123.312083,8/2/2013,8/16/2013,14,14,14,NA,NA,NA,NA,NA,NA,NA,NA,NA,NA,NA,NA,NA,NA,NA,NA,0,NA,0,0,0,NA,0,0,NA,NA,33.51117704,-1.32415537,0.076906634,0.398321749
410_636,410,NA,NA,1,1,3,2013,1,476666,5302988,2,3,47.87980206,-123.312083,8/16/2013,8/30/2013,14,14,14,NA,NA,NA,NA,NA,NA,NA,NA,NA,NA,NA,NA,NA,NA,NA,NA,0,NA,0,0,0,NA,0,0,NA,NA,409.3078795,1.299663827,0.076906634,0.398321749
410_628,410,NA,NA,1,1,1,2013,1,475867,5301897,3,1,47.86995653,-123.3227082,7/18/2013,8/2/2013,15,15,15,NA,NA,NA,NA,NA,NA,NA,NA,NA,NA,NA,NA,NA,NA,NA,NA,0,NA,0,0,0,NA,0,0,NA,NA,321.0521549,0.683460803,0.416650783,0.645244774
410_628,410,NA,NA,1,1,2,2013,1,475867,5301897,3,2,47.86995653,-123.3227082,8/2/2013,8/16/2013,14,14,14,NA,NA,NA,NA,NA,NA,NA,NA,NA,NA,NA,NA,NA,NA,NA,NA,0,NA,0,0,0,NA,0,0,NA,NA,33.5198891,-1.324094543,0.076906634,0.398321749
410_628,410,NA,NA,1,1,3,2013,1,475867,5301897,3,3,47.86995653,-123.3227082,8/16/2013,8/30/2013,14,14,14,NA,NA,NA,NA,NA,NA,NA,NA,NA,NA,NA,NA,NA,NA,NA,NA,0,NA,0,0,0,NA,0,0,NA,NA,409.3238142,1.299775084,0.076906634,0.398321749
412_635,412,NA,NA,1,1,1,2013,1,493995,5302948,1,1,47.87983819,-123.0803145,9/17/2013,9/30/2013,13,13,13,NA,NA,NA,NA,NA,NA,NA,NA,NA,NA,NA,NA,NA,NA,NA,NA,0,NA,0,0,0,NA,0,0,NA,NA,450.6807105,1.588529662,-0.262837516,0.151398724
412_635,412,NA,NA,1,1,2,2013,1,493995,5302948,1,2,47.87983819,-123.0803145,9/30/2013,10/19/2013,19,19,19,NA,NA,NA,NA,NA,NA,NA,NA,NA,NA,NA,NA,NA,NA,NA,NA,0,NA,0,0,0,NA,0,0,NA,NA,211.2287872,-0.083327885,1.77562738,1.632936873
412_635,412,NA,NA,1,1,3,2013,1,493995,5302948,1,3,47.87983819,-123.0803145,10/19/2013,10/31/2013,12,12,12,NA,NA,NA,NA,NA,NA,NA,NA,NA,NA,NA,NA,NA,NA,NA,NA,0,NA,0,0,0,NA,0,0,NA,NA,399.4587463,1.230897006,-0.602581665,-0.0955243
412_630,412,NA,NA,1,1,1,2013,1,493894,5302092,2,1,47.87213548,-123.0816532,9/17/2013,9/30/2013,13,13,13,NA,NA,NA,NA,NA,NA,NA,NA,NA,NA,NA,NA,NA,NA,NA,NA,0,NA,0,0,0,NA,0,0,NA,NA,450.6672156,1.588435441,-0.262837516,0.151398724
412_630,412,NA,NA,1,1,2,2013,1,493894,5302092,2,2,47.87213548,-123.0816532,9/30/2013,10/19/2013,19,19,19,NA,NA,NA,NA,NA,NA,NA,NA,NA,NA,NA,NA,NA,NA,NA,NA,0,NA,0,0,0,NA,0,0,NA,NA,211.227173,-0.083339155,1.77562738,1.632936873
412_630,412,NA,NA,1,1,3,2013,1,493894,5302092,2,3,47.87213548,-123.0816532,10/19/2013,10/31/2013,12,12,12,NA,NA,NA,NA,NA,NA,NA,NA,NA,NA,NA,NA,NA,NA,NA,NA,0,NA,0,0,0,NA,0,0,NA,NA,399.4317005,1.230708172,-0.602581665,-0.0955243
412_626,412,NA,NA,1,1,1,2013,1,494401,5301284,3,1,47.86487021,-123.0748629,9/17/2013,9/30/2013,13,13,13,NA,NA,NA,NA,NA,NA,NA,NA,NA,NA,NA,NA,NA,NA,NA,NA,0,NA,0,0,0,NA,0,0,NA,NA,450.657986,1.588371,-0.262837516,0.151398724
412_626,412,NA,NA,1,1,2,2013,1,494401,5301284,3,2,47.86487021,-123.0748629,9/30/2013,10/19/2013,19,19,19,NA,NA,NA,NA,NA,NA,NA,NA,NA,NA,NA,NA,NA,NA,NA,NA,1,NA,0,0,0,NA,0,0,NA,NA,211.2235786,-0.083364252,1.77562738,1.632936873
412_626,412,NA,NA,1,1,3,2013,1,494401,5301284,3,3,47.86487021,-123.0748629,10/19/2013,10/31/2013,12,12,12,NA,NA,NA,NA,NA,NA,NA,NA,NA,NA,NA,NA,NA,NA,NA,NA,0,NA,1,0,0,NA,0,0,NA,NA,399.4095609,1.230553593,-0.602581665,-0.0955243
450_649,450,NA,NA,1,1,1,2013,1,383635,5309377,1,1,47.92714406,-124.5577739,9/17/2013,10/1/2013,14,14,14,NA,NA,NA,NA,NA,NA,NA,NA,NA,NA,NA,NA,NA,NA,NA,NA,0,NA,1,0,0,NA,0,0,NA,NA,422.3279543,1.390570219,0.076906634,0.398321749
450_649,450,NA,NA,1,1,2,2013,1,383635,5309377,1,2,47.92714406,-124.5577739,10/1/2013,10/15/2013,14,14,11,NA,NA,NA,NA,NA,NA,NA,NA,NA,NA,NA,NA,NA,NA,NA,NA,0,NA,1,1,0,NA,0,1,NA,NA,87.89332775,-0.944458236,0.076906634,-0.342447325
450_649,450,NA,NA,1,1,3,2013,1,383635,5309377,1,3,47.92714406,-124.5577739,10/15/2013,10/29/2013,14,14,14,NA,NA,NA,NA,NA,NA,NA,NA,NA,NA,NA,NA,NA,NA,NA,NA,0,NA,1,1,0,NA,0,1,NA,NA,528.2880843,2.130385714,0.076906634,0.398321749
450_647,450,NA,NA,1,1,1,2013,1,381615,5308839,2,1,47.92193544,-124.5846571,9/17/2013,10/1/2013,14,14,14,NA,NA,NA,NA,NA,NA,NA,NA,NA,NA,NA,NA,NA,NA,NA,NA,1,NA,0,1,0,NA,0,1,NA,NA,422.3225663,1.3905326,0.076906634,0.398321749
450_647,450,NA,NA,1,1,2,2013,1,381615,5308839,2,2,47.92193544,-124.5846571,10/1/2013,10/15/2013,14,14,14,NA,NA,NA,NA,NA,NA,NA,NA,NA,NA,NA,NA,NA,NA,NA,NA,0,NA,0,0,0,NA,0,0,NA,NA,87.89452229,-0.944449896,0.076906634,0.398321749
450_647,450,NA,NA,1,1,3,2013,1,381615,5308839,2,3,47.92193544,-124.5846571,10/15/2013,10/29/2013,14,14,14,NA,NA,NA,NA,NA,NA,NA,NA,NA,NA,NA,NA,NA,NA,NA,NA,1,NA,0,1,0,NA,0,1,NA,NA,528.2712987,2.130268516,0.076906634,0.398321749
450_642,450,NA,NA,1,1,1,2013,1,379835,5307546,3,1,47.9099753,-124.6081134,9/17/2013,10/1/2013,14,14,9,NA,NA,NA,NA,NA,NA,NA,NA,NA,NA,NA,NA,NA,NA,NA,NA,0,NA,0,1,0,NA,0,1,NA,NA,422.3055342,1.390413682,0.076906634,-0.836293375
450_642,450,NA,NA,1,1,2,2013,1,379835,5307546,3,2,47.9099753,-124.6081134,10/1/2013,10/15/2013,14,14,4,NA,NA,NA,NA,NA,NA,NA,NA,NA,NA,NA,NA,NA,NA,NA,NA,0,NA,1,1,0,NA,0,1,NA,NA,87.89602577,-0.944439398,0.076906634,-2.070908499
450_642,450,NA,NA,1,1,3,2013,1,379835,5307546,3,3,47.9099753,-124.6081134,10/15/2013,10/29/2013,14,14,8,NA,NA,NA,NA,NA,NA,NA,NA,NA,NA,NA,NA,NA,NA,NA,NA,0,NA,0,1,0,NA,0,1,NA,NA,528.2324153,2.129997032,0.076906634,-1.0832164
452_652,452,NA,NA,1,1,1,2013,1,397841,5310182,1,1,47.93680673,-124.3678497,9/16/2013,10/1/2013,15,15,15,NA,NA,NA,NA,NA,NA,NA,NA,NA,NA,NA,NA,NA,NA,NA,NA,0,NA,0,0,0,NA,0,0,NA,NA,427.1062353,1.423932261,0.416650783,0.645244774
452_652,452,NA,NA,1,1,2,2013,1,397841,5310182,1,2,47.93680673,-124.3678497,10/1/2013,10/15/2013,14,14,12,NA,NA,NA,NA,NA,NA,NA,NA,NA,NA,NA,NA,NA,NA,NA,NA,0,NA,0,1,0,NA,0,1,NA,NA,87.89053928,-0.944477705,0.076906634,-0.0955243
452_652,452,NA,NA,1,1,3,2013,1,397841,5310182,1,3,47.93680673,-124.3678497,10/15/2013,10/29/2013,14,14,8,NA,NA,NA,NA,NA,NA,NA,NA,NA,NA,NA,NA,NA,NA,NA,NA,1,NA,0,1,0,NA,0,1,NA,NA,528.3304546,2.130681544,0.076906634,-1.0832164
452_654,452,NA,NA,1,1,1,2013,1,399797,5310576,2,1,47.94065959,-124.3417592,9/16/2013,10/1/2013,15,15,15,NA,NA,NA,NA,NA,NA,NA,NA,NA,NA,NA,NA,NA,NA,NA,NA,0,NA,1,0,0,NA,0,0,NA,NA,427.1079133,1.423943977,0.416650783,0.645244774
452_654,452,NA,NA,1,1,2,2013,1,399797,5310576,2,2,47.94065959,-124.3417592,10/1/2013,10/15/2013,14,14,14,NA,NA,NA,NA,NA,NA,NA,NA,NA,NA,NA,NA,NA,NA,NA,NA,0,NA,0,0,0,NA,0,0,NA,NA,87.88901724,-0.944488332,0.076906634,0.398321749
452_654,452,NA,NA,1,1,3,2013,1,399797,5310576,2,3,47.94065959,-124.3417592,10/15/2013,10/29/2013,14,14,14,NA,NA,NA,NA,NA,NA,NA,NA,NA,NA,NA,NA,NA,NA,NA,NA,1,NA,0,1,0,NA,0,1,NA,NA,528.3415057,2.130758703,0.076906634,0.398321749
452_646,452,NA,NA,1,1,1,2013,1,401069,5308833,3,1,47.92517921,-124.3243309,9/16/2013,10/1/2013,15,15,15,NA,NA,NA,NA,NA,NA,NA,NA,NA,NA,NA,NA,NA,NA,NA,NA,0,NA,1,1,0,NA,0,1,NA,NA,427.0909245,1.423825361,0.416650783,0.645244774
452_646,452,NA,NA,1,1,2,2013,1,401069,5308833,3,2,47.92517921,-124.3243309,10/1/2013,10/15/2013,14,14,14,NA,NA,NA,NA,NA,NA,NA,NA,NA,NA,NA,NA,NA,NA,NA,NA,0,NA,1,0,0,NA,0,0,NA,NA,87.89078763,-0.944475971,0.076906634,0.398321749
452_646,452,NA,NA,1,1,3,2013,1,401069,5308833,3,3,47.92517921,-124.3243309,10/15/2013,10/29/2013,14,14,14,NA,NA,NA,NA,NA,NA,NA,NA,NA,NA,NA,NA,NA,NA,NA,NA,0,NA,0,0,0,NA,0,0,NA,NA,528.2908916,2.130405314,0.076906634,0.398321749
455_658,455,NA,NA,1,1,1,2013,1,426025,5311573,1,1,47.95319447,-123.9907909,7/21/2013,8/5/2013,15,15,15,NA,NA,NA,NA,NA,NA,NA,NA,NA,NA,NA,NA,NA,NA,NA,NA,0,NA,0,0,0,NA,0,0,NA,NA,260.104312,0.25792189,0.416650783,0.645244774
455_658,455,NA,NA,1,1,2,2013,1,426025,5311573,1,2,47.95319447,-123.9907909,8/5/2013,8/19/2013,14,14,14,NA,NA,NA,NA,NA,NA,NA,NA,NA,NA,NA,NA,NA,NA,NA,NA,0,NA,0,0,0,NA,0,0,NA,NA,103.4780346,-0.835645538,0.076906634,0.398321749
455_658,455,NA,NA,1,1,3,2013,1,426025,5311573,1,3,47.95319447,-123.9907909,8/19/2013,9/3/2013,15,15,15,NA,NA,NA,NA,NA,NA,NA,NA,NA,NA,NA,NA,NA,NA,NA,NA,0,NA,0,0,0,NA,0,0,NA,NA,326.5241065,0.721666066,0.416650783,0.645244774
455_657,455,NA,NA,1,1,1,2013,1,426590,5311467,2,1,47.95230593,-123.9832066,7/21/2013,8/5/2013,15,15,15,NA,NA,NA,NA,NA,NA,NA,NA,NA,NA,NA,NA,NA,NA,NA,NA,0,NA,0,0,0,NA,0,0,NA,NA,260.1056477,0.257931216,0.416650783,0.645244774
455_657,455,NA,NA,1,1,2,2013,1,426590,5311467,2,2,47.95230593,-123.9832066,8/5/2013,8/19/2013,14,14,14,NA,NA,NA,NA,NA,NA,NA,NA,NA,NA,NA,NA,NA,NA,NA,NA,0,NA,0,0,0,NA,0,0,NA,NA,103.4789785,-0.835638948,0.076906634,0.398321749
455_657,455,NA,NA,1,1,3,2013,1,426590,5311467,2,3,47.95230593,-123.9832066,8/19/2013,9/3/2013,15,15,15,NA,NA,NA,NA,NA,NA,NA,NA,NA,NA,NA,NA,NA,NA,NA,NA,1,NA,0,0,0,NA,0,0,NA,NA,326.5240694,0.721665807,0.416650783,0.645244774
455_657,455,NA,NA,1,1,4,2013,1,426590,5311467,2,4,47.95230593,-123.9832066,9/3/2013,9/10/2013,7,7,7,NA,NA,NA,NA,NA,NA,NA,NA,NA,NA,NA,NA,NA,NA,NA,NA,0,NA,0,0,0,NA,0,0,NA,NA,3.485254231,-1.533796893,-2.301302412,-1.330139425
455_655,455,NA,NA,1,1,1,2013,1,427638,5311099,3,1,47.9491147,-123.9691105,7/21/2013,8/5/2013,15,15,15,NA,NA,NA,NA,NA,NA,NA,NA,NA,NA,NA,NA,NA,NA,NA,NA,0,NA,0,0,0,NA,0,0,NA,NA,260.111681,0.257973341,0.416650783,0.645244774
455_655,455,NA,NA,1,1,2,2013,1,427638,5311099,3,2,47.9491147,-123.9691105,8/5/2013,8/19/2013,14,14,14,NA,NA,NA,NA,NA,NA,NA,NA,NA,NA,NA,NA,NA,NA,NA,NA,0,NA,1,0,0,NA,0,0,NA,NA,103.4824119,-0.835614976,0.076906634,0.398321749
455_655,455,NA,NA,1,1,3,2013,1,427638,5311099,3,3,47.9491147,-123.9691105,8/19/2013,9/3/2013,15,15,15,NA,NA,NA,NA,NA,NA,NA,NA,NA,NA,NA,NA,NA,NA,NA,NA,0,NA,0,0,0,NA,0,0,NA,NA,326.5266226,0.721683633,0.416650783,0.645244774
455_655,455,NA,NA,1,1,4,2013,1,427638,5311099,3,4,47.9491147,-123.9691105,9/3/2013,9/10/2013,7,7,7,NA,NA,NA,NA,NA,NA,NA,NA,NA,NA,NA,NA,NA,NA,NA,NA,0,NA,0,0,0,NA,0,0,NA,NA,3.485714714,-1.533793677,-2.301302412,-1.330139425
457_650,457,NA,NA,1,1,1,2013,1,442782,5309489,1,1,47.9361626,-123.7661012,7/21/2013,8/5/2013,15,15,15,NA,NA,NA,NA,NA,NA,NA,NA,NA,NA,NA,NA,NA,NA,NA,NA,0,NA,0,0,0,NA,0,0,NA,NA,260.1519461,0.258254472,0.416650783,0.645244774
457_650,457,NA,NA,1,1,2,2013,1,442782,5309489,1,2,47.9361626,-123.7661012,8/4/2013,8/19/2013,15,15,15,NA,NA,NA,NA,NA,NA,NA,NA,NA,NA,NA,NA,NA,NA,NA,NA,0,NA,0,0,0,NA,0,0,NA,NA,96.92771214,-0.881380005,0.416650783,0.645244774
457_650,457,NA,NA,1,1,3,2013,1,442782,5309489,1,3,47.9361626,-123.7661012,8/19/2013,9/2/2013,14,14,14,NA,NA,NA,NA,NA,NA,NA,NA,NA,NA,NA,NA,NA,NA,NA,NA,0,NA,0,0,0,NA,0,0,NA,NA,348.9048789,0.877929013,0.076906634,0.398321749
457_648,457,NA,NA,1,1,1,2013,1,443607,5309205,2,1,47.93368074,-123.7550189,7/21/2013,8/5/2013,15,15,15,NA,NA,NA,NA,NA,NA,NA,NA,NA,NA,NA,NA,NA,NA,NA,NA,0,NA,0,0,0,NA,0,0,NA,NA,260.1580176,0.258296864,0.416650783,0.645244774
457_648,457,NA,NA,1,1,2,2013,1,443607,5309205,2,2,47.93368074,-123.7550189,8/4/2013,8/19/2013,15,15,15,NA,NA,NA,NA,NA,NA,NA,NA,NA,NA,NA,NA,NA,NA,NA,NA,0,NA,0,0,0,NA,0,0,NA,NA,96.93132061,-0.881354811,0.416650783,0.645244774
457_648,457,NA,NA,1,1,3,2013,1,443607,5309205,2,3,47.93368074,-123.7550189,8/19/2013,9/2/2013,14,14,14,NA,NA,NA,NA,NA,NA,NA,NA,NA,NA,NA,NA,NA,NA,NA,NA,0,NA,0,0,0,NA,0,0,NA,NA,348.90447,0.877926158,0.076906634,0.398321749
457_644,457,NA,NA,1,1,1,2013,1,445227,5308763,3,1,47.9298448,-123.7332752,7/21/2013,8/5/2013,15,15,15,NA,NA,NA,NA,NA,NA,NA,NA,NA,NA,NA,NA,NA,NA,NA,NA,0,NA,0,0,0,NA,0,0,NA,NA,260.170124,0.258381391,0.416650783,0.645244774
457_644,457,NA,NA,1,1,2,2013,1,445227,5308763,3,2,47.9298448,-123.7332752,8/4/2013,8/19/2013,15,15,15,NA,NA,NA,NA,NA,NA,NA,NA,NA,NA,NA,NA,NA,NA,NA,NA,0,NA,0,0,0,NA,0,0,NA,NA,96.93597044,-0.881322345,0.416650783,0.645244774
457_644,457,NA,NA,1,1,3,2013,1,445227,5308763,3,3,47.9298448,-123.7332752,8/19/2013,9/2/2013,14,14,14,NA,NA,NA,NA,NA,NA,NA,NA,NA,NA,NA,NA,NA,NA,NA,NA,0,NA,0,0,0,NA,0,0,NA,NA,348.9080779,0.877951348,0.076906634,0.398321749
460_659,460,NA,NA,1,1,1,2013,1,473231,5311767,1,1,47.95865388,-123.3585692,8/13/2013,8/21/2013,8,8,8,NA,NA,NA,NA,NA,NA,NA,NA,NA,NA,NA,NA,NA,NA,NA,NA,0,NA,0,0,0,NA,0,0,NA,NA,315.6267124,0.645580268,-1.961558263,-1.0832164
460_659,460,NA,NA,1,1,2,2013,1,473231,5311767,1,2,47.95865388,-123.3585692,8/21/2013,9/4/2013,14,14,14,NA,NA,NA,NA,NA,NA,NA,NA,NA,NA,NA,NA,NA,NA,NA,NA,0,NA,0,0,0,NA,0,0,NA,NA,268.5131981,0.316632881,0.076906634,0.398321749
460_659,460,NA,NA,1,1,3,2013,1,473231,5311767,1,3,47.95865388,-123.3585692,9/4/2013,9/18/2013,14,14,14,NA,NA,NA,NA,NA,NA,NA,NA,NA,NA,NA,NA,NA,NA,NA,NA,0,NA,0,0,0,NA,0,0,NA,NA,156.1803269,-0.467677205,0.076906634,0.398321749
460_656,460,NA,NA,1,1,1,2013,1,473837,5311271,2,1,47.95421638,-123.3504219,8/7/2013,8/21/2013,14,14,14,NA,NA,NA,NA,NA,NA,NA,NA,NA,NA,NA,NA,NA,NA,NA,NA,0,NA,0,0,0,NA,0,0,NA,NA,185.0277529,-0.266263968,0.076906634,0.398321749
460_656,460,NA,NA,1,1,2,2013,1,473837,5311271,2,2,47.95421638,-123.3504219,8/21/2013,9/4/2013,14,14,14,NA,NA,NA,NA,NA,NA,NA,NA,NA,NA,NA,NA,NA,NA,NA,NA,0,NA,0,0,0,NA,0,0,NA,NA,268.5108328,0.316616367,0.076906634,0.398321749
460_656,460,NA,NA,1,1,3,2013,1,473837,5311271,2,3,47.95421638,-123.3504219,9/4/2013,9/18/2013,14,14,14,NA,NA,NA,NA,NA,NA,NA,NA,NA,NA,NA,NA,NA,NA,NA,NA,0,NA,0,0,0,NA,0,0,NA,NA,156.1844239,-0.467648599,0.076906634,0.398321749
460_653,460,NA,NA,1,1,1,2013,1,473768,5310553,3,1,47.94775365,-123.3513022,8/7/2013,8/21/2013,14,14,14,NA,NA,NA,NA,NA,NA,NA,NA,NA,NA,NA,NA,NA,NA,NA,NA,0,NA,0,0,0,NA,0,0,NA,NA,185.0420155,-0.266164386,0.076906634,0.398321749
460_653,460,NA,NA,1,1,2,2013,1,473768,5310553,3,2,47.94775365,-123.3513022,8/21/2013,9/4/2013,14,14,14,NA,NA,NA,NA,NA,NA,NA,NA,NA,NA,NA,NA,NA,NA,NA,NA,0,NA,0,0,0,NA,0,0,NA,NA,268.5114686,0.316620806,0.076906634,0.398321749
460_653,460,NA,NA,1,1,3,2013,1,473768,5310553,3,3,47.94775365,-123.3513022,9/4/2013,9/18/2013,14,14,8,NA,NA,NA,NA,NA,NA,NA,NA,NA,NA,NA,NA,NA,NA,NA,NA,0,NA,0,0,0,NA,0,0,NA,NA,156.1914175,-0.46759977,0.076906634,-1.0832164
461_651,461,NA,NA,1,1,1,2013,1,481025,5309590,1,1,47.9393455,-123.2540743,7/17/2013,8/1/2013,15,15,15,NA,NA,NA,NA,NA,NA,NA,NA,NA,NA,NA,NA,NA,NA,NA,NA,0,NA,0,0,0,NA,0,0,NA,NA,327.8724285,0.731080074,0.416650783,0.645244774
461_651,461,NA,NA,1,1,2,2013,1,481025,5309590,1,2,47.9393455,-123.2540743,8/1/2013,8/15/2013,14,14,14,NA,NA,NA,NA,NA,NA,NA,NA,NA,NA,NA,NA,NA,NA,NA,NA,0,NA,0,0,0,NA,0,0,NA,NA,25.97546832,-1.376769822,0.076906634,0.398321749
461_651,461,NA,NA,1,1,3,2013,1,481025,5309590,1,3,47.9393455,-123.2540743,8/15/2013,8/29/2013,14,14,9,NA,NA,NA,NA,NA,NA,NA,NA,NA,NA,NA,NA,NA,NA,NA,NA,0,NA,0,0,0,NA,0,0,NA,NA,410.633559,1.308919745,0.076906634,-0.836293375
461_645,461,NA,NA,1,1,1,2013,1,481497,5308816,2,1,47.93239547,-123.247721,7/17/2013,8/1/2013,15,15,15,NA,NA,NA,NA,NA,NA,NA,NA,NA,NA,NA,NA,NA,NA,NA,NA,0,NA,0,0,0,NA,0,0,NA,NA,327.90049,0.731276,0.416650783,0.645244774
461_645,461,NA,NA,1,1,2,2013,1,481497,5308816,2,2,47.93239547,-123.247721,8/1/2013,8/15/2013,14,14,14,NA,NA,NA,NA,NA,NA,NA,NA,NA,NA,NA,NA,NA,NA,NA,NA,0,NA,0,0,0,NA,0,0,NA,NA,25.97873165,-1.376747037,0.076906634,0.398321749
461_645,461,NA,NA,1,1,3,2013,1,481497,5308816,2,3,47.93239547,-123.247721,8/15/2013,8/29/2013,14,14,13,NA,NA,NA,NA,NA,NA,NA,NA,NA,NA,NA,NA,NA,NA,NA,NA,0,NA,0,0,0,NA,0,0,NA,NA,410.6454909,1.309003054,0.076906634,0.151398724
461_643,461,NA,NA,1,1,1,2013,1,481428,5307788,3,1,47.92314434,-123.2486005,7/17/2013,8/1/2013,15,15,15,NA,NA,NA,NA,NA,NA,NA,NA,NA,NA,NA,NA,NA,NA,NA,NA,0,NA,0,0,0,NA,0,0,NA,NA,327.9345889,0.731514079,0.416650783,0.645244774
461_643,461,NA,NA,1,1,2,2013,1,481428,5307788,3,2,47.92314434,-123.2486005,8/1/2013,8/15/2013,14,14,14,NA,NA,NA,NA,NA,NA,NA,NA,NA,NA,NA,NA,NA,NA,NA,NA,0,NA,0,0,0,NA,0,0,NA,NA,25.98283773,-1.376718368,0.076906634,0.398321749
461_643,461,NA,NA,1,1,3,2013,1,481428,5307788,3,3,47.92314434,-123.2486005,8/15/2013,8/29/2013,14,14,8,NA,NA,NA,NA,NA,NA,NA,NA,NA,NA,NA,NA,NA,NA,NA,NA,0,NA,0,0,0,NA,0,0,NA,NA,410.662019,1.309118453,0.076906634,-1.0832164
502_674,502,NA,NA,1,1,1,2013,1,387686,5319395,1,1,48.01796989,-124.5061815,6/3/2013,6/17/2013,14,14,14,NA,NA,NA,NA,NA,NA,NA,NA,NA,NA,NA,NA,NA,NA,NA,NA,0,NA,1,0,0,NA,0,0,NA,NA,25.28066476,-1.381620952,0.076906634,0.398321749
502_674,502,NA,NA,1,1,2,2013,1,387686,5319395,1,2,48.01796989,-124.5061815,6/17/2013,7/1/2013,14,14,14,NA,NA,NA,NA,NA,NA,NA,NA,NA,NA,NA,NA,NA,NA,NA,NA,0,NA,0,0,0,NA,0,0,NA,NA,303.9171573,0.563823948,0.076906634,0.398321749
502_674,502,NA,NA,1,1,3,2013,1,387686,5319395,1,3,48.01796989,-124.5061815,7/1/2013,7/15/2013,14,14,14,NA,NA,NA,NA,NA,NA,NA,NA,NA,NA,NA,NA,NA,NA,NA,NA,0,NA,0,0,0,NA,0,0,NA,NA,22.82991271,-1.398732146,0.076906634,0.398321749
502_665,502,NA,NA,1,1,1,2013,1,386432,5316689,2,1,47.99341045,-124.5222756,6/3/2013,6/17/2013,14,14,14,NA,NA,NA,NA,NA,NA,NA,NA,NA,NA,NA,NA,NA,NA,NA,NA,0,NA,0,0,0,NA,0,0,NA,NA,25.29281052,-1.38153615,0.076906634,0.398321749
502_665,502,NA,NA,1,1,2,2013,1,386432,5316689,2,2,47.99341045,-124.5222756,6/17/2013,7/1/2013,14,14,14,NA,NA,NA,NA,NA,NA,NA,NA,NA,NA,NA,NA,NA,NA,NA,NA,0,NA,0,0,0,NA,0,0,NA,NA,304.0454429,0.56471964,0.076906634,0.398321749
502_665,502,NA,NA,1,1,3,2013,1,386432,5316689,2,3,47.99341045,-124.5222756,7/1/2013,7/15/2013,14,14,14,NA,NA,NA,NA,NA,NA,NA,NA,NA,NA,NA,NA,NA,NA,NA,NA,0,NA,0,0,0,NA,0,0,NA,NA,22.83789189,-1.398676435,0.076906634,0.398321749
502_663,502,NA,NA,1,1,1,2013,1,384813,5315917,3,1,47.98617755,-124.5437616,6/3/2013,6/17/2013,14,14,14,NA,NA,NA,NA,NA,NA,NA,NA,NA,NA,NA,NA,NA,NA,NA,NA,0,NA,0,0,0,NA,0,0,NA,NA,25.2955312,-1.381517154,0.076906634,0.398321749
502_663,502,NA,NA,1,1,2,2013,1,384813,5315917,3,2,47.98617755,-124.5437616,6/17/2013,7/1/2013,14,14,14,NA,NA,NA,NA,NA,NA,NA,NA,NA,NA,NA,NA,NA,NA,NA,NA,0,NA,0,0,0,NA,0,0,NA,NA,304.0871477,0.565010824,0.076906634,0.398321749
502_663,502,NA,NA,1,1,3,2013,1,384813,5315917,3,3,47.98617755,-124.5437616,7/1/2013,7/15/2013,14,14,14,NA,NA,NA,NA,NA,NA,NA,NA,NA,NA,NA,NA,NA,NA,NA,NA,0,NA,1,0,0,NA,0,0,NA,NA,22.84029012,-1.398659691,0.076906634,0.398321749
503_669,503,NA,NA,1,1,1,2013,1,394385,5318411,1,1,48.01026194,-124.4161318,5/31/2013,6/17/2013,17,17,4,NA,NA,NA,NA,NA,NA,NA,NA,NA,NA,NA,NA,NA,NA,NA,NA,0,NA,1,0,0,NA,0,0,NA,NA,37.64362479,-1.295302547,1.096139082,-2.070908499
503_669,503,NA,NA,1,1,2,2013,1,394385,5318411,1,2,48.01026194,-124.4161318,6/17/2013,7/1/2013,14,14,14,NA,NA,NA,NA,NA,NA,NA,NA,NA,NA,NA,NA,NA,NA,NA,NA,0,NA,0,1,0,NA,0,1,NA,NA,303.9587587,0.56411441,0.076906634,0.398321749
503_669,503,NA,NA,1,1,3,2013,1,394385,5318411,1,3,48.01026194,-124.4161318,7/1/2013,7/15/2013,14,14,9,NA,NA,NA,NA,NA,NA,NA,NA,NA,NA,NA,NA,NA,NA,NA,NA,1,NA,0,1,0,NA,0,1,NA,NA,22.83357989,-1.398706542,0.076906634,-0.836293375
503_666,503,NA,NA,1,1,1,2013,1,393276,5316695,2,1,47.99464335,-124.4305701,5/31/2013,6/17/2013,17,17,17,NA,NA,NA,NA,NA,NA,NA,NA,NA,NA,NA,NA,NA,NA,NA,NA,0,NA,0,0,0,NA,0,0,NA,NA,37.65381452,-1.295231403,1.096139082,1.139090824
503_666,503,NA,NA,1,1,2,2013,1,393276,5316695,2,2,47.99464335,-124.4305701,6/17/2013,7/1/2013,14,14,14,NA,NA,NA,NA,NA,NA,NA,NA,NA,NA,NA,NA,NA,NA,NA,NA,0,NA,0,0,0,NA,0,0,NA,NA,304.0427589,0.564700901,0.076906634,0.398321749
503_666,503,NA,NA,1,1,3,2013,1,393276,5316695,2,3,47.99464335,-124.4305701,7/1/2013,7/15/2013,14,14,10,NA,NA,NA,NA,NA,NA,NA,NA,NA,NA,NA,NA,NA,NA,NA,NA,0,NA,1,0,0,NA,0,0,NA,NA,22.83908486,-1.398668106,0.076906634,-0.58937035
503_670,503,NA,NA,1,1,1,2013,1,396183,5318642,3,1,48.0126343,-124.3920868,5/31/2013,6/17/2013,17,17,17,NA,NA,NA,NA,NA,NA,NA,NA,NA,NA,NA,NA,NA,NA,NA,NA,0,NA,0,0,0,NA,0,0,NA,NA,37.64147333,-1.295317569,1.096139082,1.139090824
503_670,503,NA,NA,1,1,2,2013,1,396183,5318642,3,2,48.0126343,-124.3920868,6/17/2013,7/1/2013,14,14,14,NA,NA,NA,NA,NA,NA,NA,NA,NA,NA,NA,NA,NA,NA,NA,NA,0,NA,0,1,0,NA,0,1,NA,NA,303.9480463,0.564039616,0.076906634,0.398321749
503_670,503,NA,NA,1,1,3,2013,1,396183,5318642,3,3,48.0126343,-124.3920868,7/1/2013,7/15/2013,14,14,14,NA,NA,NA,NA,NA,NA,NA,NA,NA,NA,NA,NA,NA,NA,NA,NA,0,NA,1,0,0,NA,0,0,NA,NA,22.83396907,-1.398703825,0.076906634,0.398321749
506_660,506,NA,NA,1,1,1,2013,1,421482,5314735,1,1,47.98109797,-124.0522053,7/16/2013,7/30/2013,14,14,12,NA,NA,NA,NA,NA,NA,NA,NA,NA,NA,NA,NA,NA,NA,NA,NA,0,NA,0,0,0,NA,0,0,NA,NA,341.7063992,0.827669101,0.076906634,-0.0955243
506_660,506,NA,NA,1,1,2,2013,1,421482,5314735,1,2,47.98109797,-124.0522053,7/30/2013,8/13/2013,14,14,14,NA,NA,NA,NA,NA,NA,NA,NA,NA,NA,NA,NA,NA,NA,NA,NA,0,NA,0,0,0,NA,0,0,NA,NA,31.25140258,-1.339933156,0.076906634,0.398321749
506_660,506,NA,NA,1,1,3,2013,1,421482,5314735,1,3,47.98109797,-124.0522053,8/13/2013,8/27/2013,14,14,14,NA,NA,NA,NA,NA,NA,NA,NA,NA,NA,NA,NA,NA,NA,NA,NA,0,NA,0,0,0,NA,0,0,NA,NA,388.7629084,1.156218477,0.076906634,0.398321749
506_660,506,NA,NA,1,1,4,2013,1,421482,5314735,1,4,47.98109797,-124.0522053,8/27/2013,9/10/2013,14,14,14,NA,NA,NA,NA,NA,NA,NA,NA,NA,NA,NA,NA,NA,NA,NA,NA,0,NA,0,0,0,NA,0,0,NA,NA,61.58338735,-1.128154703,0.076906634,0.398321749
506_671,506,NA,NA,1,1,1,2013,1,423536,5318674,2,1,48.01678104,-124.0253866,7/16/2013,7/30/2013,14,14,2,NA,NA,NA,NA,NA,NA,NA,NA,NA,NA,NA,NA,NA,NA,NA,NA,0,NA,0,0,0,NA,0,0,NA,NA,341.5588053,0.826638598,0.076906634,-2.564754549
506_671,506,NA,NA,1,1,2,2013,1,423536,5318674,2,2,48.01678104,-124.0253866,7/30/2013,8/13/2013,14,14,8,NA,NA,NA,NA,NA,NA,NA,NA,NA,NA,NA,NA,NA,NA,NA,NA,0,NA,0,0,0,NA,0,0,NA,NA,31.2483859,-1.339954218,0.076906634,-1.0832164
506_671,506,NA,NA,1,1,3,2013,1,423536,5318674,2,3,48.01678104,-124.0253866,8/13/2013,8/27/2013,14,14,14,NA,NA,NA,NA,NA,NA,NA,NA,NA,NA,NA,NA,NA,NA,NA,NA,0,NA,0,0,0,NA,0,0,NA,NA,388.674886,1.155603903,0.076906634,0.398321749
506_671,506,NA,NA,1,1,4,2013,1,423536,5318674,2,4,48.01678104,-124.0253866,8/27/2013,9/10/2013,14,14,14,NA,NA,NA,NA,NA,NA,NA,NA,NA,NA,NA,NA,NA,NA,NA,NA,0,NA,0,0,0,NA,0,0,NA,NA,61.59332438,-1.128085323,0.076906634,0.398321749
506_668,506,NA,NA,1,1,1,2013,1,423132,5317659,3,1,48.00760191,-124.0306214,7/16/2013,7/30/2013,14,14,9,NA,NA,NA,NA,NA,NA,NA,NA,NA,NA,NA,NA,NA,NA,NA,NA,0,NA,0,0,0,NA,0,0,NA,NA,341.5950971,0.826891988,0.076906634,-0.836293375
506_668,506,NA,NA,1,1,2,2013,1,423132,5317659,3,2,48.00760191,-124.0306214,7/30/2013,8/13/2013,14,14,7,NA,NA,NA,NA,NA,NA,NA,NA,NA,NA,NA,NA,NA,NA,NA,NA,0,NA,0,0,0,NA,0,0,NA,NA,31.24942081,-1.339946992,0.076906634,-1.330139425
506_560,506,NA,NA,1,1,1,2013,1,422220,5317593,3,3,48.00689785,-124.0428352,8/13/2013,8/27/2013,14,14,14,NA,NA,NA,NA,NA,NA,NA,NA,NA,NA,NA,NA,NA,NA,NA,NA,0,NA,0,0,0,NA,1,0,NA,NA,388.700379,1.155781896,0.076906634,0.398321749
506_560,506,NA,NA,1,1,2,2013,1,422220,5317593,3,4,48.00689785,-124.0428352,8/27/2013,9/10/2013,14,14,14,NA,NA,NA,NA,NA,NA,NA,NA,NA,NA,NA,NA,NA,NA,NA,NA,0,NA,0,1,0,NA,1,1,NA,NA,61.59021233,-1.128107051,0.076906634,0.398321749
509_662,509,NA,NA,1,1,1,2013,1,450829,5314933,1,1,47.98580852,-123.6589892,7/22/2013,8/6/2013,15,15,15,NA,NA,NA,NA,NA,NA,NA,NA,NA,NA,NA,NA,NA,NA,NA,NA,0,NA,0,1,0,NA,0,1,NA,NA,227.1777849,0.028028298,0.416650783,0.645244774
509_662,509,NA,NA,1,1,2,2013,1,450829,5314933,1,2,47.98580852,-123.6589892,8/6/2013,8/20/2013,14,14,14,NA,NA,NA,NA,NA,NA,NA,NA,NA,NA,NA,NA,NA,NA,NA,NA,0,NA,0,0,0,NA,0,0,NA,NA,142.8435945,-0.560794505,0.076906634,0.398321749
509_662,509,NA,NA,1,1,3,2013,1,450829,5314933,1,3,47.98580852,-123.6589892,8/20/2013,9/3/2013,14,14,14,NA,NA,NA,NA,NA,NA,NA,NA,NA,NA,NA,NA,NA,NA,NA,NA,0,NA,0,1,0,NA,0,1,NA,NA,310.3929497,0.609038045,0.076906634,0.398321749
509_664,509,NA,NA,1,1,1,2013,1,452441,5316300,2,1,47.99822884,-123.6375381,7/22/2013,8/6/2013,15,15,15,NA,NA,NA,NA,NA,NA,NA,NA,NA,NA,NA,NA,NA,NA,NA,NA,0,NA,0,0,0,NA,0,0,NA,NA,227.1570929,0.027883826,0.416650783,0.645244774
509_664,509,NA,NA,1,1,2,2013,1,452441,5316300,2,2,47.99822884,-123.6375381,8/6/2013,8/20/2013,14,14,14,NA,NA,NA,NA,NA,NA,NA,NA,NA,NA,NA,NA,NA,NA,NA,NA,0,NA,0,0,0,NA,0,0,NA,NA,142.8178385,-0.560974334,0.076906634,0.398321749
509_664,509,NA,NA,1,1,3,2013,1,452441,5316300,2,3,47.99822884,-123.6375381,8/20/2013,9/3/2013,14,14,14,NA,NA,NA,NA,NA,NA,NA,NA,NA,NA,NA,NA,NA,NA,NA,NA,0,NA,0,0,0,NA,0,0,NA,NA,310.3884019,0.609006292,0.076906634,0.398321749
509_667,509,NA,NA,1,1,1,2013,1,451505,5317133,3,1,48.00565269,-123.6501787,7/22/2013,8/6/2013,15,15,15,NA,NA,NA,NA,NA,NA,NA,NA,NA,NA,NA,NA,NA,NA,NA,NA,0,NA,0,0,0,NA,0,0,NA,NA,227.1437234,0.02779048,0.416650783,0.645244774
509_667,509,NA,NA,1,1,2,2013,1,451505,5317133,3,2,48.00565269,-123.6501787,8/6/2013,8/20/2013,14,14,14,NA,NA,NA,NA,NA,NA,NA,NA,NA,NA,NA,NA,NA,NA,NA,NA,0,NA,0,0,0,NA,0,0,NA,NA,142.8058208,-0.561058242,0.076906634,0.398321749
509_667,509,NA,NA,1,1,3,2013,1,451505,5317133,3,3,48.00565269,-123.6501787,8/20/2013,9/3/2013,14,14,14,NA,NA,NA,NA,NA,NA,NA,NA,NA,NA,NA,NA,NA,NA,NA,NA,0,NA,0,0,0,NA,0,0,NA,NA,310.3845783,0.608979595,0.076906634,0.398321749
511_672,511,NA,NA,1,1,1,2013,1,467299,5319150,1,1,48.02480273,-123.4385883,9/17/2013,9/30/2013,13,13,13,NA,NA,NA,NA,NA,NA,NA,NA,NA,NA,NA,NA,NA,NA,NA,NA,0,NA,0,0,0,NA,0,0,NA,NA,450.8677663,1.589835689,-0.262837516,0.151398724
511_672,511,NA,NA,1,1,2,2013,1,467299,5319150,1,2,48.02480273,-123.4385883,9/30/2013,10/18/2013,18,18,18,NA,NA,NA,NA,NA,NA,NA,NA,NA,NA,NA,NA,NA,NA,NA,NA,0,NA,0,0,0,NA,0,0,NA,NA,179.0145916,-0.308247966,1.435883231,1.386013849
511_672,511,NA,NA,1,1,3,2013,1,467299,5319150,1,3,48.02480273,-123.4385883,10/18/2013,10/31/2013,13,13,2,NA,NA,NA,NA,NA,NA,NA,NA,NA,NA,NA,NA,NA,NA,NA,NA,0,NA,0,0,0,NA,0,0,NA,NA,430.0860785,1.444737579,-0.262837516,-2.564754549
511_673,511,NA,NA,1,1,1,2013,1,468344,5319163,2,1,48.02497234,-123.4245741,9/17/2013,9/30/2013,13,13,13,NA,NA,NA,NA,NA,NA,NA,NA,NA,NA,NA,NA,NA,NA,NA,NA,0,NA,0,0,0,NA,0,0,NA,NA,450.8715577,1.589862161,-0.262837516,0.151398724
511_673,511,NA,NA,1,1,2,2013,1,468344,5319163,2,2,48.02497234,-123.4245741,9/30/2013,10/18/2013,18,18,18,NA,NA,NA,NA,NA,NA,NA,NA,NA,NA,NA,NA,NA,NA,NA,NA,0,NA,0,0,0,NA,0,0,NA,NA,179.0140997,-0.308251401,1.435883231,1.386013849
511_673,511,NA,NA,1,1,3,2013,1,468344,5319163,2,3,48.02497234,-123.4245741,10/18/2013,10/31/2013,13,13,13,NA,NA,NA,NA,NA,NA,NA,NA,NA,NA,NA,NA,NA,NA,NA,NA,0,NA,0,0,0,NA,0,0,NA,NA,430.0896378,1.44476243,-0.262837516,0.151398724
511_661,511,NA,NA,1,1,1,2013,1,468460,5314794,3,1,47.98567048,-123.422697,9/17/2013,9/30/2013,13,13,13,NA,NA,NA,NA,NA,NA,NA,NA,NA,NA,NA,NA,NA,NA,NA,NA,0,NA,0,0,0,NA,0,0,NA,NA,450.8134939,1.589456758,-0.262837516,0.151398724
511_661,511,NA,NA,1,1,2,2013,1,468460,5314794,3,2,47.98567048,-123.422697,9/30/2013,10/18/2013,18,18,18,NA,NA,NA,NA,NA,NA,NA,NA,NA,NA,NA,NA,NA,NA,NA,NA,1,NA,0,0,0,NA,0,0,NA,NA,179.002739,-0.308330721,1.435883231,1.386013849
511_661,511,NA,NA,1,1,3,2013,1,468460,5314794,3,3,47.98567048,-123.422697,10/18/2013,10/31/2013,13,13,13,NA,NA,NA,NA,NA,NA,NA,NA,NA,NA,NA,NA,NA,NA,NA,NA,1,NA,0,0,0,NA,0,0,NA,NA,429.9664591,1.443902394,-0.262837516,0.151398724
553_676,553,NA,NA,1,1,1,2013,1,390727,5323004,1,1,48.05095726,-124.4663352,7/23/2013,8/7/2013,15,15,15,NA,NA,NA,NA,NA,NA,NA,NA,NA,NA,NA,NA,NA,NA,NA,NA,0,NA,0,0,0,NA,0,0,NA,NA,192.8771165,-0.211459573,0.416650783,0.645244774
553_676,553,NA,NA,1,1,2,2013,1,390727,5323004,1,2,48.05095726,-124.4663352,8/7/2013,8/21/2013,14,14,14,NA,NA,NA,NA,NA,NA,NA,NA,NA,NA,NA,NA,NA,NA,NA,NA,0,NA,0,1,0,NA,0,1,NA,NA,184.8938566,-0.267198835,0.076906634,0.398321749
553_676,553,NA,NA,1,1,3,2013,1,390727,5323004,1,3,48.05095726,-124.4663352,8/21/2013,9/4/2013,14,14,14,NA,NA,NA,NA,NA,NA,NA,NA,NA,NA,NA,NA,NA,NA,NA,NA,0,NA,0,0,0,NA,0,0,NA,NA,268.4660991,0.316304035,0.076906634,0.398321749
553_684,553,NA,NA,1,1,1,2013,1,392447,5324843,2,1,48.06778986,-124.4437247,7/23/2013,8/7/2013,15,15,15,NA,NA,NA,NA,NA,NA,NA,NA,NA,NA,NA,NA,NA,NA,NA,NA,0,NA,0,0,0,NA,0,0,NA,NA,192.8604664,-0.211575825,0.416650783,0.645244774
553_684,553,NA,NA,1,1,2,2013,1,392447,5324843,2,2,48.06778986,-124.4437247,8/7/2013,8/21/2013,14,14,14,NA,NA,NA,NA,NA,NA,NA,NA,NA,NA,NA,NA,NA,NA,NA,NA,0,NA,0,1,0,NA,0,1,NA,NA,184.8562472,-0.267461424,0.076906634,0.398321749
553_684,553,NA,NA,1,1,3,2013,1,392447,5324843,2,3,48.06778986,-124.4437247,8/21/2013,9/4/2013,14,14,14,NA,NA,NA,NA,NA,NA,NA,NA,NA,NA,NA,NA,NA,NA,NA,NA,0,NA,0,1,0,NA,0,1,NA,NA,268.4672784,0.316312269,0.076906634,0.398321749
553_687,553,NA,NA,1,1,1,2013,1,389266,5325360,3,1,48.07189542,-124.4865437,7/23/2013,8/7/2013,15,15,15,NA,NA,NA,NA,NA,NA,NA,NA,NA,NA,NA,NA,NA,NA,NA,NA,0,NA,0,0,0,NA,0,0,NA,NA,192.8561615,-0.211605881,0.416650783,0.645244774
553_687,553,NA,NA,1,1,2,2013,1,389266,5325360,3,2,48.07189542,-124.4865437,8/7/2013,8/21/2013,14,14,14,NA,NA,NA,NA,NA,NA,NA,NA,NA,NA,NA,NA,NA,NA,NA,NA,0,NA,0,0,0,NA,0,0,NA,NA,184.8504493,-0.267501905,0.076906634,0.398321749
553_687,553,NA,NA,1,1,3,2013,1,389266,5325360,3,3,48.07189542,-124.4865437,8/21/2013,9/4/2013,14,14,14,NA,NA,NA,NA,NA,NA,NA,NA,NA,NA,NA,NA,NA,NA,NA,NA,0,NA,0,0,0,NA,0,0,NA,NA,268.4641611,0.316290504,0.076906634,0.398321749
560_678,560,NA,NA,1,1,1,2013,1,452765,5324037,1,1,48.06785943,-123.6340484,8/8/2013,8/22/2013,14,14,5,NA,NA,NA,NA,NA,NA,NA,NA,NA,NA,NA,NA,NA,NA,NA,NA,0,NA,0,0,0,NA,0,0,NA,NA,227.7197382,0.031812225,0.076906634,-1.823985474
560_678,560,NA,NA,1,1,2,2013,1,452765,5324037,1,2,48.06785943,-123.6340484,8/22/2013,9/5/2013,14,14,14,NA,NA,NA,NA,NA,NA,NA,NA,NA,NA,NA,NA,NA,NA,NA,NA,0,NA,0,0,0,NA,0,0,NA,NA,225.5788745,0.016864677,0.076906634,0.398321749
560_678,560,NA,NA,1,1,3,2013,1,452765,5324037,1,3,48.06785943,-123.6340484,9/5/2013,9/19/2013,14,14,6,NA,NA,NA,NA,NA,NA,NA,NA,NA,NA,NA,NA,NA,NA,NA,NA,0,NA,0,0,0,NA,0,0,NA,NA,204.5812347,-0.129741214,0.076906634,-1.57706245
560_689,560,NA,NA,1,1,1,2013,1,457127,5325774,2,1,48.08379472,-123.5756736,8/8/2013,8/22/2013,14,14,14,NA,NA,NA,NA,NA,NA,NA,NA,NA,NA,NA,NA,NA,NA,NA,NA,0,NA,0,0,0,NA,0,0,NA,NA,227.6778675,0.031519883,0.076906634,0.398321749
560_689,560,NA,NA,1,1,2,2013,1,457127,5325774,2,2,48.08379472,-123.5756736,8/22/2013,9/5/2013,14,14,14,NA,NA,NA,NA,NA,NA,NA,NA,NA,NA,NA,NA,NA,NA,NA,NA,0,NA,0,0,0,NA,0,0,NA,NA,225.5869075,0.016920764,0.076906634,0.398321749
560_689,560,NA,NA,1,1,3,2013,1,457127,5325774,2,3,48.08379472,-123.5756736,9/5/2013,9/19/2013,14,14,14,NA,NA,NA,NA,NA,NA,NA,NA,NA,NA,NA,NA,NA,NA,NA,NA,0,NA,0,0,0,NA,0,0,NA,NA,204.5633189,-0.129866302,0.076906634,0.398321749
560_691,560,NA,NA,1,1,1,2013,1,454418,5326313,3,1,48.08845587,-123.6121039,8/8/2013,8/22/2013,14,14,14,NA,NA,NA,NA,NA,NA,NA,NA,NA,NA,NA,NA,NA,NA,NA,NA,0,NA,1,0,0,NA,0,0,NA,NA,227.6669466,0.031443634,0.076906634,0.398321749
560_691,560,NA,NA,1,1,2,2013,1,454418,5326313,3,2,48.08845587,-123.6121039,8/22/2013,9/5/2013,14,3,14,NA,NA,NA,NA,NA,NA,NA,NA,NA,NA,NA,NA,NA,NA,NA,NA,0,NA,0,0,0,NA,0,0,NA,NA,225.5853876,0.016910152,-3.660279009,0.398321749
560_691,560,NA,NA,1,1,3,2013,1,454418,5326313,3,3,48.08845587,-123.6121039,9/5/2013,9/19/2013,14,14,14,NA,NA,NA,NA,NA,NA,NA,NA,NA,NA,NA,NA,NA,NA,NA,NA,1,NA,1,0,0,NA,0,0,NA,NA,204.5581649,-0.129902287,0.076906634,0.398321749
562_686,562,NA,NA,1,1,1,2013,1,471953,5325327,1,1,48.08059798,-123.376575,6/6/2013,6/21/2013,15,15,15,NA,NA,NA,NA,NA,NA,NA,NA,NA,NA,NA,NA,NA,NA,NA,NA,0,NA,0,0,0,NA,0,0,NA,NA,82.57431435,-0.981595681,0.416650783,0.645244774
562_686,562,NA,NA,1,1,2,2013,1,471953,5325327,1,2,48.08059798,-123.376575,6/21/2013,7/5/2013,14,14,14,NA,NA,NA,NA,NA,NA,NA,NA,NA,NA,NA,NA,NA,NA,NA,NA,0,NA,0,0,0,NA,0,0,NA,NA,251.0463526,0.194679058,0.076906634,0.398321749
562_686,562,NA,NA,1,1,3,2013,1,471953,5325327,1,3,48.08059798,-123.376575,7/5/2013,7/19/2013,14,14,14,NA,NA,NA,NA,NA,NA,NA,NA,NA,NA,NA,NA,NA,NA,NA,NA,0,NA,0,0,0,NA,0,0,NA,NA,50.38984914,-1.206308184,0.076906634,0.398321749
562_682,562,NA,NA,1,1,1,2013,1,470946,5324835,2,1,48.07612642,-123.3900618,6/6/2013,6/21/2013,15,15,15,NA,NA,NA,NA,NA,NA,NA,NA,NA,NA,NA,NA,NA,NA,NA,NA,0,NA,0,0,0,NA,0,0,NA,NA,82.5828682,-0.981535958,0.416650783,0.645244774
562_682,562,NA,NA,1,1,2,2013,1,470946,5324835,2,2,48.07612642,-123.3900618,6/21/2013,7/5/2013,14,14,14,NA,NA,NA,NA,NA,NA,NA,NA,NA,NA,NA,NA,NA,NA,NA,NA,0,NA,1,0,0,NA,0,0,NA,NA,251.0658736,0.194815354,0.076906634,0.398321749
562_682,562,NA,NA,1,1,3,2013,1,470946,5324835,2,3,48.07612642,-123.3900618,7/5/2013,7/19/2013,14,14,14,NA,NA,NA,NA,NA,NA,NA,NA,NA,NA,NA,NA,NA,NA,NA,NA,0,NA,0,0,0,NA,0,0,NA,NA,50.39483655,-1.206273362,0.076906634,0.398321749
562_692,562,NA,NA,1,1,1,2013,1,473388,5327387,3,1,48.09919305,-123.3574367,6/6/2013,6/21/2013,15,15,15,NA,NA,NA,NA,NA,NA,NA,NA,NA,NA,NA,NA,NA,NA,NA,NA,0,NA,0,0,0,NA,0,0,NA,NA,82.5428795,-0.98181516,0.416650783,0.645244774
562_692,562,NA,NA,1,1,2,2013,1,473388,5327387,3,2,48.09919305,-123.3574367,6/21/2013,7/5/2013,14,14,14,NA,NA,NA,NA,NA,NA,NA,NA,NA,NA,NA,NA,NA,NA,NA,NA,0,NA,0,0,0,NA,0,0,NA,NA,250.9726015,0.194164127,0.076906634,0.398321749
562_692,562,NA,NA,1,1,3,2013,1,473388,5327387,3,3,48.09919305,-123.3574367,7/5/2013,7/19/2013,14,14,14,NA,NA,NA,NA,NA,NA,NA,NA,NA,NA,NA,NA,NA,NA,NA,NA,0,NA,0,0,0,NA,0,0,NA,NA,50.36547713,-1.20647835,0.076906634,0.398321749
563_683,563,NA,NA,1,1,1,2013,1,480156,5324837,1,1,48.07649761,-123.2664156,8/8/2013,8/30/2013,22,22,18,NA,NA,NA,NA,NA,NA,NA,NA,NA,NA,NA,NA,NA,NA,NA,NA,0,NA,0,0,0,NA,0,0,NA,NA,278.8826084,0.389032287,2.794859828,1.386013849
563_683,563,NA,NA,1,1,2,2013,1,480156,5324837,1,2,48.07649761,-123.2664156,8/30/2013,9/13/2013,14,14,14,NA,NA,NA,NA,NA,NA,NA,NA,NA,NA,NA,NA,NA,NA,NA,NA,0,NA,1,0,0,NA,0,0,NA,NA,32.16075027,-1.333584074,0.076906634,0.398321749
563_683,563,NA,NA,1,1,3,2013,1,480156,5324837,1,3,48.07649761,-123.2664156,9/13/2013,9/27/2013,14,8,8,NA,NA,NA,NA,NA,NA,NA,NA,NA,NA,NA,NA,NA,NA,NA,NA,0,NA,0,0,0,NA,0,0,NA,NA,483.1790719,1.815433794,-1.961558263,-1.0832164
563_677,563,NA,NA,1,1,1,2013,1,481612,5323271,2,1,48.06245198,-123.2468009,8/8/2013,8/30/2013,22,22,22,NA,NA,NA,NA,NA,NA,NA,NA,NA,NA,NA,NA,NA,NA,NA,NA,0,NA,0,0,0,NA,0,0,NA,NA,278.9041545,0.389182722,2.794859828,2.373705948
563_677,563,NA,NA,1,1,2,2013,1,481612,5323271,2,2,48.06245198,-123.2468009,8/30/2013,9/13/2013,14,14,5,NA,NA,NA,NA,NA,NA,NA,NA,NA,NA,NA,NA,NA,NA,NA,NA,0,NA,0,0,0,NA,0,0,NA,NA,32.16485859,-1.33355539,0.076906634,-1.823985474
563_677,563,NA,NA,1,1,3,2013,1,481612,5323271,2,3,48.06245198,-123.2468009,9/13/2013,9/27/2013,14,14,14,NA,NA,NA,NA,NA,NA,NA,NA,NA,NA,NA,NA,NA,NA,NA,NA,0,NA,0,1,0,NA,0,1,NA,NA,483.1705265,1.81537413,0.076906634,0.398321749
563_679,563,NA,NA,1,1,1,2013,1,481443,5324091,3,1,48.06982462,-123.2491048,8/15/2013,8/30/2013,15,15,15,NA,NA,NA,NA,NA,NA,NA,NA,NA,NA,NA,NA,NA,NA,NA,NA,0,NA,0,0,0,NA,0,0,NA,NA,393.0431727,1.186103358,0.416650783,0.645244774
563_679,563,NA,NA,1,1,2,2013,1,481443,5324091,3,2,48.06982462,-123.2491048,8/30/2013,9/13/2013,14,14,14,NA,NA,NA,NA,NA,NA,NA,NA,NA,NA,NA,NA,NA,NA,NA,NA,0,NA,0,0,0,NA,0,0,NA,NA,32.16269714,-1.333570481,0.076906634,0.398321749
563_679,563,NA,NA,1,1,3,2013,1,481443,5324091,3,3,48.06982462,-123.2491048,9/13/2013,9/27/2013,14,14,11,NA,NA,NA,NA,NA,NA,NA,NA,NA,NA,NA,NA,NA,NA,NA,NA,0,NA,0,0,0,NA,0,0,NA,NA,483.1729366,1.815390958,0.076906634,-0.342447325
564_675,564,NA,NA,1,1,1,2013,1,489675,5322593,1,1,48.05653345,-123.1385646,9/18/2013,10/2/2013,14,14,14,NA,NA,NA,NA,NA,NA,NA,NA,NA,NA,NA,NA,NA,NA,NA,NA,0,NA,0,0,0,NA,0,0,NA,NA,381.3149478,1.104216685,0.076906634,0.398321749
564_675,564,NA,NA,1,1,2,2013,1,489675,5322593,1,2,48.05653345,-123.1385646,10/2/2013,10/16/2013,14,2,14,NA,NA,NA,NA,NA,NA,NA,NA,NA,NA,NA,NA,NA,NA,NA,NA,0,NA,0,0,0,NA,0,0,NA,NA,123.968555,-0.692580364,-4.000023159,0.398321749
564_675,564,NA,NA,1,1,3,2013,1,489675,5322593,1,3,48.05653345,-123.1385646,10/16/2013,10/30/2013,14,14,14,NA,NA,NA,NA,NA,NA,NA,NA,NA,NA,NA,NA,NA,NA,NA,NA,0,NA,0,0,0,NA,0,0,NA,NA,496.6683118,1.909615905,0.076906634,0.398321749
564_680,564,NA,NA,1,1,1,2013,1,488928,5324117,2,1,48.07023244,-123.148629,9/18/2013,10/2/2013,14,14,14,NA,NA,NA,NA,NA,NA,NA,NA,NA,NA,NA,NA,NA,NA,NA,NA,0,NA,0,0,0,NA,0,0,NA,NA,381.3329562,1.10434242,0.076906634,0.398321749
564_680,564,NA,NA,1,1,2,2013,1,488928,5324117,2,2,48.07023244,-123.148629,10/2/2013,10/16/2013,14,14,14,NA,NA,NA,NA,NA,NA,NA,NA,NA,NA,NA,NA,NA,NA,NA,NA,0,NA,0,0,0,NA,0,0,NA,NA,123.9681187,-0.69258341,0.076906634,0.398321749
564_680,564,NA,NA,1,1,3,2013,1,488928,5324117,2,3,48.07023244,-123.148629,10/16/2013,10/30/2013,14,14,14,NA,NA,NA,NA,NA,NA,NA,NA,NA,NA,NA,NA,NA,NA,NA,NA,0,NA,0,0,0,NA,0,0,NA,NA,496.7141866,1.909936204,0.076906634,0.398321749
565_690,565,NA,NA,1,1,1,2013,1,501370,5325966,1,1,48.08696266,-122.9816033,9/10/2013,9/24/2013,14,14,14,NA,NA,NA,NA,NA,NA,NA,NA,NA,NA,NA,NA,NA,NA,NA,NA,0,NA,0,0,0,NA,0,0,NA,NA,423.7676799,1.400622409,0.076906634,0.398321749
565_690,565,NA,NA,1,1,2,2013,1,501370,5325966,1,2,48.08696266,-122.9816033,9/24/2013,10/8/2013,14,14,14,NA,NA,NA,NA,NA,NA,NA,NA,NA,NA,NA,NA,NA,NA,NA,NA,0,NA,0,0,0,NA,0,0,NA,NA,113.2516661,-0.767405871,0.076906634,0.398321749
565_690,565,NA,NA,1,1,3,2013,1,501370,5325966,1,3,48.08696266,-122.9816033,10/8/2013,10/22/2013,14,14,14,NA,NA,NA,NA,NA,NA,NA,NA,NA,NA,NA,NA,NA,NA,NA,NA,0,NA,0,0,0,NA,0,0,NA,NA,436.5276027,1.489712414,0.076906634,0.398321749
565_690,565,NA,NA,1,1,4,2013,1,501370,5325966,1,4,48.08696266,-122.9816033,10/22/2013,11/5/2013,14,14,14,NA,NA,NA,NA,NA,NA,NA,NA,NA,NA,NA,NA,NA,NA,NA,NA,0,NA,0,0,0,NA,0,0,NA,NA,188.1766772,-0.244278123,0.076906634,0.398321749
565_688,565,NA,NA,1,1,1,2013,1,500500,5325614,2,1,48.08379697,-122.9932863,9/10/2013,9/24/2013,14,0,14,NA,NA,NA,NA,NA,NA,NA,NA,NA,NA,NA,NA,NA,NA,NA,NA,0,NA,0,0,0,NA,0,0,NA,NA,423.7702112,1.400640082,-4.679511457,0.398321749
565_688,565,NA,NA,1,1,2,2013,1,500500,5325614,2,2,48.08379697,-122.9932863,9/24/2013,10/8/2013,14,14,14,NA,NA,NA,NA,NA,NA,NA,NA,NA,NA,NA,NA,NA,NA,NA,NA,0,NA,0,0,0,NA,0,0,NA,NA,113.2488989,-0.767425192,0.076906634,0.398321749
565_688,565,NA,NA,1,1,3,2013,1,500500,5325614,2,3,48.08379697,-122.9932863,10/8/2013,10/22/2013,14,14,14,NA,NA,NA,NA,NA,NA,NA,NA,NA,NA,NA,NA,NA,NA,NA,NA,0,NA,0,0,0,NA,0,0,NA,NA,436.5225519,1.48967715,0.076906634,0.398321749
565_688,565,NA,NA,1,1,4,2013,1,500500,5325614,2,4,48.08379697,-122.9932863,10/22/2013,11/5/2013,14,14,14,NA,NA,NA,NA,NA,NA,NA,NA,NA,NA,NA,NA,NA,NA,NA,NA,0,NA,1,0,0,NA,0,0,NA,NA,188.1696499,-0.244327188,0.076906634,0.398321749
565_681,565,NA,NA,1,1,1,2013,1,500041,5324424,3,1,48.07309066,-122.9994496,9/10/2013,9/24/2013,14,14,14,NA,NA,NA,NA,NA,NA,NA,NA,NA,NA,NA,NA,NA,NA,NA,NA,0,NA,1,0,0,NA,0,0,NA,NA,423.7753547,1.400675994,0.076906634,0.398321749
565_681,565,NA,NA,1,1,2,2013,1,500041,5324424,3,2,48.07309066,-122.9994496,9/24/2013,10/8/2013,14,14,14,NA,NA,NA,NA,NA,NA,NA,NA,NA,NA,NA,NA,NA,NA,NA,NA,0,NA,0,0,0,NA,0,0,NA,NA,113.2391305,-0.767493395,0.076906634,0.398321749
565_681,565,NA,NA,1,1,3,2013,1,500041,5324424,3,3,48.07309066,-122.9994496,10/8/2013,10/22/2013,14,14,14,NA,NA,NA,NA,NA,NA,NA,NA,NA,NA,NA,NA,NA,NA,NA,NA,0,NA,1,0,0,NA,0,0,NA,NA,436.5096927,1.489587366,0.076906634,0.398321749
565_681,565,NA,NA,1,1,4,2013,1,500041,5324424,3,4,48.07309066,-122.9994496,10/22/2013,11/5/2013,14,14,14,NA,NA,NA,NA,NA,NA,NA,NA,NA,NA,NA,NA,NA,NA,NA,NA,0,NA,1,0,0,NA,0,0,NA,NA,188.1511307,-0.244456489,0.076906634,0.398321749
600_703,600,NA,NA,1,1,1,2013,1,375681,5334785,1,1,48.1541526,-124.6715866,9/13/2013,9/27/2013,14,14,5,NA,NA,NA,NA,NA,NA,NA,NA,NA,NA,NA,NA,NA,NA,NA,NA,0,NA,0,1,0,NA,0,1,NA,NA,483.2176189,1.81570293,0.076906634,-1.823985474
600_703,600,NA,NA,1,1,2,2013,1,375681,5334785,1,2,48.1541526,-124.6715866,9/27/2013,10/19/2013,22,22,5,NA,NA,NA,NA,NA,NA,NA,NA,NA,NA,NA,NA,NA,NA,NA,NA,0,NA,0,1,0,NA,0,1,NA,NA,202.538852,-0.144001166,2.794859828,-1.823985474
600_703,600,NA,NA,1,1,3,2013,1,375681,5334785,1,3,48.1541526,-124.6715866,10/19/2013,11/2/2013,14,14,7,NA,NA,NA,NA,NA,NA,NA,NA,NA,NA,NA,NA,NA,NA,NA,NA,0,NA,0,1,0,NA,0,1,NA,NA,344.7904549,0.849202032,0.076906634,-1.330139425
600_702,600,NA,NA,1,1,1,2013,1,374793,5333787,2,1,48.14500329,-124.6832276,9/13/2013,9/27/2013,14,14,13,NA,NA,NA,NA,NA,NA,NA,NA,NA,NA,NA,NA,NA,NA,NA,NA,0,NA,0,0,0,NA,0,0,NA,NA,483.212025,1.815663873,0.076906634,0.151398724
600_702,600,NA,NA,1,1,2,2013,1,374793,5333787,2,2,48.14500329,-124.6832276,9/27/2013,10/19/2013,22,22,1,NA,NA,NA,NA,NA,NA,NA,NA,NA,NA,NA,NA,NA,NA,NA,NA,0,NA,0,0,0,NA,0,0,NA,NA,202.5334763,-0.144038699,2.794859828,-2.811677574
600_702,600,NA,NA,1,1,3,2013,1,374793,5333787,2,3,48.14500329,-124.6832276,10/19/2013,11/2/2013,14,14,4,NA,NA,NA,NA,NA,NA,NA,NA,NA,NA,NA,NA,NA,NA,NA,NA,0,NA,0,0,0,NA,0,0,NA,NA,344.7662007,0.849032689,0.076906634,-2.070908499
600_704,600,NA,NA,1,1,1,2013,1,375780,5335561,3,1,48.1611506,-124.6704826,9/13/2013,9/27/2013,14,14,9,NA,NA,NA,NA,NA,NA,NA,NA,NA,NA,NA,NA,NA,NA,NA,NA,0,NA,0,1,0,NA,0,1,NA,NA,483.2222341,1.815735154,0.076906634,-0.836293375
600_704,600,NA,NA,1,1,2,2013,1,375780,5335561,3,2,48.1611506,-124.6704826,9/27/2013,10/19/2013,22,22,2,NA,NA,NA,NA,NA,NA,NA,NA,NA,NA,NA,NA,NA,NA,NA,NA,0,NA,0,1,0,NA,0,1,NA,NA,202.54234,-0.143976812,2.794859828,-2.564754549
600_704,600,NA,NA,1,1,3,2013,1,375780,5335561,3,3,48.1611506,-124.6704826,10/19/2013,11/2/2013,14,14,3,NA,NA,NA,NA,NA,NA,NA,NA,NA,NA,NA,NA,NA,NA,NA,NA,0,NA,0,1,0,NA,0,1,NA,NA,344.8129286,0.849358944,0.076906634,-2.317831524
603_695,603,NA,NA,1,1,1,2013,1,405242,5330572,1,1,48.12135061,-124.2732912,9/12/2013,9/26/2013,14,14,14,NA,NA,NA,NA,NA,NA,NA,NA,NA,NA,NA,NA,NA,NA,NA,NA,0,NA,0,0,0,NA,0,0,NA,NA,472.0812189,1.737948389,0.076906634,0.398321749
603_695,603,NA,NA,1,1,2,2013,1,405242,5330572,1,2,48.12135061,-124.2732912,9/26/2013,10/18/2013,22,9,9,NA,NA,NA,NA,NA,NA,NA,NA,NA,NA,NA,NA,NA,NA,NA,NA,0,NA,0,0,0,NA,0,0,NA,NA,178.8857041,-0.309147861,-1.621814113,-0.836293375
603_695,603,NA,NA,1,1,3,2013,1,405242,5330572,1,3,48.12135061,-124.2732912,10/18/2013,11/1/2013,14,14,6,NA,NA,NA,NA,NA,NA,NA,NA,NA,NA,NA,NA,NA,NA,NA,NA,0,NA,0,1,0,NA,0,1,NA,NA,400.9777565,1.241502762,0.076906634,-1.57706245
603_699,603,NA,NA,1,1,1,2013,1,404287,5332335,2,1,48.13706542,-124.2865166,9/12/2013,9/26/2013,14,14,6,NA,NA,NA,NA,NA,NA,NA,NA,NA,NA,NA,NA,NA,NA,NA,NA,0,NA,0,1,0,NA,0,1,NA,NA,472.0859008,1.737981078,0.076906634,-1.57706245
603_699,603,NA,NA,1,1,2,2013,1,404287,5332335,2,2,48.13706542,-124.2865166,9/26/2013,10/18/2013,22,22,14,NA,NA,NA,NA,NA,NA,NA,NA,NA,NA,NA,NA,NA,NA,NA,NA,0,NA,0,0,0,NA,0,0,NA,NA,178.8935687,-0.30909295,2.794859828,0.398321749
603_699,603,NA,NA,1,1,3,2013,1,404287,5332335,2,3,48.13706542,-124.2865166,10/18/2013,11/1/2013,14,14,3,NA,NA,NA,NA,NA,NA,NA,NA,NA,NA,NA,NA,NA,NA,NA,NA,1,NA,0,1,0,NA,0,1,NA,NA,401.0247746,1.241831043,0.076906634,-2.317831524
603_701,603,NA,NA,1,1,1,2013,1,403325,5333534,3,1,48.14770455,-124.299716,9/12/2013,9/26/2013,14,14,14,NA,NA,NA,NA,NA,NA,NA,NA,NA,NA,NA,NA,NA,NA,NA,NA,0,NA,0,1,0,NA,0,1,NA,NA,472.0899992,1.738009693,0.076906634,0.398321749
603_701,603,NA,NA,1,1,2,2013,1,403325,5333534,3,2,48.14770455,-124.299716,9/26/2013,10/18/2013,22,22,10,NA,NA,NA,NA,NA,NA,NA,NA,NA,NA,NA,NA,NA,NA,NA,NA,0,NA,0,1,0,NA,0,1,NA,NA,178.89888,-0.309055867,2.794859828,-0.58937035
603_701,603,NA,NA,1,1,3,2013,1,403325,5333534,3,3,48.14770455,-124.299716,10/18/2013,11/1/2013,14,14,3,NA,NA,NA,NA,NA,NA,NA,NA,NA,NA,NA,NA,NA,NA,NA,NA,0,NA,0,1,0,NA,0,1,NA,NA,401.0545302,1.242038797,0.076906634,-2.317831524
605_697,605,NA,NA,1,1,1,2013,1,422231,5330699,1,1,48.12479538,-124.0450719,9/12/2013,9/26/2013,14,14,14,NA,NA,NA,NA,NA,NA,NA,NA,NA,NA,NA,NA,NA,NA,NA,NA,0,NA,0,1,0,NA,0,1,NA,NA,472.0840371,1.737968066,0.076906634,0.398321749
605_697,605,NA,NA,1,1,2,2013,1,422231,5330699,1,2,48.12479538,-124.0450719,9/26/2013,10/18/2013,22,22,12,NA,NA,NA,NA,NA,NA,NA,NA,NA,NA,NA,NA,NA,NA,NA,NA,0,NA,0,1,0,NA,0,1,NA,NA,178.8776618,-0.309204013,2.794859828,-0.0955243
605_697,605,NA,NA,1,1,3,2013,1,422231,5330699,1,3,48.12479538,-124.0450719,10/19/2013,11/2/2013,14,14,8,NA,NA,NA,NA,NA,NA,NA,NA,NA,NA,NA,NA,NA,NA,NA,NA,0,NA,0,1,0,NA,0,1,NA,NA,344.7691934,0.849053584,0.076906634,-1.0832164
605_693,605,NA,NA,1,1,1,2013,1,422965,5330404,2,1,48.12223096,-124.0351566,9/12/2013,9/26/2013,14,14,9,NA,NA,NA,NA,NA,NA,NA,NA,NA,NA,NA,NA,NA,NA,NA,NA,0,NA,0,0,0,NA,0,0,NA,NA,472.0816727,1.737951558,0.076906634,-0.836293375
605_693,605,NA,NA,1,1,2,2013,1,422965,5330404,2,2,48.12223096,-124.0351566,9/26/2013,10/18/2013,22,22,22,NA,NA,NA,NA,NA,NA,NA,NA,NA,NA,NA,NA,NA,NA,NA,NA,0,NA,0,1,0,NA,0,1,NA,NA,178.8753917,-0.309219862,2.794859828,2.373705948
605_693,605,NA,NA,1,1,3,2013,1,422965,5330404,2,3,48.12223096,-124.0351566,10/19/2013,11/2/2013,14,14,14,NA,NA,NA,NA,NA,NA,NA,NA,NA,NA,NA,NA,NA,NA,NA,NA,0,NA,0,1,0,NA,0,1,NA,NA,344.7633045,0.849012468,0.076906634,0.398321749
605_694,605,NA,NA,1,1,1,2013,1,423804,5330565,3,1,48.12378023,-124.0239132,9/12/2013,9/26/2013,14,14,14,NA,NA,NA,NA,NA,NA,NA,NA,NA,NA,NA,NA,NA,NA,NA,NA,0,NA,0,0,0,NA,0,0,NA,NA,472.085056,1.73797518,0.076906634,0.398321749
605_694,605,NA,NA,1,1,2,2013,1,423804,5330565,3,2,48.12378023,-124.0239132,9/26/2013,10/18/2013,22,22,22,NA,NA,NA,NA,NA,NA,NA,NA,NA,NA,NA,NA,NA,NA,NA,NA,0,NA,0,1,0,NA,0,1,NA,NA,178.8767264,-0.309210544,2.794859828,2.373705948
605_694,605,NA,NA,1,1,3,2013,1,423804,5330565,3,3,48.12378023,-124.0239132,10/18/2013,11/1/2013,14,9,9,NA,NA,NA,NA,NA,NA,NA,NA,NA,NA,NA,NA,NA,NA,NA,NA,0,NA,0,1,0,NA,0,1,NA,NA,401.0137568,1.241754117,-1.621814113,-0.836293375
607_696,607,NA,NA,1,1,1,2013,1,439451,5330633,1,1,48.12607281,-123.8136851,6/13/2013,6/28/2013,15,15,15,NA,NA,NA,NA,NA,NA,NA,NA,NA,NA,NA,NA,NA,NA,NA,NA,0,NA,0,0,0,NA,0,0,NA,NA,264.3208845,0.287362074,0.416650783,0.645244774
607_696,607,NA,NA,1,1,2,2013,1,439451,5330633,1,2,48.12607281,-123.8136851,6/28/2013,7/12/2013,14,0,0,NA,NA,NA,NA,NA,NA,NA,NA,NA,NA,NA,NA,NA,NA,NA,NA,0,NA,0,0,0,NA,0,0,NA,NA,55.33111582,-1.171808173,-4.679511457,-3.058600599
607_696,607,NA,NA,1,1,3,2013,1,439451,5330633,1,3,48.12607281,-123.8136851,7/12/2013,7/26/2013,14,0,0,NA,NA,NA,NA,NA,NA,NA,NA,NA,NA,NA,NA,NA,NA,NA,NA,0,NA,0,0,0,NA,0,0,NA,NA,272.1223926,0.341832341,-4.679511457,-3.058600599
607_698,607,NA,NA,1,1,1,2013,1,439164,5331587,2,1,48.13462768,-123.8176778,6/13/2013,6/28/2013,15,15,15,NA,NA,NA,NA,NA,NA,NA,NA,NA,NA,NA,NA,NA,NA,NA,NA,0,NA,0,0,0,NA,0,0,NA,NA,264.2811877,0.28708491,0.416650783,0.645244774
607_698,607,NA,NA,1,1,2,2013,1,439164,5331587,2,2,48.13462768,-123.8176778,6/28/2013,7/12/2013,14,14,14,NA,NA,NA,NA,NA,NA,NA,NA,NA,NA,NA,NA,NA,NA,NA,NA,0,NA,0,0,0,NA,0,0,NA,NA,55.32615939,-1.171842779,0.076906634,0.398321749
607_698,607,NA,NA,1,1,3,2013,1,439164,5331587,2,3,48.13462768,-123.8176778,7/12/2013,7/26/2013,14,14,11,NA,NA,NA,NA,NA,NA,NA,NA,NA,NA,NA,NA,NA,NA,NA,NA,0,NA,0,0,0,NA,0,0,NA,NA,272.084901,0.341570574,0.076906634,-0.342447325
607_700,607,NA,NA,1,1,1,2013,1,443401,5333024,3,1,48.1479462,-123.760926,6/13/2013,6/28/2013,15,2,2,NA,NA,NA,NA,NA,NA,NA,NA,NA,NA,NA,NA,NA,NA,NA,NA,1,NA,0,0,0,NA,0,0,NA,NA,264.2157033,0.286627697,-4.000023159,-2.564754549
607_700,607,NA,NA,1,1,2,2013,1,443401,5333024,3,2,48.1479462,-123.760926,6/28/2013,7/12/2013,14,14,4,NA,NA,NA,NA,NA,NA,NA,NA,NA,NA,NA,NA,NA,NA,NA,NA,0,NA,0,0,0,NA,0,0,NA,NA,55.32029764,-1.171883706,0.076906634,-2.070908499
607_561,607,NA,NA,1,1,1,2013,1,443207,5333024,3,3,48.14792891,-123.763534,7/12/2013,7/26/2013,14,0,14,NA,NA,NA,NA,NA,NA,NA,NA,NA,NA,NA,NA,NA,NA,NA,NA,0,NA,0,0,0,NA,1,0,NA,NA,272.0268332,0.341165143,-4.679511457,0.398321749
633_705,633,NA,NA,1,1,1,2013,1,407496,5339895,1,1,48.20554073,-124.2450391,8/1/2013,8/16/2013,15,15,15,NA,NA,NA,NA,NA,NA,NA,NA,NA,NA,NA,NA,NA,NA,NA,NA,0,NA,0,0,0,NA,0,0,NA,NA,35.38530313,-1.311070189,0.416650783,0.645244774
633_705,633,NA,NA,1,1,2,2013,1,407496,5339895,1,2,48.20554073,-124.2450391,8/16/2013,8/29/2013,13,0,0,NA,NA,NA,NA,NA,NA,NA,NA,NA,NA,NA,NA,NA,NA,NA,NA,0,NA,0,0,0,NA,0,0,NA,NA,428.7139808,1.435157569,-4.679511457,-3.058600599
633_705,633,NA,NA,1,1,3,2013,1,407496,5339895,1,3,48.20554073,-124.2450391,8/29/2013,9/12/2013,14,14,13,NA,NA,NA,NA,NA,NA,NA,NA,NA,NA,NA,NA,NA,NA,NA,NA,0,NA,0,0,0,NA,0,0,NA,NA,34.48033727,-1.317388677,0.076906634,0.151398724
633_706,633,NA,NA,1,1,1,2013,1,410004,5341509,2,1,48.22041897,-124.2116336,8/1/2013,8/16/2013,15,15,15,NA,NA,NA,NA,NA,NA,NA,NA,NA,NA,NA,NA,NA,NA,NA,NA,0,NA,0,0,0,NA,0,0,NA,NA,35.37493909,-1.311142551,0.416650783,0.645244774
633_706,633,NA,NA,1,1,2,2013,1,410004,5341509,2,2,48.22041897,-124.2116336,8/16/2013,8/29/2013,13,0,0,NA,NA,NA,NA,NA,NA,NA,NA,NA,NA,NA,NA,NA,NA,NA,NA,0,NA,0,0,0,NA,0,0,NA,NA,428.6888269,1.434981944,-4.679511457,-3.058600599
633_706,633,NA,NA,1,1,3,2013,1,410004,5341509,2,3,48.22041897,-124.2116336,8/29/2013,9/12/2013,14,0,0,NA,NA,NA,NA,NA,NA,NA,NA,NA,NA,NA,NA,NA,NA,NA,NA,0,NA,0,0,0,NA,0,0,NA,NA,34.4780867,-1.31740439,-4.679511457,-3.058600599
633_707,633,NA,NA,1,1,1,2013,1,411169,5341733,3,1,48.22259803,-124.1959995,8/1/2013,8/16/2013,15,15,15,NA,NA,NA,NA,NA,NA,NA,NA,NA,NA,NA,NA,NA,NA,NA,NA,0,NA,0,0,0,NA,0,0,NA,NA,35.37278684,-1.311157578,0.416650783,0.645244774
633_707,633,NA,NA,1,1,2,2013,1,411169,5341733,3,2,48.22259803,-124.1959995,8/16/2013,8/29/2013,13,0,13,NA,NA,NA,NA,NA,NA,NA,NA,NA,NA,NA,NA,NA,NA,NA,NA,0,NA,0,0,0,NA,0,0,NA,NA,428.6860396,1.434962483,-4.679511457,0.151398724
633_707,633,NA,NA,1,1,3,2013,1,411169,5341733,3,3,48.22259803,-124.1959995,8/29/2013,9/12/2013,14,14,14,NA,NA,NA,NA,NA,NA,NA,NA,NA,NA,NA,NA,NA,NA,NA,NA,0,NA,0,1,0,NA,0,1,NA,NA,34.47773564,-1.317406841,0.076906634,0.398321749
645_708,645,NA,NA,1,1,1,2013,1,377743,5348565,1,1,48.27847773,-124.6478459,6/20/2013,6/27/2013,7,0,7,NA,NA,NA,NA,NA,NA,NA,NA,NA,NA,NA,NA,NA,NA,NA,NA,0,NA,0,0,0,NA,0,0,NA,NA,399.8703611,1.233770908,-4.679511457,-1.330139425
645_708,645,NA,NA,1,1,2,2013,1,377743,5348565,1,2,48.27847773,-124.6478459,6/27/2013,7/11/2013,14,0,0,NA,NA,NA,NA,NA,NA,NA,NA,NA,NA,NA,NA,NA,NA,NA,NA,0,NA,0,0,0,NA,0,0,NA,NA,74.60734517,-1.0372212,-4.679511457,-3.058600599
645_708,645,NA,NA,1,1,3,2013,1,377743,5348565,1,3,48.27847773,-124.6478459,7/11/2013,7/25/2013,14,14,14,NA,NA,NA,NA,NA,NA,NA,NA,NA,NA,NA,NA,NA,NA,NA,NA,0,NA,0,0,0,NA,0,0,NA,NA,242.0205783,0.131660943,0.076906634,0.398321749
645_708,645,NA,NA,1,1,4,2013,1,377743,5348565,1,4,48.27847773,-124.6478459,7/25/2013,8/9/2013,15,15,15,NA,NA,NA,NA,NA,NA,NA,NA,NA,NA,NA,NA,NA,NA,NA,NA,0,NA,0,1,0,NA,0,1,NA,NA,128.1821844,-0.663160729,0.416650783,0.645244774
645_709,645,NA,NA,1,1,1,2013,1,377203,5349492,2,1,48.28670972,-124.6553906,6/27/2013,7/11/2013,14,0,0,NA,NA,NA,NA,NA,NA,NA,NA,NA,NA,NA,NA,NA,NA,NA,NA,0,NA,0,0,0,NA,0,0,NA,NA,74.59885739,-1.037280462,-4.679511457,-3.058600599
645_709,645,NA,NA,1,1,2,2013,1,377203,5349492,2,2,48.28670972,-124.6553906,7/11/2013,7/25/2013,14,14,4,NA,NA,NA,NA,NA,NA,NA,NA,NA,NA,NA,NA,NA,NA,NA,NA,0,NA,0,0,0,NA,0,0,NA,NA,241.9917332,0.131459546,0.076906634,-2.070908499
645_709,645,NA,NA,1,1,3,2013,1,377203,5349492,2,3,48.28670972,-124.6553906,7/25/2013,8/9/2013,15,15,15,NA,NA,NA,NA,NA,NA,NA,NA,NA,NA,NA,NA,NA,NA,NA,NA,0,NA,0,0,0,NA,0,0,NA,NA,128.1775577,-0.663193033,0.416650783,0.645244774
645_710,645,NA,NA,1,1,1,2013,1,378606,5349783,3,1,48.28959734,-124.6365689,6/27/2013,7/11/2013,14,14,7,NA,NA,NA,NA,NA,NA,NA,NA,NA,NA,NA,NA,NA,NA,NA,NA,0,NA,0,0,0,NA,0,0,NA,NA,74.59567555,-1.037302678,0.076906634,-1.330139425
645_562,645,NA,NA,1,1,1,2013,1,378996,5349124,3,2,48.28374559,-124.6311246,7/11/2013,7/25/2013,14,14,11,NA,NA,NA,NA,NA,NA,NA,NA,NA,NA,NA,NA,NA,NA,NA,NA,0,NA,0,0,0,NA,1,0,NA,NA,241.9981525,0.131504366,0.076906634,-0.342447325
645_562,645,NA,NA,1,1,2,2013,1,378996,5349124,3,3,48.28374559,-124.6311246,7/25/2013,8/9/2013,15,0,0,NA,NA,NA,NA,NA,NA,NA,NA,NA,NA,NA,NA,NA,NA,NA,NA,0,NA,0,0,1,NA,1,1,NA,NA,128.181175,-0.663167777,-4.679511457,-3.058600599
656_712,656,NA,NA,1,1,1,2013,1,383762,5355597,1,1,48.34285249,-124.5686886,6/20/2013,7/3/2013,13,13,13,NA,NA,NA,NA,NA,NA,NA,NA,NA,NA,NA,NA,NA,NA,NA,NA,0,NA,0,0,0,NA,0,0,NA,NA,290.4387519,0.469717484,-0.262837516,0.151398724
656_712,656,NA,NA,1,1,2,2013,1,383762,5355597,1,2,48.34285249,-124.5686886,7/3/2013,7/18/2013,15,15,15,NA,NA,NA,NA,NA,NA,NA,NA,NA,NA,NA,NA,NA,NA,NA,NA,0,NA,0,0,0,NA,0,0,NA,NA,34.70213103,-1.315840109,0.416650783,0.645244774
656_712,656,NA,NA,1,1,3,2013,1,383762,5355597,1,3,48.34285249,-124.5686886,7/18/2013,8/1/2013,14,14,14,NA,NA,NA,NA,NA,NA,NA,NA,NA,NA,NA,NA,NA,NA,NA,NA,0,NA,0,0,0,NA,0,0,NA,NA,337.6502403,0.799348928,0.076906634,0.398321749
656_711,656,NA,NA,1,1,1,2013,1,381244,5355505,2,1,48.34155677,-124.6026306,6/20/2013,7/3/2013,13,13,1,NA,NA,NA,NA,NA,NA,NA,NA,NA,NA,NA,NA,NA,NA,NA,NA,0,NA,0,0,0,NA,0,0,NA,NA,290.4486918,0.469786885,-0.262837516,-2.811677574
656_711,656,NA,NA,1,1,2,2013,1,381244,5355505,2,2,48.34155677,-124.6026306,7/3/2013,7/18/2013,15,15,15,NA,NA,NA,NA,NA,NA,NA,NA,NA,NA,NA,NA,NA,NA,NA,NA,0,NA,0,0,0,NA,0,0,NA,NA,34.70317531,-1.315832818,0.416650783,0.645244774
656_711,656,NA,NA,1,1,3,2013,1,381244,5355505,2,3,48.34155677,-124.6026306,7/18/2013,8/1/2013,14,14,14,NA,NA,NA,NA,NA,NA,NA,NA,NA,NA,NA,NA,NA,NA,NA,NA,0,NA,0,0,0,NA,0,0,NA,NA,337.658119,0.799403937,0.076906634,0.398321749
656_713,656,NA,NA,1,1,1,2013,1,380541,5357153,3,1,48.35624481,-124.6125814,6/20/2013,7/3/2013,13,13,13,NA,NA,NA,NA,NA,NA,NA,NA,NA,NA,NA,NA,NA,NA,NA,NA,0,NA,0,0,0,NA,0,0,NA,NA,290.3753961,0.469275133,-0.262837516,0.151398724
656_563,656,NA,NA,1,1,1,2013,1,381504,5354164,3,2,48.32954578,-124.5987461,7/3/2013,7/18/2013,15,15,15,NA,NA,NA,NA,NA,NA,NA,NA,NA,NA,NA,NA,NA,NA,NA,NA,0,NA,0,0,0,NA,1,0,NA,NA,34.71480591,-1.315751612,0.416650783,0.645244774
656_563,656,NA,NA,1,1,2,2013,1,381504,5354164,3,3,48.32954578,-124.5987461,7/18/2013,8/1/2013,14,14,6,NA,NA,NA,NA,NA,NA,NA,NA,NA,NA,NA,NA,NA,NA,NA,NA,0,NA,1,0,0,NA,1,0,NA,NA,337.6986642,0.799687024,0.076906634,-1.57706245
40_138,40,NA,NA,1,1,1,2014,1,428921,5213910,1,1,47.0748749,-123.9362471,5/23/2014,6/9/2014,17,17,17,NA,NA,NA,NA,NA,NA,NA,NA,NA,NA,NA,NA,NA,NA,NA,NA,0,NA,0,0,0,NA,0,0,NA,NA,60.71299338,-1.134231809,1.096139082,1.139090824
40_138,40,NA,NA,1,1,2,2014,1,428921,5213910,1,2,47.0748749,-123.9362471,6/9/2014,6/23/2014,14,14,14,NA,NA,NA,NA,NA,NA,NA,NA,NA,NA,NA,NA,NA,NA,NA,NA,0,NA,0,0,0,NA,0,0,NA,NA,283.0908526,0.418414322,0.076906634,0.398321749
40_138,40,NA,NA,1,1,3,2014,1,428921,5213910,1,3,47.0748749,-123.9362471,6/23/2014,7/7/2014,14,14,14,NA,NA,NA,NA,NA,NA,NA,NA,NA,NA,NA,NA,NA,NA,NA,NA,0,NA,0,0,0,NA,0,0,NA,NA,33.77885357,-1.322286448,0.076906634,0.398321749
40_139,40,NA,NA,1,1,1,2014,1,427822,5214828,2,1,47.08301527,-123.9508679,5/23/2014,6/9/2014,17,17,17,NA,NA,NA,NA,NA,NA,NA,NA,NA,NA,NA,NA,NA,NA,NA,NA,0,NA,0,1,0,NA,0,1,NA,NA,60.70660419,-1.134276419,1.096139082,1.139090824
40_139,40,NA,NA,1,1,2,2014,1,427822,5214828,2,2,47.08301527,-123.9508679,6/9/2014,6/23/2014,14,14,14,NA,NA,NA,NA,NA,NA,NA,NA,NA,NA,NA,NA,NA,NA,NA,NA,0,NA,0,0,0,NA,0,0,NA,NA,283.0503763,0.418131715,0.076906634,0.398321749
40_139,40,NA,NA,1,1,3,2014,1,427822,5214828,2,3,47.08301527,-123.9508679,6/23/2014,7/7/2014,14,14,14,NA,NA,NA,NA,NA,NA,NA,NA,NA,NA,NA,NA,NA,NA,NA,NA,0,NA,0,0,0,NA,0,0,NA,NA,33.77235151,-1.322331846,0.076906634,0.398321749
40_140,40,NA,NA,1,1,1,2014,1,429494,5215249,3,1,47.08698393,-123.92891,5/23/2014,6/9/2014,17,17,17,NA,NA,NA,NA,NA,NA,NA,NA,NA,NA,NA,NA,NA,NA,NA,NA,0,NA,0,0,0,NA,0,0,NA,NA,60.70239374,-1.134305816,1.096139082,1.139090824
40_140,40,NA,NA,1,1,2,2014,1,429494,5215249,3,2,47.08698393,-123.92891,6/9/2014,6/23/2014,14,14,14,NA,NA,NA,NA,NA,NA,NA,NA,NA,NA,NA,NA,NA,NA,NA,NA,0,NA,0,0,0,NA,0,0,NA,NA,283.036025,0.418031514,0.076906634,0.398321749
40_140,40,NA,NA,1,1,3,2014,1,429494,5215249,3,3,47.08698393,-123.92891,6/23/2014,7/7/2014,14,14,14,NA,NA,NA,NA,NA,NA,NA,NA,NA,NA,NA,NA,NA,NA,NA,NA,0,NA,0,1,0,NA,0,1,NA,NA,33.76958729,-1.322351146,0.076906634,0.398321749
63_143,63,NA,NA,1,1,1,2014,1,451623,5223880,1,1,47.1666391,-123.6383136,7/15/2014,7/29/2014,14,14,14,NA,NA,NA,NA,NA,NA,NA,NA,NA,NA,NA,NA,NA,NA,NA,NA,0,NA,0,0,0,NA,0,0,NA,NA,108.1651123,-0.802920279,0.076906634,0.398321749
63_143,63,NA,NA,1,1,2,2014,1,451623,5223880,1,2,47.1666391,-123.6383136,7/29/2014,8/12/2014,14,14,14,NA,NA,NA,NA,NA,NA,NA,NA,NA,NA,NA,NA,NA,NA,NA,NA,0,NA,0,0,0,NA,0,0,NA,NA,232.4663561,0.064953195,0.076906634,0.398321749
63_143,63,NA,NA,1,1,3,2014,1,451623,5223880,1,3,47.1666391,-123.6383136,8/12/2014,8/26/2014,14,14,14,NA,NA,NA,NA,NA,NA,NA,NA,NA,NA,NA,NA,NA,NA,NA,NA,0,NA,0,0,0,NA,0,0,NA,NA,182.1795527,-0.286150152,0.076906634,0.398321749
63_146,63,NA,NA,1,1,1,2014,1,451020,5224785,2,1,47.17473762,-123.6463682,7/15/2014,7/29/2014,14,14,14,NA,NA,NA,NA,NA,NA,NA,NA,NA,NA,NA,NA,NA,NA,NA,NA,0,NA,0,0,0,NA,0,0,NA,NA,108.1604509,-0.802952825,0.076906634,0.398321749
63_146,63,NA,NA,1,1,2,2014,1,451020,5224785,2,2,47.17473762,-123.6463682,7/29/2014,8/12/2014,14,14,14,NA,NA,NA,NA,NA,NA,NA,NA,NA,NA,NA,NA,NA,NA,NA,NA,0,NA,0,0,0,NA,0,0,NA,NA,232.4438344,0.064795948,0.076906634,0.398321749
63_146,63,NA,NA,1,1,3,2014,1,451020,5224785,2,3,47.17473762,-123.6463682,8/12/2014,8/26/2014,14,14,14,NA,NA,NA,NA,NA,NA,NA,NA,NA,NA,NA,NA,NA,NA,NA,NA,0,NA,0,0,0,NA,0,0,NA,NA,182.1761683,-0.286173782,0.076906634,0.398321749
63_144,63,NA,NA,1,1,1,2014,1,448953,5224335,3,1,47.17053144,-123.6735925,7/15/2014,7/29/2014,14,14,10,NA,NA,NA,NA,NA,NA,NA,NA,NA,NA,NA,NA,NA,NA,NA,NA,0,NA,0,1,0,NA,0,1,NA,NA,108.1618135,-0.802943311,0.076906634,-0.58937035
63_144,63,NA,NA,1,1,2,2014,1,448953,5224335,3,2,47.17053144,-123.6735925,7/29/2014,8/12/2014,14,14,3,NA,NA,NA,NA,NA,NA,NA,NA,NA,NA,NA,NA,NA,NA,NA,NA,0,NA,0,0,0,NA,0,0,NA,NA,232.458669,0.064899524,0.076906634,-2.317831524
63_144,63,NA,NA,1,1,3,2014,1,448953,5224335,3,3,47.17053144,-123.6735925,8/12/2014,8/26/2014,14,14,14,NA,NA,NA,NA,NA,NA,NA,NA,NA,NA,NA,NA,NA,NA,NA,NA,0,NA,0,0,0,NA,0,0,NA,NA,182.1773276,-0.286165688,0.076906634,0.398321749
65_145,65,NA,NA,1,1,1,2014,1,468905,5224611,1,1,47.17426041,-123.4103434,6/12/2014,6/25/2014,13,13,13,NA,NA,NA,NA,NA,NA,NA,NA,NA,NA,NA,NA,NA,NA,NA,NA,0,NA,1,0,0,NA,0,0,NA,NA,217.1593946,-0.04192028,-0.262837516,0.151398724
65_145,65,NA,NA,1,1,2,2014,1,468905,5224611,1,2,47.17426041,-123.4103434,6/25/2014,7/9/2014,14,14,14,NA,NA,NA,NA,NA,NA,NA,NA,NA,NA,NA,NA,NA,NA,NA,NA,0,NA,0,0,0,NA,0,0,NA,NA,66.05855775,-1.096908985,0.076906634,0.398321749
65_145,65,NA,NA,1,1,3,2014,1,468905,5224611,1,3,47.17426041,-123.4103434,7/9/2014,7/23/2014,14,14,14,NA,NA,NA,NA,NA,NA,NA,NA,NA,NA,NA,NA,NA,NA,NA,NA,0,NA,0,0,0,NA,0,0,NA,NA,296.4737353,0.511853845,0.076906634,0.398321749
65_142,65,NA,NA,1,1,1,2014,1,466492,5221206,2,1,47.14350291,-123.4419314,6/12/2014,6/25/2014,13,13,13,NA,NA,NA,NA,NA,NA,NA,NA,NA,NA,NA,NA,NA,NA,NA,NA,0,NA,0,0,0,NA,0,0,NA,NA,217.2699634,-0.041148286,-0.262837516,0.151398724
65_142,65,NA,NA,1,1,2,2014,1,466492,5221206,2,2,47.14350291,-123.4419314,6/25/2014,7/9/2014,14,14,14,NA,NA,NA,NA,NA,NA,NA,NA,NA,NA,NA,NA,NA,NA,NA,NA,0,NA,1,0,0,NA,0,0,NA,NA,66.10305865,-1.096598279,0.076906634,0.398321749
65_142,65,NA,NA,1,1,3,2014,1,466492,5221206,2,3,47.14350291,-123.4419314,7/9/2014,7/23/2014,14,14,14,NA,NA,NA,NA,NA,NA,NA,NA,NA,NA,NA,NA,NA,NA,NA,NA,0,NA,0,0,0,NA,0,0,NA,NA,296.5842135,0.512625205,0.076906634,0.398321749
65_141,65,NA,NA,1,1,1,2014,1,469167,5219979,3,1,47.13259264,-123.406568,6/12/2014,6/25/2014,13,13,13,NA,NA,NA,NA,NA,NA,NA,NA,NA,NA,NA,NA,NA,NA,NA,NA,0,NA,0,0,0,NA,0,0,NA,NA,217.3126302,-0.040850386,-0.262837516,0.151398724
65_141,65,NA,NA,1,1,2,2014,1,469167,5219979,3,2,47.13259264,-123.406568,6/25/2014,7/9/2014,14,14,2,NA,NA,NA,NA,NA,NA,NA,NA,NA,NA,NA,NA,NA,NA,NA,NA,0,NA,0,0,0,NA,0,0,NA,NA,66.11922772,-1.096485386,0.076906634,-2.564754549
65_141,65,NA,NA,1,1,3,2014,1,469167,5219979,3,3,47.13259264,-123.406568,7/9/2014,7/23/2014,14,14,9,NA,NA,NA,NA,NA,NA,NA,NA,NA,NA,NA,NA,NA,NA,NA,NA,0,NA,0,0,0,NA,0,0,NA,NA,296.6221941,0.512890386,0.076906634,-0.836293375
84_154,84,NA,NA,1,1,1,2014,1,435134,5231747,1,1,47.23600325,-123.8569963,9/3/2014,9/17/2014,14,14,14,NA,NA,NA,NA,NA,NA,NA,NA,NA,NA,NA,NA,NA,NA,NA,NA,0,NA,0,0,0,NA,0,0,NA,NA,440.6983862,1.518832898,0.076906634,0.398321749
84_154,84,NA,NA,1,1,2,2014,1,435134,5231747,1,2,47.23600325,-123.8569963,9/17/2014,10/2/2014,15,15,15,NA,NA,NA,NA,NA,NA,NA,NA,NA,NA,NA,NA,NA,NA,NA,NA,0,NA,0,1,0,NA,0,1,NA,NA,40.22596901,-1.277272575,0.416650783,0.645244774
84_154,84,NA,NA,1,1,3,2014,1,435134,5231747,1,3,47.23600325,-123.8569963,10/2/2014,10/16/2014,14,14,14,NA,NA,NA,NA,NA,NA,NA,NA,NA,NA,NA,NA,NA,NA,NA,NA,0,NA,0,1,0,NA,0,1,NA,NA,506.4673244,1.978032784,0.076906634,0.398321749
84_153,84,NA,NA,1,1,1,2014,1,436648,5231730,2,1,47.23599814,-123.8369934,9/3/2014,9/17/2014,14,14,14,NA,NA,NA,NA,NA,NA,NA,NA,NA,NA,NA,NA,NA,NA,NA,NA,0,NA,0,1,0,NA,0,1,NA,NA,440.6978566,1.518829201,0.076906634,0.398321749
84_153,84,NA,NA,1,1,2,2014,1,436648,5231730,2,2,47.23599814,-123.8369934,9/17/2014,10/2/2014,15,15,6,NA,NA,NA,NA,NA,NA,NA,NA,NA,NA,NA,NA,NA,NA,NA,NA,0,NA,0,1,0,NA,0,1,NA,NA,40.22649096,-1.27726893,0.416650783,-1.57706245
84_153,84,NA,NA,1,1,3,2014,1,436648,5231730,2,3,47.23599814,-123.8369934,10/2/2014,10/16/2014,14,14,3,NA,NA,NA,NA,NA,NA,NA,NA,NA,NA,NA,NA,NA,NA,NA,NA,0,NA,0,1,0,NA,0,1,NA,NA,506.4694561,1.978047667,0.076906634,-2.317831524
84_151,84,NA,NA,1,1,1,2014,1,436636,5230619,3,1,47.22600083,-123.8369945,9/3/2014,9/17/2014,14,14,14,NA,NA,NA,NA,NA,NA,NA,NA,NA,NA,NA,NA,NA,NA,NA,NA,1,NA,0,1,0,NA,0,1,NA,NA,440.6992653,1.518839036,0.076906634,0.398321749
84_151,84,NA,NA,1,1,2,2014,1,436636,5230619,3,2,47.22600083,-123.8369945,9/17/2014,10/2/2014,15,15,15,NA,NA,NA,NA,NA,NA,NA,NA,NA,NA,NA,NA,NA,NA,NA,NA,0,NA,0,1,0,NA,0,1,NA,NA,40.22696505,-1.27726562,0.416650783,0.645244774
84_151,84,NA,NA,1,1,3,2014,1,436636,5230619,3,3,47.22600083,-123.8369945,10/2/2014,10/16/2014,14,14,13,NA,NA,NA,NA,NA,NA,NA,NA,NA,NA,NA,NA,NA,NA,NA,NA,0,NA,0,0,0,NA,0,0,NA,NA,506.4509949,1.977918771,0.076906634,0.151398724
86_150,86,NA,NA,1,1,1,2014,1,456878,5229784,1,1,47.22012872,-123.569548,9/12/2014,9/26/2014,14,14,14,NA,NA,NA,NA,NA,NA,NA,NA,NA,NA,NA,NA,NA,NA,NA,NA,0,NA,0,1,0,NA,0,1,NA,NA,145.2776896,-0.543799611,0.076906634,0.398321749
86_150,86,NA,NA,1,1,2,2014,1,456878,5229784,1,2,47.22012872,-123.569548,9/26/2014,10/10/2014,14,14,14,NA,NA,NA,NA,NA,NA,NA,NA,NA,NA,NA,NA,NA,NA,NA,NA,0,NA,0,1,0,NA,0,1,NA,NA,331.0181856,0.753043805,0.076906634,0.398321749
86_150,86,NA,NA,1,1,3,2014,1,456878,5229784,1,3,47.22012872,-123.569548,10/10/2014,10/24/2014,14,14,14,NA,NA,NA,NA,NA,NA,NA,NA,NA,NA,NA,NA,NA,NA,NA,NA,0,NA,0,1,0,NA,0,1,NA,NA,229.6190927,0.045073552,0.076906634,0.398321749
86_155,86,NA,NA,1,1,1,2014,1,455275,5232062,2,1,47.24051879,-123.5909468,9/12/2014,9/26/2014,14,14,14,NA,NA,NA,NA,NA,NA,NA,NA,NA,NA,NA,NA,NA,NA,NA,NA,0,NA,0,1,0,NA,0,1,NA,NA,145.2942289,-0.543684133,0.076906634,0.398321749
86_155,86,NA,NA,1,1,2,2014,1,455275,5232062,2,2,47.24051879,-123.5909468,9/26/2014,10/10/2014,14,14,7,NA,NA,NA,NA,NA,NA,NA,NA,NA,NA,NA,NA,NA,NA,NA,NA,0,NA,0,1,0,NA,0,1,NA,NA,331.0199045,0.753055807,0.076906634,-1.330139425
86_149,86,NA,NA,1,1,1,2014,1,452691,5229375,3,1,47.21616036,-123.6248027,9/12/2014,9/26/2014,14,14,5,NA,NA,NA,NA,NA,NA,NA,NA,NA,NA,NA,NA,NA,NA,NA,NA,0,NA,0,1,0,NA,0,1,NA,NA,145.2750065,-0.543818344,0.076906634,-1.823985474
86_149,86,NA,NA,1,1,2,2014,1,452691,5229375,3,2,47.21616036,-123.6248027,9/26/2014,10/10/2014,14,14,5,NA,NA,NA,NA,NA,NA,NA,NA,NA,NA,NA,NA,NA,NA,NA,NA,0,NA,0,1,0,NA,0,1,NA,NA,331.0179793,0.753042365,0.076906634,-1.823985474
86_149,86,NA,NA,1,1,3,2014,1,452691,5229375,3,3,47.21616036,-123.6248027,10/10/2014,10/24/2014,14,14,2,NA,NA,NA,NA,NA,NA,NA,NA,NA,NA,NA,NA,NA,NA,NA,NA,0,NA,0,1,0,NA,0,1,NA,NA,229.6068257,0.044987904,0.076906634,-2.564754549
112_157,112,NA,NA,1,1,1,2014,1,478894,5238628,1,1,47.30078563,-123.2791879,7/21/2014,8/4/2014,14,14,14,NA,NA,NA,NA,NA,NA,NA,NA,NA,NA,NA,NA,NA,NA,NA,NA,0,NA,0,0,0,NA,0,0,NA,NA,22.63960018,-1.400060912,0.076906634,0.398321749
112_157,112,NA,NA,1,1,2,2014,1,478894,5238628,1,2,47.30078563,-123.2791879,8/4/2014,8/18/2014,14,14,14,NA,NA,NA,NA,NA,NA,NA,NA,NA,NA,NA,NA,NA,NA,NA,NA,0,NA,0,0,0,NA,0,0,NA,NA,375.3435388,1.062524202,0.076906634,0.398321749
112_157,112,NA,NA,1,1,3,2014,1,478894,5238628,1,3,47.30078563,-123.2791879,8/18/2014,9/2/2014,15,15,15,NA,NA,NA,NA,NA,NA,NA,NA,NA,NA,NA,NA,NA,NA,NA,NA,0,NA,0,0,0,NA,0,0,NA,NA,34.00828506,-1.320684554,0.416650783,0.645244774
112_159,112,NA,NA,1,1,1,2014,1,477931,5239903,2,1,47.31222655,-123.2919893,7/21/2014,8/4/2014,14,14,14,NA,NA,NA,NA,NA,NA,NA,NA,NA,NA,NA,NA,NA,NA,NA,NA,0,NA,0,0,0,NA,0,0,NA,NA,22.634868,-1.400093952,0.076906634,0.398321749
112_159,112,NA,NA,1,1,2,2014,1,477931,5239903,2,2,47.31222655,-123.2919893,8/4/2014,8/18/2014,14,14,10,NA,NA,NA,NA,NA,NA,NA,NA,NA,NA,NA,NA,NA,NA,NA,NA,0,NA,0,1,1,NA,0,1,NA,NA,375.3133295,1.06231328,0.076906634,-0.58937035
112_159,112,NA,NA,1,1,3,2014,1,477931,5239903,2,3,47.31222655,-123.2919893,8/18/2014,9/2/2014,15,15,14,NA,NA,NA,NA,NA,NA,NA,NA,NA,NA,NA,NA,NA,NA,NA,NA,0,NA,0,0,0,NA,0,0,NA,NA,34.00700946,-1.32069346,0.416650783,0.398321749
112_156,112,NA,NA,1,1,1,2014,1,477005,5235928,3,1,47.27642695,-123.3040357,7/21/2014,8/4/2014,14,14,14,NA,NA,NA,NA,NA,NA,NA,NA,NA,NA,NA,NA,NA,NA,NA,NA,0,NA,0,0,0,NA,0,0,NA,NA,22.64916904,-1.399994102,0.076906634,0.398321749
112_156,112,NA,NA,1,1,2,2014,1,477005,5235928,3,2,47.27642695,-123.3040357,8/4/2014,8/18/2014,14,14,14,NA,NA,NA,NA,NA,NA,NA,NA,NA,NA,NA,NA,NA,NA,NA,NA,0,NA,0,0,0,NA,0,0,NA,NA,375.4144185,1.063019086,0.076906634,0.398321749
112_156,112,NA,NA,1,1,3,2014,1,477005,5235928,3,3,47.27642695,-123.3040357,8/18/2014,9/2/2014,15,15,15,NA,NA,NA,NA,NA,NA,NA,NA,NA,NA,NA,NA,NA,NA,NA,NA,0,NA,0,0,0,NA,0,0,NA,NA,34.01293334,-1.320652099,0.416650783,0.645244774
135_169,135,NA,NA,1,1,1,2014,1,429446,5246586,1,1,47.36892443,-123.934485,9/23/2014,10/6/2014,13,13,13,NA,NA,NA,NA,NA,NA,NA,NA,NA,NA,NA,NA,NA,NA,NA,NA,0,NA,0,1,0,NA,0,1,NA,NA,136.4444632,-0.605473353,-0.262837516,0.151398724
135_169,135,NA,NA,1,1,2,2014,1,429446,5246586,1,2,47.36892443,-123.934485,10/6/2014,10/20/2014,14,14,14,NA,NA,NA,NA,NA,NA,NA,NA,NA,NA,NA,NA,NA,NA,NA,NA,0,NA,0,1,0,NA,0,1,NA,NA,432.0700017,1.458589366,0.076906634,0.398321749
135_169,135,NA,NA,1,1,3,2014,1,429446,5246586,1,3,47.36892443,-123.934485,10/20/2014,11/3/2014,14,14,14,NA,NA,NA,NA,NA,NA,NA,NA,NA,NA,NA,NA,NA,NA,NA,NA,0,NA,0,1,0,NA,0,1,NA,NA,95.08445013,-0.894249693,0.076906634,0.398321749
135_171,135,NA,NA,1,1,1,2014,1,428313,5246830,2,1,47.37099637,-123.9495288,9/23/2014,10/6/2014,13,13,13,NA,NA,NA,NA,NA,NA,NA,NA,NA,NA,NA,NA,NA,NA,NA,NA,0,NA,0,1,0,NA,0,1,NA,NA,136.4451433,-0.605468604,-0.262837516,0.151398724
135_171,135,NA,NA,1,1,2,2014,1,428313,5246830,2,2,47.37099637,-123.9495288,10/6/2014,10/20/2014,14,14,14,NA,NA,NA,NA,NA,NA,NA,NA,NA,NA,NA,NA,NA,NA,NA,NA,0,NA,0,1,0,NA,0,1,NA,NA,432.0742584,1.458619086,0.076906634,0.398321749
135_171,135,NA,NA,1,1,3,2014,1,428313,5246830,2,3,47.37099637,-123.9495288,10/20/2014,11/3/2014,14,14,14,NA,NA,NA,NA,NA,NA,NA,NA,NA,NA,NA,NA,NA,NA,NA,NA,0,NA,0,1,0,NA,0,1,NA,NA,95.08408188,-0.894252264,0.076906634,0.398321749
135_165,135,NA,NA,1,1,1,2014,1,425731,5244866,3,1,47.35303816,-123.9833951,9/23/2014,10/6/2014,13,13,13,NA,NA,NA,NA,NA,NA,NA,NA,NA,NA,NA,NA,NA,NA,NA,NA,0,NA,0,1,0,NA,0,1,NA,NA,136.4546018,-0.605402565,-0.262837516,0.151398724
135_165,135,NA,NA,1,1,2,2014,1,425731,5244866,3,2,47.35303816,-123.9833951,10/6/2014,10/20/2014,14,14,14,NA,NA,NA,NA,NA,NA,NA,NA,NA,NA,NA,NA,NA,NA,NA,NA,0,NA,0,0,0,NA,0,0,NA,NA,432.0292385,1.458304756,0.076906634,0.398321749
135_165,135,NA,NA,1,1,3,2014,1,425731,5244866,3,3,47.35303816,-123.9833951,10/20/2014,11/3/2014,14,14,14,NA,NA,NA,NA,NA,NA,NA,NA,NA,NA,NA,NA,NA,NA,NA,NA,0,NA,0,1,0,NA,0,1,NA,NA,95.08236613,-0.894264243,0.076906634,0.398321749
137_162,137,NA,NA,1,1,1,2014,1,445259,5243821,1,1,47.34556246,-123.7247214,9/21/2014,10/5/2014,14,14,14,NA,NA,NA,NA,NA,NA,NA,NA,NA,NA,NA,NA,NA,NA,NA,NA,0,NA,0,1,0,NA,0,1,NA,NA,89.22058362,-0.935191312,0.076906634,0.398321749
137_162,137,NA,NA,1,1,2,2014,1,445259,5243821,1,2,47.34556246,-123.7247214,10/5/2014,10/19/2014,14,14,14,NA,NA,NA,NA,NA,NA,NA,NA,NA,NA,NA,NA,NA,NA,NA,NA,0,NA,0,1,0,NA,0,1,NA,NA,467.0940772,1.703128078,0.076906634,0.398321749
137_162,137,NA,NA,1,1,3,2014,1,445259,5243821,1,3,47.34556246,-123.7247214,10/19/2014,11/2/2014,14,14,14,NA,NA,NA,NA,NA,NA,NA,NA,NA,NA,NA,NA,NA,NA,NA,NA,0,NA,0,1,0,NA,0,1,NA,NA,66.52116454,-1.093679056,0.076906634,0.398321749
137_168,137,NA,NA,1,1,1,2014,1,445064,5246048,2,1,47.36558349,-123.7275782,9/21/2014,10/5/2014,14,14,14,NA,NA,NA,NA,NA,NA,NA,NA,NA,NA,NA,NA,NA,NA,NA,NA,0,NA,0,0,0,NA,0,0,NA,NA,89.21315134,-0.935243204,0.076906634,0.398321749
137_168,137,NA,NA,1,1,2,2014,1,445064,5246048,2,2,47.36558349,-123.7275782,10/5/2014,10/19/2014,14,14,14,NA,NA,NA,NA,NA,NA,NA,NA,NA,NA,NA,NA,NA,NA,NA,NA,0,NA,0,0,0,NA,0,0,NA,NA,467.1398011,1.703447323,0.076906634,0.398321749
137_168,137,NA,NA,1,1,3,2014,1,445064,5246048,2,3,47.36558349,-123.7275782,10/19/2014,11/2/2014,14,14,1,NA,NA,NA,NA,NA,NA,NA,NA,NA,NA,NA,NA,NA,NA,NA,NA,0,NA,0,0,0,NA,0,0,NA,NA,66.52365219,-1.093661687,0.076906634,-2.811677574
137_173,137,NA,NA,1,1,1,2014,1,445209,5247845,3,1,47.38176408,-123.7258798,9/21/2014,10/5/2014,14,14,14,NA,NA,NA,NA,NA,NA,NA,NA,NA,NA,NA,NA,NA,NA,NA,NA,0,NA,0,0,0,NA,0,0,NA,NA,89.20670272,-0.935288229,0.076906634,0.398321749
137_173,137,NA,NA,1,1,2,2014,1,445209,5247845,3,2,47.38176408,-123.7258798,10/5/2014,10/19/2014,14,14,14,NA,NA,NA,NA,NA,NA,NA,NA,NA,NA,NA,NA,NA,NA,NA,NA,0,NA,0,0,0,NA,0,0,NA,NA,467.17527,1.703694967,0.076906634,0.398321749
137_173,137,NA,NA,1,1,3,2014,1,445209,5247845,3,3,47.38176408,-123.7258798,10/19/2014,11/2/2014,14,14,14,NA,NA,NA,NA,NA,NA,NA,NA,NA,NA,NA,NA,NA,NA,NA,NA,0,NA,0,0,0,NA,0,0,NA,NA,66.52385876,-1.093660245,0.076906634,0.398321749
140_170,140,NA,NA,1,1,1,2014,1,475446,5246756,1,1,47.3738019,-123.3252457,9/19/2014,10/4/2014,15,15,15,NA,NA,NA,NA,NA,NA,NA,NA,NA,NA,NA,NA,NA,NA,NA,NA,0,NA,0,0,0,NA,0,0,NA,NA,60.32491981,-1.136941346,0.416650783,0.645244774
140_170,140,NA,NA,1,1,2,2014,1,475446,5246756,1,2,47.3738019,-123.3252457,10/4/2014,10/18/2014,14,14,14,NA,NA,NA,NA,NA,NA,NA,NA,NA,NA,NA,NA,NA,NA,NA,NA,0,NA,0,0,0,NA,0,0,NA,NA,491.4246212,1.873004365,0.076906634,0.398321749
140_170,140,NA,NA,1,1,3,2014,1,475446,5246756,1,3,47.3738019,-123.3252457,10/18/2014,11/1/2014,14,14,14,NA,NA,NA,NA,NA,NA,NA,NA,NA,NA,NA,NA,NA,NA,NA,NA,0,NA,0,0,0,NA,0,0,NA,NA,48.64531748,-1.218488535,0.076906634,0.398321749
140_163,140,NA,NA,1,1,1,2014,1,473946,5244051,2,1,47.34940413,-123.3449559,9/19/2014,10/4/2014,15,15,15,NA,NA,NA,NA,NA,NA,NA,NA,NA,NA,NA,NA,NA,NA,NA,NA,0,NA,0,0,0,NA,0,0,NA,NA,60.33241489,-1.136889015,0.416650783,0.645244774
140_163,140,NA,NA,1,1,2,2014,1,473946,5244051,2,2,47.34940413,-123.3449559,10/4/2014,10/18/2014,14,14,14,NA,NA,NA,NA,NA,NA,NA,NA,NA,NA,NA,NA,NA,NA,NA,NA,0,NA,0,0,0,NA,0,0,NA,NA,491.3741116,1.872651706,0.076906634,0.398321749
140_163,140,NA,NA,1,1,3,2014,1,473946,5244051,2,3,47.34940413,-123.3449559,10/18/2014,11/1/2014,14,14,14,NA,NA,NA,NA,NA,NA,NA,NA,NA,NA,NA,NA,NA,NA,NA,NA,0,NA,0,0,0,NA,0,0,NA,NA,48.64360914,-1.218500463,0.076906634,0.398321749
140_166,140,NA,NA,1,1,1,2014,1,472764,5244919,3,1,47.35716626,-123.3606585,9/19/2014,10/4/2014,15,15,12,NA,NA,NA,NA,NA,NA,NA,NA,NA,NA,NA,NA,NA,NA,NA,NA,0,NA,0,0,0,NA,0,0,NA,NA,60.33191362,-1.136892515,0.416650783,-0.0955243
140_121,140,NA,NA,1,1,1,2014,1,471750,5246652,3,2,47.37271675,-123.3741958,10/4/2014,10/18/2014,14,14,14,NA,NA,NA,NA,NA,NA,NA,NA,NA,NA,NA,NA,NA,NA,NA,NA,0,NA,0,0,0,NA,1,0,NA,NA,491.4219659,1.872985825,0.076906634,0.398321749
140_121,140,NA,NA,1,1,2,2014,1,471750,5246652,3,3,47.37271675,-123.3741958,10/18/2014,11/1/2014,14,7,14,NA,NA,NA,NA,NA,NA,NA,NA,NA,NA,NA,NA,NA,NA,NA,NA,0,NA,0,0,0,NA,1,0,NA,NA,48.6460375,-1.218483508,-2.301302412,0.398321749
141_172,141,NA,NA,1,1,1,2014,1,481055,5247192,1,1,47.37791179,-123.2509676,9/19/2014,10/4/2014,15,15,14,NA,NA,NA,NA,NA,NA,NA,NA,NA,NA,NA,NA,NA,NA,NA,NA,0,NA,0,0,0,NA,0,0,NA,NA,60.32150478,-1.13696519,0.416650783,0.398321749
141_172,141,NA,NA,1,1,2,2014,1,481055,5247192,1,2,47.37791179,-123.2509676,10/4/2014,10/18/2014,14,14,2,NA,NA,NA,NA,NA,NA,NA,NA,NA,NA,NA,NA,NA,NA,NA,NA,0,NA,0,0,0,NA,0,0,NA,NA,491.4389687,1.873104539,0.076906634,-2.564754549
141_122,141,NA,NA,1,1,1,2014,1,480862,5247545,1,3,47.38108249,-123.2535395,10/18/2014,11/1/2014,14,14,14,NA,NA,NA,NA,NA,NA,NA,NA,NA,NA,NA,NA,NA,NA,NA,NA,0,NA,0,0,0,NA,1,0,NA,NA,48.64682849,-1.218477985,0.076906634,0.398321749
141_164,141,NA,NA,1,1,1,2014,1,480658,5244209,2,1,47.35105883,-123.2560967,9/19/2014,10/4/2014,15,15,15,NA,NA,NA,NA,NA,NA,NA,NA,NA,NA,NA,NA,NA,NA,NA,NA,0,NA,0,0,0,NA,0,0,NA,NA,60.33034334,-1.136903479,0.416650783,0.645244774
141_164,141,NA,NA,1,1,2,2014,1,480658,5244209,2,2,47.35105883,-123.2560967,10/4/2014,10/18/2014,14,14,14,NA,NA,NA,NA,NA,NA,NA,NA,NA,NA,NA,NA,NA,NA,NA,NA,0,NA,0,0,0,NA,0,0,NA,NA,491.3789862,1.87268574,0.076906634,0.398321749
141_164,141,NA,NA,1,1,3,2014,1,480658,5244209,2,3,47.35105883,-123.2560967,10/18/2014,11/1/2014,14,14,14,NA,NA,NA,NA,NA,NA,NA,NA,NA,NA,NA,NA,NA,NA,NA,NA,0,NA,0,0,0,NA,0,0,NA,NA,48.64428262,-1.218495761,0.076906634,0.398321749
141_167,141,NA,NA,1,1,1,2014,1,479351,5245924,3,1,47.36645059,-123.2734815,9/19/2014,10/4/2014,15,15,15,NA,NA,NA,NA,NA,NA,NA,NA,NA,NA,NA,NA,NA,NA,NA,NA,0,NA,0,0,0,NA,0,0,NA,NA,60.32543835,-1.136937726,0.416650783,0.645244774
141_167,141,NA,NA,1,2,1,2014,1,479338,5245861,3,2,47.3658833,-123.2736508,10/4/2014,10/18/2014,14,14,14,NA,NA,NA,NA,NA,NA,NA,NA,NA,NA,NA,NA,NA,NA,NA,NA,0,NA,0,1,0,NA,1,1,NA,NA,491.41085,1.872908214,0.076906634,0.398321749
141_167,141,NA,NA,1,2,2,2014,1,479338,5245861,3,3,47.3658833,-123.2736508,10/18/2014,11/1/2014,14,14,14,NA,NA,NA,NA,NA,NA,NA,NA,NA,NA,NA,NA,NA,NA,NA,NA,0,NA,0,1,0,NA,1,1,NA,NA,48.64478292,-1.218492268,0.076906634,0.398321749
167_179,167,NA,NA,1,1,1,2014,1,433752,5253526,1,1,47.43181486,-123.8784967,9/23/2014,10/7/2014,14,14,13,NA,NA,NA,NA,NA,NA,NA,NA,NA,NA,NA,NA,NA,NA,NA,NA,0,NA,0,1,1,NA,0,1,NA,NA,173.413026,-0.347358196,0.076906634,0.151398724
167_179,167,NA,NA,1,1,2,2014,1,433752,5253526,1,2,47.43181486,-123.8784967,10/7/2014,10/21/2014,14,14,14,NA,NA,NA,NA,NA,NA,NA,NA,NA,NA,NA,NA,NA,NA,NA,NA,0,NA,0,1,0,NA,0,1,NA,NA,387.0285621,1.144109241,0.076906634,0.398321749
167_179,167,NA,NA,1,1,3,2014,1,433752,5253526,1,3,47.43181486,-123.8784967,10/21/2014,11/4/2014,14,10,9,NA,NA,NA,NA,NA,NA,NA,NA,NA,NA,NA,NA,NA,NA,NA,NA,0,NA,0,1,0,NA,0,1,NA,NA,134.1795679,-0.621286892,-1.282069964,-0.836293375
167_177,167,NA,NA,1,1,1,2014,1,433070,5252760,2,1,47.4248535,-123.8874236,9/23/2014,10/7/2014,14,14,14,NA,NA,NA,NA,NA,NA,NA,NA,NA,NA,NA,NA,NA,NA,NA,NA,0,NA,0,0,0,NA,0,0,NA,NA,173.413765,-0.347353036,0.076906634,0.398321749
167_177,167,NA,NA,1,1,2,2014,1,433070,5252760,2,2,47.4248535,-123.8874236,10/7/2014,10/21/2014,14,14,14,NA,NA,NA,NA,NA,NA,NA,NA,NA,NA,NA,NA,NA,NA,NA,NA,0,NA,1,0,0,NA,0,0,NA,NA,387.0140462,1.14400789,0.076906634,0.398321749
167_177,167,NA,NA,1,1,3,2014,1,433070,5252760,2,3,47.4248535,-123.8874236,10/21/2014,11/4/2014,14,14,14,NA,NA,NA,NA,NA,NA,NA,NA,NA,NA,NA,NA,NA,NA,NA,NA,0,NA,0,0,0,NA,0,0,NA,NA,134.1778637,-0.621298791,0.076906634,0.398321749
167_181,167,NA,NA,1,1,1,2014,1,434052,5255276,3,1,47.44759006,-123.8747799,9/23/2014,10/7/2014,14,14,14,NA,NA,NA,NA,NA,NA,NA,NA,NA,NA,NA,NA,NA,NA,NA,NA,0,NA,1,1,0,NA,0,1,NA,NA,173.4076363,-0.347395827,0.076906634,0.398321749
167_181,167,NA,NA,1,1,2,2014,1,434052,5255276,3,2,47.44759006,-123.8747799,10/7/2014,10/21/2014,14,14,14,NA,NA,NA,NA,NA,NA,NA,NA,NA,NA,NA,NA,NA,NA,NA,NA,0,NA,0,0,0,NA,0,0,NA,NA,387.0641809,1.144357932,0.076906634,0.398321749
167_181,167,NA,NA,1,1,3,2014,1,434052,5255276,3,3,47.44759006,-123.8747799,10/21/2014,11/4/2014,14,14,14,NA,NA,NA,NA,NA,NA,NA,NA,NA,NA,NA,NA,NA,NA,NA,NA,0,NA,0,1,0,NA,0,1,NA,NA,134.1856057,-0.621244736,0.076906634,0.398321749
168_174,168,NA,NA,1,1,1,2014,1,441552,5251642,1,1,47.41560987,-123.7748246,9/22/2014,10/6/2014,14,14,14,NA,NA,NA,NA,NA,NA,NA,NA,NA,NA,NA,NA,NA,NA,NA,NA,0,NA,0,0,1,NA,0,1,NA,NA,126.8132605,-0.67271858,0.076906634,0.398321749
168_174,168,NA,NA,1,1,2,2014,1,441552,5251642,1,2,47.41560987,-123.7748246,10/6/2014,10/20/2014,14,14,14,NA,NA,NA,NA,NA,NA,NA,NA,NA,NA,NA,NA,NA,NA,NA,NA,0,NA,0,1,0,NA,0,1,NA,NA,432.1863868,1.459401968,0.076906634,0.398321749
168_174,168,NA,NA,1,1,3,2014,1,441552,5251642,1,3,47.41560987,-123.7748246,10/20/2014,11/3/2014,14,14,14,NA,NA,NA,NA,NA,NA,NA,NA,NA,NA,NA,NA,NA,NA,NA,NA,0,NA,0,1,0,NA,0,1,NA,NA,95.09019818,-0.89420956,0.076906634,0.398321749
168_176,168,NA,NA,1,1,1,2014,1,442312,5252596,2,1,47.42426094,-123.7648748,9/22/2014,10/6/2014,14,0,14,NA,NA,NA,NA,NA,NA,NA,NA,NA,NA,NA,NA,NA,NA,NA,NA,0,NA,0,0,0,NA,0,0,NA,NA,126.8079614,-0.672755578,-4.679511457,0.398321749
168_176,168,NA,NA,1,1,2,2014,1,442312,5252596,2,2,47.42426094,-123.7648748,10/6/2014,10/20/2014,14,14,14,NA,NA,NA,NA,NA,NA,NA,NA,NA,NA,NA,NA,NA,NA,NA,NA,0,NA,0,1,0,NA,0,1,NA,NA,432.2090447,1.459560166,0.076906634,0.398321749
168_176,168,NA,NA,1,1,3,2014,1,442312,5252596,2,3,47.42426094,-123.7648748,10/20/2014,11/3/2014,14,14,14,NA,NA,NA,NA,NA,NA,NA,NA,NA,NA,NA,NA,NA,NA,NA,NA,0,NA,0,1,0,NA,0,1,NA,NA,95.0906425,-0.894206458,0.076906634,0.398321749
168_180,168,NA,NA,1,1,1,2014,1,443101,5254565,3,1,47.44204593,-123.7546678,9/22/2014,10/6/2014,14,14,14,NA,NA,NA,NA,NA,NA,NA,NA,NA,NA,NA,NA,NA,NA,NA,NA,0,NA,1,0,0,NA,0,0,NA,NA,126.8007514,-0.672805919,0.076906634,0.398321749
168_180,168,NA,NA,1,1,2,2014,1,443101,5254565,3,2,47.44204593,-123.7546678,10/6/2014,10/20/2014,14,14,14,NA,NA,NA,NA,NA,NA,NA,NA,NA,NA,NA,NA,NA,NA,NA,NA,0,NA,1,0,0,NA,0,0,NA,NA,432.2506229,1.459850466,0.076906634,0.398321749
168_180,168,NA,NA,1,1,3,2014,1,443101,5254565,3,3,47.44204593,-123.7546678,10/20/2014,11/3/2014,14,14,14,NA,NA,NA,NA,NA,NA,NA,NA,NA,NA,NA,NA,NA,NA,NA,NA,0,NA,0,0,0,NA,0,0,NA,NA,95.09359967,-0.894185811,0.076906634,0.398321749
170_175,170,NA,NA,1,1,1,2014,1,461050,5252587,1,1,47.42556824,-123.5164431,9/20/2014,10/5/2014,15,15,3,NA,NA,NA,NA,NA,NA,NA,NA,NA,NA,NA,NA,NA,NA,NA,NA,0,NA,0,0,0,NA,0,0,NA,NA,84.91054895,-0.96528405,0.416650783,-2.317831524
170_175,170,NA,NA,1,1,2,2014,1,461050,5252587,1,2,47.42556824,-123.5164431,10/5/2014,10/19/2014,14,14,6,NA,NA,NA,NA,NA,NA,NA,NA,NA,NA,NA,NA,NA,NA,NA,NA,1,NA,0,0,0,NA,0,0,NA,NA,467.2887793,1.704487491,0.076906634,-1.57706245
170_175,170,NA,NA,1,1,3,2014,1,461050,5252587,1,3,47.42556824,-123.5164431,10/19/2014,11/2/2014,14,14,14,NA,NA,NA,NA,NA,NA,NA,NA,NA,NA,NA,NA,NA,NA,NA,NA,1,NA,0,0,0,NA,0,0,NA,NA,66.52440058,-1.093656462,0.076906634,0.398321749
170_178,170,NA,NA,1,1,1,2014,1,457754,5252803,2,1,47.42730655,-123.5601638,9/20/2014,10/5/2014,15,15,15,NA,NA,NA,NA,NA,NA,NA,NA,NA,NA,NA,NA,NA,NA,NA,NA,0,NA,0,0,0,NA,0,0,NA,NA,84.91008845,-0.965287265,0.416650783,0.645244774
170_178,170,NA,NA,1,1,2,2014,1,457754,5252803,2,2,47.42730655,-123.5601638,10/5/2014,10/19/2014,14,14,14,NA,NA,NA,NA,NA,NA,NA,NA,NA,NA,NA,NA,NA,NA,NA,NA,0,NA,0,0,0,NA,0,0,NA,NA,467.2866758,1.704472805,0.076906634,0.398321749
170_178,170,NA,NA,1,1,3,2014,1,457754,5252803,2,3,47.42730655,-123.5601638,10/19/2014,11/2/2014,14,14,14,NA,NA,NA,NA,NA,NA,NA,NA,NA,NA,NA,NA,NA,NA,NA,NA,1,NA,0,0,0,NA,0,0,NA,NA,66.5263359,-1.09364295,0.076906634,0.398321749
170_182,170,NA,NA,1,1,1,2014,1,458149,5255825,3,1,47.45452291,-123.5552125,9/20/2014,10/5/2014,15,15,15,NA,NA,NA,NA,NA,NA,NA,NA,NA,NA,NA,NA,NA,NA,NA,NA,1,NA,0,1,0,NA,0,1,NA,NA,84.9004892,-0.965354288,0.416650783,0.645244774
170_182,170,NA,NA,1,1,2,2014,1,458149,5255825,3,2,47.45452291,-123.5552125,10/5/2014,10/19/2014,14,14,14,NA,NA,NA,NA,NA,NA,NA,NA,NA,NA,NA,NA,NA,NA,NA,NA,0,NA,0,1,0,NA,0,1,NA,NA,467.3538485,1.704941806,0.076906634,0.398321749
170_182,170,NA,NA,1,1,3,2014,1,458149,5255825,3,3,47.45452291,-123.5552125,10/19/2014,11/2/2014,14,14,14,NA,NA,NA,NA,NA,NA,NA,NA,NA,NA,NA,NA,NA,NA,NA,NA,0,NA,0,0,0,NA,0,0,NA,NA,66.52920054,-1.093622949,0.076906634,0.398321749
199_183,199,NA,NA,1,1,1,2014,1,427640,5259311,1,1,47.48321159,-123.9604825,9/22/2014,10/8/2014,16,16,16,NA,NA,NA,NA,NA,NA,NA,NA,NA,NA,NA,NA,NA,NA,NA,NA,0,NA,1,1,0,NA,0,1,NA,NA,198.1578173,-0.174589627,0.756394932,0.892167799
199_183,199,NA,NA,1,1,2,2014,1,427640,5259311,1,2,47.48321159,-123.9604825,10/8/2014,10/21/2014,13,13,13,NA,NA,NA,NA,NA,NA,NA,NA,NA,NA,NA,NA,NA,NA,NA,NA,0,NA,1,1,0,NA,0,1,NA,NA,359.9231315,0.954858647,-0.262837516,0.151398724
199_183,199,NA,NA,1,1,3,2014,1,427640,5259311,1,3,47.48321159,-123.9604825,10/21/2014,11/4/2014,14,14,14,NA,NA,NA,NA,NA,NA,NA,NA,NA,NA,NA,NA,NA,NA,NA,NA,0,NA,1,1,0,NA,0,1,NA,NA,134.2045551,-0.621112431,0.076906634,0.398321749
199_197,199,NA,NA,1,1,1,2014,1,429712,5262745,2,1,47.51433359,-123.9335308,9/22/2014,10/8/2014,16,16,16,NA,NA,NA,NA,NA,NA,NA,NA,NA,NA,NA,NA,NA,NA,NA,NA,0,NA,0,0,0,NA,0,0,NA,NA,198.1521831,-0.174628965,0.756394932,0.892167799
199_197,199,NA,NA,1,1,2,2014,1,429712,5262745,2,2,47.51433359,-123.9335308,10/8/2014,10/21/2014,13,13,13,NA,NA,NA,NA,NA,NA,NA,NA,NA,NA,NA,NA,NA,NA,NA,NA,0,NA,0,0,0,NA,0,0,NA,NA,359.9973446,0.955376804,-0.262837516,0.151398724
199_197,199,NA,NA,1,1,3,2014,1,429712,5262745,2,3,47.51433359,-123.9335308,10/21/2014,11/4/2014,14,14,14,NA,NA,NA,NA,NA,NA,NA,NA,NA,NA,NA,NA,NA,NA,NA,NA,0,NA,1,0,0,NA,0,0,NA,NA,134.2133041,-0.621051345,0.076906634,0.398321749
199_199,199,NA,NA,1,1,1,2014,1,428380,5263613,3,1,47.52199737,-123.9513604,9/22/2014,10/8/2014,16,16,11,NA,NA,NA,NA,NA,NA,NA,NA,NA,NA,NA,NA,NA,NA,NA,NA,1,NA,1,1,0,NA,0,1,NA,NA,198.1527399,-0.174625078,0.756394932,-0.342447325
199_199,199,NA,NA,1,1,2,2014,1,428380,5263613,3,2,47.52199737,-123.9513604,10/8/2014,10/21/2014,13,13,13,NA,NA,NA,NA,NA,NA,NA,NA,NA,NA,NA,NA,NA,NA,NA,NA,0,NA,1,0,0,NA,0,0,NA,NA,360.0116141,0.955476434,-0.262837516,0.151398724
199_199,199,NA,NA,1,1,3,2014,1,428380,5263613,3,3,47.52199737,-123.9513604,10/21/2014,11/4/2014,14,14,14,NA,NA,NA,NA,NA,NA,NA,NA,NA,NA,NA,NA,NA,NA,NA,NA,0,NA,1,1,0,NA,0,1,NA,NA,134.2186721,-0.621013866,0.076906634,0.398321749
200_196,200,NA,NA,1,1,1,2014,1,439327,5261882,1,1,47.50753751,-123.8057243,7/28/2014,8/12/2014,15,15,15,NA,NA,NA,NA,NA,NA,NA,NA,NA,NA,NA,NA,NA,NA,NA,NA,0,NA,0,0,0,NA,0,0,NA,NA,216.1019548,-0.049303343,0.416650783,0.645244774
200_196,200,NA,NA,1,1,2,2014,1,439327,5261882,1,2,47.50753751,-123.8057243,8/12/2014,8/26/2014,14,14,14,NA,NA,NA,NA,NA,NA,NA,NA,NA,NA,NA,NA,NA,NA,NA,NA,0,NA,0,0,0,NA,0,0,NA,NA,182.1110317,-0.286628567,0.076906634,0.398321749
200_196,200,NA,NA,1,1,3,2014,1,439327,5261882,1,3,47.50753751,-123.8057243,8/26/2014,9/9/2014,14,14,14,NA,NA,NA,NA,NA,NA,NA,NA,NA,NA,NA,NA,NA,NA,NA,NA,0,NA,0,0,0,NA,0,0,NA,NA,206.8612517,-0.113822095,0.076906634,0.398321749
200_193,200,NA,NA,1,1,1,2014,1,436380,5261227,2,1,47.50136286,-123.8447609,7/28/2014,8/12/2014,15,15,15,NA,NA,NA,NA,NA,NA,NA,NA,NA,NA,NA,NA,NA,NA,NA,NA,0,NA,0,0,0,NA,0,0,NA,NA,216.1197744,-0.049178926,0.416650783,0.645244774
200_193,200,NA,NA,1,1,2,2014,1,436380,5261227,2,2,47.50136286,-123.8447609,8/12/2014,8/26/2014,14,14,14,NA,NA,NA,NA,NA,NA,NA,NA,NA,NA,NA,NA,NA,NA,NA,NA,0,NA,0,0,0,NA,0,0,NA,NA,182.1125912,-0.286617679,0.076906634,0.398321749
200_193,200,NA,NA,1,1,3,2014,1,436380,5261227,2,3,47.50136286,-123.8447609,8/26/2014,9/9/2014,14,14,14,NA,NA,NA,NA,NA,NA,NA,NA,NA,NA,NA,NA,NA,NA,NA,NA,0,NA,0,1,0,NA,0,1,NA,NA,206.8715324,-0.113750315,0.076906634,0.398321749
200_188,200,NA,NA,1,1,1,2014,1,434903,5260363,3,1,47.49344335,-123.864243,7/28/2014,8/12/2014,15,15,15,NA,NA,NA,NA,NA,NA,NA,NA,NA,NA,NA,NA,NA,NA,NA,NA,0,NA,0,0,0,NA,0,0,NA,NA,216.1414607,-0.049027512,0.416650783,0.645244774
200_188,200,NA,NA,1,1,2,2014,1,434903,5260363,3,2,47.49344335,-123.864243,8/12/2014,8/26/2014,14,14,14,NA,NA,NA,NA,NA,NA,NA,NA,NA,NA,NA,NA,NA,NA,NA,NA,0,NA,0,0,0,NA,0,0,NA,NA,182.11224,-0.286620131,0.076906634,0.398321749
200_188,200,NA,NA,1,1,3,2014,1,434903,5260363,3,3,47.49344335,-123.864243,8/26/2014,9/9/2014,14,14,14,NA,NA,NA,NA,NA,NA,NA,NA,NA,NA,NA,NA,NA,NA,NA,NA,0,NA,0,1,0,NA,0,1,NA,NA,206.8848446,-0.113657369,0.076906634,0.398321749
202_185,202,NA,NA,1,1,1,2014,1,456550,5260001,1,1,47.49199204,-123.5768355,5/30/2014,6/13/2014,14,14,8,NA,NA,NA,NA,NA,NA,NA,NA,NA,NA,NA,NA,NA,NA,NA,NA,0,NA,0,0,0,NA,0,0,NA,NA,183.8516003,-0.274475886,0.076906634,-1.0832164
202_185,202,NA,NA,1,1,2,2014,1,456550,5260001,1,2,47.49199204,-123.5768355,6/13/2014,6/27/2014,14,14,8,NA,NA,NA,NA,NA,NA,NA,NA,NA,NA,NA,NA,NA,NA,NA,NA,0,NA,0,0,0,NA,0,0,NA,NA,166.6120704,-0.394842588,0.076906634,-1.0832164
202_185,202,NA,NA,1,1,3,2014,1,456550,5260001,1,3,47.49199204,-123.5768355,6/27/2014,7/11/2014,14,14,10,NA,NA,NA,NA,NA,NA,NA,NA,NA,NA,NA,NA,NA,NA,NA,NA,0,NA,0,0,0,NA,0,0,NA,NA,120.6984883,-0.715412027,0.076906634,-0.58937035
202_190,202,NA,NA,1,1,1,2014,1,456230,5260982,2,1,47.50079716,-123.5811809,5/30/2014,6/13/2014,14,14,14,NA,NA,NA,NA,NA,NA,NA,NA,NA,NA,NA,NA,NA,NA,NA,NA,0,NA,0,0,0,NA,0,0,NA,NA,183.8257674,-0.274656252,0.076906634,0.398321749
202_190,202,NA,NA,1,1,2,2014,1,456230,5260982,2,2,47.50079716,-123.5811809,6/13/2014,6/27/2014,14,14,14,NA,NA,NA,NA,NA,NA,NA,NA,NA,NA,NA,NA,NA,NA,NA,NA,0,NA,0,0,0,NA,0,0,NA,NA,166.5875842,-0.395013551,0.076906634,0.398321749
202_190,202,NA,NA,1,1,3,2014,1,456230,5260982,2,3,47.50079716,-123.5811809,6/27/2014,7/11/2014,14,14,14,NA,NA,NA,NA,NA,NA,NA,NA,NA,NA,NA,NA,NA,NA,NA,NA,0,NA,0,0,0,NA,0,0,NA,NA,120.6770621,-0.715561625,0.076906634,0.398321749
202_187,202,NA,NA,1,1,1,2014,1,455311,5260330,3,1,47.4948683,-123.5933167,5/30/2014,6/13/2014,14,14,14,NA,NA,NA,NA,NA,NA,NA,NA,NA,NA,NA,NA,NA,NA,NA,NA,0,NA,0,0,0,NA,0,0,NA,NA,183.8432431,-0.274534236,0.076906634,0.398321749
202_187,202,NA,NA,1,1,2,2014,1,455311,5260330,3,2,47.4948683,-123.5933167,6/13/2014,6/27/2014,14,14,14,NA,NA,NA,NA,NA,NA,NA,NA,NA,NA,NA,NA,NA,NA,NA,NA,0,NA,0,0,0,NA,0,0,NA,NA,166.6007431,-0.394921675,0.076906634,0.398321749
202_187,202,NA,NA,1,1,3,2014,1,455311,5260330,3,3,47.4948683,-123.5933167,6/27/2014,7/11/2014,14,14,14,NA,NA,NA,NA,NA,NA,NA,NA,NA,NA,NA,NA,NA,NA,NA,NA,0,NA,0,0,0,NA,0,0,NA,NA,120.6915552,-0.715460434,0.076906634,0.398321749
203_184,203,NA,NA,1,1,1,2014,1,465219,5259511,1,1,47.48810434,-123.4617128,5/31/2014,6/14/2014,14,14,14,NA,NA,NA,NA,NA,NA,NA,NA,NA,NA,NA,NA,NA,NA,NA,NA,0,NA,0,0,0,NA,0,0,NA,NA,216.7080498,-0.045071577,0.076906634,0.398321749
203_184,203,NA,NA,1,1,2,2014,1,465219,5259511,1,2,47.48810434,-123.4617128,6/14/2014,6/28/2014,14,14,7,NA,NA,NA,NA,NA,NA,NA,NA,NA,NA,NA,NA,NA,NA,NA,NA,0,NA,0,0,0,NA,0,0,NA,NA,133.6312619,-0.625115174,0.076906634,-1.330139425
203_184,203,NA,NA,1,1,3,2014,1,465219,5259511,1,3,47.48810434,-123.4617128,6/28/2014,7/12/2014,14,14,9,NA,NA,NA,NA,NA,NA,NA,NA,NA,NA,NA,NA,NA,NA,NA,NA,0,NA,0,0,0,NA,0,0,NA,NA,155.2119425,-0.474438482,0.076906634,-0.836293375
203_189,203,NA,NA,1,1,1,2014,1,465152,5260448,2,1,47.49653159,-123.4626763,5/31/2014,6/14/2014,14,14,14,NA,NA,NA,NA,NA,NA,NA,NA,NA,NA,NA,NA,NA,NA,NA,NA,0,NA,0,0,0,NA,0,0,NA,NA,216.681286,-0.045258442,0.076906634,0.398321749
203_189,203,NA,NA,1,1,2,2014,1,465152,5260448,2,2,47.49653159,-123.4626763,6/14/2014,6/28/2014,14,14,14,NA,NA,NA,NA,NA,NA,NA,NA,NA,NA,NA,NA,NA,NA,NA,NA,0,NA,0,0,0,NA,0,0,NA,NA,133.6128469,-0.625243748,0.076906634,0.398321749
203_189,203,NA,NA,1,1,3,2014,1,465152,5260448,2,3,47.49653159,-123.4626763,6/28/2014,7/12/2014,14,14,14,NA,NA,NA,NA,NA,NA,NA,NA,NA,NA,NA,NA,NA,NA,NA,NA,0,NA,0,0,0,NA,0,0,NA,NA,155.1853682,-0.474624024,0.076906634,0.398321749
203_191,203,NA,NA,1,1,1,2014,1,464549,5261143,3,1,47.50275239,-123.4707379,5/31/2014,6/14/2014,14,14,13,NA,NA,NA,NA,NA,NA,NA,NA,NA,NA,NA,NA,NA,NA,NA,NA,0,NA,0,0,0,NA,0,0,NA,NA,216.6591856,-0.045412748,0.076906634,0.151398724
203_191,203,NA,NA,1,1,2,2014,1,464549,5261143,3,2,47.50275239,-123.4707379,6/14/2014,6/28/2014,14,14,14,NA,NA,NA,NA,NA,NA,NA,NA,NA,NA,NA,NA,NA,NA,NA,NA,1,NA,0,0,0,NA,0,0,NA,NA,133.6000225,-0.625333288,0.076906634,0.398321749
203_191,203,NA,NA,1,1,3,2014,1,464549,5261143,3,3,47.50275239,-123.4707379,6/28/2014,7/12/2014,14,14,14,NA,NA,NA,NA,NA,NA,NA,NA,NA,NA,NA,NA,NA,NA,NA,NA,0,NA,0,0,0,NA,0,0,NA,NA,155.1666871,-0.474754456,0.076906634,0.398321749
204_195,204,NA,NA,1,1,1,2014,1,473169,5261340,1,1,47.50493769,-123.3562914,6/1/2014,6/15/2014,14,14,6,NA,NA,NA,NA,NA,NA,NA,NA,NA,NA,NA,NA,NA,NA,NA,NA,0,NA,0,0,0,NA,0,0,NA,NA,245.3079486,0.15461342,0.076906634,-1.57706245
204_195,204,NA,NA,1,1,2,2014,1,473169,5261340,1,2,47.50493769,-123.3562914,6/15/2014,6/29/2014,14,14,2,NA,NA,NA,NA,NA,NA,NA,NA,NA,NA,NA,NA,NA,NA,NA,NA,0,NA,0,0,0,NA,0,0,NA,NA,104.4036326,-0.829182997,0.076906634,-2.564754549
204_195,204,NA,NA,1,1,3,2014,1,473169,5261340,1,3,47.50493769,-123.3562914,6/28/2014,7/12/2014,14,14,2,NA,NA,NA,NA,NA,NA,NA,NA,NA,NA,NA,NA,NA,NA,NA,NA,0,NA,0,0,0,NA,0,0,NA,NA,155.1538722,-0.47484393,0.076906634,-2.564754549
204_194,204,NA,NA,1,1,1,2014,1,475476,5261233,2,1,47.504066,-123.3256511,6/1/2014,6/15/2014,14,14,14,NA,NA,NA,NA,NA,NA,NA,NA,NA,NA,NA,NA,NA,NA,NA,NA,0,NA,0,0,0,NA,0,0,NA,NA,245.3094012,0.154623562,0.076906634,0.398321749
204_194,204,NA,NA,1,1,2,2014,1,475476,5261233,2,2,47.504066,-123.3256511,6/15/2014,6/29/2014,14,14,14,NA,NA,NA,NA,NA,NA,NA,NA,NA,NA,NA,NA,NA,NA,NA,NA,0,NA,0,0,0,NA,0,0,NA,NA,104.4065849,-0.829162384,0.076906634,0.398321749
204_194,204,NA,NA,1,1,3,2014,1,475476,5261233,2,3,47.504066,-123.3256511,6/28/2014,7/12/2014,14,14,14,NA,NA,NA,NA,NA,NA,NA,NA,NA,NA,NA,NA,NA,NA,NA,NA,0,NA,0,0,0,NA,0,0,NA,NA,155.1567969,-0.474823509,0.076906634,0.398321749
204_198,204,NA,NA,1,1,1,2014,1,474150,5263384,3,1,47.5233689,-123.3433849,6/1/2014,6/15/2014,14,14,14,NA,NA,NA,NA,NA,NA,NA,NA,NA,NA,NA,NA,NA,NA,NA,NA,0,NA,0,0,0,NA,0,0,NA,NA,245.2315485,0.154079993,0.076906634,0.398321749
204_198,204,NA,NA,1,1,2,2014,1,474150,5263384,3,2,47.5233689,-123.3433849,6/15/2014,6/29/2014,14,14,2,NA,NA,NA,NA,NA,NA,NA,NA,NA,NA,NA,NA,NA,NA,NA,NA,0,NA,0,0,0,NA,0,0,NA,NA,104.3722552,-0.829402074,0.076906634,-2.564754549
204_198,204,NA,NA,1,1,3,2014,1,474150,5263384,3,3,47.5233689,-123.3433849,6/28/2014,7/12/2014,14,14,1,NA,NA,NA,NA,NA,NA,NA,NA,NA,NA,NA,NA,NA,NA,NA,NA,0,NA,0,0,0,NA,0,0,NA,NA,155.0990829,-0.475226469,0.076906634,-2.811677574
205_186,205,NA,NA,1,1,1,2014,1,482387,5260189,1,1,47.49489608,-123.2338401,9/18/2014,10/3/2014,15,15,15,NA,NA,NA,NA,NA,NA,NA,NA,NA,NA,NA,NA,NA,NA,NA,NA,0,NA,0,0,0,NA,0,0,NA,NA,45.46531062,-1.240691399,0.416650783,0.645244774
205_186,205,NA,NA,1,1,2,2014,1,482387,5260189,1,2,47.49489608,-123.2338401,10/3/2014,10/17/2014,14,3,3,NA,NA,NA,NA,NA,NA,NA,NA,NA,NA,NA,NA,NA,NA,NA,NA,0,NA,0,1,0,NA,0,1,NA,NA,504.7925605,1.966339553,-3.660279009,-2.317831524
205_123,205,NA,NA,1,1,1,2014,1,483878,5260777,1,3,47.50022551,-123.2140664,10/17/2014,10/31/2014,14,14,14,NA,NA,NA,NA,NA,NA,NA,NA,NA,NA,NA,NA,NA,NA,NA,NA,0,NA,0,0,0,NA,1,0,NA,NA,41.34964201,-1.26942707,0.076906634,0.398321749
205_192,205,NA,NA,1,1,1,2014,1,482392,5261197,2,1,47.5039661,-123.2338139,9/18/2014,10/3/2014,15,15,15,NA,NA,NA,NA,NA,NA,NA,NA,NA,NA,NA,NA,NA,NA,NA,NA,0,NA,0,0,0,NA,0,0,NA,NA,45.46358468,-1.24070345,0.416650783,0.645244774
205_192,205,NA,NA,1,1,2,2014,1,482392,5261197,2,2,47.5039661,-123.2338139,10/3/2014,10/17/2014,14,0,14,NA,NA,NA,NA,NA,NA,NA,NA,NA,NA,NA,NA,NA,NA,NA,NA,0,NA,0,0,0,NA,0,0,NA,NA,504.8129519,1.966481926,-4.679511457,0.398321749
205_192,205,NA,NA,1,2,1,2014,1,482364,5261137,2,3,47.50342546,-123.2341834,10/17/2014,10/31/2014,14,14,14,NA,NA,NA,NA,NA,NA,NA,NA,NA,NA,NA,NA,NA,NA,NA,NA,0,NA,0,1,0,NA,1,1,NA,NA,41.34942699,-1.269428571,0.076906634,0.398321749
205_200,205,NA,NA,1,1,1,2014,1,482529,5263687,3,1,47.52637451,-123.2320935,9/18/2014,10/3/2014,15,15,15,NA,NA,NA,NA,NA,NA,NA,NA,NA,NA,NA,NA,NA,NA,NA,NA,0,NA,0,0,0,NA,0,0,NA,NA,45.45887062,-1.240736363,0.416650783,0.645244774
205_200,205,NA,NA,1,1,2,2014,1,482529,5263687,3,2,47.52637451,-123.2320935,10/3/2014,10/17/2014,14,14,14,NA,NA,NA,NA,NA,NA,NA,NA,NA,NA,NA,NA,NA,NA,NA,NA,0,NA,0,0,1,NA,0,1,NA,NA,504.8591417,1.966804424,0.076906634,0.398321749
205_200,205,NA,NA,1,1,3,2014,1,482529,5263687,3,3,47.52637451,-123.2320935,10/17/2014,10/31/2014,14,14,14,NA,NA,NA,NA,NA,NA,NA,NA,NA,NA,NA,NA,NA,NA,NA,NA,0,NA,0,0,0,NA,0,0,NA,NA,41.35407768,-1.2693961,0.076906634,0.398321749
232_201,232,NA,NA,1,1,1,2014,1,404516,5267980,1,1,47.55821425,-124.2692345,9/21/2014,10/8/2014,17,17,14,NA,NA,NA,NA,NA,NA,NA,NA,NA,NA,NA,NA,NA,NA,NA,NA,0,NA,0,0,0,NA,0,0,NA,NA,187.0758464,-0.251964143,1.096139082,0.398321749
232_201,232,NA,NA,1,1,2,2014,1,404516,5267980,1,2,47.55821425,-124.2692345,10/9/2014,10/22/2014,13,13,1,NA,NA,NA,NA,NA,NA,NA,NA,NA,NA,NA,NA,NA,NA,NA,NA,0,NA,0,1,0,NA,0,1,NA,NA,302.8437152,0.556329156,-0.262837516,-2.811677574
232_201,232,NA,NA,1,1,3,2014,1,404516,5267980,1,3,47.55821425,-124.2692345,10/22/2014,11/5/2014,14,14,14,NA,NA,NA,NA,NA,NA,NA,NA,NA,NA,NA,NA,NA,NA,NA,NA,0,NA,0,0,0,NA,0,0,NA,NA,183.2036713,-0.278999738,0.076906634,0.398321749
232_209,232,NA,NA,1,1,1,2014,1,406224,5270328,2,1,47.5795852,-124.2470376,9/21/2014,10/8/2014,17,17,17,NA,NA,NA,NA,NA,NA,NA,NA,NA,NA,NA,NA,NA,NA,NA,NA,0,NA,0,0,0,NA,0,0,NA,NA,187.0716472,-0.251993462,1.096139082,1.139090824
232_209,232,NA,NA,1,1,2,2014,1,406224,5270328,2,2,47.5795852,-124.2470376,10/9/2014,10/22/2014,13,13,13,NA,NA,NA,NA,NA,NA,NA,NA,NA,NA,NA,NA,NA,NA,NA,NA,0,NA,0,0,0,NA,0,0,NA,NA,302.891688,0.556664103,-0.262837516,0.151398724
232_209,232,NA,NA,1,1,3,2014,1,406224,5270328,2,3,47.5795852,-124.2470376,10/22/2014,11/5/2014,14,14,14,NA,NA,NA,NA,NA,NA,NA,NA,NA,NA,NA,NA,NA,NA,NA,NA,0,NA,0,0,0,NA,0,0,NA,NA,183.2153484,-0.278918208,0.076906634,0.398321749
232_212,232,NA,NA,1,1,1,2014,1,406987,5270681,3,1,47.58287055,-124.2369684,9/21/2014,10/8/2014,17,17,17,NA,NA,NA,NA,NA,NA,NA,NA,NA,NA,NA,NA,NA,NA,NA,NA,0,NA,0,0,0,NA,0,0,NA,NA,187.0703454,-0.252002551,1.096139082,1.139090824
232_212,232,NA,NA,1,1,2,2014,1,406987,5270681,3,2,47.58287055,-124.2369684,10/9/2014,10/22/2014,13,13,13,NA,NA,NA,NA,NA,NA,NA,NA,NA,NA,NA,NA,NA,NA,NA,NA,0,NA,0,0,0,NA,0,0,NA,NA,302.8982745,0.55671009,-0.262837516,0.151398724
232_212,232,NA,NA,1,1,3,2014,1,406987,5270681,3,3,47.58287055,-124.2369684,10/22/2014,11/5/2014,14,14,14,NA,NA,NA,NA,NA,NA,NA,NA,NA,NA,NA,NA,NA,NA,NA,NA,0,NA,0,0,0,NA,0,0,NA,NA,183.216899,-0.278907382,0.076906634,0.398321749
236_205,236,NA,NA,1,1,1,2014,1,438127,5269708,1,1,47.57783481,-123.8227593,7/26/2014,8/11/2014,16,16,16,NA,NA,NA,NA,NA,NA,NA,NA,NA,NA,NA,NA,NA,NA,NA,NA,0,NA,0,0,0,NA,0,0,NA,NA,167.569176,-0.38816006,0.756394932,0.892167799
236_205,236,NA,NA,1,1,2,2014,1,438127,5269708,1,2,47.57783481,-123.8227593,8/11/2014,8/25/2014,14,14,14,NA,NA,NA,NA,NA,NA,NA,NA,NA,NA,NA,NA,NA,NA,NA,NA,0,NA,1,0,0,NA,0,0,NA,NA,221.9268038,-0.008634145,0.076906634,0.398321749
236_205,236,NA,NA,1,1,3,2014,1,438127,5269708,1,3,47.57783481,-123.8227593,8/25/2014,9/8/2014,14,14,14,NA,NA,NA,NA,NA,NA,NA,NA,NA,NA,NA,NA,NA,NA,NA,NA,0,NA,1,0,0,NA,0,0,NA,NA,160.2264959,-0.439426782,0.076906634,0.398321749
236_211,236,NA,NA,1,1,1,2014,1,438795,5270599,2,1,47.58591445,-123.8140018,7/26/2014,8/11/2014,16,16,16,NA,NA,NA,NA,NA,NA,NA,NA,NA,NA,NA,NA,NA,NA,NA,NA,0,NA,0,0,0,NA,0,0,NA,NA,167.5505596,-0.38829004,0.756394932,0.892167799
236_211,236,NA,NA,1,1,2,2014,1,438795,5270599,2,2,47.58591445,-123.8140018,8/11/2014,8/25/2014,14,14,14,NA,NA,NA,NA,NA,NA,NA,NA,NA,NA,NA,NA,NA,NA,NA,NA,1,NA,0,0,0,NA,0,0,NA,NA,221.9226876,-0.008662884,0.076906634,0.398321749
236_211,236,NA,NA,1,1,3,2014,1,438795,5270599,2,3,47.58591445,-123.8140018,8/25/2014,9/8/2014,14,14,14,NA,NA,NA,NA,NA,NA,NA,NA,NA,NA,NA,NA,NA,NA,NA,NA,0,NA,0,0,0,NA,0,0,NA,NA,160.2154596,-0.439503837,0.076906634,0.398321749
236_203,236,NA,NA,1,1,1,2014,1,439127,5269127,3,1,47.57270219,-123.8093826,7/26/2014,8/11/2014,16,16,16,NA,NA,NA,NA,NA,NA,NA,NA,NA,NA,NA,NA,NA,NA,NA,NA,0,NA,0,0,0,NA,0,0,NA,NA,167.5814387,-0.388074441,0.756394932,0.892167799
236_203,236,NA,NA,1,1,2,2014,1,439127,5269127,3,2,47.57270219,-123.8093826,8/11/2014,8/25/2014,14,14,14,NA,NA,NA,NA,NA,NA,NA,NA,NA,NA,NA,NA,NA,NA,NA,NA,0,NA,0,0,0,NA,0,0,NA,NA,221.9279628,-0.008626053,0.076906634,0.398321749
236_203,236,NA,NA,1,1,3,2014,1,439127,5269127,3,3,47.57270219,-123.8093826,8/25/2014,9/8/2014,14,14,14,NA,NA,NA,NA,NA,NA,NA,NA,NA,NA,NA,NA,NA,NA,NA,NA,0,NA,0,0,0,NA,0,0,NA,NA,160.2309927,-0.439395385,0.076906634,0.398321749
237_206,237,NA,NA,1,1,1,2014,1,451327,5270005,1,1,47.58163172,-123.6472777,7/28/2014,8/12/2014,15,15,15,NA,NA,NA,NA,NA,NA,NA,NA,NA,NA,NA,NA,NA,NA,NA,NA,1,NA,1,0,0,NA,0,0,NA,NA,215.8899296,-0.050783707,0.416650783,0.645244774
237_206,237,NA,NA,1,1,2,2014,1,451327,5270005,1,2,47.58163172,-123.6472777,8/12/2014,8/26/2014,14,14,14,NA,NA,NA,NA,NA,NA,NA,NA,NA,NA,NA,NA,NA,NA,NA,NA,1,NA,0,0,0,NA,0,0,NA,NA,182.0994214,-0.28670963,0.076906634,0.398321749
237_206,237,NA,NA,1,1,3,2014,1,451327,5270005,1,3,47.58163172,-123.6472777,8/26/2014,9/9/2014,14,14,14,NA,NA,NA,NA,NA,NA,NA,NA,NA,NA,NA,NA,NA,NA,NA,NA,0,NA,1,1,0,NA,0,1,NA,NA,206.7409095,-0.114662326,0.076906634,0.398321749
237_214,237,NA,NA,1,1,1,2014,1,451674,5270931,2,1,47.58998914,-123.6427654,7/28/2014,8/12/2014,15,15,15,NA,NA,NA,NA,NA,NA,NA,NA,NA,NA,NA,NA,NA,NA,NA,NA,0,NA,0,0,0,NA,0,0,NA,NA,215.8697003,-0.050924948,0.416650783,0.645244774
237_214,237,NA,NA,1,1,2,2014,1,451674,5270931,2,2,47.58998914,-123.6427654,8/12/2014,8/26/2014,14,14,14,NA,NA,NA,NA,NA,NA,NA,NA,NA,NA,NA,NA,NA,NA,NA,NA,0,NA,0,0,0,NA,0,0,NA,NA,182.0993672,-0.286710009,0.076906634,0.398321749
237_214,237,NA,NA,1,1,3,2014,1,451674,5270931,2,3,47.58998914,-123.6427654,8/26/2014,9/9/2014,14,14,14,NA,NA,NA,NA,NA,NA,NA,NA,NA,NA,NA,NA,NA,NA,NA,NA,0,NA,1,0,0,NA,0,0,NA,NA,206.7304197,-0.114735566,0.076906634,0.398321749
237_202,237,NA,NA,1,1,1,2014,1,449593,5268507,3,1,47.56802141,-123.6701637,7/28/2014,8/12/2014,15,15,7,NA,NA,NA,NA,NA,NA,NA,NA,NA,NA,NA,NA,NA,NA,NA,NA,0,NA,0,1,0,NA,0,1,NA,NA,215.9292035,-0.050509496,0.416650783,-1.330139425
237_202,237,NA,NA,1,1,2,2014,1,449593,5268507,3,2,47.56802141,-123.6701637,8/12/2014,8/26/2014,14,14,14,NA,NA,NA,NA,NA,NA,NA,NA,NA,NA,NA,NA,NA,NA,NA,NA,0,NA,0,1,0,NA,0,1,NA,NA,182.1018292,-0.286692819,0.076906634,0.398321749
237_202,237,NA,NA,1,1,3,2014,1,449593,5268507,3,3,47.56802141,-123.6701637,8/26/2014,9/9/2014,14,14,14,NA,NA,NA,NA,NA,NA,NA,NA,NA,NA,NA,NA,NA,NA,NA,NA,0,NA,0,1,0,NA,0,1,NA,NA,206.7644229,-0.114498155,0.076906634,0.398321749
238_204,238,NA,NA,1,1,1,2014,1,457432,5269385,1,1,47.57648272,-123.5660346,5/28/2014,6/11/2014,14,14,10,NA,NA,NA,NA,NA,NA,NA,NA,NA,NA,NA,NA,NA,NA,NA,NA,0,NA,1,0,0,NA,0,0,NA,NA,117.4376177,-0.738179483,0.076906634,-0.58937035
238_204,238,NA,NA,1,1,2,2014,1,457432,5269385,1,2,47.57648272,-123.5660346,6/11/2014,6/25/2014,14,14,1,NA,NA,NA,NA,NA,NA,NA,NA,NA,NA,NA,NA,NA,NA,NA,NA,0,NA,0,0,0,NA,0,0,NA,NA,232.5167536,0.065305071,0.076906634,-2.811677574
238_124,238,NA,NA,1,1,1,2014,1,459909,5271819,1,3,47.59854031,-123.5333215,6/25/2014,7/11/2014,16,16,16,NA,NA,NA,NA,NA,NA,NA,NA,NA,NA,NA,NA,NA,NA,NA,NA,0,NA,0,0,0,NA,1,0,NA,NA,105.4054505,-0.822188286,0.756394932,0.892167799
238_208,238,NA,NA,1,1,1,2014,1,457894,5270207,2,1,47.58390875,-123.5599705,5/28/2014,6/11/2014,14,14,14,NA,NA,NA,NA,NA,NA,NA,NA,NA,NA,NA,NA,NA,NA,NA,NA,0,NA,0,0,0,NA,0,0,NA,NA,117.4221516,-0.738287468,0.076906634,0.398321749
238_208,238,NA,NA,1,1,2,2014,1,457894,5270207,2,2,47.58390875,-123.5599705,6/11/2014,6/25/2014,14,14,14,NA,NA,NA,NA,NA,NA,NA,NA,NA,NA,NA,NA,NA,NA,NA,NA,0,NA,0,0,0,NA,0,0,NA,NA,232.4844692,0.065079661,0.076906634,0.398321749
238_208,238,NA,NA,1,1,3,2014,1,457894,5270207,2,3,47.58390875,-123.5599705,6/25/2014,7/11/2014,16,16,16,NA,NA,NA,NA,NA,NA,NA,NA,NA,NA,NA,NA,NA,NA,NA,NA,0,NA,0,0,0,NA,0,0,NA,NA,105.4386119,-0.821956753,0.756394932,0.892167799
238_213,238,NA,NA,1,1,1,2014,1,458796,5270885,3,1,47.59006693,-123.548039,5/28/2014,6/11/2014,14,14,14,NA,NA,NA,NA,NA,NA,NA,NA,NA,NA,NA,NA,NA,NA,NA,NA,0,NA,0,0,0,NA,0,0,NA,NA,117.4117411,-0.738360154,0.076906634,0.398321749
238_213,238,NA,NA,1,1,2,2014,1,458796,5270885,3,2,47.59006693,-123.548039,6/11/2014,6/25/2014,14,14,14,NA,NA,NA,NA,NA,NA,NA,NA,NA,NA,NA,NA,NA,NA,NA,NA,0,NA,0,0,0,NA,0,0,NA,NA,232.4636257,0.064934131,0.076906634,0.398321749
238_213,238,NA,NA,1,1,3,2014,1,458796,5270885,3,3,47.59006693,-123.548039,6/25/2014,7/11/2014,16,16,16,NA,NA,NA,NA,NA,NA,NA,NA,NA,NA,NA,NA,NA,NA,NA,NA,0,NA,0,0,0,NA,0,0,NA,NA,105.4244051,-0.822055945,0.756394932,0.892167799
241_210,241,NA,NA,1,1,1,2014,1,489096,5270482,1,1,47.58765831,-123.1450232,6/1/2014,6/15/2014,14,14,14,NA,NA,NA,NA,NA,NA,NA,NA,NA,NA,NA,NA,NA,NA,NA,NA,1,NA,0,0,0,NA,0,0,NA,NA,244.9733705,0.15227739,0.076906634,0.398321749
241_210,241,NA,NA,1,1,2,2014,1,489096,5270482,1,2,47.58765831,-123.1450232,6/15/2014,6/29/2014,14,14,14,NA,NA,NA,NA,NA,NA,NA,NA,NA,NA,NA,NA,NA,NA,NA,NA,0,NA,0,0,0,NA,0,0,NA,NA,104.263095,-0.830164233,0.076906634,0.398321749
241_210,241,NA,NA,1,1,3,2014,1,489096,5270482,1,3,47.58765831,-123.1450232,6/29/2014,7/13/2014,14,14,14,NA,NA,NA,NA,NA,NA,NA,NA,NA,NA,NA,NA,NA,NA,NA,NA,0,NA,0,0,0,NA,0,0,NA,NA,190.3867643,-0.228847256,0.076906634,0.398321749
241_215,241,NA,NA,1,1,1,2014,1,486333,5271218,2,1,47.59422833,-123.1817938,6/1/2014,6/15/2014,14,14,14,NA,NA,NA,NA,NA,NA,NA,NA,NA,NA,NA,NA,NA,NA,NA,NA,0,NA,0,0,0,NA,0,0,NA,NA,244.946342,0.152088677,0.076906634,0.398321749
241_215,241,NA,NA,1,1,2,2014,1,486333,5271218,2,2,47.59422833,-123.1817938,6/15/2014,6/29/2014,14,14,14,NA,NA,NA,NA,NA,NA,NA,NA,NA,NA,NA,NA,NA,NA,NA,NA,0,NA,0,0,0,NA,0,0,NA,NA,104.2503411,-0.830253281,0.076906634,0.398321749
241_215,241,NA,NA,1,1,3,2014,1,486333,5271218,2,3,47.59422833,-123.1817938,6/29/2014,7/13/2014,14,14,14,NA,NA,NA,NA,NA,NA,NA,NA,NA,NA,NA,NA,NA,NA,NA,NA,0,NA,0,0,0,NA,0,0,NA,NA,190.3649886,-0.228999294,0.076906634,0.398321749
241_207,241,NA,NA,1,1,1,2014,1,484430,5270053,3,1,47.58370301,-123.2070654,6/1/2014,6/15/2014,14,14,14,NA,NA,NA,NA,NA,NA,NA,NA,NA,NA,NA,NA,NA,NA,NA,NA,0,NA,0,0,0,NA,0,0,NA,NA,244.990528,0.152397184,0.076906634,0.398321749
241_207,241,NA,NA,1,1,2,2014,1,484430,5270053,3,2,47.58370301,-123.2070654,6/15/2014,6/29/2014,14,14,14,NA,NA,NA,NA,NA,NA,NA,NA,NA,NA,NA,NA,NA,NA,NA,NA,0,NA,0,0,0,NA,0,0,NA,NA,104.2683418,-0.830127599,0.076906634,0.398321749
241_207,241,NA,NA,1,1,3,2014,1,484430,5270053,3,3,47.58370301,-123.2070654,6/29/2014,7/13/2014,14,14,14,NA,NA,NA,NA,NA,NA,NA,NA,NA,NA,NA,NA,NA,NA,NA,NA,0,NA,0,0,0,NA,0,0,NA,NA,190.4047765,-0.228721495,0.076906634,0.398321749
268_228,268,NA,NA,1,1,1,2014,1,399615,5278328,1,1,47.65055893,-124.3367336,8/26/2014,9/12/2014,17,17,17,NA,NA,NA,NA,NA,NA,NA,NA,NA,NA,NA,NA,NA,NA,NA,NA,0,NA,0,1,0,NA,0,1,NA,NA,278.4916414,0.386302548,1.096139082,1.139090824
268_228,268,NA,NA,1,1,2,2014,1,399615,5278328,1,2,47.65055893,-124.3367336,9/12/2014,9/25/2014,13,13,1,NA,NA,NA,NA,NA,NA,NA,NA,NA,NA,NA,NA,NA,NA,NA,NA,0,NA,0,1,0,NA,0,1,NA,NA,156.7819585,-0.463476602,-0.262837516,-2.811677574
268_228,268,NA,NA,1,1,3,2014,1,399615,5278328,1,3,47.65055893,-124.3367336,9/25/2014,10/9/2014,14,14,14,NA,NA,NA,NA,NA,NA,NA,NA,NA,NA,NA,NA,NA,NA,NA,NA,0,NA,0,1,0,NA,0,1,NA,NA,280.0247003,0.397006392,0.076906634,0.398321749
268_233,268,NA,NA,1,1,1,2014,1,400516,5280239,2,1,47.66788812,-124.3251742,8/27/2014,9/12/2014,16,16,16,NA,NA,NA,NA,NA,NA,NA,NA,NA,NA,NA,NA,NA,NA,NA,NA,0,NA,0,0,1,NA,0,1,NA,NA,295.8719334,0.507652053,0.756394932,0.892167799
268_233,268,NA,NA,1,1,2,2014,1,400516,5280239,2,2,47.66788812,-124.3251742,9/12/2014,9/25/2014,13,13,13,NA,NA,NA,NA,NA,NA,NA,NA,NA,NA,NA,NA,NA,NA,NA,NA,0,NA,0,0,0,NA,0,0,NA,NA,156.8000939,-0.463349981,-0.262837516,0.151398724
268_233,268,NA,NA,1,1,3,2014,1,400516,5280239,2,3,47.66788812,-124.3251742,9/25/2014,10/9/2014,14,14,13,NA,NA,NA,NA,NA,NA,NA,NA,NA,NA,NA,NA,NA,NA,NA,NA,0,NA,0,0,0,NA,0,0,NA,NA,280.0242974,0.397003579,0.076906634,0.151398724
268_222,268,NA,NA,1,1,1,2014,1,400929,5276423,3,1,47.63362527,-124.3188097,8/27/2014,9/12/2014,16,16,16,NA,NA,NA,NA,NA,NA,NA,NA,NA,NA,NA,NA,NA,NA,NA,NA,0,NA,0,0,0,NA,0,0,NA,NA,295.9132975,0.507940858,0.756394932,0.892167799
268_222,268,NA,NA,1,1,2,2014,1,400929,5276423,3,2,47.63362527,-124.3188097,9/12/2014,9/25/2014,13,13,13,NA,NA,NA,NA,NA,NA,NA,NA,NA,NA,NA,NA,NA,NA,NA,NA,0,NA,0,0,0,NA,0,0,NA,NA,156.7698039,-0.463561466,-0.262837516,0.151398724
268_222,268,NA,NA,1,1,3,2014,1,400929,5276423,3,3,47.63362527,-124.3188097,9/25/2014,10/9/2014,14,14,14,NA,NA,NA,NA,NA,NA,NA,NA,NA,NA,NA,NA,NA,NA,NA,NA,0,NA,1,0,0,NA,0,0,NA,NA,280.0227761,0.396992958,0.076906634,0.398321749
270_217,270,NA,NA,1,1,1,2014,1,416716,5275247,1,1,47.62526906,-124.1084776,7/29/2014,8/11/2014,13,13,13,NA,NA,NA,NA,NA,NA,NA,NA,NA,NA,NA,NA,NA,NA,NA,NA,0,NA,0,0,0,NA,0,0,NA,NA,206.0890021,-0.119213955,-0.262837516,0.151398724
270_217,270,NA,NA,1,1,2,2014,1,416716,5275247,1,2,47.62526906,-124.1084776,8/11/2014,8/25/2014,14,14,14,NA,NA,NA,NA,NA,NA,NA,NA,NA,NA,NA,NA,NA,NA,NA,NA,0,NA,1,1,0,NA,0,1,NA,NA,221.9033925,-0.008797603,0.076906634,0.398321749
270_217,270,NA,NA,1,1,3,2014,1,416716,5275247,1,3,47.62526906,-124.1084776,8/25/2014,9/8/2014,14,14,14,NA,NA,NA,NA,NA,NA,NA,NA,NA,NA,NA,NA,NA,NA,NA,NA,0,NA,0,0,0,NA,0,0,NA,NA,160.1894328,-0.439685557,0.076906634,0.398321749
270_232,270,NA,NA,1,1,1,2014,1,418605,5279561,2,1,47.66431854,-124.0841432,7/29/2014,8/11/2014,13,13,13,NA,NA,NA,NA,NA,NA,NA,NA,NA,NA,NA,NA,NA,NA,NA,NA,0,NA,0,0,0,NA,0,0,NA,NA,205.9773965,-0.119993187,-0.262837516,0.151398724
270_232,270,NA,NA,1,1,2,2014,1,418605,5279561,2,2,47.66431854,-124.0841432,8/11/2014,8/25/2014,14,14,14,NA,NA,NA,NA,NA,NA,NA,NA,NA,NA,NA,NA,NA,NA,NA,NA,0,NA,0,0,0,NA,0,0,NA,NA,221.887967,-0.008905304,0.076906634,0.398321749
270_232,270,NA,NA,1,1,3,2014,1,418605,5279561,2,3,47.66431854,-124.0841432,8/25/2014,9/8/2014,14,14,14,NA,NA,NA,NA,NA,NA,NA,NA,NA,NA,NA,NA,NA,NA,NA,NA,0,NA,0,0,0,NA,0,0,NA,NA,160.1358665,-0.440059558,0.076906634,0.398321749
270_227,270,NA,NA,1,1,1,2014,1,416779,5277798,3,1,47.64822615,-124.1081244,7/29/2014,8/11/2014,13,13,13,NA,NA,NA,NA,NA,NA,NA,NA,NA,NA,NA,NA,NA,NA,NA,NA,0,NA,0,0,0,NA,0,0,NA,NA,206.025585,-0.119656734,-0.262837516,0.151398724
270_227,270,NA,NA,1,1,2,2014,1,416779,5277798,3,2,47.64822615,-124.1081244,8/11/2014,8/25/2014,14,14,14,NA,NA,NA,NA,NA,NA,NA,NA,NA,NA,NA,NA,NA,NA,NA,NA,0,NA,0,0,0,NA,0,0,NA,NA,221.894416,-0.008860277,0.076906634,0.398321749
270_227,270,NA,NA,1,1,3,2014,1,416779,5277798,3,3,47.64822615,-124.1081244,8/25/2014,9/8/2014,14,14,14,NA,NA,NA,NA,NA,NA,NA,NA,NA,NA,NA,NA,NA,NA,NA,NA,0,NA,0,0,0,NA,0,0,NA,NA,160.1607858,-0.439885571,0.076906634,0.398321749
271_220,271,NA,NA,1,1,1,2014,1,425613,5276022,1,1,47.63332429,-123.990213,7/25/2014,8/7/2014,13,13,13,NA,NA,NA,NA,NA,NA,NA,NA,NA,NA,NA,NA,NA,NA,NA,NA,0,NA,0,0,0,NA,0,0,NA,NA,59.93931646,-1.139633635,-0.262837516,0.151398724
271_220,271,NA,NA,1,1,2,2014,1,425613,5276022,1,2,47.63332429,-123.990213,8/7/2014,8/21/2014,14,14,14,NA,NA,NA,NA,NA,NA,NA,NA,NA,NA,NA,NA,NA,NA,NA,NA,1,NA,0,0,0,NA,0,0,NA,NA,354.4573724,0.91669662,0.076906634,0.398321749
271_220,271,NA,NA,1,1,3,2014,1,425613,5276022,1,3,47.63332429,-123.990213,8/21/2014,9/4/2014,14,14,14,NA,NA,NA,NA,NA,NA,NA,NA,NA,NA,NA,NA,NA,NA,NA,NA,0,NA,0,0,0,NA,0,0,NA,NA,38.19416938,-1.291458635,0.076906634,0.398321749
271_221,271,NA,NA,1,1,1,2014,1,426683,5276349,2,1,47.63638817,-123.9760265,7/25/2014,8/7/2014,13,13,13,NA,NA,NA,NA,NA,NA,NA,NA,NA,NA,NA,NA,NA,NA,NA,NA,0,NA,0,0,0,NA,0,0,NA,NA,59.93400588,-1.139670714,-0.262837516,0.151398724
271_221,271,NA,NA,1,1,2,2014,1,426683,5276349,2,2,47.63638817,-123.9760265,8/7/2014,8/21/2014,14,14,14,NA,NA,NA,NA,NA,NA,NA,NA,NA,NA,NA,NA,NA,NA,NA,NA,0,NA,0,0,0,NA,0,0,NA,NA,354.4530687,0.916666572,0.076906634,0.398321749
271_221,271,NA,NA,1,1,3,2014,1,426683,5276349,2,3,47.63638817,-123.9760265,8/21/2014,9/4/2014,14,14,14,NA,NA,NA,NA,NA,NA,NA,NA,NA,NA,NA,NA,NA,NA,NA,NA,0,NA,0,0,0,NA,0,0,NA,NA,38.19002029,-1.291487604,0.076906634,0.398321749
271_223,271,NA,NA,1,1,1,2014,1,428313,5276798,3,1,47.64061015,-123.954404,7/25/2014,8/7/2014,13,13,13,NA,NA,NA,NA,NA,NA,NA,NA,NA,NA,NA,NA,NA,NA,NA,NA,1,NA,0,0,0,NA,0,0,NA,NA,59.92949115,-1.139702236,-0.262837516,0.151398724
271_223,271,NA,NA,1,1,2,2014,1,428313,5276798,3,2,47.64061015,-123.954404,8/7/2014,8/21/2014,14,14,14,NA,NA,NA,NA,NA,NA,NA,NA,NA,NA,NA,NA,NA,NA,NA,NA,0,NA,0,0,0,NA,0,0,NA,NA,354.4434894,0.916599689,0.076906634,0.398321749
271_223,271,NA,NA,1,1,3,2014,1,428313,5276798,3,3,47.64061015,-123.954404,8/21/2014,9/4/2014,14,14,14,NA,NA,NA,NA,NA,NA,NA,NA,NA,NA,NA,NA,NA,NA,NA,NA,0,NA,0,0,0,NA,0,0,NA,NA,38.1878642,-1.291502658,0.076906634,0.398321749
272_231,272,NA,NA,1,1,1,2014,1,434263,5278948,1,1,47.66058462,-123.8755219,7/25/2014,8/8/2014,14,14,14,NA,NA,NA,NA,NA,NA,NA,NA,NA,NA,NA,NA,NA,NA,NA,NA,0,NA,0,0,0,NA,0,0,NA,NA,80.51640951,-0.995964009,0.076906634,0.398321749
272_231,272,NA,NA,1,1,2,2014,1,434263,5278948,1,2,47.66058462,-123.8755219,8/8/2014,8/22/2014,14,14,14,NA,NA,NA,NA,NA,NA,NA,NA,NA,NA,NA,NA,NA,NA,NA,NA,0,NA,0,0,0,NA,0,0,NA,NA,331.6065898,0.757152054,0.076906634,0.398321749
272_231,272,NA,NA,1,1,3,2014,1,434263,5278948,1,3,47.66058462,-123.8755219,8/22/2014,9/5/2014,14,14,14,NA,NA,NA,NA,NA,NA,NA,NA,NA,NA,NA,NA,NA,NA,NA,NA,0,NA,0,0,0,NA,0,0,NA,NA,56.12193018,-1.166286694,0.076906634,0.398321749
272_230,272,NA,NA,1,1,1,2014,1,434787,5278911,2,1,47.66030478,-123.8685383,7/25/2014,8/8/2014,14,14,14,NA,NA,NA,NA,NA,NA,NA,NA,NA,NA,NA,NA,NA,NA,NA,NA,0,NA,0,1,0,NA,0,1,NA,NA,80.51581321,-0.995968173,0.076906634,0.398321749
272_230,272,NA,NA,1,1,2,2014,1,434787,5278911,2,2,47.66030478,-123.8685383,8/8/2014,8/22/2014,14,14,14,NA,NA,NA,NA,NA,NA,NA,NA,NA,NA,NA,NA,NA,NA,NA,NA,1,NA,0,1,0,NA,0,1,NA,NA,331.6080378,0.757162164,0.076906634,0.398321749
272_230,272,NA,NA,1,1,3,2014,1,434787,5278911,2,3,47.66030478,-123.8685383,8/22/2014,9/5/2014,14,14,14,NA,NA,NA,NA,NA,NA,NA,NA,NA,NA,NA,NA,NA,NA,NA,NA,0,NA,0,1,0,NA,0,1,NA,NA,56.12084933,-1.16629424,0.076906634,0.398321749
272_229,272,NA,NA,1,1,1,2014,1,434762,5278500,3,1,47.65660462,-123.8688099,7/25/2014,8/8/2014,14,14,14,NA,NA,NA,NA,NA,NA,NA,NA,NA,NA,NA,NA,NA,NA,NA,NA,0,NA,0,0,0,NA,0,0,NA,NA,80.52057928,-0.995934896,0.076906634,0.398321749
272_229,272,NA,NA,1,1,2,2014,1,434762,5278500,3,2,47.65660462,-123.8688099,8/8/2014,8/22/2014,14,14,14,NA,NA,NA,NA,NA,NA,NA,NA,NA,NA,NA,NA,NA,NA,NA,NA,0,NA,0,0,0,NA,0,0,NA,NA,331.6137562,0.75720209,0.076906634,0.398321749
272_229,272,NA,NA,1,1,3,2014,1,434762,5278500,3,3,47.65660462,-123.8688099,8/22/2014,9/5/2014,14,14,12,NA,NA,NA,NA,NA,NA,NA,NA,NA,NA,NA,NA,NA,NA,NA,NA,0,NA,0,0,0,NA,0,0,NA,NA,56.12492292,-1.166265798,0.076906634,-0.0955243
275_216,275,NA,NA,1,1,1,2014,1,465208,5275053,1,1,47.62794429,-123.4630894,5/29/2014,6/12/2014,14,14,14,NA,NA,NA,NA,NA,NA,NA,NA,NA,NA,NA,NA,NA,NA,NA,NA,1,NA,0,0,0,NA,0,0,NA,NA,149.5822511,-0.513745086,0.076906634,0.398321749
275_216,275,NA,NA,1,1,2,2014,1,465208,5275053,1,2,47.62794429,-123.4630894,6/12/2014,6/26/2014,14,14,14,NA,NA,NA,NA,NA,NA,NA,NA,NA,NA,NA,NA,NA,NA,NA,NA,0,NA,0,0,0,NA,0,0,NA,NA,200.0970347,-0.161049977,0.076906634,0.398321749
275_216,275,NA,NA,1,1,3,2014,1,465208,5275053,1,3,47.62794429,-123.4630894,6/26/2014,7/10/2014,14,14,4,NA,NA,NA,NA,NA,NA,NA,NA,NA,NA,NA,NA,NA,NA,NA,NA,1,NA,0,0,0,NA,0,0,NA,NA,89.86715262,-0.930676956,0.076906634,-2.070908499
275_219,275,NA,NA,1,1,1,2014,1,465011,5275588,2,1,47.63274733,-123.4657542,5/29/2014,6/12/2014,14,14,14,NA,NA,NA,NA,NA,NA,NA,NA,NA,NA,NA,NA,NA,NA,NA,NA,0,NA,0,0,0,NA,0,0,NA,NA,149.570369,-0.513828047,0.076906634,0.398321749
275_219,275,NA,NA,1,1,2,2014,1,465011,5275588,2,2,47.63274733,-123.4657542,6/12/2014,6/26/2014,14,14,14,NA,NA,NA,NA,NA,NA,NA,NA,NA,NA,NA,NA,NA,NA,NA,NA,0,NA,0,0,0,NA,0,0,NA,NA,200.0793839,-0.161173215,0.076906634,0.398321749
275_219,275,NA,NA,1,1,3,2014,1,465011,5275588,2,3,47.63274733,-123.4657542,6/26/2014,7/10/2014,14,14,14,NA,NA,NA,NA,NA,NA,NA,NA,NA,NA,NA,NA,NA,NA,NA,NA,0,NA,0,0,0,NA,0,0,NA,NA,89.85864091,-0.930736385,0.076906634,0.398321749
275_218,275,NA,NA,1,1,1,2014,1,464281,5275346,3,1,47.63053008,-123.4754515,5/29/2014,6/12/2014,14,14,14,NA,NA,NA,NA,NA,NA,NA,NA,NA,NA,NA,NA,NA,NA,NA,NA,0,NA,0,0,0,NA,0,0,NA,NA,149.5754638,-0.513792475,0.076906634,0.398321749
275_218,275,NA,NA,1,1,2,2014,1,464281,5275346,3,2,47.63053008,-123.4754515,6/12/2014,6/26/2014,14,14,14,NA,NA,NA,NA,NA,NA,NA,NA,NA,NA,NA,NA,NA,NA,NA,NA,0,NA,0,0,0,NA,0,0,NA,NA,200.0857443,-0.161128807,0.076906634,0.398321749
275_218,275,NA,NA,1,1,3,2014,1,464281,5275346,3,3,47.63053008,-123.4754515,6/26/2014,7/10/2014,14,14,7,NA,NA,NA,NA,NA,NA,NA,NA,NA,NA,NA,NA,NA,NA,NA,NA,0,NA,0,0,0,NA,0,0,NA,NA,89.86330946,-0.930703789,0.076906634,-1.330139425
278_226,278,NA,NA,1,1,1,2014,1,494180,5277768,1,1,47.65328167,-123.0775029,6/2/2014,6/16/2014,14,14,14,NA,NA,NA,NA,NA,NA,NA,NA,NA,NA,NA,NA,NA,NA,NA,NA,0,NA,0,0,0,NA,0,0,NA,NA,268.6063541,0.317283298,0.076906634,0.398321749
278_226,278,NA,NA,1,1,2,2014,1,494180,5277768,1,2,47.65328167,-123.0775029,6/16/2014,6/30/2014,14,14,14,NA,NA,NA,NA,NA,NA,NA,NA,NA,NA,NA,NA,NA,NA,NA,NA,0,NA,0,0,0,NA,0,0,NA,NA,79.07801076,-1.006006935,0.076906634,0.398321749
278_226,278,NA,NA,1,1,3,2014,1,494180,5277768,1,3,47.65328167,-123.0775029,6/30/2014,7/14/2014,14,14,14,NA,NA,NA,NA,NA,NA,NA,NA,NA,NA,NA,NA,NA,NA,NA,NA,0,NA,0,0,0,NA,0,0,NA,NA,223.336493,0.00120833,0.076906634,0.398321749
278_225,278,NA,NA,1,1,1,2014,1,493855,5277223,2,1,47.6483749,-123.0818232,6/2/2014,6/16/2014,14,14,13,NA,NA,NA,NA,NA,NA,NA,NA,NA,NA,NA,NA,NA,NA,NA,NA,0,NA,0,0,0,NA,0,0,NA,NA,268.6278831,0.317433614,0.076906634,0.151398724
278_125,278,NA,NA,1,1,1,2014,1,492422,5276021,2,2,47.63754443,-123.1008833,6/16/2014,6/30/2014,14,14,14,NA,NA,NA,NA,NA,NA,NA,NA,NA,NA,NA,NA,NA,NA,NA,NA,1,NA,0,0,0,NA,1,0,NA,NA,79.09906833,-1.00585991,0.076906634,0.398321749
278_125,278,NA,NA,1,1,2,2014,1,492422,5276021,2,3,47.63754443,-123.1008833,6/30/2014,7/14/2014,14,14,14,NA,NA,NA,NA,NA,NA,NA,NA,NA,NA,NA,NA,NA,NA,NA,NA,0,NA,0,0,0,NA,1,0,NA,NA,223.3979586,0.001637484,0.076906634,0.398321749
278_224,278,NA,NA,1,1,1,2014,1,493106,5276919,3,1,47.64563204,-123.0917916,6/2/2014,6/16/2014,14,14,14,NA,NA,NA,NA,NA,NA,NA,NA,NA,NA,NA,NA,NA,NA,NA,NA,0,NA,0,0,0,NA,0,0,NA,NA,268.6387739,0.317509654,0.076906634,0.398321749
278_224,278,NA,NA,1,1,2,2014,1,493106,5276919,3,2,47.64563204,-123.0917916,6/16/2014,6/30/2014,14,14,14,NA,NA,NA,NA,NA,NA,NA,NA,NA,NA,NA,NA,NA,NA,NA,NA,0,NA,0,0,0,NA,0,0,NA,NA,79.08651545,-1.005947555,0.076906634,0.398321749
278_224,278,NA,NA,1,1,3,2014,1,493106,5276919,3,3,47.64563204,-123.0917916,6/30/2014,7/14/2014,14,14,14,NA,NA,NA,NA,NA,NA,NA,NA,NA,NA,NA,NA,NA,NA,NA,NA,0,NA,0,0,0,NA,0,0,NA,NA,223.3659465,0.001413975,0.076906634,0.398321749
314_234,314,NA,NA,1,1,1,2014,1,439668,5283049,1,1,47.69800723,-123.8041095,7/26/2014,8/9/2014,14,14,14,NA,NA,NA,NA,NA,NA,NA,NA,NA,NA,NA,NA,NA,NA,NA,NA,0,NA,0,0,0,NA,0,0,NA,NA,112.3443093,-0.773741052,0.076906634,0.398321749
314_234,314,NA,NA,1,1,2,2014,1,439668,5283049,1,2,47.69800723,-123.8041095,8/9/2014,8/23/2014,14,14,5,NA,NA,NA,NA,NA,NA,NA,NA,NA,NA,NA,NA,NA,NA,NA,NA,0,NA,0,0,0,NA,0,0,NA,NA,300.5119277,0.540048575,0.076906634,-1.823985474
314_234,314,NA,NA,1,1,3,2014,1,439668,5283049,1,3,47.69800723,-123.8041095,8/23/2014,9/6/2014,14,14,9,NA,NA,NA,NA,NA,NA,NA,NA,NA,NA,NA,NA,NA,NA,NA,NA,0,NA,0,0,0,NA,0,0,NA,NA,82.4387547,-0.982542161,0.076906634,-0.836293375
314_235,314,NA,NA,1,1,1,2014,1,440713,5283128,2,1,47.69881473,-123.7901938,7/26/2014,8/9/2014,14,14,14,NA,NA,NA,NA,NA,NA,NA,NA,NA,NA,NA,NA,NA,NA,NA,NA,0,NA,0,0,0,NA,0,0,NA,NA,112.3406747,-0.773766429,0.076906634,0.398321749
314_235,314,NA,NA,1,1,2,2014,1,440713,5283128,2,2,47.69881473,-123.7901938,8/9/2014,8/23/2014,14,14,14,NA,NA,NA,NA,NA,NA,NA,NA,NA,NA,NA,NA,NA,NA,NA,NA,0,NA,0,0,0,NA,0,0,NA,NA,300.5090777,0.540028676,0.076906634,0.398321749
314_235,314,NA,NA,1,1,3,2014,1,440713,5283128,2,3,47.69881473,-123.7901938,8/23/2014,9/6/2014,14,14,14,NA,NA,NA,NA,NA,NA,NA,NA,NA,NA,NA,NA,NA,NA,NA,NA,1,NA,0,0,0,NA,0,0,NA,NA,82.43576335,-0.982563047,0.076906634,0.398321749
314_236,314,NA,NA,1,1,1,2014,1,441651,5283191,3,1,47.69946694,-123.7777015,7/26/2014,8/9/2014,14,14,14,NA,NA,NA,NA,NA,NA,NA,NA,NA,NA,NA,NA,NA,NA,NA,NA,0,NA,0,0,0,NA,0,0,NA,NA,112.3406295,-0.773766744,0.076906634,0.398321749
314_236,314,NA,NA,1,1,2,2014,1,441651,5283191,3,2,47.69946694,-123.7777015,8/9/2014,8/23/2014,14,14,14,NA,NA,NA,NA,NA,NA,NA,NA,NA,NA,NA,NA,NA,NA,NA,NA,0,NA,0,0,0,NA,0,0,NA,NA,300.5099582,0.540034824,0.076906634,0.398321749
314_236,314,NA,NA,1,1,3,2014,1,441651,5283191,3,3,47.69946694,-123.7777015,8/23/2014,9/6/2014,14,14,14,NA,NA,NA,NA,NA,NA,NA,NA,NA,NA,NA,NA,NA,NA,NA,NA,0,NA,0,0,0,NA,0,0,NA,NA,82.43503085,-0.982568161,0.076906634,0.398321749
316_250,316,NA,NA,1,1,1,2014,1,461026,5287494,1,1,47.73964171,-123.5198615,7/26/2014,8/10/2014,15,15,15,NA,NA,NA,NA,NA,NA,NA,NA,NA,NA,NA,NA,NA,NA,NA,NA,0,NA,0,0,0,NA,0,0,NA,NA,140.7842027,-0.575173215,0.416650783,0.645244774
316_250,316,NA,NA,1,1,2,2014,1,461026,5287494,1,2,47.73964171,-123.5198615,8/10/2014,8/24/2014,14,14,3,NA,NA,NA,NA,NA,NA,NA,NA,NA,NA,NA,NA,NA,NA,NA,NA,0,NA,0,0,0,NA,0,0,NA,NA,262.0730147,0.271667407,0.076906634,-2.317831524
316_250,316,NA,NA,1,1,3,2014,1,461026,5287494,1,3,47.73964171,-123.5198615,8/24/2014,9/8/2014,15,15,15,NA,NA,NA,NA,NA,NA,NA,NA,NA,NA,NA,NA,NA,NA,NA,NA,0,NA,0,0,0,NA,0,0,NA,NA,149.3281477,-0.515519241,0.416650783,0.645244774
316_247,316,NA,NA,1,1,1,2014,1,460162,5287422,2,1,47.73894113,-123.5313791,7/26/2014,8/10/2014,15,15,12,NA,NA,NA,NA,NA,NA,NA,NA,NA,NA,NA,NA,NA,NA,NA,NA,0,NA,0,0,0,NA,0,0,NA,NA,140.7880998,-0.575146006,0.416650783,-0.0955243
316_126,316,NA,NA,1,1,1,2014,1,460059,5287615,2,2,47.74067122,-123.5327706,8/10/2014,8/24/2014,14,14,4,NA,NA,NA,NA,NA,NA,NA,NA,NA,NA,NA,NA,NA,NA,NA,NA,0,NA,0,0,0,NA,1,0,NA,NA,262.0717315,0.271658448,0.076906634,-2.070908499
316_126,316,NA,NA,1,1,2,2014,1,460059,5287615,2,3,47.74067122,-123.5327706,8/24/2014,9/8/2014,15,15,1,NA,NA,NA,NA,NA,NA,NA,NA,NA,NA,NA,NA,NA,NA,NA,NA,0,NA,0,0,0,NA,1,0,NA,NA,149.3270796,-0.515526698,0.416650783,-2.811677574
316_244,316,NA,NA,1,1,1,2014,1,459790,5286546,3,1,47.73103649,-123.5362598,7/26/2014,8/10/2014,15,15,15,NA,NA,NA,NA,NA,NA,NA,NA,NA,NA,NA,NA,NA,NA,NA,NA,0,NA,0,0,0,NA,0,0,NA,NA,140.8047736,-0.575029589,0.416650783,0.645244774
316_244,316,NA,NA,1,1,2,2014,1,459790,5286546,3,2,47.73103649,-123.5362598,8/10/2014,8/24/2014,14,14,6,NA,NA,NA,NA,NA,NA,NA,NA,NA,NA,NA,NA,NA,NA,NA,NA,0,NA,0,0,0,NA,0,0,NA,NA,262.0790738,0.271709712,0.076906634,-1.57706245
316_244,316,NA,NA,1,1,3,2014,1,459790,5286546,3,3,47.73103649,-123.5362598,8/24/2014,9/8/2014,15,15,6,NA,NA,NA,NA,NA,NA,NA,NA,NA,NA,NA,NA,NA,NA,NA,NA,0,NA,0,0,0,NA,0,0,NA,NA,149.3379656,-0.515450692,0.416650783,-1.57706245
317_246,317,NA,NA,1,1,1,2014,1,466520,5287317,1,1,47.73835773,-123.4465677,7/27/2014,8/11/2014,15,15,15,NA,NA,NA,NA,NA,NA,NA,NA,NA,NA,NA,NA,NA,NA,NA,NA,0,NA,0,0,0,NA,0,0,NA,NA,178.311825,-0.313154695,0.416650783,0.645244774
317_246,317,NA,NA,1,1,2,2014,1,466520,5287317,1,2,47.73835773,-123.4465677,8/11/2014,8/25/2014,14,14,12,NA,NA,NA,NA,NA,NA,NA,NA,NA,NA,NA,NA,NA,NA,NA,NA,0,NA,0,0,0,NA,0,0,NA,NA,221.8626055,-0.009082378,0.076906634,-0.0955243
317_246,317,NA,NA,1,1,3,2014,1,466520,5287317,1,3,47.73835773,-123.4465677,8/25/2014,9/9/2014,15,15,15,NA,NA,NA,NA,NA,NA,NA,NA,NA,NA,NA,NA,NA,NA,NA,NA,0,NA,0,0,0,NA,0,0,NA,NA,192.7363531,-0.212442386,0.416650783,0.645244774
317_243,317,NA,NA,1,1,1,2014,1,466646,5286367,2,1,47.72981679,-123.4448144,7/27/2014,8/11/2014,15,15,15,NA,NA,NA,NA,NA,NA,NA,NA,NA,NA,NA,NA,NA,NA,NA,NA,0,NA,0,0,0,NA,0,0,NA,NA,178.3341542,-0.312998792,0.416650783,0.645244774
317_243,317,NA,NA,1,1,2,2014,1,466646,5286367,2,2,47.72981679,-123.4448144,8/11/2014,8/25/2014,14,14,6,NA,NA,NA,NA,NA,NA,NA,NA,NA,NA,NA,NA,NA,NA,NA,NA,0,NA,0,0,0,NA,0,0,NA,NA,221.8663954,-0.009055917,0.076906634,-1.57706245
317_243,317,NA,NA,1,1,3,2014,1,466646,5286367,2,3,47.72981679,-123.4448144,8/25/2014,9/9/2014,15,15,8,NA,NA,NA,NA,NA,NA,NA,NA,NA,NA,NA,NA,NA,NA,NA,NA,0,NA,0,0,0,NA,0,0,NA,NA,192.7467643,-0.212369695,0.416650783,-1.0832164
317_241,317,NA,NA,1,1,1,2014,1,466951,5285537,3,1,47.72236468,-123.440684,7/27/2014,8/11/2014,15,15,15,NA,NA,NA,NA,NA,NA,NA,NA,NA,NA,NA,NA,NA,NA,NA,NA,0,NA,0,0,0,NA,0,0,NA,NA,178.3537551,-0.312861938,0.416650783,0.645244774
317_241,317,NA,NA,1,1,2,2014,1,466951,5285537,3,2,47.72236468,-123.440684,8/11/2014,8/25/2014,14,14,6,NA,NA,NA,NA,NA,NA,NA,NA,NA,NA,NA,NA,NA,NA,NA,NA,0,NA,0,0,0,NA,0,0,NA,NA,221.868984,-0.009037844,0.076906634,-1.57706245
317_241,317,NA,NA,1,1,3,2014,1,466951,5285537,3,3,47.72236468,-123.440684,8/25/2014,9/9/2014,15,15,8,NA,NA,NA,NA,NA,NA,NA,NA,NA,NA,NA,NA,NA,NA,NA,NA,0,NA,0,0,0,NA,0,0,NA,NA,192.7578087,-0.212292582,0.416650783,-1.0832164
318_242,318,NA,NA,1,1,1,2014,1,480288,5285800,1,1,47.72527614,-123.2628594,7/25/2014,8/8/2014,14,14,14,NA,NA,NA,NA,NA,NA,NA,NA,NA,NA,NA,NA,NA,NA,NA,NA,0,NA,0,0,0,NA,0,0,NA,NA,80.37939538,-0.996920644,0.076906634,0.398321749
318_242,318,NA,NA,1,1,2,2014,1,480288,5285800,1,2,47.72527614,-123.2628594,8/8/2014,8/22/2014,14,14,14,NA,NA,NA,NA,NA,NA,NA,NA,NA,NA,NA,NA,NA,NA,NA,NA,0,NA,0,0,0,NA,0,0,NA,NA,331.4949898,0.756372861,0.076906634,0.398321749
318_242,318,NA,NA,1,1,3,2014,1,480288,5285800,1,3,47.72527614,-123.2628594,8/22/2014,9/7/2014,16,16,16,NA,NA,NA,NA,NA,NA,NA,NA,NA,NA,NA,NA,NA,NA,NA,NA,0,NA,0,0,0,NA,0,0,NA,NA,103.4297324,-0.835982785,0.756394932,0.892167799
318_239,318,NA,NA,1,1,1,2014,1,479517,5285374,2,1,47.72141919,-123.2731205,7/25/2014,8/8/2014,14,14,14,NA,NA,NA,NA,NA,NA,NA,NA,NA,NA,NA,NA,NA,NA,NA,NA,0,NA,0,0,0,NA,0,0,NA,NA,80.38668866,-0.996869722,0.076906634,0.398321749
318_239,318,NA,NA,1,1,2,2014,1,479517,5285374,2,2,47.72141919,-123.2731205,8/8/2014,8/22/2014,14,14,14,NA,NA,NA,NA,NA,NA,NA,NA,NA,NA,NA,NA,NA,NA,NA,NA,0,NA,0,0,0,NA,0,0,NA,NA,331.5027515,0.756427053,0.076906634,0.398321749
318_239,318,NA,NA,1,1,3,2014,1,479517,5285374,2,3,47.72141919,-123.2731205,8/22/2014,9/7/2014,16,16,16,NA,NA,NA,NA,NA,NA,NA,NA,NA,NA,NA,NA,NA,NA,NA,NA,0,NA,0,0,0,NA,0,0,NA,NA,103.434684,-0.835948213,0.756394932,0.892167799
318_238,318,NA,NA,1,1,1,2014,1,478454,5285090,3,1,47.71882929,-123.2872804,7/25/2014,8/8/2014,14,14,14,NA,NA,NA,NA,NA,NA,NA,NA,NA,NA,NA,NA,NA,NA,NA,NA,0,NA,0,0,0,NA,0,0,NA,NA,80.39133563,-0.996837277,0.076906634,0.398321749
318_238,318,NA,NA,1,1,2,2014,1,478454,5285090,3,2,47.71882929,-123.2872804,8/8/2014,8/22/2014,14,14,14,NA,NA,NA,NA,NA,NA,NA,NA,NA,NA,NA,NA,NA,NA,NA,NA,0,NA,0,0,0,NA,0,0,NA,NA,331.5103344,0.756479997,0.076906634,0.398321749
318_238,318,NA,NA,1,1,3,2014,1,478454,5285090,3,3,47.71882929,-123.2872804,8/22/2014,9/7/2014,16,16,16,NA,NA,NA,NA,NA,NA,NA,NA,NA,NA,NA,NA,NA,NA,NA,NA,0,NA,0,0,0,NA,0,0,NA,NA,103.4365971,-0.835934856,0.756394932,0.892167799
319_245,319,NA,NA,1,1,1,2014,1,487445,5287266,1,1,47.7386455,-123.1674637,7/24/2014,8/7/2014,14,14,14,NA,NA,NA,NA,NA,NA,NA,NA,NA,NA,NA,NA,NA,NA,NA,NA,0,NA,0,0,0,NA,0,0,NA,NA,55.78901337,-1.168611125,0.076906634,0.398321749
319_245,319,NA,NA,1,1,2,2014,1,487445,5287266,1,2,47.7386455,-123.1674637,8/7/2014,8/21/2014,14,14,14,NA,NA,NA,NA,NA,NA,NA,NA,NA,NA,NA,NA,NA,NA,NA,NA,0,NA,0,0,0,NA,0,0,NA,NA,354.2265822,0.915085239,0.076906634,0.398321749
319_245,319,NA,NA,1,1,3,2014,1,487445,5287266,1,3,47.7386455,-123.1674637,8/21/2014,9/8/2014,18,18,18,NA,NA,NA,NA,NA,NA,NA,NA,NA,NA,NA,NA,NA,NA,NA,NA,0,NA,0,0,0,NA,0,0,NA,NA,126.8797377,-0.672254435,1.435883231,1.386013849
319_251,319,NA,NA,1,1,1,2014,1,486025,5287639,2,1,47.74197238,-123.1864161,7/24/2014,8/7/2014,14,14,14,NA,NA,NA,NA,NA,NA,NA,NA,NA,NA,NA,NA,NA,NA,NA,NA,0,NA,0,0,0,NA,0,0,NA,NA,55.78541035,-1.168636281,0.076906634,0.398321749
319_251,319,NA,NA,1,1,2,2014,1,486025,5287639,2,2,47.74197238,-123.1864161,8/7/2014,8/21/2014,14,14,14,NA,NA,NA,NA,NA,NA,NA,NA,NA,NA,NA,NA,NA,NA,NA,NA,0,NA,0,0,0,NA,0,0,NA,NA,354.2224303,0.915056251,0.076906634,0.398321749
319_251,319,NA,NA,1,1,3,2014,1,486025,5287639,2,3,47.74197238,-123.1864161,8/21/2014,9/8/2014,18,18,18,NA,NA,NA,NA,NA,NA,NA,NA,NA,NA,NA,NA,NA,NA,NA,NA,0,NA,0,0,0,NA,0,0,NA,NA,126.8760789,-0.672279981,1.435883231,1.386013849
319_249,319,NA,NA,1,1,1,2014,1,485099,5287493,3,1,47.74063801,-123.1987632,7/24/2014,8/7/2014,14,14,14,NA,NA,NA,NA,NA,NA,NA,NA,NA,NA,NA,NA,NA,NA,NA,NA,0,NA,0,0,0,NA,0,0,NA,NA,55.78924642,-1.168609498,0.076906634,0.398321749
319_249,319,NA,NA,1,1,2,2014,1,485099,5287493,3,2,47.74063801,-123.1987632,8/7/2014,8/21/2014,14,14,14,NA,NA,NA,NA,NA,NA,NA,NA,NA,NA,NA,NA,NA,NA,NA,NA,0,NA,0,0,0,NA,0,0,NA,NA,354.2261861,0.915082474,0.076906634,0.398321749
319_249,319,NA,NA,1,1,3,2014,1,485099,5287493,3,3,47.74063801,-123.1987632,8/21/2014,9/8/2014,18,18,18,NA,NA,NA,NA,NA,NA,NA,NA,NA,NA,NA,NA,NA,NA,NA,NA,0,NA,0,0,0,NA,0,0,NA,NA,126.879565,-0.672255641,1.435883231,1.386013849
321_237,321,NA,NA,1,1,1,2014,1,505764,5284300,1,1,47.71205501,-122.9231566,9/18/2014,10/3/2014,15,15,13,NA,NA,NA,NA,NA,NA,NA,NA,NA,NA,NA,NA,NA,NA,NA,NA,0,NA,1,0,0,NA,0,0,NA,NA,45.42192681,-1.240994306,0.416650783,0.151398724
321_237,321,NA,NA,1,1,2,2014,1,505764,5284300,1,2,47.71205501,-122.9231566,10/3/2014,10/16/2014,13,13,13,NA,NA,NA,NA,NA,NA,NA,NA,NA,NA,NA,NA,NA,NA,NA,NA,0,NA,0,0,0,NA,0,0,NA,NA,529.9465863,2.141965404,-0.262837516,0.151398724
321_237,321,NA,NA,1,1,3,2014,1,505764,5284300,1,3,47.71205501,-122.9231566,10/16/2014,10/30/2014,14,14,14,NA,NA,NA,NA,NA,NA,NA,NA,NA,NA,NA,NA,NA,NA,NA,NA,0,NA,0,0,0,NA,0,0,NA,NA,44.14969436,-1.249877055,0.076906634,0.398321749
321_248,321,NA,NA,1,1,1,2014,1,504167,5287466,2,1,47.74055373,-122.9444168,9/18/2014,10/3/2014,15,15,15,NA,NA,NA,NA,NA,NA,NA,NA,NA,NA,NA,NA,NA,NA,NA,NA,0,NA,0,0,0,NA,0,0,NA,NA,45.41655345,-1.241031823,0.416650783,0.645244774
321_248,321,NA,NA,1,1,2,2014,1,504167,5287466,2,2,47.74055373,-122.9444168,10/3/2014,10/16/2014,13,13,13,NA,NA,NA,NA,NA,NA,NA,NA,NA,NA,NA,NA,NA,NA,NA,NA,0,NA,0,0,0,NA,0,0,NA,NA,530.0086414,2.142398674,-0.262837516,0.151398724
321_248,321,NA,NA,1,1,3,2014,1,504167,5287466,2,3,47.74055373,-122.9444168,10/16/2014,10/30/2014,14,14,14,NA,NA,NA,NA,NA,NA,NA,NA,NA,NA,NA,NA,NA,NA,NA,NA,0,NA,0,1,0,NA,0,1,NA,NA,44.15665081,-1.249828485,0.076906634,0.398321749
321_240,321,NA,NA,1,1,1,2014,1,506140,5285448,3,1,47.72238081,-122.9181277,9/18/2014,10/3/2014,15,15,15,NA,NA,NA,NA,NA,NA,NA,NA,NA,NA,NA,NA,NA,NA,NA,NA,0,NA,0,0,0,NA,0,0,NA,NA,45.41937374,-1.241012131,0.416650783,0.645244774
321_240,321,NA,NA,1,1,2,2014,1,506140,5285448,3,2,47.72238081,-122.9181277,10/3/2014,10/16/2014,13,13,13,NA,NA,NA,NA,NA,NA,NA,NA,NA,NA,NA,NA,NA,NA,NA,NA,0,NA,0,0,0,NA,0,0,NA,NA,529.9694573,2.14212509,-0.262837516,0.151398724
321_240,321,NA,NA,1,1,3,2014,1,506140,5285448,3,3,47.72238081,-122.9181277,10/16/2014,10/30/2014,14,14,14,NA,NA,NA,NA,NA,NA,NA,NA,NA,NA,NA,NA,NA,NA,NA,NA,0,NA,0,0,0,NA,0,0,NA,NA,44.15269507,-1.249856104,0.076906634,0.398321749
352_264,352,NA,NA,1,1,1,2014,1,390861,5294248,1,1,47.79233774,-124.457254,9/20/2014,10/4/2014,14,14,14,NA,NA,NA,NA,NA,NA,NA,NA,NA,NA,NA,NA,NA,NA,NA,NA,0,NA,0,1,0,NA,0,1,NA,NA,60.94275843,-1.132627586,0.076906634,0.398321749
352_264,352,NA,NA,1,1,2,2014,1,390861,5294248,1,2,47.79233774,-124.457254,10/4/2014,10/18/2014,14,14,14,NA,NA,NA,NA,NA,NA,NA,NA,NA,NA,NA,NA,NA,NA,NA,NA,0,NA,0,1,0,NA,0,1,NA,NA,492.3253829,1.879293499,0.076906634,0.398321749
352_264,352,NA,NA,1,1,3,2014,1,390861,5294248,1,3,47.79233774,-124.457254,10/19/2014,11/1/2014,13,13,13,NA,NA,NA,NA,NA,NA,NA,NA,NA,NA,NA,NA,NA,NA,NA,NA,0,NA,0,1,0,NA,0,1,NA,NA,46.28739928,-1.234951562,-0.262837516,0.151398724
352_262,352,NA,NA,1,1,1,2014,1,391236,5293498,2,1,47.78565521,-124.4520607,9/20/2014,10/4/2014,14,14,14,NA,NA,NA,NA,NA,NA,NA,NA,NA,NA,NA,NA,NA,NA,NA,NA,0,NA,0,1,0,NA,0,1,NA,NA,60.94548252,-1.132608566,0.076906634,0.398321749
352_262,352,NA,NA,1,1,2,2014,1,391236,5293498,2,2,47.78565521,-124.4520607,10/4/2014,10/18/2014,14,14,14,NA,NA,NA,NA,NA,NA,NA,NA,NA,NA,NA,NA,NA,NA,NA,NA,0,NA,0,1,0,NA,0,1,NA,NA,492.3100609,1.87918652,0.076906634,0.398321749
352_262,352,NA,NA,1,1,3,2014,1,391236,5293498,2,3,47.78565521,-124.4520607,10/19/2014,11/1/2014,13,13,13,NA,NA,NA,NA,NA,NA,NA,NA,NA,NA,NA,NA,NA,NA,NA,NA,0,NA,0,1,0,NA,0,1,NA,NA,46.2870168,-1.234954232,-0.262837516,0.151398724
352_257,352,NA,NA,1,1,1,2014,1,391217,5292700,3,1,47.77847429,-124.4521143,9/20/2014,10/4/2014,14,14,14,NA,NA,NA,NA,NA,NA,NA,NA,NA,NA,NA,NA,NA,NA,NA,NA,0,NA,0,1,0,NA,0,1,NA,NA,60.94746399,-1.132594732,0.076906634,0.398321749
352_257,352,NA,NA,1,1,2,2014,1,391217,5292700,3,2,47.77847429,-124.4521143,10/4/2014,10/18/2014,14,14,14,NA,NA,NA,NA,NA,NA,NA,NA,NA,NA,NA,NA,NA,NA,NA,NA,0,NA,0,1,0,NA,0,1,NA,NA,492.2955386,1.879085125,0.076906634,0.398321749
352_257,352,NA,NA,1,1,3,2014,1,391217,5292700,3,3,47.77847429,-124.4521143,10/19/2014,11/1/2014,13,13,5,NA,NA,NA,NA,NA,NA,NA,NA,NA,NA,NA,NA,NA,NA,NA,NA,0,NA,0,1,1,NA,0,1,NA,NA,46.28753038,-1.234950646,-0.262837516,-1.823985474
353_266,353,NA,NA,1,1,1,2014,1,401010,5295291,1,1,47.80335985,-124.322019,6/25/2014,7/9/2014,14,14,14,NA,NA,NA,NA,NA,NA,NA,NA,NA,NA,NA,NA,NA,NA,NA,NA,0,NA,0,0,0,NA,0,0,NA,NA,65.14486843,-1.10328838,0.076906634,0.398321749
353_266,353,NA,NA,1,1,2,2014,1,401010,5295291,1,2,47.80335985,-124.322019,7/9/2014,7/24/2014,15,15,15,NA,NA,NA,NA,NA,NA,NA,NA,NA,NA,NA,NA,NA,NA,NA,NA,0,NA,1,0,0,NA,0,0,NA,NA,275.5430555,0.365715469,0.416650783,0.645244774
353_266,353,NA,NA,1,1,3,2014,1,401010,5295291,1,3,47.80335985,-124.322019,7/24/2014,8/7/2014,14,14,14,NA,NA,NA,NA,NA,NA,NA,NA,NA,NA,NA,NA,NA,NA,NA,NA,0,NA,0,0,0,NA,0,0,NA,NA,55.75135155,-1.16887408,0.076906634,0.398321749
353_265,353,NA,NA,1,1,1,2014,1,401100,5294396,2,1,47.79532306,-124.3206133,6/25/2014,7/9/2014,14,0,14,NA,NA,NA,NA,NA,NA,NA,NA,NA,NA,NA,NA,NA,NA,NA,NA,0,NA,0,0,0,NA,0,0,NA,NA,65.15540637,-1.103214804,-4.679511457,0.398321749
353_265,353,NA,NA,1,1,2,2014,1,401100,5294396,2,2,47.79532306,-124.3206133,7/9/2014,7/24/2014,15,15,15,NA,NA,NA,NA,NA,NA,NA,NA,NA,NA,NA,NA,NA,NA,NA,NA,0,NA,0,1,0,NA,0,1,NA,NA,275.5696995,0.365901498,0.416650783,0.645244774
353_265,353,NA,NA,1,1,3,2014,1,401100,5294396,2,3,47.79532306,-124.3206133,7/24/2014,8/7/2014,14,14,14,NA,NA,NA,NA,NA,NA,NA,NA,NA,NA,NA,NA,NA,NA,NA,NA,0,NA,0,0,0,NA,0,0,NA,NA,55.7614209,-1.168803776,0.076906634,0.398321749
353_260,353,NA,NA,1,1,1,2014,1,398036,5293306,3,1,47.7850406,-124.3612591,6/25/2014,7/10/2014,15,15,11,NA,NA,NA,NA,NA,NA,NA,NA,NA,NA,NA,NA,NA,NA,NA,NA,0,NA,1,0,0,NA,0,0,NA,NA,83.64164281,-0.974143575,0.416650783,-0.342447325
353_260,353,NA,NA,1,1,2,2014,1,398036,5293306,3,2,47.7850406,-124.3612591,7/10/2014,7/24/2014,14,14,14,NA,NA,NA,NA,NA,NA,NA,NA,NA,NA,NA,NA,NA,NA,NA,NA,0,NA,0,0,0,NA,0,0,NA,NA,270.8499257,0.332947954,0.076906634,0.398321749
353_260,353,NA,NA,1,1,3,2014,1,398036,5293306,3,3,47.7850406,-124.3612591,7/24/2014,8/7/2014,14,14,14,NA,NA,NA,NA,NA,NA,NA,NA,NA,NA,NA,NA,NA,NA,NA,NA,0,NA,0,0,0,NA,0,0,NA,NA,55.77614224,-1.168700991,0.076906634,0.398321749
357_259,357,NA,NA,1,1,1,2014,1,433934,5293020,1,1,47.78715066,-123.8820379,9/19/2014,10/3/2014,14,14,14,NA,NA,NA,NA,NA,NA,NA,NA,NA,NA,NA,NA,NA,NA,NA,NA,0,NA,0,0,0,NA,0,0,NA,NA,42.44158748,-1.261803087,0.076906634,0.398321749
357_259,357,NA,NA,1,1,2,2014,1,433934,5293020,1,2,47.78715066,-123.8820379,10/3/2014,10/17/2014,14,14,14,NA,NA,NA,NA,NA,NA,NA,NA,NA,NA,NA,NA,NA,NA,NA,NA,0,NA,0,0,0,NA,0,0,NA,NA,505.3921447,1.97052586,0.076906634,0.398321749
357_259,357,NA,NA,1,1,3,2014,1,433934,5293020,1,3,47.78715066,-123.8820379,10/17/2014,10/31/2014,14,14,14,NA,NA,NA,NA,NA,NA,NA,NA,NA,NA,NA,NA,NA,NA,NA,NA,0,NA,1,0,0,NA,0,0,NA,NA,41.38434888,-1.269184746,0.076906634,0.398321749
357_256,357,NA,NA,1,1,1,2014,1,434593,5292522,2,1,47.78273768,-123.8731657,9/19/2014,10/3/2014,14,14,5,NA,NA,NA,NA,NA,NA,NA,NA,NA,NA,NA,NA,NA,NA,NA,NA,0,NA,1,0,0,NA,0,0,NA,NA,42.44287698,-1.261794084,0.076906634,-1.823985474
357_256,357,NA,NA,1,1,2,2014,1,434593,5292522,2,2,47.78273768,-123.8731657,10/3/2014,10/17/2014,14,14,9,NA,NA,NA,NA,NA,NA,NA,NA,NA,NA,NA,NA,NA,NA,NA,NA,0,NA,1,0,0,NA,0,0,NA,NA,505.3865252,1.970486625,0.076906634,-0.836293375
357_256,357,NA,NA,1,1,3,2014,1,434593,5292522,2,3,47.78273768,-123.8731657,10/17/2014,10/31/2014,14,14,14,NA,NA,NA,NA,NA,NA,NA,NA,NA,NA,NA,NA,NA,NA,NA,NA,0,NA,0,0,0,NA,0,0,NA,NA,41.38291341,-1.269194768,0.076906634,0.398321749
357_254,357,NA,NA,1,1,1,2014,1,435438,5292027,3,1,47.77836966,-123.8618129,9/19/2014,10/3/2014,14,14,14,NA,NA,NA,NA,NA,NA,NA,NA,NA,NA,NA,NA,NA,NA,NA,NA,0,NA,0,0,0,NA,0,0,NA,NA,42.44363658,-1.261788781,0.076906634,0.398321749
357_254,357,NA,NA,1,1,2,2014,1,435438,5292027,3,2,47.77836966,-123.8618129,10/3/2014,10/17/2014,14,14,14,NA,NA,NA,NA,NA,NA,NA,NA,NA,NA,NA,NA,NA,NA,NA,NA,0,NA,1,0,0,NA,0,0,NA,NA,505.3719591,1.970384924,0.076906634,0.398321749
357_254,357,NA,NA,1,1,3,2014,1,435438,5292027,3,3,47.77836966,-123.8618129,10/17/2014,10/31/2014,14,14,14,NA,NA,NA,NA,NA,NA,NA,NA,NA,NA,NA,NA,NA,NA,NA,NA,0,NA,1,0,0,NA,0,0,NA,NA,41.38325233,-1.269192402,0.076906634,0.398321749
360_261,360,NA,NA,1,1,1,2014,1,466203,5293352,1,1,47.79263977,-123.4512653,7/25/2014,8/9/2014,15,15,15,NA,NA,NA,NA,NA,NA,NA,NA,NA,NA,NA,NA,NA,NA,NA,NA,0,NA,0,0,0,NA,0,0,NA,NA,104.656131,-0.827420048,0.416650783,0.645244774
360_261,360,NA,NA,1,1,2,2014,1,466203,5293352,1,2,47.79263977,-123.4512653,8/9/2014,8/23/2014,14,14,14,NA,NA,NA,NA,NA,NA,NA,NA,NA,NA,NA,NA,NA,NA,NA,NA,0,NA,0,0,0,NA,0,0,NA,NA,300.4053439,0.539304405,0.076906634,0.398321749
360_261,360,NA,NA,1,1,3,2014,1,466203,5293352,1,3,47.79263977,-123.4512653,8/23/2014,9/7/2014,15,15,15,NA,NA,NA,NA,NA,NA,NA,NA,NA,NA,NA,NA,NA,NA,NA,NA,0,NA,0,0,0,NA,0,0,NA,NA,109.4646813,-0.793846665,0.416650783,0.645244774
360_255,360,NA,NA,1,1,1,2014,1,466194,5292467,2,1,47.78467674,-123.4513165,7/25/2014,8/9/2014,15,15,15,NA,NA,NA,NA,NA,NA,NA,NA,NA,NA,NA,NA,NA,NA,NA,NA,0,NA,0,0,0,NA,0,0,NA,NA,104.6694197,-0.827327266,0.416650783,0.645244774
360_255,360,NA,NA,1,1,2,2014,1,466194,5292467,2,2,47.78467674,-123.4513165,8/9/2014,8/23/2014,14,14,14,NA,NA,NA,NA,NA,NA,NA,NA,NA,NA,NA,NA,NA,NA,NA,NA,0,NA,0,0,0,NA,0,0,NA,NA,300.4137977,0.53936343,0.076906634,0.398321749
360_255,360,NA,NA,1,1,3,2014,1,466194,5292467,2,3,47.78467674,-123.4513165,8/23/2014,9/7/2014,15,15,15,NA,NA,NA,NA,NA,NA,NA,NA,NA,NA,NA,NA,NA,NA,NA,NA,0,NA,0,0,0,NA,0,0,NA,NA,109.4718361,-0.793796711,0.416650783,0.645244774
360_252,360,NA,NA,1,1,1,2014,1,465479,5291150,3,1,47.77278944,-123.4607568,7/25/2014,8/9/2014,15,15,15,NA,NA,NA,NA,NA,NA,NA,NA,NA,NA,NA,NA,NA,NA,NA,NA,0,NA,0,0,0,NA,0,0,NA,NA,104.6931294,-0.827161725,0.416650783,0.645244774
360_252,360,NA,NA,1,1,2,2014,1,465479,5291150,3,2,47.77278944,-123.4607568,8/9/2014,8/23/2014,14,14,14,NA,NA,NA,NA,NA,NA,NA,NA,NA,NA,NA,NA,NA,NA,NA,NA,0,NA,0,0,0,NA,0,0,NA,NA,300.4273178,0.539457827,0.076906634,0.398321749
360_252,360,NA,NA,1,1,3,2014,1,465479,5291150,3,3,47.77278944,-123.4607568,8/23/2014,9/7/2014,15,15,15,NA,NA,NA,NA,NA,NA,NA,NA,NA,NA,NA,NA,NA,NA,NA,NA,0,NA,0,0,0,NA,0,0,NA,NA,109.4862906,-0.793695789,0.416650783,0.645244774
365_263,365,NA,NA,1,1,1,2014,1,506786,5293659,1,1,47.79625327,-122.9093856,9/19/2014,10/2/2014,13,13,9,NA,NA,NA,NA,NA,NA,NA,NA,NA,NA,NA,NA,NA,NA,NA,NA,0,NA,0,0,0,NA,0,0,NA,NA,29.2436199,-1.35395153,-0.262837516,-0.836293375
365_129,365,NA,NA,1,1,1,2014,1,506592,5293424,1,2,47.79414087,-122.9119797,10/2/2014,10/16/2014,14,14,3,NA,NA,NA,NA,NA,NA,NA,NA,NA,NA,NA,NA,NA,NA,NA,NA,0,NA,0,0,0,NA,1,0,NA,NA,507.5291243,1.985446289,0.076906634,-2.317831524
365_129,365,NA,NA,1,1,2,2014,1,506592,5293424,1,3,47.79414087,-122.9119797,10/16/2014,10/30/2014,14,14,14,NA,NA,NA,NA,NA,NA,NA,NA,NA,NA,NA,NA,NA,NA,NA,NA,1,NA,0,0,0,NA,1,0,NA,NA,44.17423878,-1.249705686,0.076906634,0.398321749
365_258,365,NA,NA,1,1,1,2014,1,507896,5292865,2,1,47.7890966,-122.8945781,9/19/2014,10/2/2014,13,13,6,NA,NA,NA,NA,NA,NA,NA,NA,NA,NA,NA,NA,NA,NA,NA,NA,0,NA,0,0,0,NA,0,0,NA,NA,29.24392486,-1.3539494,-0.262837516,-1.57706245
365_128,365,NA,NA,1,1,1,2014,1,507329,5293189,2,2,47.79201849,-122.9021428,10/2/2014,10/16/2014,14,14,2,NA,NA,NA,NA,NA,NA,NA,NA,NA,NA,NA,NA,NA,NA,NA,NA,0,NA,0,0,0,NA,1,0,NA,NA,507.5239349,1.985410057,0.076906634,-2.564754549
365_128,365,NA,NA,1,1,2,2014,1,507329,5293189,2,3,47.79201849,-122.9021428,10/16/2014,10/30/2014,14,14,10,NA,NA,NA,NA,NA,NA,NA,NA,NA,NA,NA,NA,NA,NA,NA,NA,0,NA,0,0,0,NA,1,0,NA,NA,44.17330724,-1.24971219,0.076906634,-0.58937035
365_253,365,NA,NA,1,1,1,2014,1,507702,5291883,3,1,47.78026339,-122.8971856,9/19/2014,10/2/2014,13,11,5,NA,NA,NA,NA,NA,NA,NA,NA,NA,NA,NA,NA,NA,NA,NA,NA,0,NA,0,0,0,NA,0,0,NA,NA,29.245856,-1.353935917,-0.942325815,-1.823985474
365_127,365,NA,NA,1,1,1,2014,1,507462,5291813,3,2,47.77963639,-122.9003906,10/2/2014,10/16/2014,14,14,2,NA,NA,NA,NA,NA,NA,NA,NA,NA,NA,NA,NA,NA,NA,NA,NA,0,NA,0,0,0,NA,1,0,NA,NA,507.5033331,1.985266215,0.076906634,-2.564754549
365_127,365,NA,NA,1,1,2,2014,1,507462,5291813,3,3,47.77963639,-122.9003906,10/16/2014,10/30/2014,14,14,8,NA,NA,NA,NA,NA,NA,NA,NA,NA,NA,NA,NA,NA,NA,NA,NA,0,NA,0,0,0,NA,1,0,NA,NA,44.16983921,-1.249736403,0.076906634,-1.0832164
402_273,402,NA,NA,1,1,1,2014,1,404389,5300957,1,1,47.85483754,-124.278155,7/24/2014,8/7/2014,14,14,14,NA,NA,NA,NA,NA,NA,NA,NA,NA,NA,NA,NA,NA,NA,NA,NA,1,NA,0,0,0,NA,0,0,NA,NA,55.68612854,-1.169329468,0.076906634,0.398321749
402_273,402,NA,NA,1,2,1,2014,1,404427,5301078,1,2,47.85593161,-124.2776738,8/7/2014,8/21/2014,14,14,13,NA,NA,NA,NA,NA,NA,NA,NA,NA,NA,NA,NA,NA,NA,NA,NA,0,NA,0,0,0,NA,1,0,NA,NA,354.0447744,0.913815854,0.076906634,0.151398724
402_273,402,NA,NA,1,2,2,2014,1,404427,5301078,1,3,47.85593161,-124.2776738,8/21/2014,9/4/2014,14,14,14,NA,NA,NA,NA,NA,NA,NA,NA,NA,NA,NA,NA,NA,NA,NA,NA,0,NA,0,1,0,NA,1,1,NA,NA,38.06884342,-1.292333663,0.076906634,0.398321749
402_281,402,NA,NA,1,1,1,2014,1,405061,5302841,2,1,47.87188412,-124.2695876,7/24/2014,8/7/2014,14,14,14,NA,NA,NA,NA,NA,NA,NA,NA,NA,NA,NA,NA,NA,NA,NA,NA,0,NA,0,0,0,NA,0,0,NA,NA,55.66631633,-1.169467798,0.076906634,0.398321749
402_281,402,NA,NA,1,1,2,2014,1,405061,5302841,2,2,47.87188412,-124.2695876,8/7/2014,8/21/2014,14,14,14,NA,NA,NA,NA,NA,NA,NA,NA,NA,NA,NA,NA,NA,NA,NA,NA,0,NA,0,0,0,NA,0,0,NA,NA,354.015655,0.913612542,0.076906634,0.398321749
402_281,402,NA,NA,1,1,3,2014,1,405061,5302841,2,3,47.87188412,-124.2695876,8/21/2014,9/4/2014,14,14,14,NA,NA,NA,NA,NA,NA,NA,NA,NA,NA,NA,NA,NA,NA,NA,NA,0,NA,0,0,0,NA,0,0,NA,NA,38.05927754,-1.292400453,0.076906634,0.398321749
402_267,402,NA,NA,1,1,1,2014,1,405237,5298841,3,1,47.83592926,-124.2663581,7/24/2014,8/7/2014,14,14,14,NA,NA,NA,NA,NA,NA,NA,NA,NA,NA,NA,NA,NA,NA,NA,NA,0,NA,0,0,0,NA,0,0,NA,NA,55.710352,-1.16916034,0.076906634,0.398321749
402_267,402,NA,NA,1,1,2,2014,1,405237,5298841,3,2,47.83592926,-124.2663581,8/7/2014,8/21/2014,14,14,14,NA,NA,NA,NA,NA,NA,NA,NA,NA,NA,NA,NA,NA,NA,NA,NA,0,NA,0,0,0,NA,0,0,NA,NA,354.0822062,0.914077203,0.076906634,0.398321749
402_267,402,NA,NA,1,1,3,2014,1,405237,5298841,3,3,47.83592926,-124.2663581,8/21/2014,9/4/2014,14,14,14,NA,NA,NA,NA,NA,NA,NA,NA,NA,NA,NA,NA,NA,NA,NA,NA,0,NA,0,1,0,NA,0,1,NA,NA,38.07990864,-1.292256406,0.076906634,0.398321749
403_272,403,NA,NA,1,1,1,2014,1,411893,5300538,1,1,47.85214127,-124.1777769,5/30/2014,6/13/2014,14,14,14,NA,NA,NA,NA,NA,NA,NA,NA,NA,NA,NA,NA,NA,NA,NA,NA,0,NA,0,0,0,NA,0,0,NA,NA,182.8009652,-0.281811439,0.076906634,0.398321749
403_272,403,NA,NA,1,1,2,2014,1,411893,5300538,1,2,47.85214127,-124.1777769,6/13/2014,6/27/2014,14,14,5,NA,NA,NA,NA,NA,NA,NA,NA,NA,NA,NA,NA,NA,NA,NA,NA,0,NA,0,0,0,NA,0,0,NA,NA,165.536066,-0.40235527,0.076906634,-1.823985474
403_272,403,NA,NA,1,1,3,2014,1,411893,5300538,1,3,47.85214127,-124.1777769,6/27/2014,7/11/2014,14,14,14,NA,NA,NA,NA,NA,NA,NA,NA,NA,NA,NA,NA,NA,NA,NA,NA,0,NA,0,0,0,NA,0,0,NA,NA,119.8526926,-0.721317388,0.076906634,0.398321749
403_270,403,NA,NA,1,1,1,2014,1,414474,5299283,2,1,47.84120046,-124.1430343,5/30/2014,6/13/2014,14,13,2,NA,NA,NA,NA,NA,NA,NA,NA,NA,NA,NA,NA,NA,NA,NA,NA,0,NA,0,0,0,NA,0,0,NA,NA,182.8343711,-0.281578199,-0.262837516,-2.564754549
403_270,403,NA,NA,1,1,2,2014,1,414474,5299283,2,2,47.84120046,-124.1430343,6/13/2014,6/27/2014,14,14,4,NA,NA,NA,NA,NA,NA,NA,NA,NA,NA,NA,NA,NA,NA,NA,NA,1,NA,0,0,0,NA,0,0,NA,NA,165.5671852,-0.402137995,0.076906634,-2.070908499
403_130,403,NA,NA,1,1,1,2014,1,413474,5299688,2,3,47.84470985,-124.1564772,6/27/2014,7/11/2014,14,14,14,NA,NA,NA,NA,NA,NA,NA,NA,NA,NA,NA,NA,NA,NA,NA,NA,0,NA,0,0,0,NA,1,0,NA,NA,119.8700936,-0.721195893,0.076906634,0.398321749
403_271,403,NA,NA,1,1,1,2014,1,415528,5299818,3,1,47.84615252,-124.1290551,5/30/2014,6/13/2014,14,14,14,NA,NA,NA,NA,NA,NA,NA,NA,NA,NA,NA,NA,NA,NA,NA,NA,0,NA,0,0,0,NA,0,0,NA,NA,182.8175323,-0.281695767,0.076906634,0.398321749
403_271,403,NA,NA,1,1,2,2014,1,415528,5299818,3,2,47.84615252,-124.1290551,6/13/2014,6/27/2014,14,14,5,NA,NA,NA,NA,NA,NA,NA,NA,NA,NA,NA,NA,NA,NA,NA,NA,0,NA,0,0,0,NA,0,0,NA,NA,165.555855,-0.402217102,0.076906634,-1.823985474
403_271,403,NA,NA,1,1,3,2014,1,415528,5299818,3,3,47.84615252,-124.1290551,6/27/2014,7/11/2014,14,14,14,NA,NA,NA,NA,NA,NA,NA,NA,NA,NA,NA,NA,NA,NA,NA,NA,0,NA,0,0,0,NA,0,0,NA,NA,119.8657556,-0.721226181,0.076906634,0.398321749
405_277,405,NA,NA,1,1,1,2014,1,430301,5301792,1,1,47.86568301,-123.9319468,9/18/2014,10/2/2014,14,14,14,NA,NA,NA,NA,NA,NA,NA,NA,NA,NA,NA,NA,NA,NA,NA,NA,0,NA,0,1,0,NA,0,1,NA,NA,33.36897475,-1.325148229,0.076906634,0.398321749
405_277,405,NA,NA,1,1,2,2014,1,430301,5301792,1,2,47.86568301,-123.9319468,10/2/2014,10/16/2014,14,14,14,NA,NA,NA,NA,NA,NA,NA,NA,NA,NA,NA,NA,NA,NA,NA,NA,1,NA,0,1,0,NA,0,1,NA,NA,507.6620402,1.98637431,0.076906634,0.398321749
405_277,405,NA,NA,1,1,3,2014,1,430301,5301792,1,3,47.86568301,-123.9319468,10/16/2014,10/30/2014,14,14,14,NA,NA,NA,NA,NA,NA,NA,NA,NA,NA,NA,NA,NA,NA,NA,NA,0,NA,0,1,0,NA,0,1,NA,NA,44.15766557,-1.2498214,0.076906634,0.398321749
405_279,405,NA,NA,1,1,1,2014,1,431229,5301867,2,1,47.86645776,-123.9195521,9/18/2014,10/2/2014,14,14,14,NA,NA,NA,NA,NA,NA,NA,NA,NA,NA,NA,NA,NA,NA,NA,NA,0,NA,0,0,0,NA,0,0,NA,NA,33.36856043,-1.325151122,0.076906634,0.398321749
405_279,405,NA,NA,1,1,2,2014,1,431229,5301867,2,2,47.86645776,-123.9195521,10/2/2014,10/16/2014,14,14,14,NA,NA,NA,NA,NA,NA,NA,NA,NA,NA,NA,NA,NA,NA,NA,NA,0,NA,0,0,0,NA,0,0,NA,NA,507.6639166,1.986387411,0.076906634,0.398321749
405_279,405,NA,NA,1,1,3,2014,1,431229,5301867,2,3,47.86645776,-123.9195521,10/16/2014,10/30/2014,14,14,14,NA,NA,NA,NA,NA,NA,NA,NA,NA,NA,NA,NA,NA,NA,NA,NA,1,NA,0,0,0,NA,0,0,NA,NA,44.1588913,-1.249812842,0.076906634,0.398321749
405_278,405,NA,NA,1,1,1,2014,1,432174,5301843,3,1,47.86634235,-123.9069142,9/18/2014,10/2/2014,14,14,14,NA,NA,NA,NA,NA,NA,NA,NA,NA,NA,NA,NA,NA,NA,NA,NA,1,NA,0,0,0,NA,0,0,NA,NA,33.36894473,-1.325148439,0.076906634,0.398321749
405_278,405,NA,NA,1,1,2,2014,1,432174,5301843,3,2,47.86634235,-123.9069142,10/2/2014,10/16/2014,14,14,14,NA,NA,NA,NA,NA,NA,NA,NA,NA,NA,NA,NA,NA,NA,NA,NA,0,NA,0,0,0,NA,0,0,NA,NA,507.663093,1.986381661,0.076906634,0.398321749
405_278,405,NA,NA,1,1,3,2014,1,432174,5301843,3,3,47.86634235,-123.9069142,10/16/2014,10/30/2014,14,0,14,NA,NA,NA,NA,NA,NA,NA,NA,NA,NA,NA,NA,NA,NA,NA,NA,0,NA,0,0,0,NA,0,0,NA,NA,44.15857067,-1.249815081,-4.679511457,0.398321749
408_284,408,NA,NA,1,1,1,2014,1,460720,5303515,1,1,47.88376578,-123.5253949,7/28/2014,8/11/2014,14,14,14,NA,NA,NA,NA,NA,NA,NA,NA,NA,NA,NA,NA,NA,NA,NA,NA,0,NA,0,0,0,NA,0,0,NA,NA,190.6648148,-0.226905903,0.076906634,0.398321749
408_284,408,NA,NA,1,1,2,2014,1,460720,5303515,1,2,47.88376578,-123.5253949,8/11/2014,8/25/2014,14,0,14,NA,NA,NA,NA,NA,NA,NA,NA,NA,NA,NA,NA,NA,NA,NA,NA,0,NA,0,0,0,NA,0,0,NA,NA,221.7981657,-0.009532298,-4.679511457,0.398321749
408_284,408,NA,NA,1,1,3,2014,1,460720,5303515,1,3,47.88376578,-123.5253949,8/25/2014,9/11/2014,17,17,17,NA,NA,NA,NA,NA,NA,NA,NA,NA,NA,NA,NA,NA,NA,NA,NA,0,NA,0,0,0,NA,0,0,NA,NA,244.8851764,0.151661617,1.096139082,1.139090824
408_282,408,NA,NA,1,1,1,2014,1,460894,5302899,2,1,47.87823426,-123.5230119,7/28/2014,8/11/2014,14,14,14,NA,NA,NA,NA,NA,NA,NA,NA,NA,NA,NA,NA,NA,NA,NA,NA,0,NA,0,0,0,NA,0,0,NA,NA,190.6807395,-0.226794716,0.076906634,0.398321749
408_282,408,NA,NA,1,1,2,2014,1,460894,5302899,2,2,47.87823426,-123.5230119,8/11/2014,8/25/2014,14,14,14,NA,NA,NA,NA,NA,NA,NA,NA,NA,NA,NA,NA,NA,NA,NA,NA,0,NA,0,0,0,NA,0,0,NA,NA,221.8023116,-0.009503351,0.076906634,0.398321749
408_282,408,NA,NA,1,1,3,2014,1,460894,5302899,2,3,47.87823426,-123.5230119,8/25/2014,9/11/2014,17,17,17,NA,NA,NA,NA,NA,NA,NA,NA,NA,NA,NA,NA,NA,NA,NA,NA,0,NA,0,0,0,NA,0,0,NA,NA,244.8934301,0.151719245,1.096139082,1.139090824
408_275,408,NA,NA,1,1,1,2014,1,460941,5301530,3,1,47.86592021,-123.5222595,7/28/2014,8/12/2014,15,15,15,NA,NA,NA,NA,NA,NA,NA,NA,NA,NA,NA,NA,NA,NA,NA,NA,0,NA,0,0,0,NA,0,0,NA,NA,215.1073238,-0.056247874,0.416650783,0.645244774
408_275,408,NA,NA,1,1,2,2014,1,460941,5301530,3,2,47.86592021,-123.5222595,8/12/2014,8/25/2014,13,13,13,NA,NA,NA,NA,NA,NA,NA,NA,NA,NA,NA,NA,NA,NA,NA,NA,0,NA,0,0,0,NA,0,0,NA,NA,196.050727,-0.189301369,-0.262837516,0.151398724
408_275,408,NA,NA,1,1,3,2014,1,460941,5301530,3,3,47.86592021,-123.5222595,8/25/2014,9/10/2014,16,16,16,NA,NA,NA,NA,NA,NA,NA,NA,NA,NA,NA,NA,NA,NA,NA,NA,0,NA,0,0,0,NA,0,0,NA,NA,221.5217445,-0.011462276,0.756394932,0.892167799
413_280,413,NA,NA,1,1,1,2014,1,503934,5302504,1,1,47.87585938,-122.9473883,9/21/2014,10/6/2014,15,15,15,NA,NA,NA,NA,NA,NA,NA,NA,NA,NA,NA,NA,NA,NA,NA,NA,0,NA,0,0,0,NA,0,0,NA,NA,118.8001445,-0.728666297,0.416650783,0.645244774
413_280,413,NA,NA,1,1,2,2014,1,503934,5302504,1,2,47.87585938,-122.9473883,10/6/2014,10/20/2014,14,14,14,NA,NA,NA,NA,NA,NA,NA,NA,NA,NA,NA,NA,NA,NA,NA,NA,0,NA,0,0,0,NA,0,0,NA,NA,433.3339385,1.467414195,0.076906634,0.398321749
413_280,413,NA,NA,1,1,3,2014,1,503934,5302504,1,3,47.87585938,-122.9473883,10/20/2014,11/3/2014,14,14,14,NA,NA,NA,NA,NA,NA,NA,NA,NA,NA,NA,NA,NA,NA,NA,NA,0,NA,0,0,0,NA,0,0,NA,NA,95.15829748,-0.893734089,0.076906634,0.398321749
413_276,413,NA,NA,1,1,1,2014,1,504508,5301575,2,1,47.86749704,-122.9397216,9/21/2014,10/6/2014,15,15,15,NA,NA,NA,NA,NA,NA,NA,NA,NA,NA,NA,NA,NA,NA,NA,NA,0,NA,0,0,0,NA,0,0,NA,NA,118.8026538,-0.728648777,0.416650783,0.645244774
413_276,413,NA,NA,1,1,2,2014,1,504508,5301575,2,2,47.86749704,-122.9397216,10/6/2014,10/20/2014,14,14,14,NA,NA,NA,NA,NA,NA,NA,NA,NA,NA,NA,NA,NA,NA,NA,NA,0,NA,0,0,0,NA,0,0,NA,NA,433.3142807,1.467276944,0.076906634,0.398321749
413_276,413,NA,NA,1,1,3,2014,1,504508,5301575,2,3,47.86749704,-122.9397216,10/20/2014,11/3/2014,14,14,13,NA,NA,NA,NA,NA,NA,NA,NA,NA,NA,NA,NA,NA,NA,NA,NA,1,NA,0,0,0,NA,0,0,NA,NA,95.15666042,-0.893745519,0.076906634,0.151398724
413_269,413,NA,NA,1,1,1,2014,1,504347,5299112,3,1,47.84533753,-122.9418992,9/21/2014,10/6/2014,15,15,15,NA,NA,NA,NA,NA,NA,NA,NA,NA,NA,NA,NA,NA,NA,NA,NA,0,NA,0,0,0,NA,0,0,NA,NA,118.8101008,-0.728596782,0.416650783,0.645244774
413_269,413,NA,NA,1,1,2,2014,1,504347,5299112,3,2,47.84533753,-122.9418992,10/6/2014,10/20/2014,14,14,14,NA,NA,NA,NA,NA,NA,NA,NA,NA,NA,NA,NA,NA,NA,NA,NA,0,NA,0,0,0,NA,0,0,NA,NA,433.2621185,1.466912746,0.076906634,0.398321749
413_269,413,NA,NA,1,1,3,2014,1,504347,5299112,3,3,47.84533753,-122.9418992,10/20/2014,11/3/2014,14,14,14,NA,NA,NA,NA,NA,NA,NA,NA,NA,NA,NA,NA,NA,NA,NA,NA,0,NA,0,0,0,NA,0,0,NA,NA,95.15288935,-0.893771849,0.076906634,0.398321749
414_268,414,NA,NA,1,1,1,2014,1,515311,5299050,1,1,47.84461202,-122.7953601,6/12/2014,6/26/2014,14,14,14,NA,NA,NA,NA,NA,NA,NA,NA,NA,NA,NA,NA,NA,NA,NA,NA,0,NA,0,0,0,NA,0,0,NA,NA,199.3837093,-0.166030428,0.076906634,0.398321749
414_268,414,NA,NA,1,1,2,2014,1,515311,5299050,1,2,47.84461202,-122.7953601,6/26/2014,7/10/2014,14,14,14,NA,NA,NA,NA,NA,NA,NA,NA,NA,NA,NA,NA,NA,NA,NA,NA,0,NA,0,0,0,NA,0,0,NA,NA,89.43170867,-0.933717233,0.076906634,0.398321749
414_268,414,NA,NA,1,1,3,2014,1,515311,5299050,1,3,47.84461202,-122.7953601,7/10/2014,7/24/2014,14,14,14,NA,NA,NA,NA,NA,NA,NA,NA,NA,NA,NA,NA,NA,NA,NA,NA,0,NA,0,0,0,NA,0,0,NA,NA,270.6604648,0.331625135,0.076906634,0.398321749
414_274,414,NA,NA,1,1,1,2014,1,514084,5301375,2,1,47.86555895,-122.8116838,6/12/2014,6/26/2014,14,14,11,NA,NA,NA,NA,NA,NA,NA,NA,NA,NA,NA,NA,NA,NA,NA,NA,0,NA,0,0,0,NA,0,0,NA,NA,199.3046076,-0.166582717,0.076906634,-0.342447325
414_131,414,NA,NA,1,1,1,2014,1,513150,5301856,2,2,47.86990648,-122.8241575,6/26/2014,7/10/2014,14,14,14,NA,NA,NA,NA,NA,NA,NA,NA,NA,NA,NA,NA,NA,NA,NA,NA,0,NA,0,0,0,NA,1,0,NA,NA,89.3840855,-0.934049739,0.076906634,0.398321749
414_131,414,NA,NA,1,1,2,2014,1,513150,5301856,2,3,47.86990648,-122.8241575,7/10/2014,7/24/2014,14,14,14,NA,NA,NA,NA,NA,NA,NA,NA,NA,NA,NA,NA,NA,NA,NA,NA,0,NA,0,0,0,NA,1,0,NA,NA,270.5759135,0.331034796,0.076906634,0.398321749
414_283,414,NA,NA,1,1,1,2014,1,513103,5303406,3,1,47.88385332,-122.824739,6/12/2014,6/26/2014,14,14,14,NA,NA,NA,NA,NA,NA,NA,NA,NA,NA,NA,NA,NA,NA,NA,NA,0,NA,0,0,0,NA,0,0,NA,NA,199.2356896,-0.167063904,0.076906634,0.398321749
414_283,414,NA,NA,1,1,2,2014,1,513103,5303406,3,2,47.88385332,-122.824739,6/26/2014,7/10/2014,14,14,14,NA,NA,NA,NA,NA,NA,NA,NA,NA,NA,NA,NA,NA,NA,NA,NA,0,NA,0,0,0,NA,0,0,NA,NA,89.35586285,-0.93424679,0.076906634,0.398321749
414_283,414,NA,NA,1,1,3,2014,1,513103,5303406,3,3,47.88385332,-122.824739,7/10/2014,7/24/2014,14,14,14,NA,NA,NA,NA,NA,NA,NA,NA,NA,NA,NA,NA,NA,NA,NA,NA,0,NA,0,0,0,NA,0,0,NA,NA,270.5285356,0.330704003,0.076906634,0.398321749
451_296,451,NA,NA,1,1,1,2014,1,391079,5310878,1,1,47.94195295,-124.4585356,7/24/2014,8/7/2014,14,14,14,NA,NA,NA,NA,NA,NA,NA,NA,NA,NA,NA,NA,NA,NA,NA,NA,0,NA,0,0,0,NA,0,0,NA,NA,55.585492,-1.170032114,0.076906634,0.398321749
451_296,451,NA,NA,1,1,2,2014,1,391079,5310878,1,2,47.94195295,-124.4585356,8/7/2014,8/21/2014,14,14,14,NA,NA,NA,NA,NA,NA,NA,NA,NA,NA,NA,NA,NA,NA,NA,NA,0,NA,0,0,0,NA,0,0,NA,NA,353.8906798,0.912739963,0.076906634,0.398321749
451_296,451,NA,NA,1,1,3,2014,1,391079,5310878,1,3,47.94195295,-124.4585356,8/21/2014,9/4/2014,14,14,14,NA,NA,NA,NA,NA,NA,NA,NA,NA,NA,NA,NA,NA,NA,NA,NA,0,NA,0,0,0,NA,0,0,NA,NA,38.02163803,-1.292663252,0.076906634,0.398321749
451_286,451,NA,NA,1,1,1,2014,1,392418,5308218,2,1,47.91825398,-124.4399468,7/24/2014,8/7/2014,14,1,1,NA,NA,NA,NA,NA,NA,NA,NA,NA,NA,NA,NA,NA,NA,NA,NA,0,NA,0,0,0,NA,0,0,NA,NA,55.61357891,-1.169836011,-4.339767308,-2.811677574
451_286,451,NA,NA,1,1,2,2014,1,392418,5308218,2,2,47.91825398,-124.4399468,8/7/2014,8/21/2014,14,14,3,NA,NA,NA,NA,NA,NA,NA,NA,NA,NA,NA,NA,NA,NA,NA,NA,0,NA,0,1,0,NA,0,1,NA,NA,353.9317345,0.913026607,0.076906634,-2.317831524
451_132,451,NA,NA,1,1,1,2014,1,392430,5308465,2,3,47.92047763,-124.4398479,8/21/2014,9/4/2014,14,14,6,NA,NA,NA,NA,NA,NA,NA,NA,NA,NA,NA,NA,NA,NA,NA,NA,0,NA,0,1,0,NA,1,1,NA,NA,38.03476623,-1.292571591,0.076906634,-1.57706245
451_287,451,NA,NA,1,1,1,2014,1,390346,5308373,3,1,47.91929707,-124.4677099,7/24/2014,8/7/2014,14,14,14,NA,NA,NA,NA,NA,NA,NA,NA,NA,NA,NA,NA,NA,NA,NA,NA,0,NA,0,0,0,NA,0,0,NA,NA,55.61491961,-1.16982665,0.076906634,0.398321749
451_287,451,NA,NA,1,1,2,2014,1,390346,5308373,3,2,47.91929707,-124.4677099,8/7/2014,8/21/2014,14,14,14,NA,NA,NA,NA,NA,NA,NA,NA,NA,NA,NA,NA,NA,NA,NA,NA,0,NA,0,0,0,NA,0,0,NA,NA,353.9307978,0.913020067,0.076906634,0.398321749
451_287,451,NA,NA,1,1,3,2014,1,390346,5308373,3,3,47.91929707,-124.4677099,8/21/2014,9/4/2014,14,14,14,NA,NA,NA,NA,NA,NA,NA,NA,NA,NA,NA,NA,NA,NA,NA,NA,0,NA,0,1,0,NA,0,1,NA,NA,38.03568669,-1.292565164,0.076906634,0.398321749
454_297,454,NA,NA,1,1,1,2014,1,416498,5311125,1,1,47.94799295,-124.118281,9/24/2014,10/5/2014,11,11,11,NA,NA,NA,NA,NA,NA,NA,NA,NA,NA,NA,NA,NA,NA,NA,NA,0,NA,0,1,0,NA,0,1,NA,NA,112.2186212,-0.774618609,-0.942325815,-0.342447325
454_297,454,NA,NA,1,1,2,2014,1,416498,5311125,1,2,47.94799295,-124.118281,10/5/2014,10/19/2014,14,14,14,NA,NA,NA,NA,NA,NA,NA,NA,NA,NA,NA,NA,NA,NA,NA,NA,1,NA,0,0,0,NA,0,0,NA,NA,468.4908244,1.712880191,0.076906634,0.398321749
454_297,454,NA,NA,1,1,3,2014,1,416498,5311125,1,3,47.94799295,-124.118281,10/19/2014,11/1/2014,13,13,13,NA,NA,NA,NA,NA,NA,NA,NA,NA,NA,NA,NA,NA,NA,NA,NA,0,NA,1,0,0,NA,0,0,NA,NA,46.28928638,-1.234938386,-0.262837516,0.151398724
454_302,454,NA,NA,1,1,1,2014,1,417981,5311646,2,1,47.9528713,-124.0985234,9/24/2014,10/5/2014,11,11,11,NA,NA,NA,NA,NA,NA,NA,NA,NA,NA,NA,NA,NA,NA,NA,NA,0,NA,0,1,0,NA,0,1,NA,NA,112.2146124,-0.774646598,-0.942325815,-0.342447325
454_302,454,NA,NA,1,1,2,2014,1,417981,5311646,2,2,47.9528713,-124.0985234,10/5/2014,10/19/2014,14,14,14,NA,NA,NA,NA,NA,NA,NA,NA,NA,NA,NA,NA,NA,NA,NA,NA,0,NA,0,0,0,NA,0,0,NA,NA,468.5024219,1.712961165,0.076906634,0.398321749
454_302,454,NA,NA,1,1,3,2014,1,417981,5311646,2,3,47.9528713,-124.0985234,10/19/2014,11/1/2014,13,13,13,NA,NA,NA,NA,NA,NA,NA,NA,NA,NA,NA,NA,NA,NA,NA,NA,0,NA,0,1,0,NA,0,1,NA,NA,46.289718,-1.234935372,-0.262837516,0.151398724
454_299,454,NA,NA,1,1,1,2014,1,419560,5311557,3,1,47.952271,-124.0773623,9/24/2014,10/5/2014,11,11,11,NA,NA,NA,NA,NA,NA,NA,NA,NA,NA,NA,NA,NA,NA,NA,NA,0,NA,0,0,0,NA,0,0,NA,NA,112.2133585,-0.774655353,-0.942325815,-0.342447325
454_299,454,NA,NA,1,1,2,2014,1,419560,5311557,3,2,47.952271,-124.0773623,10/5/2014,10/19/2014,14,14,7,NA,NA,NA,NA,NA,NA,NA,NA,NA,NA,NA,NA,NA,NA,NA,NA,0,NA,0,0,0,NA,0,0,NA,NA,468.5010071,1.712951287,0.076906634,-1.330139425
454_299,454,NA,NA,1,1,3,2014,1,419560,5311557,3,3,47.952271,-124.0773623,10/19/2014,11/1/2014,13,13,3,NA,NA,NA,NA,NA,NA,NA,NA,NA,NA,NA,NA,NA,NA,NA,NA,0,NA,0,1,0,NA,0,1,NA,NA,46.28949631,-1.23493692,-0.262837516,-2.317831524
456_300,456,NA,NA,1,1,1,2014,1,435675,5311607,1,1,47.95454253,-123.8615641,5/31/2014,6/14/2014,14,14,14,NA,NA,NA,NA,NA,NA,NA,NA,NA,NA,NA,NA,NA,NA,NA,NA,0,NA,0,0,0,NA,0,0,NA,NA,215.065081,-0.056542814,0.076906634,0.398321749
456_300,456,NA,NA,1,1,2,2014,1,435675,5311607,1,2,47.95454253,-123.8615641,6/14/2014,6/28/2014,14,14,14,NA,NA,NA,NA,NA,NA,NA,NA,NA,NA,NA,NA,NA,NA,NA,NA,0,NA,0,0,0,NA,0,0,NA,NA,132.5170504,-0.632894618,0.076906634,0.398321749
456_300,456,NA,NA,1,1,3,2014,1,435675,5311607,1,3,47.95454253,-123.8615641,6/28/2014,7/12/2014,14,14,14,NA,NA,NA,NA,NA,NA,NA,NA,NA,NA,NA,NA,NA,NA,NA,NA,0,NA,0,0,0,NA,0,0,NA,NA,153.8224432,-0.48413999,0.076906634,0.398321749
456_290,456,NA,NA,1,1,1,2014,1,434919,5309696,2,1,47.93727434,-123.8713997,5/31/2014,6/14/2014,14,14,14,NA,NA,NA,NA,NA,NA,NA,NA,NA,NA,NA,NA,NA,NA,NA,NA,0,NA,0,0,0,NA,0,0,NA,NA,215.1280077,-0.056103459,0.076906634,0.398321749
456_290,456,NA,NA,1,2,1,2014,1,434880,5309691,2,2,47.93722539,-123.871921,6/14/2014,6/28/2014,14,14,14,NA,NA,NA,NA,NA,NA,NA,NA,NA,NA,NA,NA,NA,NA,NA,NA,0,NA,0,0,0,NA,1,0,NA,NA,132.5578388,-0.632609833,0.076906634,0.398321749
456_290,456,NA,NA,1,2,2,2014,1,434880,5309691,2,3,47.93722539,-123.871921,6/28/2014,7/12/2014,14,14,14,NA,NA,NA,NA,NA,NA,NA,NA,NA,NA,NA,NA,NA,NA,NA,NA,0,NA,0,0,0,NA,1,0,NA,NA,153.8752882,-0.483771026,0.076906634,0.398321749
456_295,456,NA,NA,1,1,1,2014,1,434930,5310605,3,1,47.94545303,-123.8713898,5/31/2014,6/14/2014,14,14,14,NA,NA,NA,NA,NA,NA,NA,NA,NA,NA,NA,NA,NA,NA,NA,NA,1,NA,0,0,0,NA,0,0,NA,NA,215.0980371,-0.056312714,0.076906634,0.398321749
456_295,456,NA,NA,1,1,2,2014,1,434930,5310605,3,2,47.94545303,-123.8713898,6/14/2014,6/28/2014,14,14,14,NA,NA,NA,NA,NA,NA,NA,NA,NA,NA,NA,NA,NA,NA,NA,NA,0,NA,0,0,0,NA,0,0,NA,NA,132.5369853,-0.632755432,0.076906634,0.398321749
456_295,456,NA,NA,1,1,3,2014,1,434930,5310605,3,3,47.94545303,-123.8713898,6/28/2014,7/12/2014,14,14,14,NA,NA,NA,NA,NA,NA,NA,NA,NA,NA,NA,NA,NA,NA,NA,NA,0,NA,0,0,0,NA,0,0,NA,NA,153.8500604,-0.483947167,0.076906634,0.398321749
458_292,458,NA,NA,1,1,1,2014,1,457227,5310144,1,1,47.94318279,-123.5727715,7/23/2014,8/7/2014,15,15,15,NA,NA,NA,NA,NA,NA,NA,NA,NA,NA,NA,NA,NA,NA,NA,NA,0,NA,0,0,0,NA,0,0,NA,NA,52.83669774,-1.189224244,0.416650783,0.645244774
458_292,458,NA,NA,1,1,2,2014,1,457227,5310144,1,2,47.94318279,-123.5727715,8/7/2014,8/21/2014,14,14,14,NA,NA,NA,NA,NA,NA,NA,NA,NA,NA,NA,NA,NA,NA,NA,NA,0,NA,0,0,0,NA,0,0,NA,NA,353.8529024,0.9124762,0.076906634,0.398321749
458_292,458,NA,NA,1,1,3,2014,1,457227,5310144,1,3,47.94318279,-123.5727715,8/21/2014,9/4/2014,14,14,14,NA,NA,NA,NA,NA,NA,NA,NA,NA,NA,NA,NA,NA,NA,NA,NA,0,NA,0,0,0,NA,0,0,NA,NA,37.99240193,-1.292867379,0.076906634,0.398321749
458_294,458,NA,NA,1,1,1,2014,1,456484,5310434,2,1,47.94574181,-123.5827498,7/23/2014,8/7/2014,15,15,15,NA,NA,NA,NA,NA,NA,NA,NA,NA,NA,NA,NA,NA,NA,NA,NA,0,NA,0,0,0,NA,0,0,NA,NA,52.83375348,-1.189244801,0.416650783,0.645244774
458_294,458,NA,NA,1,1,2,2014,1,456484,5310434,2,2,47.94574181,-123.5827498,8/7/2014,8/21/2014,14,14,14,NA,NA,NA,NA,NA,NA,NA,NA,NA,NA,NA,NA,NA,NA,NA,NA,0,NA,0,0,0,NA,0,0,NA,NA,353.8499188,0.912455369,0.076906634,0.398321749
458_294,458,NA,NA,1,1,3,2014,1,456484,5310434,2,3,47.94574181,-123.5827498,8/21/2014,9/4/2014,14,14,14,NA,NA,NA,NA,NA,NA,NA,NA,NA,NA,NA,NA,NA,NA,NA,NA,0,NA,0,1,0,NA,0,1,NA,NA,37.99096493,-1.292877412,0.076906634,0.398321749
458_298,458,NA,NA,1,1,1,2014,1,456348,5311310,3,1,47.95361375,-123.5846598,7/23/2014,8/7/2014,15,15,15,NA,NA,NA,NA,NA,NA,NA,NA,NA,NA,NA,NA,NA,NA,NA,NA,0,NA,0,0,0,NA,0,0,NA,NA,52.82521291,-1.189304432,0.416650783,0.645244774
458_298,458,NA,NA,1,1,2,2014,1,456348,5311310,3,2,47.95361375,-123.5846598,8/7/2014,8/21/2014,14,14,14,NA,NA,NA,NA,NA,NA,NA,NA,NA,NA,NA,NA,NA,NA,NA,NA,0,NA,0,0,0,NA,0,0,NA,NA,353.832477,0.91233359,0.076906634,0.398321749
458_298,458,NA,NA,1,1,3,2014,1,456348,5311310,3,3,47.95361375,-123.5846598,8/21/2014,9/4/2014,14,14,14,NA,NA,NA,NA,NA,NA,NA,NA,NA,NA,NA,NA,NA,NA,NA,NA,0,NA,0,0,0,NA,0,0,NA,NA,37.98640541,-1.292909247,0.076906634,0.398321749
462_301,462,NA,NA,1,1,1,2014,1,489873,5311611,1,1,47.95772991,-123.1356481,6/3/2014,6/17/2014,14,14,14,NA,NA,NA,NA,NA,NA,NA,NA,NA,NA,NA,NA,NA,NA,NA,NA,0,NA,0,0,0,NA,0,0,NA,NA,285.8513751,0.437688338,0.076906634,0.398321749
462_301,462,NA,NA,1,1,2,2014,1,489873,5311611,1,2,47.95772991,-123.1356481,6/17/2014,6/30/2014,13,13,13,NA,NA,NA,NA,NA,NA,NA,NA,NA,NA,NA,NA,NA,NA,NA,NA,0,NA,0,0,0,NA,0,0,NA,NA,61.9915752,-1.125304729,-0.262837516,0.151398724
462_301,462,NA,NA,1,1,3,2014,1,489873,5311611,1,3,47.95772991,-123.1356481,6/30/2014,7/15/2014,15,15,10,NA,NA,NA,NA,NA,NA,NA,NA,NA,NA,NA,NA,NA,NA,NA,NA,0,NA,0,1,0,NA,0,1,NA,NA,235.3170937,0.084857095,0.416650783,-0.58937035
462_291,462,NA,NA,1,1,1,2014,1,492095,5309977,2,1,47.9430597,-123.1058551,6/3/2014,6/17/2014,14,14,14,NA,NA,NA,NA,NA,NA,NA,NA,NA,NA,NA,NA,NA,NA,NA,NA,0,NA,0,0,0,NA,0,0,NA,NA,285.9245914,0.438199536,0.076906634,0.398321749
462_291,462,NA,NA,1,1,2,2014,1,492095,5309977,2,2,47.9430597,-123.1058551,6/17/2014,6/30/2014,13,13,13,NA,NA,NA,NA,NA,NA,NA,NA,NA,NA,NA,NA,NA,NA,NA,NA,0,NA,0,0,0,NA,0,0,NA,NA,62.00774211,-1.125191851,-0.262837516,0.151398724
462_291,462,NA,NA,1,1,3,2014,1,492095,5309977,2,3,47.9430597,-123.1058551,6/30/2014,7/15/2014,15,15,15,NA,NA,NA,NA,NA,NA,NA,NA,NA,NA,NA,NA,NA,NA,NA,NA,0,NA,0,0,0,NA,0,0,NA,NA,235.3739721,0.085254221,0.416650783,0.645244774
462_289,462,NA,NA,1,1,1,2014,1,493040,5309298,3,1,47.93696152,-123.0931897,6/3/2014,6/17/2014,14,14,14,NA,NA,NA,NA,NA,NA,NA,NA,NA,NA,NA,NA,NA,NA,NA,NA,0,NA,0,0,0,NA,0,0,NA,NA,285.9516652,0.438388566,0.076906634,0.398321749
462_289,462,NA,NA,1,1,2,2014,1,493040,5309298,3,2,47.93696152,-123.0931897,6/17/2014,6/30/2014,13,13,13,NA,NA,NA,NA,NA,NA,NA,NA,NA,NA,NA,NA,NA,NA,NA,NA,0,NA,0,0,0,NA,0,0,NA,NA,62.0165261,-1.125130521,-0.262837516,0.151398724
462_289,462,NA,NA,1,1,3,2014,1,493040,5309298,3,3,47.93696152,-123.0931897,6/30/2014,7/15/2014,15,15,15,NA,NA,NA,NA,NA,NA,NA,NA,NA,NA,NA,NA,NA,NA,NA,NA,0,NA,0,0,0,NA,0,0,NA,NA,235.40011,0.085436717,0.416650783,0.645244774
463_293,463,NA,NA,1,1,1,2014,1,501180,5310189,1,1,47.94501482,-122.9841981,6/2/2014,6/16/2014,14,6,14,NA,NA,NA,NA,NA,NA,NA,NA,NA,NA,NA,NA,NA,NA,NA,NA,0,NA,0,0,0,NA,0,0,NA,NA,267.2823349,0.308038973,-2.641046561,0.398321749
463_293,463,NA,NA,1,1,2,2014,1,501180,5310189,1,2,47.94501482,-122.9841981,6/16/2014,6/30/2014,14,14,8,NA,NA,NA,NA,NA,NA,NA,NA,NA,NA,NA,NA,NA,NA,NA,NA,0,NA,0,0,0,NA,0,0,NA,NA,78.68379966,-1.008759323,0.076906634,-1.0832164
463_293,463,NA,NA,1,1,3,2014,1,501180,5310189,1,3,47.94501482,-122.9841981,6/30/2014,7/15/2014,15,15,12,NA,NA,NA,NA,NA,NA,NA,NA,NA,NA,NA,NA,NA,NA,NA,NA,0,NA,0,0,0,NA,0,0,NA,NA,235.3642454,0.085186309,0.416650783,-0.0955243
463_288,463,NA,NA,1,1,1,2014,1,502166,5308743,2,1,47.93200217,-122.9710015,6/2/2014,6/16/2014,14,10,14,NA,NA,NA,NA,NA,NA,NA,NA,NA,NA,NA,NA,NA,NA,NA,NA,0,NA,0,0,0,NA,0,0,NA,NA,267.3399275,0.308441085,-1.282069964,0.398321749
463_288,463,NA,NA,1,1,2,2014,1,502166,5308743,2,2,47.93200217,-122.9710015,6/16/2014,6/30/2014,14,14,14,NA,NA,NA,NA,NA,NA,NA,NA,NA,NA,NA,NA,NA,NA,NA,NA,0,NA,0,0,0,NA,0,0,NA,NA,78.70191575,-1.008632837,0.076906634,0.398321749
463_288,463,NA,NA,1,1,3,2014,1,502166,5308743,2,3,47.93200217,-122.9710015,6/30/2014,7/15/2014,15,15,15,NA,NA,NA,NA,NA,NA,NA,NA,NA,NA,NA,NA,NA,NA,NA,NA,0,NA,0,0,0,NA,0,0,NA,NA,235.4198297,0.0855744,0.416650783,0.645244774
463_285,463,NA,NA,1,1,1,2014,1,501228,5307665,3,1,47.92230556,-122.9835625,6/2/2014,6/16/2014,14,14,14,NA,NA,NA,NA,NA,NA,NA,NA,NA,NA,NA,NA,NA,NA,NA,NA,0,NA,0,0,0,NA,0,0,NA,NA,267.386881,0.308768915,0.076906634,0.398321749
463_285,463,NA,NA,1,1,2,2014,1,501228,5307665,3,2,47.92230556,-122.9835625,6/16/2014,6/30/2014,14,14,14,NA,NA,NA,NA,NA,NA,NA,NA,NA,NA,NA,NA,NA,NA,NA,NA,0,NA,0,0,0,NA,0,0,NA,NA,78.71325913,-1.008553637,0.076906634,0.398321749
463_285,463,NA,NA,1,1,3,2014,1,501228,5307665,3,3,47.92230556,-122.9835625,6/30/2014,7/15/2014,15,15,15,NA,NA,NA,NA,NA,NA,NA,NA,NA,NA,NA,NA,NA,NA,NA,NA,0,NA,0,0,0,NA,0,0,NA,NA,235.457075,0.085834447,0.416650783,0.645244774
501_319,501,NA,NA,1,1,1,2014,1,379225,5317080,1,1,47.99560638,-124.6189502,9/25/2014,10/9/2014,14,14,3,NA,NA,NA,NA,NA,NA,NA,NA,NA,NA,NA,NA,NA,NA,NA,NA,1,NA,0,1,0,NA,0,1,NA,NA,280.0473554,0.397164571,0.076906634,-2.317831524
501_319,501,NA,NA,1,1,2,2014,1,379225,5317080,1,2,47.99560638,-124.6189502,10/9/2014,10/23/2014,14,14,3,NA,NA,NA,NA,NA,NA,NA,NA,NA,NA,NA,NA,NA,NA,NA,NA,0,NA,0,1,0,NA,0,1,NA,NA,282.1381335,0.41176242,0.076906634,-2.317831524
501_319,501,NA,NA,1,1,3,2014,1,379225,5317080,1,3,47.99560638,-124.6189502,10/23/2014,11/6/2014,14,10,1,NA,NA,NA,NA,NA,NA,NA,NA,NA,NA,NA,NA,NA,NA,NA,NA,0,NA,0,1,0,NA,0,1,NA,NA,241.2847762,0.12652356,-1.282069964,-2.811677574
501_309,501,NA,NA,1,1,1,2014,1,376509,5315484,2,1,47.98073405,-124.6548827,9/25/2014,10/9/2014,14,5,5,NA,NA,NA,NA,NA,NA,NA,NA,NA,NA,NA,NA,NA,NA,NA,NA,0,NA,0,0,0,NA,0,0,NA,NA,280.053652,0.397208534,-2.980790711,-1.823985474
501_309,501,NA,NA,1,1,2,2014,1,376509,5315484,2,2,47.98073405,-124.6548827,10/9/2014,10/23/2014,14,14,14,NA,NA,NA,NA,NA,NA,NA,NA,NA,NA,NA,NA,NA,NA,NA,NA,0,NA,0,0,0,NA,0,0,NA,NA,282.1031143,0.411517916,0.076906634,0.398321749
501_309,501,NA,NA,1,1,3,2014,1,376509,5315484,2,3,47.98073405,-124.6548827,10/23/2014,11/6/2014,14,14,13,NA,NA,NA,NA,NA,NA,NA,NA,NA,NA,NA,NA,NA,NA,NA,NA,0,NA,0,1,0,NA,0,1,NA,NA,241.2725785,0.126438395,0.076906634,0.151398724
501_331,501,NA,NA,1,1,1,2014,1,379120,5318767,3,1,48.0107587,-124.6208324,9/25/2014,10/9/2014,14,14,14,NA,NA,NA,NA,NA,NA,NA,NA,NA,NA,NA,NA,NA,NA,NA,NA,0,NA,1,0,0,NA,0,0,NA,NA,280.0504036,0.397185853,0.076906634,0.398321749
501_331,501,NA,NA,1,1,2,2014,1,379120,5318767,3,2,48.0107587,-124.6208324,10/9/2014,10/23/2014,14,14,14,NA,NA,NA,NA,NA,NA,NA,NA,NA,NA,NA,NA,NA,NA,NA,NA,0,NA,0,0,0,NA,0,0,NA,NA,282.1679277,0.411970444,0.076906634,0.398321749
501_331,501,NA,NA,1,1,3,2014,1,379120,5318767,3,3,48.0107587,-124.6208324,10/23/2014,11/6/2014,14,0,14,NA,NA,NA,NA,NA,NA,NA,NA,NA,NA,NA,NA,NA,NA,NA,NA,0,NA,0,0,0,NA,0,0,NA,NA,241.2992276,0.12662446,-4.679511457,0.398321749
504_332,504,NA,NA,1,1,1,2014,1,405920,5319079,1,1,48.01807292,-124.2616533,5/29/2014,6/12/2014,14,14,14,NA,NA,NA,NA,NA,NA,NA,NA,NA,NA,NA,NA,NA,NA,NA,NA,0,NA,0,0,0,NA,0,0,NA,NA,148.6887946,-0.519983215,0.076906634,0.398321749
504_332,504,NA,NA,1,1,2,2014,1,405920,5319079,1,2,48.01807292,-124.2616533,6/12/2014,6/26/2014,14,14,14,NA,NA,NA,NA,NA,NA,NA,NA,NA,NA,NA,NA,NA,NA,NA,NA,0,NA,0,0,0,NA,0,0,NA,NA,198.6723494,-0.170997155,0.076906634,0.398321749
504_332,504,NA,NA,1,1,3,2014,1,405920,5319079,1,3,48.01807292,-124.2616533,6/26/2014,7/10/2014,14,14,14,NA,NA,NA,NA,NA,NA,NA,NA,NA,NA,NA,NA,NA,NA,NA,NA,0,NA,0,0,0,NA,0,0,NA,NA,89.12982454,-0.935824994,0.076906634,0.398321749
504_328,504,NA,NA,1,1,1,2014,1,404636,5318423,2,1,48.01198188,-124.278722,5/29/2014,6/12/2014,14,14,14,NA,NA,NA,NA,NA,NA,NA,NA,NA,NA,NA,NA,NA,NA,NA,NA,1,NA,0,0,0,NA,0,0,NA,NA,148.7057073,-0.519865131,0.076906634,0.398321749
504_328,504,NA,NA,1,1,2,2014,1,404636,5318423,2,2,48.01198188,-124.278722,6/12/2014,6/26/2014,14,14,14,NA,NA,NA,NA,NA,NA,NA,NA,NA,NA,NA,NA,NA,NA,NA,NA,0,NA,0,1,0,NA,0,1,NA,NA,198.6912246,-0.170865368,0.076906634,0.398321749
504_328,504,NA,NA,1,1,3,2014,1,404636,5318423,2,3,48.01198188,-124.278722,6/26/2014,7/10/2014,14,14,14,NA,NA,NA,NA,NA,NA,NA,NA,NA,NA,NA,NA,NA,NA,NA,NA,0,NA,0,1,0,NA,0,1,NA,NA,89.13980174,-0.935755333,0.076906634,0.398321749
504_330,504,NA,NA,1,1,1,2014,1,403656,5318476,3,1,48.0123116,-124.2918711,5/29/2014,6/12/2014,14,14,14,NA,NA,NA,NA,NA,NA,NA,NA,NA,NA,NA,NA,NA,NA,NA,NA,0,NA,0,0,0,NA,0,0,NA,NA,148.7039677,-0.519877276,0.076906634,0.398321749
504_330,504,NA,NA,1,1,2,2014,1,403656,5318476,3,2,48.0123116,-124.2918711,6/12/2014,6/26/2014,14,14,7,NA,NA,NA,NA,NA,NA,NA,NA,NA,NA,NA,NA,NA,NA,NA,NA,0,NA,0,0,0,NA,0,0,NA,NA,198.6907029,-0.170869011,0.076906634,-1.330139425
504_134,504,NA,NA,1,1,1,2014,1,403960,5319031,3,3,48.01734953,-124.2879202,6/26/2014,7/10/2014,14,14,14,NA,NA,NA,NA,NA,NA,NA,NA,NA,NA,NA,NA,NA,NA,NA,NA,0,NA,0,0,0,NA,1,0,NA,NA,89.13040378,-0.935820949,0.076906634,0.398321749
505_307,505,NA,NA,1,1,1,2014,1,414142,5315337,1,1,47.98557015,-124.150668,5/28/2014,6/11/2014,14,14,14,NA,NA,NA,NA,NA,NA,NA,NA,NA,NA,NA,NA,NA,NA,NA,NA,0,NA,0,0,0,NA,0,0,NA,NA,116.6981702,-0.743342319,0.076906634,0.398321749
505_307,505,NA,NA,1,1,2,2014,1,414142,5315337,1,2,47.98557015,-124.150668,6/11/2014,6/25/2014,14,14,14,NA,NA,NA,NA,NA,NA,NA,NA,NA,NA,NA,NA,NA,NA,NA,NA,1,NA,1,0,0,NA,0,0,NA,NA,230.8344503,0.0535592,0.076906634,0.398321749
505_307,505,NA,NA,1,1,3,2014,1,414142,5315337,1,3,47.98557015,-124.150668,6/25/2014,7/9/2014,14,14,14,NA,NA,NA,NA,NA,NA,NA,NA,NA,NA,NA,NA,NA,NA,NA,NA,0,NA,0,1,0,NA,0,1,NA,NA,64.86715955,-1.105227348,0.076906634,0.398321749
505_317,505,NA,NA,1,1,1,2014,1,412924,5316585,2,1,47.99663167,-124.1672413,5/28/2014,6/11/2014,14,14,14,NA,NA,NA,NA,NA,NA,NA,NA,NA,NA,NA,NA,NA,NA,NA,NA,1,NA,0,0,0,NA,0,0,NA,NA,116.6786796,-0.743478402,0.076906634,0.398321749
505_317,505,NA,NA,1,1,2,2014,1,412924,5316585,2,2,47.99663167,-124.1672413,6/11/2014,6/25/2014,14,14,14,NA,NA,NA,NA,NA,NA,NA,NA,NA,NA,NA,NA,NA,NA,NA,NA,0,NA,1,0,0,NA,0,0,NA,NA,230.7879178,0.053234309,0.076906634,0.398321749
505_317,505,NA,NA,1,1,3,2014,1,412924,5316585,2,3,47.99663167,-124.1672413,6/25/2014,7/9/2014,14,14,14,NA,NA,NA,NA,NA,NA,NA,NA,NA,NA,NA,NA,NA,NA,NA,NA,0,NA,0,0,0,NA,0,0,NA,NA,64.84984727,-1.105348223,0.076906634,0.398321749
505_333,505,NA,NA,1,1,1,2014,1,412455,5319260,3,1,48.02063,-124.1740729,5/28/2014,6/12/2014,15,15,15,NA,NA,NA,NA,NA,NA,NA,NA,NA,NA,NA,NA,NA,NA,NA,NA,1,NA,0,0,0,NA,0,0,NA,NA,138.7694812,-0.589240036,0.416650783,0.645244774
505_333,505,NA,NA,1,1,2,2014,1,412455,5319260,3,2,48.02063,-124.1740729,6/13/2014,6/26/2014,13,13,13,NA,NA,NA,NA,NA,NA,NA,NA,NA,NA,NA,NA,NA,NA,NA,NA,0,NA,0,0,0,NA,0,0,NA,NA,177.7398541,-0.317148206,-0.262837516,0.151398724
505_333,505,NA,NA,1,1,3,2014,1,412455,5319260,3,3,48.02063,-124.1740729,6/25/2014,7/9/2014,14,14,14,NA,NA,NA,NA,NA,NA,NA,NA,NA,NA,NA,NA,NA,NA,NA,NA,0,NA,0,0,0,NA,0,0,NA,NA,64.8131058,-1.105604752,0.076906634,0.398321749
507_318,507,NA,NA,1,1,1,2014,1,429962,5316605,1,1,47.99890517,-123.9388882,9/20/2014,10/5/2014,15,15,15,NA,NA,NA,NA,NA,NA,NA,NA,NA,NA,NA,NA,NA,NA,NA,NA,0,NA,1,0,0,NA,0,0,NA,NA,84.72209669,-0.966599827,0.416650783,0.645244774
507_318,507,NA,NA,1,1,2,2014,1,429962,5316605,1,2,47.99890517,-123.9388882,10/5/2014,10/19/2014,14,14,14,NA,NA,NA,NA,NA,NA,NA,NA,NA,NA,NA,NA,NA,NA,NA,NA,0,NA,0,0,0,NA,0,0,NA,NA,468.6139856,1.713740105,0.076906634,0.398321749
507_318,507,NA,NA,1,1,3,2014,1,429962,5316605,1,3,47.99890517,-123.9388882,10/19/2014,11/2/2014,14,14,14,NA,NA,NA,NA,NA,NA,NA,NA,NA,NA,NA,NA,NA,NA,NA,NA,0,NA,0,0,0,NA,0,0,NA,NA,66.5979458,-1.093142968,0.076906634,0.398321749
507_322,507,NA,NA,1,1,1,2014,1,432847,5317431,2,1,48.00664549,-123.900348,9/20/2014,10/5/2014,15,15,15,NA,NA,NA,NA,NA,NA,NA,NA,NA,NA,NA,NA,NA,NA,NA,NA,0,NA,0,1,0,NA,0,1,NA,NA,84.71542217,-0.966646429,0.416650783,0.645244774
507_322,507,NA,NA,1,1,2,2014,1,432847,5317431,2,2,48.00664549,-123.900348,10/5/2014,10/19/2014,14,14,14,NA,NA,NA,NA,NA,NA,NA,NA,NA,NA,NA,NA,NA,NA,NA,NA,0,NA,0,0,0,NA,0,0,NA,NA,468.6379774,1.713907616,0.076906634,0.398321749
507_322,507,NA,NA,1,1,3,2014,1,432847,5317431,2,3,48.00664549,-123.900348,10/19/2014,11/2/2014,14,14,14,NA,NA,NA,NA,NA,NA,NA,NA,NA,NA,NA,NA,NA,NA,NA,NA,0,NA,0,0,0,NA,0,0,NA,NA,66.59776402,-1.093144237,0.076906634,0.398321749
507_334,507,NA,NA,1,1,1,2014,1,431204,5319277,3,1,48.02307736,-123.9226697,9/20/2014,10/5/2014,15,15,15,NA,NA,NA,NA,NA,NA,NA,NA,NA,NA,NA,NA,NA,NA,NA,NA,0,NA,0,0,0,NA,0,0,NA,NA,84.71090541,-0.966677965,0.416650783,0.645244774
507_334,507,NA,NA,1,1,2,2014,1,431204,5319277,3,2,48.02307736,-123.9226697,10/5/2014,10/19/2014,14,14,14,NA,NA,NA,NA,NA,NA,NA,NA,NA,NA,NA,NA,NA,NA,NA,NA,0,NA,0,0,0,NA,0,0,NA,NA,468.6755178,1.714169724,0.076906634,0.398321749
507_334,507,NA,NA,1,1,3,2014,1,431204,5319277,3,3,48.02307736,-123.9226697,10/19/2014,11/2/2014,14,14,14,NA,NA,NA,NA,NA,NA,NA,NA,NA,NA,NA,NA,NA,NA,NA,NA,0,NA,0,0,0,NA,0,0,NA,NA,66.600357,-1.093126133,0.076906634,0.398321749
508_324,508,NA,NA,1,1,1,2014,1,438322,5317540,1,1,48.00817792,-123.8269664,6/1/2014,6/15/2014,14,14,14,NA,NA,NA,NA,NA,NA,NA,NA,NA,NA,NA,NA,NA,NA,NA,NA,0,NA,0,0,0,NA,0,0,NA,NA,243.2626258,0.14033294,0.076906634,0.398321749
508_324,508,NA,NA,1,1,2,2014,1,438322,5317540,1,2,48.00817792,-123.8269664,6/15/2014,6/29/2014,14,14,1,NA,NA,NA,NA,NA,NA,NA,NA,NA,NA,NA,NA,NA,NA,NA,NA,0,NA,0,0,0,NA,0,0,NA,NA,103.4690676,-0.835708146,0.076906634,-2.811677574
508_324,508,NA,NA,1,1,3,2014,1,438322,5317540,1,3,48.00817792,-123.8269664,6/29/2014,7/14/2014,15,15,15,NA,NA,NA,NA,NA,NA,NA,NA,NA,NA,NA,NA,NA,NA,NA,NA,0,NA,0,0,0,NA,0,0,NA,NA,207.2879403,-0.110842948,0.416650783,0.645244774
508_321,508,NA,NA,1,1,1,2014,1,439495,5317398,2,1,48.00701258,-123.8112206,6/1/2014,6/15/2014,14,14,14,NA,NA,NA,NA,NA,NA,NA,NA,NA,NA,NA,NA,NA,NA,NA,NA,0,NA,0,0,0,NA,0,0,NA,NA,243.2643196,0.140344767,0.076906634,0.398321749
508_321,508,NA,NA,1,1,2,2014,1,439495,5317398,2,2,48.00701258,-123.8112206,6/15/2014,6/29/2014,14,14,1,NA,NA,NA,NA,NA,NA,NA,NA,NA,NA,NA,NA,NA,NA,NA,NA,0,NA,0,0,0,NA,0,0,NA,NA,103.4734492,-0.835677554,0.076906634,-2.811677574
508_321,508,NA,NA,1,1,3,2014,1,439495,5317398,2,3,48.00701258,-123.8112206,6/29/2014,7/14/2014,15,15,5,NA,NA,NA,NA,NA,NA,NA,NA,NA,NA,NA,NA,NA,NA,NA,NA,0,NA,0,0,0,NA,0,0,NA,NA,207.2926925,-0.110809768,0.416650783,-1.823985474
508_326,508,NA,NA,1,1,1,2014,1,440099,5318097,3,1,48.01335788,-123.803221,6/1/2014,6/15/2014,14,14,11,NA,NA,NA,NA,NA,NA,NA,NA,NA,NA,NA,NA,NA,NA,NA,NA,0,NA,0,0,0,NA,0,0,NA,NA,243.2405219,0.140178611,0.076906634,-0.342447325
508_326,508,NA,NA,1,1,2,2014,1,440099,5318097,3,2,48.01335788,-123.803221,6/15/2014,6/29/2014,14,14,12,NA,NA,NA,NA,NA,NA,NA,NA,NA,NA,NA,NA,NA,NA,NA,NA,0,NA,0,0,0,NA,0,0,NA,NA,103.4597144,-0.83577345,0.076906634,-0.0955243
508_326,508,NA,NA,1,1,3,2014,1,440099,5318097,3,3,48.01335788,-123.803221,6/29/2014,7/14/2014,15,15,5,NA,NA,NA,NA,NA,NA,NA,NA,NA,NA,NA,NA,NA,NA,NA,NA,0,NA,0,0,0,NA,0,0,NA,NA,207.2660109,-0.110996059,0.416650783,-1.823985474
510_313,510,NA,NA,1,1,1,2014,1,458749,5316291,1,1,47.99858603,-123.5529816,7/30/2014,8/13/2014,14,14,14,NA,NA,NA,NA,NA,NA,NA,NA,NA,NA,NA,NA,NA,NA,NA,NA,0,NA,0,0,0,NA,0,0,NA,NA,266.7809752,0.30453847,0.076906634,0.398321749
510_313,510,NA,NA,1,1,2,2014,1,458749,5316291,1,2,47.99858603,-123.5529816,8/13/2014,8/27/2014,14,14,14,NA,NA,NA,NA,NA,NA,NA,NA,NA,NA,NA,NA,NA,NA,NA,NA,0,NA,0,0,0,NA,0,0,NA,NA,145.1276325,-0.544847312,0.076906634,0.398321749
510_313,510,NA,NA,1,1,3,2014,1,458749,5316291,1,3,47.99858603,-123.5529816,8/27/2014,9/10/2014,14,14,14,NA,NA,NA,NA,NA,NA,NA,NA,NA,NA,NA,NA,NA,NA,NA,NA,0,NA,0,0,0,NA,0,0,NA,NA,252.9753947,0.208147664,0.076906634,0.398321749
510_315,510,NA,NA,1,1,1,2014,1,457249,5316362,2,1,47.99912625,-123.5730956,7/30/2014,8/13/2014,14,14,14,NA,NA,NA,NA,NA,NA,NA,NA,NA,NA,NA,NA,NA,NA,NA,NA,1,NA,0,0,0,NA,0,0,NA,NA,266.7805326,0.30453538,0.076906634,0.398321749
510_315,510,NA,NA,1,1,2,2014,1,457249,5316362,2,2,47.99912625,-123.5730956,8/13/2014,8/27/2014,14,14,14,NA,NA,NA,NA,NA,NA,NA,NA,NA,NA,NA,NA,NA,NA,NA,NA,0,NA,0,0,0,NA,0,0,NA,NA,145.1275615,-0.544847808,0.076906634,0.398321749
510_315,510,NA,NA,1,1,3,2014,1,457249,5316362,2,3,47.99912625,-123.5730956,8/27/2014,9/10/2014,14,14,14,NA,NA,NA,NA,NA,NA,NA,NA,NA,NA,NA,NA,NA,NA,NA,NA,0,NA,0,0,0,NA,0,0,NA,NA,252.9742236,0.208139487,0.076906634,0.398321749
510_320,510,NA,NA,1,1,1,2014,1,456511,5317130,3,1,48.00598595,-123.5830661,7/30/2014,8/13/2014,14,14,14,NA,NA,NA,NA,NA,NA,NA,NA,NA,NA,NA,NA,NA,NA,NA,NA,0,NA,0,0,0,NA,0,0,NA,NA,266.7605555,0.3043959,0.076906634,0.398321749
510_320,510,NA,NA,1,1,2,2014,1,456511,5317130,3,2,48.00598595,-123.5830661,8/13/2014,8/27/2014,14,7,1,NA,NA,NA,NA,NA,NA,NA,NA,NA,NA,NA,NA,NA,NA,NA,NA,0,NA,0,0,0,NA,0,0,NA,NA,145.1259736,-0.544858894,-2.301302412,-2.811677574
510_133,510,NA,NA,1,1,1,2014,1,456631,5317516,3,3,48.00946683,-123.5814964,8/27/2014,9/10/2014,14,14,14,NA,NA,NA,NA,NA,NA,NA,NA,NA,NA,NA,NA,NA,NA,NA,NA,0,NA,0,0,1,NA,1,1,NA,NA,252.9593001,0.208035291,0.076906634,0.398321749
512_314,512,NA,NA,1,1,1,2014,1,478822,5316320,1,1,47.99982711,-123.2839037,9/24/2014,10/8/2014,14,14,14,NA,NA,NA,NA,NA,NA,NA,NA,NA,NA,NA,NA,NA,NA,NA,NA,0,NA,0,0,0,NA,0,0,NA,NA,226.1906387,0.021136026,0.076906634,0.398321749
512_314,512,NA,NA,1,1,2,2014,1,478822,5316320,1,2,47.99982711,-123.2839037,10/8/2014,10/22/2014,14,14,14,NA,NA,NA,NA,NA,NA,NA,NA,NA,NA,NA,NA,NA,NA,NA,NA,0,NA,0,1,0,NA,0,1,NA,NA,335.9506864,0.787482613,0.076906634,0.398321749
512_314,512,NA,NA,1,1,3,2014,1,478822,5316320,1,3,47.99982711,-123.2839037,10/22/2014,11/5/2014,14,14,14,NA,NA,NA,NA,NA,NA,NA,NA,NA,NA,NA,NA,NA,NA,NA,NA,0,NA,0,0,0,NA,0,0,NA,NA,183.4191037,-0.277495585,0.076906634,0.398321749
512_311,512,NA,NA,1,1,1,2014,1,477486,5316089,2,1,47.99770313,-123.3018012,9/24/2014,10/8/2014,14,14,14,NA,NA,NA,NA,NA,NA,NA,NA,NA,NA,NA,NA,NA,NA,NA,NA,0,NA,0,1,0,NA,0,1,NA,NA,226.1923217,0.021147776,0.076906634,0.398321749
512_311,512,NA,NA,1,1,2,2014,1,477486,5316089,2,2,47.99770313,-123.3018012,10/8/2014,10/22/2014,14,14,14,NA,NA,NA,NA,NA,NA,NA,NA,NA,NA,NA,NA,NA,NA,NA,NA,0,NA,0,0,0,NA,0,0,NA,NA,335.9418688,0.787421048,0.076906634,0.398321749
512_311,512,NA,NA,1,1,3,2014,1,477486,5316089,2,3,47.99770313,-123.3018012,10/22/2014,11/5/2014,14,14,14,NA,NA,NA,NA,NA,NA,NA,NA,NA,NA,NA,NA,NA,NA,NA,NA,1,NA,0,0,0,NA,0,0,NA,NA,183.418646,-0.277498781,0.076906634,0.398321749
512_310,512,NA,NA,1,1,1,2014,1,475557,5315746,3,1,47.99454629,-123.3276396,9/24/2014,10/8/2014,14,14,14,NA,NA,NA,NA,NA,NA,NA,NA,NA,NA,NA,NA,NA,NA,NA,NA,0,NA,0,0,0,NA,0,0,NA,NA,226.1923768,0.021148161,0.076906634,0.398321749
512_310,512,NA,NA,1,1,2,2014,1,475557,5315746,3,2,47.99454629,-123.3276396,10/8/2014,10/22/2014,14,14,14,NA,NA,NA,NA,NA,NA,NA,NA,NA,NA,NA,NA,NA,NA,NA,NA,0,NA,0,0,0,NA,0,0,NA,NA,335.9328683,0.787358206,0.076906634,0.398321749
512_310,512,NA,NA,1,1,3,2014,1,475557,5315746,3,3,47.99454629,-123.3276396,10/22/2014,11/5/2014,14,0,14,NA,NA,NA,NA,NA,NA,NA,NA,NA,NA,NA,NA,NA,NA,NA,NA,0,NA,0,0,0,NA,0,0,NA,NA,183.4201749,-0.277488106,-4.679511457,0.398321749
513_303,513,NA,NA,1,1,1,2014,1,487569,5314722,1,1,47.98567959,-123.1665994,9/17/2014,10/1/2014,14,0,14,NA,NA,NA,NA,NA,NA,NA,NA,NA,NA,NA,NA,NA,NA,NA,NA,0,NA,0,0,0,NA,0,0,NA,NA,33.25720627,-1.325928599,-4.679511457,0.398321749
513_303,513,NA,NA,1,1,2,2014,1,487569,5314722,1,2,47.98567959,-123.1665994,10/1/2014,10/15/2014,14,14,14,NA,NA,NA,NA,NA,NA,NA,NA,NA,NA,NA,NA,NA,NA,NA,NA,0,NA,0,0,0,NA,0,0,NA,NA,499.5412485,1.9296748,0.076906634,0.398321749
513_303,513,NA,NA,1,1,3,2014,1,487569,5314722,1,3,47.98567959,-123.1665994,10/15/2014,10/29/2014,14,14,13,NA,NA,NA,NA,NA,NA,NA,NA,NA,NA,NA,NA,NA,NA,NA,NA,0,NA,0,0,0,NA,0,0,NA,NA,56.38728133,-1.164434007,0.076906634,0.151398724
513_303,513,NA,NA,1,1,4,2014,1,487569,5314722,1,4,47.98567959,-123.1665994,10/29/2014,11/12/2014,14,14,14,NA,NA,NA,NA,NA,NA,NA,NA,NA,NA,NA,NA,NA,NA,NA,NA,0,NA,0,1,1,NA,0,1,NA,NA,534.1709137,2.171459732,0.076906634,0.398321749
513_304,513,NA,NA,1,1,1,2014,1,485469,5314998,2,1,47.98811854,-123.1947526,9/17/2014,10/1/2014,14,14,14,NA,NA,NA,NA,NA,NA,NA,NA,NA,NA,NA,NA,NA,NA,NA,NA,0,NA,0,0,1,NA,0,1,NA,NA,33.25614026,-1.325936042,0.076906634,0.398321749
513_304,513,NA,NA,1,1,2,2014,1,485469,5314998,2,2,47.98811854,-123.1947526,10/1/2014,10/15/2014,14,0,14,NA,NA,NA,NA,NA,NA,NA,NA,NA,NA,NA,NA,NA,NA,NA,NA,0,NA,0,0,1,NA,0,1,NA,NA,499.5483852,1.929724628,-4.679511457,0.398321749
513_304,513,NA,NA,1,1,3,2014,1,485469,5314998,2,3,47.98811854,-123.1947526,10/15/2014,10/29/2014,14,0,0,NA,NA,NA,NA,NA,NA,NA,NA,NA,NA,NA,NA,NA,NA,NA,NA,0,NA,0,0,1,NA,0,1,NA,NA,56.38686842,-1.16443689,-4.679511457,-3.058600599
513_304,513,NA,NA,1,1,4,2014,1,485469,5314998,2,4,47.98811854,-123.1947526,10/29/2014,11/12/2014,14,14,2,NA,NA,NA,NA,NA,NA,NA,NA,NA,NA,NA,NA,NA,NA,NA,NA,0,NA,0,1,1,NA,0,1,NA,NA,534.1758122,2.171493934,0.076906634,-2.564754549
513_325,513,NA,NA,1,1,1,2014,1,488983,5318039,3,1,48.01554908,-123.1477343,9/17/2014,10/1/2014,14,14,14,NA,NA,NA,NA,NA,NA,NA,NA,NA,NA,NA,NA,NA,NA,NA,NA,0,NA,0,0,1,NA,0,1,NA,NA,33.25758385,-1.325925963,0.076906634,0.398321749
513_325,513,NA,NA,1,1,2,2014,1,488983,5318039,3,2,48.01554908,-123.1477343,10/1/2014,10/15/2014,14,14,14,NA,NA,NA,NA,NA,NA,NA,NA,NA,NA,NA,NA,NA,NA,NA,NA,0,NA,0,0,0,NA,0,0,NA,NA,499.5902955,1.930017247,0.076906634,0.398321749
513_325,513,NA,NA,1,1,3,2014,1,488983,5318039,3,3,48.01554908,-123.1477343,10/15/2014,10/29/2014,14,14,14,NA,NA,NA,NA,NA,NA,NA,NA,NA,NA,NA,NA,NA,NA,NA,NA,0,NA,0,1,0,NA,0,1,NA,NA,56.40303604,-1.164324008,0.076906634,0.398321749
513_325,513,NA,NA,1,1,4,2014,1,488983,5318039,3,4,48.01554908,-123.1477343,10/29/2014,11/12/2014,14,14,14,NA,NA,NA,NA,NA,NA,NA,NA,NA,NA,NA,NA,NA,NA,NA,NA,1,NA,0,0,0,NA,0,0,NA,NA,534.2734503,2.172175645,0.076906634,0.398321749
514_312,514,NA,NA,1,1,1,2014,1,494371,5316261,1,1,47.99962231,-123.0754598,9/23/2014,10/7/2014,14,14,14,NA,NA,NA,NA,NA,NA,NA,NA,NA,NA,NA,NA,NA,NA,NA,NA,0,NA,1,1,0,NA,0,1,NA,NA,173.186458,-0.348940098,0.076906634,0.398321749
514_312,514,NA,NA,1,1,2,2014,1,494371,5316261,1,2,47.99962231,-123.0754598,10/7/2014,10/21/2014,14,14,14,NA,NA,NA,NA,NA,NA,NA,NA,NA,NA,NA,NA,NA,NA,NA,NA,0,NA,0,1,0,NA,0,1,NA,NA,388.4125761,1.153772451,0.076906634,0.398321749
514_312,514,NA,NA,1,1,3,2014,1,494371,5316261,1,3,47.99962231,-123.0754598,10/21/2014,11/4/2014,14,14,14,NA,NA,NA,NA,NA,NA,NA,NA,NA,NA,NA,NA,NA,NA,NA,NA,1,NA,0,1,0,NA,0,1,NA,NA,134.3587175,-0.620036066,0.076906634,0.398321749
514_305,514,NA,NA,1,1,1,2014,1,497348,5315017,2,1,47.98844908,-123.0355438,9/23/2014,10/7/2014,14,14,14,NA,NA,NA,NA,NA,NA,NA,NA,NA,NA,NA,NA,NA,NA,NA,NA,0,NA,0,0,0,NA,0,0,NA,NA,173.1854378,-0.348947221,0.076906634,0.398321749
514_305,514,NA,NA,1,1,2,2014,1,497348,5315017,2,2,47.98844908,-123.0355438,10/7/2014,10/21/2014,14,14,14,NA,NA,NA,NA,NA,NA,NA,NA,NA,NA,NA,NA,NA,NA,NA,NA,0,NA,0,0,0,NA,0,0,NA,NA,388.3897975,1.15361341,0.076906634,0.398321749
514_305,514,NA,NA,1,1,3,2014,1,497348,5315017,2,3,47.98844908,-123.0355438,10/21/2014,11/4/2014,14,14,14,NA,NA,NA,NA,NA,NA,NA,NA,NA,NA,NA,NA,NA,NA,NA,NA,0,NA,0,0,0,NA,0,0,NA,NA,134.352458,-0.62007977,0.076906634,0.398321749
514_308,514,NA,NA,1,1,1,2014,1,495063,5315352,3,1,47.99144958,-123.0661727,9/23/2014,10/7/2014,14,14,14,NA,NA,NA,NA,NA,NA,NA,NA,NA,NA,NA,NA,NA,NA,NA,NA,0,NA,0,0,0,NA,0,0,NA,NA,173.1873278,-0.348934025,0.076906634,0.398321749
514_308,514,NA,NA,1,1,2,2014,1,495063,5315352,3,2,47.99144958,-123.0661727,10/7/2014,10/21/2014,14,14,14,NA,NA,NA,NA,NA,NA,NA,NA,NA,NA,NA,NA,NA,NA,NA,NA,0,NA,0,0,0,NA,0,0,NA,NA,388.3929321,1.153635296,0.076906634,0.398321749
514_308,514,NA,NA,1,1,3,2014,1,495063,5315352,3,3,47.99144958,-123.0661727,10/21/2014,11/4/2014,14,14,14,NA,NA,NA,NA,NA,NA,NA,NA,NA,NA,NA,NA,NA,NA,NA,NA,0,NA,0,0,0,NA,0,0,NA,NA,134.3546658,-0.620064355,0.076906634,0.398321749
515_323,515,NA,NA,1,1,1,2014,1,505407,5317435,1,1,48.0101869,-122.9275015,9/22/2014,10/7/2014,15,15,15,NA,NA,NA,NA,NA,NA,NA,NA,NA,NA,NA,NA,NA,NA,NA,NA,1,NA,0,1,0,NA,0,1,NA,NA,161.7557065,-0.428749806,0.416650783,0.645244774
515_323,515,NA,NA,1,1,2,2014,1,505407,5317435,1,2,48.0101869,-122.9275015,10/7/2014,10/21/2014,14,14,14,NA,NA,NA,NA,NA,NA,NA,NA,NA,NA,NA,NA,NA,NA,NA,NA,0,NA,0,1,0,NA,0,1,NA,NA,388.4522415,1.154049395,0.076906634,0.398321749
515_323,515,NA,NA,1,1,3,2014,1,505407,5317435,1,3,48.0101869,-122.9275015,10/21/2014,11/4/2014,14,14,14,NA,NA,NA,NA,NA,NA,NA,NA,NA,NA,NA,NA,NA,NA,NA,NA,1,NA,0,1,0,NA,0,1,NA,NA,134.3559609,-0.620055313,0.076906634,0.398321749
515_316,515,NA,NA,1,1,1,2014,1,504728,5316442,2,1,48.0012581,-122.9366166,9/22/2014,10/7/2014,15,15,15,NA,NA,NA,NA,NA,NA,NA,NA,NA,NA,NA,NA,NA,NA,NA,NA,1,NA,0,0,0,NA,0,0,NA,NA,161.7587251,-0.42872873,0.416650783,0.645244774
515_316,515,NA,NA,1,1,2,2014,1,504728,5316442,2,2,48.0012581,-122.9366166,10/7/2014,10/21/2014,14,14,14,NA,NA,NA,NA,NA,NA,NA,NA,NA,NA,NA,NA,NA,NA,NA,NA,0,NA,0,0,0,NA,0,0,NA,NA,388.4284743,1.153883452,0.076906634,0.398321749
515_316,515,NA,NA,1,1,3,2014,1,504728,5316442,2,3,48.0012581,-122.9366166,10/21/2014,11/4/2014,14,14,14,NA,NA,NA,NA,NA,NA,NA,NA,NA,NA,NA,NA,NA,NA,NA,NA,0,NA,0,0,0,NA,0,0,NA,NA,134.3517439,-0.620084756,0.076906634,0.398321749
515_306,515,NA,NA,1,1,1,2014,1,503806,5315220,3,1,47.99026968,-122.9489877,9/22/2014,10/7/2014,15,15,15,NA,NA,NA,NA,NA,NA,NA,NA,NA,NA,NA,NA,NA,NA,NA,NA,0,NA,0,0,0,NA,0,0,NA,NA,161.7626676,-0.428701204,0.416650783,0.645244774
515_306,515,NA,NA,1,1,2,2014,1,503806,5315220,3,2,47.99026968,-122.9489877,10/7/2014,10/21/2014,14,14,14,NA,NA,NA,NA,NA,NA,NA,NA,NA,NA,NA,NA,NA,NA,NA,NA,0,NA,0,0,0,NA,0,0,NA,NA,388.4051823,1.153720827,0.076906634,0.398321749
515_306,515,NA,NA,1,1,3,2014,1,503806,5315220,3,3,47.99026968,-122.9489877,10/21/2014,11/4/2014,14,14,14,NA,NA,NA,NA,NA,NA,NA,NA,NA,NA,NA,NA,NA,NA,NA,NA,0,NA,0,0,0,NA,0,0,NA,NA,134.3492537,-0.620102143,0.076906634,0.398321749
516_329,516,NA,NA,1,1,1,2014,1,515680,5318475,1,1,48.01937439,-122.7897209,8/6/2014,8/20/2014,14,14,14,NA,NA,NA,NA,NA,NA,NA,NA,NA,NA,NA,NA,NA,NA,NA,NA,0,NA,0,0,0,NA,0,0,NA,NA,368.0985203,1.011939355,0.076906634,0.398321749
516_329,516,NA,NA,1,1,2,2014,1,515680,5318475,1,2,48.01937439,-122.7897209,8/20/2014,9/3/2014,14,14,14,NA,NA,NA,NA,NA,NA,NA,NA,NA,NA,NA,NA,NA,NA,NA,NA,0,NA,0,0,0,NA,0,0,NA,NA,28.09587624,-1.361965096,0.076906634,0.398321749
516_329,516,NA,NA,1,1,3,2014,1,515680,5318475,1,3,48.01937439,-122.7897209,9/3/2014,9/17/2014,14,14,14,NA,NA,NA,NA,NA,NA,NA,NA,NA,NA,NA,NA,NA,NA,NA,NA,0,NA,0,0,0,NA,0,0,NA,NA,440.4337518,1.516985216,0.076906634,0.398321749
516_335,516,NA,NA,1,1,1,2014,1,515506,5319286,2,1,48.02667528,-122.792025,8/6/2014,8/20/2014,14,14,14,NA,NA,NA,NA,NA,NA,NA,NA,NA,NA,NA,NA,NA,NA,NA,NA,0,NA,0,0,0,NA,0,0,NA,NA,368.0826133,1.011828292,0.076906634,0.398321749
516_335,516,NA,NA,1,1,2,2014,1,515506,5319286,2,2,48.02667528,-122.792025,8/20/2014,9/3/2014,14,14,14,NA,NA,NA,NA,NA,NA,NA,NA,NA,NA,NA,NA,NA,NA,NA,NA,0,NA,0,0,0,NA,0,0,NA,NA,28.09391798,-1.361978769,0.076906634,0.398321749
516_335,516,NA,NA,1,1,3,2014,1,515506,5319286,2,3,48.02667528,-122.792025,9/3/2014,9/17/2014,14,14,14,NA,NA,NA,NA,NA,NA,NA,NA,NA,NA,NA,NA,NA,NA,NA,NA,0,NA,0,0,0,NA,0,0,NA,NA,440.4338743,1.516986072,0.076906634,0.398321749
516_327,516,NA,NA,1,1,1,2014,1,514430,5318336,3,1,48.01815325,-122.8064888,8/6/2014,8/20/2014,14,14,14,NA,NA,NA,NA,NA,NA,NA,NA,NA,NA,NA,NA,NA,NA,NA,NA,0,NA,1,0,0,NA,0,0,NA,NA,368.1023485,1.011966084,0.076906634,0.398321749
516_327,516,NA,NA,1,1,2,2014,1,514430,5318336,3,2,48.01815325,-122.8064888,8/20/2014,9/3/2014,14,14,14,NA,NA,NA,NA,NA,NA,NA,NA,NA,NA,NA,NA,NA,NA,NA,NA,0,NA,0,0,0,NA,0,0,NA,NA,28.09651142,-1.361960661,0.076906634,0.398321749
516_327,516,NA,NA,1,1,3,2014,1,514430,5318336,3,3,48.01815325,-122.8064888,9/3/2014,9/17/2014,14,14,14,NA,NA,NA,NA,NA,NA,NA,NA,NA,NA,NA,NA,NA,NA,NA,NA,0,NA,1,0,0,NA,0,0,NA,NA,440.4333709,1.516982557,0.076906634,0.398321749
552_338,552,NA,NA,1,1,1,2014,1,382498,5323402,1,1,48.05307467,-124.5768277,6/9/2014,6/23/2014,14,14,14,NA,NA,NA,NA,NA,NA,NA,NA,NA,NA,NA,NA,NA,NA,NA,NA,1,NA,0,0,0,NA,0,0,NA,NA,278.3750858,0.385488755,0.076906634,0.398321749
552_338,552,NA,NA,1,1,2,2014,1,382498,5323402,1,2,48.05307467,-124.5768277,6/23/2014,7/7/2014,14,14,14,NA,NA,NA,NA,NA,NA,NA,NA,NA,NA,NA,NA,NA,NA,NA,NA,0,NA,0,0,0,NA,0,0,NA,NA,33.00486565,-1.327690446,0.076906634,0.398321749
552_338,552,NA,NA,1,1,3,2014,1,382498,5323402,1,3,48.05307467,-124.5768277,7/7/2014,7/21/2014,14,14,2,NA,NA,NA,NA,NA,NA,NA,NA,NA,NA,NA,NA,NA,NA,NA,NA,0,NA,0,0,0,NA,0,0,NA,NA,319.7680681,0.674495287,0.076906634,-2.564754549
552_350,552,NA,NA,1,1,1,2014,1,382292,5325863,2,1,48.0751701,-124.5802686,6/9/2014,6/23/2014,14,14,14,NA,NA,NA,NA,NA,NA,NA,NA,NA,NA,NA,NA,NA,NA,NA,NA,1,NA,0,0,0,NA,0,0,NA,NA,278.2660229,0.384727276,0.076906634,0.398321749
552_350,552,NA,NA,1,1,2,2014,1,382292,5325863,2,2,48.0751701,-124.5802686,6/23/2014,7/7/2014,14,14,9,NA,NA,NA,NA,NA,NA,NA,NA,NA,NA,NA,NA,NA,NA,NA,NA,0,NA,0,0,0,NA,0,0,NA,NA,32.98671804,-1.327817152,0.076906634,-0.836293375
552_350,552,NA,NA,1,1,3,2014,1,382292,5325863,2,3,48.0751701,-124.5802686,7/7/2014,7/21/2014,14,14,2,NA,NA,NA,NA,NA,NA,NA,NA,NA,NA,NA,NA,NA,NA,NA,NA,0,NA,0,0,0,NA,0,0,NA,NA,319.666258,0.673784447,0.076906634,-2.564754549
552_340,552,NA,NA,1,1,1,2014,1,380661,5324140,3,1,48.05937102,-124.6016755,6/9/2014,6/23/2014,14,14,14,NA,NA,NA,NA,NA,NA,NA,NA,NA,NA,NA,NA,NA,NA,NA,NA,1,NA,0,1,0,NA,0,1,NA,NA,278.3445035,0.385275229,0.076906634,0.398321749
552_340,552,NA,NA,1,1,2,2014,1,380661,5324140,3,2,48.05937102,-124.6016755,6/23/2014,7/7/2014,14,14,2,NA,NA,NA,NA,NA,NA,NA,NA,NA,NA,NA,NA,NA,NA,NA,NA,0,NA,0,0,0,NA,0,0,NA,NA,32.99978021,-1.327725952,0.076906634,-2.564754549
552_340,552,NA,NA,1,1,3,2014,1,380661,5324140,3,3,48.05937102,-124.6016755,7/7/2014,7/21/2014,14,14,14,NA,NA,NA,NA,NA,NA,NA,NA,NA,NA,NA,NA,NA,NA,NA,NA,0,NA,0,1,0,NA,0,1,NA,NA,319.7378392,0.674284228,0.076906634,0.398321749
554_345,554,NA,NA,1,1,1,2014,1,397706,5324394,1,1,48.06461653,-124.3730452,6/9/2014,6/23/2014,14,14,14,NA,NA,NA,NA,NA,NA,NA,NA,NA,NA,NA,NA,NA,NA,NA,NA,0,NA,1,0,0,NA,0,0,NA,NA,278.3198533,0.385103121,0.076906634,0.398321749
554_345,554,NA,NA,1,1,2,2014,1,397706,5324394,1,2,48.06461653,-124.3730452,6/23/2014,7/7/2014,14,14,14,NA,NA,NA,NA,NA,NA,NA,NA,NA,NA,NA,NA,NA,NA,NA,NA,1,NA,1,0,0,NA,0,0,NA,NA,32.99236301,-1.327777739,0.076906634,0.398321749
554_345,554,NA,NA,1,1,3,2014,1,397706,5324394,1,3,48.06461653,-124.3730452,7/7/2014,7/21/2014,14,14,14,NA,NA,NA,NA,NA,NA,NA,NA,NA,NA,NA,NA,NA,NA,NA,NA,0,NA,1,0,0,NA,0,0,NA,NA,319.7080888,0.67407651,0.076906634,0.398321749
554_348,554,NA,NA,1,1,1,2014,1,402221,5325203,2,1,48.07260138,-124.3126444,6/9/2014,6/23/2014,14,14,14,NA,NA,NA,NA,NA,NA,NA,NA,NA,NA,NA,NA,NA,NA,NA,NA,0,NA,0,1,0,NA,0,1,NA,NA,278.2817675,0.384837205,0.076906634,0.398321749
554_348,554,NA,NA,1,1,2,2014,1,402221,5325203,2,2,48.07260138,-124.3126444,6/23/2014,7/7/2014,14,14,14,NA,NA,NA,NA,NA,NA,NA,NA,NA,NA,NA,NA,NA,NA,NA,NA,0,NA,0,1,0,NA,0,1,NA,NA,32.98434752,-1.327833703,0.076906634,0.398321749
554_348,554,NA,NA,1,1,3,2014,1,402221,5325203,2,3,48.07260138,-124.3126444,7/7/2014,7/21/2014,14,14,14,NA,NA,NA,NA,NA,NA,NA,NA,NA,NA,NA,NA,NA,NA,NA,NA,0,NA,1,1,0,NA,0,1,NA,NA,319.6688144,0.673802295,0.076906634,0.398321749
554_351,554,NA,NA,1,1,1,2014,1,401436,5326321,3,1,48.08253656,-124.3234377,6/9/2014,6/23/2014,14,14,14,NA,NA,NA,NA,NA,NA,NA,NA,NA,NA,NA,NA,NA,NA,NA,NA,1,NA,1,0,0,NA,0,0,NA,NA,278.2337781,0.384502142,0.076906634,0.398321749
554_351,554,NA,NA,1,1,2,2014,1,401436,5326321,3,2,48.08253656,-124.3234377,6/23/2014,7/7/2014,14,14,14,NA,NA,NA,NA,NA,NA,NA,NA,NA,NA,NA,NA,NA,NA,NA,NA,0,NA,1,0,0,NA,0,0,NA,NA,32.97682319,-1.327886238,0.076906634,0.398321749
554_351,554,NA,NA,1,1,3,2014,1,401436,5326321,3,3,48.08253656,-124.3234377,7/7/2014,7/21/2014,14,14,14,NA,NA,NA,NA,NA,NA,NA,NA,NA,NA,NA,NA,NA,NA,NA,NA,0,NA,1,0,0,NA,0,0,NA,NA,319.6243563,0.673491888,0.076906634,0.398321749
555_353,555,NA,NA,1,1,1,2014,1,407563,5326939,1,1,48.08901339,-124.2413238,9/25/2014,10/9/2014,14,14,9,NA,NA,NA,NA,NA,NA,NA,NA,NA,NA,NA,NA,NA,NA,NA,NA,0,NA,0,1,0,NA,0,1,NA,NA,280.0072056,0.396884244,0.076906634,-0.836293375
555_353,555,NA,NA,1,1,2,2014,1,407563,5326939,1,2,48.08901339,-124.2413238,10/9/2014,10/23/2014,14,14,14,NA,NA,NA,NA,NA,NA,NA,NA,NA,NA,NA,NA,NA,NA,NA,NA,0,NA,0,1,0,NA,0,1,NA,NA,282.3634262,0.413335418,0.076906634,0.398321749
555_353,555,NA,NA,1,1,3,2014,1,407563,5326939,1,3,48.08901339,-124.2413238,10/23/2014,11/6/2014,14,14,10,NA,NA,NA,NA,NA,NA,NA,NA,NA,NA,NA,NA,NA,NA,NA,NA,0,NA,0,1,0,NA,0,1,NA,NA,241.3492209,0.126973514,0.076906634,-0.58937035
555_347,555,NA,NA,1,1,1,2014,1,406855,5324929,2,1,48.07083052,-124.2503908,9/25/2014,10/9/2014,14,14,8,NA,NA,NA,NA,NA,NA,NA,NA,NA,NA,NA,NA,NA,NA,NA,NA,1,NA,1,1,0,NA,0,1,NA,NA,280.0088629,0.396895815,0.076906634,-1.0832164
555_347,555,NA,NA,1,1,2,2014,1,406855,5324929,2,2,48.07083052,-124.2503908,10/9/2014,10/23/2014,14,11,11,NA,NA,NA,NA,NA,NA,NA,NA,NA,NA,NA,NA,NA,NA,NA,NA,1,NA,1,0,0,NA,0,0,NA,NA,282.3250406,0.413067409,-0.942325815,-0.342447325
555_347,555,NA,NA,1,1,3,2014,1,406855,5324929,2,3,48.07083052,-124.2503908,10/23/2014,11/6/2014,14,14,14,NA,NA,NA,NA,NA,NA,NA,NA,NA,NA,NA,NA,NA,NA,NA,NA,1,NA,1,1,0,NA,0,1,NA,NA,241.3295932,0.126836473,0.076906634,0.398321749
555_339,555,NA,NA,1,1,1,2014,1,409590,5323829,3,1,48.06132958,-124.2134518,9/25/2014,10/9/2014,14,14,14,NA,NA,NA,NA,NA,NA,NA,NA,NA,NA,NA,NA,NA,NA,NA,NA,0,NA,0,0,0,NA,0,0,NA,NA,280.0032416,0.396856567,0.076906634,0.398321749
555_339,555,NA,NA,1,1,2,2014,1,409590,5323829,3,2,48.06132958,-124.2134518,10/9/2014,10/23/2014,14,14,14,NA,NA,NA,NA,NA,NA,NA,NA,NA,NA,NA,NA,NA,NA,NA,NA,0,NA,1,0,0,NA,0,0,NA,NA,282.3112616,0.412971204,0.076906634,0.398321749
555_339,555,NA,NA,1,1,3,2014,1,409590,5323829,3,3,48.06132958,-124.2134518,10/23/2014,11/6/2014,14,14,14,NA,NA,NA,NA,NA,NA,NA,NA,NA,NA,NA,NA,NA,NA,NA,NA,0,NA,1,0,0,NA,0,0,NA,NA,241.3184229,0.126758482,0.076906634,0.398321749
558_342,558,NA,NA,1,1,1,2014,1,434613,5324209,1,1,48.067804,-123.8777085,5/27/2014,6/11/2014,15,15,15,NA,NA,NA,NA,NA,NA,NA,NA,NA,NA,NA,NA,NA,NA,NA,NA,0,NA,0,0,0,NA,0,0,NA,NA,108.7584286,-0.798777734,0.416650783,0.645244774
558_342,558,NA,NA,1,1,2,2014,1,434613,5324209,1,2,48.067804,-123.8777085,6/11/2014,6/25/2014,14,14,14,NA,NA,NA,NA,NA,NA,NA,NA,NA,NA,NA,NA,NA,NA,NA,NA,0,NA,0,0,0,NA,0,0,NA,NA,230.5147413,0.051326986,0.076906634,0.398321749
558_342,558,NA,NA,1,1,3,2014,1,434613,5324209,1,3,48.067804,-123.8777085,6/25/2014,7/9/2014,14,14,14,NA,NA,NA,NA,NA,NA,NA,NA,NA,NA,NA,NA,NA,NA,NA,NA,0,NA,0,0,0,NA,0,0,NA,NA,64.73914057,-1.106121179,0.076906634,0.398321749
558_341,558,NA,NA,1,1,1,2014,1,435927,5324165,2,1,48.06754154,-123.8600658,5/27/2014,6/11/2014,15,15,15,NA,NA,NA,NA,NA,NA,NA,NA,NA,NA,NA,NA,NA,NA,NA,NA,0,NA,0,0,0,NA,0,0,NA,NA,108.7584124,-0.798777847,0.416650783,0.645244774
558_341,558,NA,NA,1,1,2,2014,1,435927,5324165,2,2,48.06754154,-123.8600658,6/11/2014,6/25/2014,14,14,14,NA,NA,NA,NA,NA,NA,NA,NA,NA,NA,NA,NA,NA,NA,NA,NA,0,NA,0,0,0,NA,0,0,NA,NA,230.514242,0.0513235,0.076906634,0.398321749
558_341,558,NA,NA,1,1,3,2014,1,435927,5324165,2,3,48.06754154,-123.8600658,6/25/2014,7/9/2014,14,14,14,NA,NA,NA,NA,NA,NA,NA,NA,NA,NA,NA,NA,NA,NA,NA,NA,0,NA,0,0,0,NA,0,0,NA,NA,64.73789308,-1.106129889,0.076906634,0.398321749
558_344,558,NA,NA,1,1,1,2014,1,438389,5324247,3,1,48.06852183,-123.8270333,5/27/2014,6/11/2014,15,15,15,NA,NA,NA,NA,NA,NA,NA,NA,NA,NA,NA,NA,NA,NA,NA,NA,0,NA,0,0,0,NA,0,0,NA,NA,108.7555344,-0.798797942,0.416650783,0.645244774
558_344,558,NA,NA,1,1,2,2014,1,438389,5324247,3,2,48.06852183,-123.8270333,6/11/2014,6/25/2014,14,14,14,NA,NA,NA,NA,NA,NA,NA,NA,NA,NA,NA,NA,NA,NA,NA,NA,0,NA,0,0,0,NA,0,0,NA,NA,230.5112638,0.051302706,0.076906634,0.398321749
558_344,558,NA,NA,1,1,3,2014,1,438389,5324247,3,3,48.06852183,-123.8270333,6/25/2014,7/9/2014,14,14,14,NA,NA,NA,NA,NA,NA,NA,NA,NA,NA,NA,NA,NA,NA,NA,NA,0,NA,0,0,0,NA,0,0,NA,NA,64.73685961,-1.106137105,0.076906634,0.398321749
559_346,559,NA,NA,1,1,1,2014,1,447406,5324442,1,1,48.07108353,-123.7060282,7/30/2014,8/13/2014,14,14,14,NA,NA,NA,NA,NA,NA,NA,NA,NA,NA,NA,NA,NA,NA,NA,NA,0,NA,0,0,0,NA,0,0,NA,NA,266.5693236,0.303060715,0.076906634,0.398321749
559_346,559,NA,NA,1,1,2,2014,1,447406,5324442,1,2,48.07108353,-123.7060282,8/13/2014,8/27/2014,14,14,14,NA,NA,NA,NA,NA,NA,NA,NA,NA,NA,NA,NA,NA,NA,NA,NA,0,NA,0,0,0,NA,0,0,NA,NA,145.125097,-0.544865015,0.076906634,0.398321749
559_346,559,NA,NA,1,1,3,2014,1,447406,5324442,1,3,48.07108353,-123.7060282,8/27/2014,9/10/2014,14,14,14,NA,NA,NA,NA,NA,NA,NA,NA,NA,NA,NA,NA,NA,NA,NA,NA,0,NA,0,0,0,NA,0,0,NA,NA,252.8810876,0.20748921,0.076906634,0.398321749
559_349,559,NA,NA,1,1,1,2014,1,445284,5325283,2,1,48.07847089,-123.7346195,7/30/2014,8/13/2014,14,14,14,NA,NA,NA,NA,NA,NA,NA,NA,NA,NA,NA,NA,NA,NA,NA,NA,0,NA,0,0,0,NA,0,0,NA,NA,266.5447479,0.302889127,0.076906634,0.398321749
559_349,559,NA,NA,1,1,2,2014,1,445284,5325283,2,2,48.07847089,-123.7346195,8/13/2014,8/27/2014,14,14,14,NA,NA,NA,NA,NA,NA,NA,NA,NA,NA,NA,NA,NA,NA,NA,NA,0,NA,0,1,0,NA,0,1,NA,NA,145.126277,-0.544856776,0.076906634,0.398321749
559_349,559,NA,NA,1,1,3,2014,1,445284,5325283,2,3,48.07847089,-123.7346195,8/27/2014,9/10/2014,14,14,14,NA,NA,NA,NA,NA,NA,NA,NA,NA,NA,NA,NA,NA,NA,NA,NA,0,NA,0,0,0,NA,0,0,NA,NA,252.8730491,0.207433085,0.076906634,0.398321749
559_352,559,NA,NA,1,1,1,2014,1,443641,5326668,3,1,48.09078759,-123.7568593,7/30/2014,8/13/2014,14,14,14,NA,NA,NA,NA,NA,NA,NA,NA,NA,NA,NA,NA,NA,NA,NA,NA,0,NA,0,0,0,NA,0,0,NA,NA,266.5110351,0.302653744,0.076906634,0.398321749
559_352,559,NA,NA,1,1,2,2014,1,443641,5326668,3,2,48.09078759,-123.7568593,8/13/2014,8/27/2014,14,14,14,NA,NA,NA,NA,NA,NA,NA,NA,NA,NA,NA,NA,NA,NA,NA,NA,0,NA,0,0,0,NA,0,0,NA,NA,145.1252196,-0.544864159,0.076906634,0.398321749
559_352,559,NA,NA,1,1,3,2014,1,443641,5326668,3,3,48.09078759,-123.7568593,8/27/2014,9/10/2014,14,14,14,NA,NA,NA,NA,NA,NA,NA,NA,NA,NA,NA,NA,NA,NA,NA,NA,0,NA,0,1,0,NA,0,1,NA,NA,252.857548,0.207324856,0.076906634,0.398321749
561_337,561,NA,NA,1,1,1,2014,1,465231,5323032,1,1,48.05961916,-123.4666389,9/17/2014,10/1/2014,14,14,14,NA,NA,NA,NA,NA,NA,NA,NA,NA,NA,NA,NA,NA,NA,NA,NA,0,NA,0,0,0,NA,0,0,NA,NA,33.25494253,-1.325944404,0.076906634,0.398321749
561_337,561,NA,NA,1,1,2,2014,1,465231,5323032,1,2,48.05961916,-123.4666389,10/1/2014,10/15/2014,14,14,7,NA,NA,NA,NA,NA,NA,NA,NA,NA,NA,NA,NA,NA,NA,NA,NA,0,NA,0,0,0,NA,0,0,NA,NA,499.6670895,1.930553424,0.076906634,-1.330139425
561_337,561,NA,NA,1,1,3,2014,1,465231,5323032,1,3,48.05961916,-123.4666389,10/15/2014,10/30/2014,15,15,2,NA,NA,NA,NA,NA,NA,NA,NA,NA,NA,NA,NA,NA,NA,NA,NA,0,NA,0,0,0,NA,0,0,NA,NA,58.2547272,-1.151395467,0.416650783,-2.564754549
561_343,561,NA,NA,1,1,1,2014,1,465511,5324225,2,1,48.07036754,-123.4629774,9/17/2014,10/1/2014,14,11,11,NA,NA,NA,NA,NA,NA,NA,NA,NA,NA,NA,NA,NA,NA,NA,NA,0,NA,0,0,0,NA,0,0,NA,NA,33.25537176,-1.325941407,-0.942325815,-0.342447325
561_343,561,NA,NA,1,1,2,2014,1,465511,5324225,2,2,48.07036754,-123.4629774,10/1/2014,10/15/2014,14,14,14,NA,NA,NA,NA,NA,NA,NA,NA,NA,NA,NA,NA,NA,NA,NA,NA,0,NA,0,0,0,NA,0,0,NA,NA,499.6828672,1.930663584,0.076906634,0.398321749
561_343,561,NA,NA,1,1,3,2014,1,465511,5324225,2,3,48.07036754,-123.4629774,10/15/2014,10/30/2014,15,15,15,NA,NA,NA,NA,NA,NA,NA,NA,NA,NA,NA,NA,NA,NA,NA,NA,0,NA,1,1,0,NA,0,1,NA,NA,58.25942551,-1.151362664,0.416650783,0.645244774
561_336,561,NA,NA,1,1,1,2014,1,464101,5322800,3,1,48.05746932,-123.4817848,9/17/2014,10/1/2014,14,14,14,NA,NA,NA,NA,NA,NA,NA,NA,NA,NA,NA,NA,NA,NA,NA,NA,0,NA,0,1,0,NA,0,1,NA,NA,33.25377999,-1.325952521,0.076906634,0.398321749
561_336,561,NA,NA,1,1,2,2014,1,464101,5322800,3,2,48.05746932,-123.4817848,10/1/2014,10/15/2014,14,14,6,NA,NA,NA,NA,NA,NA,NA,NA,NA,NA,NA,NA,NA,NA,NA,NA,0,NA,0,0,0,NA,0,0,NA,NA,499.6617386,1.930516064,0.076906634,-1.57706245
561_336,561,NA,NA,1,1,3,2014,1,464101,5322800,3,3,48.05746932,-123.4817848,10/16/2014,10/30/2014,14,14,6,NA,NA,NA,NA,NA,NA,NA,NA,NA,NA,NA,NA,NA,NA,NA,NA,0,NA,0,0,0,NA,0,0,NA,NA,44.23067999,-1.249311612,0.076906634,-1.57706245
601_361,601,NA,NA,1,1,1,2014,1,385063,5332790,1,1,48.13797532,-124.5449475,7/3/2014,7/18/2014,15,15,9,NA,NA,NA,NA,NA,NA,NA,NA,NA,NA,NA,NA,NA,NA,NA,NA,1,NA,0,0,0,NA,0,0,NA,NA,293.6238861,0.491956147,0.416650783,-0.836293375
601_361,601,NA,NA,1,1,2,2014,1,385063,5332790,1,2,48.13797532,-124.5449475,7/18/2014,8/2/2014,15,15,4,NA,NA,NA,NA,NA,NA,NA,NA,NA,NA,NA,NA,NA,NA,NA,NA,0,NA,0,0,0,NA,0,0,NA,NA,41.49834388,-1.268388831,0.416650783,-2.070908499
601_361,601,NA,NA,1,1,3,2014,1,385063,5332790,1,3,48.13797532,-124.5449475,8/2/2014,8/16/2014,14,14,5,NA,NA,NA,NA,NA,NA,NA,NA,NA,NA,NA,NA,NA,NA,NA,NA,0,NA,0,0,0,NA,0,0,NA,NA,348.9145222,0.877996343,0.076906634,-1.823985474
601_359,601,NA,NA,1,1,1,2014,1,387283,5332604,2,1,48.13669965,-124.5150687,7/3/2014,7/18/2014,15,15,15,NA,NA,NA,NA,NA,NA,NA,NA,NA,NA,NA,NA,NA,NA,NA,NA,0,NA,0,0,0,NA,0,0,NA,NA,293.6286111,0.491989137,0.416650783,0.645244774
601_359,601,NA,NA,1,1,2,2014,1,387283,5332604,2,2,48.13669965,-124.5150687,7/18/2014,8/2/2014,15,15,15,NA,NA,NA,NA,NA,NA,NA,NA,NA,NA,NA,NA,NA,NA,NA,NA,0,NA,0,1,0,NA,0,1,NA,NA,41.49985279,-1.268378296,0.416650783,0.645244774
601_359,601,NA,NA,1,1,3,2014,1,387283,5332604,2,3,48.13669965,-124.5150687,8/2/2014,8/16/2014,14,14,14,NA,NA,NA,NA,NA,NA,NA,NA,NA,NA,NA,NA,NA,NA,NA,NA,0,NA,0,0,1,NA,0,1,NA,NA,348.9168292,0.87801245,0.076906634,0.398321749
601_365,601,NA,NA,1,1,1,2014,1,388411,5334325,3,1,48.15237694,-124.5003634,7/3/2014,7/18/2014,15,15,15,NA,NA,NA,NA,NA,NA,NA,NA,NA,NA,NA,NA,NA,NA,NA,NA,0,NA,0,1,0,NA,0,1,NA,NA,293.5545212,0.49147184,0.416650783,0.645244774
601_365,601,NA,NA,1,2,1,2014,1,388370,5334235,3,2,48.15156029,-124.5008909,7/18/2014,8/2/2014,15,15,15,NA,NA,NA,NA,NA,NA,NA,NA,NA,NA,NA,NA,NA,NA,NA,NA,1,NA,0,0,0,NA,1,0,NA,NA,41.49607836,-1.268404649,0.416650783,0.645244774
601_365,601,NA,NA,1,2,2,2014,1,388370,5334235,3,3,48.15156029,-124.5008909,8/2/2014,8/16/2014,14,14,14,NA,NA,NA,NA,NA,NA,NA,NA,NA,NA,NA,NA,NA,NA,NA,NA,0,NA,0,0,0,NA,1,0,NA,NA,348.8658788,0.877656714,0.076906634,0.398321749
606_363,606,NA,NA,1,1,1,2014,1,433957,5333145,1,1,48.1481241,-123.8878968,7/23/2014,8/6/2014,14,14,3,NA,NA,NA,NA,NA,NA,NA,NA,NA,NA,NA,NA,NA,NA,NA,NA,0,NA,0,0,0,NA,0,0,NA,NA,37.89134031,-1.293572993,0.076906634,-2.317831524
606_363,606,NA,NA,1,1,2,2014,1,433957,5333145,1,2,48.1481241,-123.8878968,8/6/2014,8/20/2014,14,14,10,NA,NA,NA,NA,NA,NA,NA,NA,NA,NA,NA,NA,NA,NA,NA,NA,1,NA,0,1,0,NA,0,1,NA,NA,367.8630382,1.010295215,0.076906634,-0.58937035
606_363,606,NA,NA,1,1,3,2014,1,433957,5333145,1,3,48.1481241,-123.8878968,8/20/2014,9/3/2014,14,14,5,NA,NA,NA,NA,NA,NA,NA,NA,NA,NA,NA,NA,NA,NA,NA,NA,0,NA,0,1,0,NA,0,1,NA,NA,28.06293638,-1.362195083,0.076906634,-1.823985474
606_363,606,NA,NA,1,1,4,2014,1,433957,5333145,1,4,48.1481241,-123.8878968,9/3/2014,9/17/2014,14,14,14,NA,NA,NA,NA,NA,NA,NA,NA,NA,NA,NA,NA,NA,NA,NA,NA,0,NA,0,1,0,NA,0,1,NA,NA,440.4278181,1.516943787,0.076906634,0.398321749
606_355,606,NA,NA,1,1,1,2014,1,433038,5330962,2,1,48.12839004,-123.8999072,7/23/2014,8/6/2014,14,14,14,NA,NA,NA,NA,NA,NA,NA,NA,NA,NA,NA,NA,NA,NA,NA,NA,0,NA,0,0,0,NA,0,0,NA,NA,37.91130512,-1.293433599,0.076906634,0.398321749
606_355,606,NA,NA,1,1,2,2014,1,433038,5330962,2,2,48.12839004,-123.8999072,8/6/2014,8/20/2014,14,14,14,NA,NA,NA,NA,NA,NA,NA,NA,NA,NA,NA,NA,NA,NA,NA,NA,0,NA,0,0,0,NA,0,0,NA,NA,367.9072538,1.010603929,0.076906634,0.398321749
606_355,606,NA,NA,1,1,3,2014,1,433038,5330962,2,3,48.12839004,-123.8999072,8/20/2014,9/3/2014,14,14,14,NA,NA,NA,NA,NA,NA,NA,NA,NA,NA,NA,NA,NA,NA,NA,NA,0,NA,0,0,0,NA,0,0,NA,NA,28.07010798,-1.36214501,0.076906634,0.398321749
606_362,606,NA,NA,1,1,1,2014,1,432671,5333085,3,1,48.1474495,-123.9051743,7/23/2014,8/6/2014,14,14,14,NA,NA,NA,NA,NA,NA,NA,NA,NA,NA,NA,NA,NA,NA,NA,NA,1,NA,0,1,0,NA,0,1,NA,NA,37.8931441,-1.293560399,0.076906634,0.398321749
606_362,606,NA,NA,1,1,2,2014,1,432671,5333085,3,2,48.1474495,-123.9051743,8/6/2014,8/20/2014,14,14,14,NA,NA,NA,NA,NA,NA,NA,NA,NA,NA,NA,NA,NA,NA,NA,NA,0,NA,0,1,0,NA,0,1,NA,NA,367.8639664,1.010301696,0.076906634,0.398321749
606_362,606,NA,NA,1,1,3,2014,1,432671,5333085,3,3,48.1474495,-123.9051743,8/20/2014,9/3/2014,14,14,14,NA,NA,NA,NA,NA,NA,NA,NA,NA,NA,NA,NA,NA,NA,NA,NA,0,NA,0,0,0,NA,0,0,NA,NA,28.06266594,-1.362196971,0.076906634,0.398321749
608_364,608,NA,NA,1,1,1,2014,1,449022,5333991,1,1,48.15712105,-123.6854782,7/9/2014,7/23/2014,14,14,14,NA,NA,NA,NA,NA,NA,NA,NA,NA,NA,NA,NA,NA,NA,NA,NA,0,NA,0,0,0,NA,0,0,NA,NA,292.8182302,0.486331044,0.076906634,0.398321749
608_364,608,NA,NA,1,1,2,2014,1,449022,5333991,1,2,48.15712105,-123.6854782,7/23/2014,8/6/2014,14,14,14,NA,NA,NA,NA,NA,NA,NA,NA,NA,NA,NA,NA,NA,NA,NA,NA,0,NA,0,0,0,NA,0,0,NA,NA,37.87762869,-1.293668728,0.076906634,0.398321749
608_364,608,NA,NA,1,1,3,2014,1,449022,5333991,1,3,48.15712105,-123.6854782,8/6/2014,8/20/2014,14,14,14,NA,NA,NA,NA,NA,NA,NA,NA,NA,NA,NA,NA,NA,NA,NA,NA,0,NA,0,0,0,NA,0,0,NA,NA,367.8300368,1.010064799,0.076906634,0.398321749
608_360,608,NA,NA,1,1,1,2014,1,450798,5332732,2,1,48.14593458,-123.6614532,7/9/2014,7/23/2014,14,14,14,NA,NA,NA,NA,NA,NA,NA,NA,NA,NA,NA,NA,NA,NA,NA,NA,0,NA,0,0,0,NA,0,0,NA,NA,292.8590794,0.486616253,0.076906634,0.398321749
608_360,608,NA,NA,1,1,2,2014,1,450798,5332732,2,2,48.14593458,-123.6614532,7/23/2014,8/6/2014,14,14,14,NA,NA,NA,NA,NA,NA,NA,NA,NA,NA,NA,NA,NA,NA,NA,NA,0,NA,0,0,0,NA,0,0,NA,NA,37.88730322,-1.29360118,0.076906634,0.398321749
608_360,608,NA,NA,1,1,3,2014,1,450798,5332732,2,3,48.14593458,-123.6614532,8/6/2014,8/20/2014,14,14,14,NA,NA,NA,NA,NA,NA,NA,NA,NA,NA,NA,NA,NA,NA,NA,NA,0,NA,0,0,0,NA,0,0,NA,NA,367.8535632,1.010229061,0.076906634,0.398321749
608_356,608,NA,NA,1,1,1,2014,1,448360,5331454,3,1,48.13424402,-123.6940713,7/9/2014,7/23/2014,14,14,6,NA,NA,NA,NA,NA,NA,NA,NA,NA,NA,NA,NA,NA,NA,NA,NA,0,NA,0,0,0,NA,0,0,NA,NA,292.9051093,0.486937635,0.076906634,-1.57706245
608_356,608,NA,NA,1,1,2,2014,1,448360,5331454,3,2,48.13424402,-123.6940713,7/23/2014,8/6/2014,14,14,14,NA,NA,NA,NA,NA,NA,NA,NA,NA,NA,NA,NA,NA,NA,NA,NA,0,NA,0,1,0,NA,0,1,NA,NA,37.89837046,-1.293523909,0.076906634,0.398321749
608_356,608,NA,NA,1,1,3,2014,1,448360,5331454,3,3,48.13424402,-123.6940713,8/6/2014,8/20/2014,14,14,14,NA,NA,NA,NA,NA,NA,NA,NA,NA,NA,NA,NA,NA,NA,NA,NA,0,NA,0,1,0,NA,0,1,NA,NA,367.881669,1.010425296,0.076906634,0.398321749
609_357,609,NA,NA,1,1,1,2014,1,458741,5331908,1,1,48.13908633,-123.5545963,8/27/2014,9/10/2014,14,14,14,NA,NA,NA,NA,NA,NA,NA,NA,NA,NA,NA,NA,NA,NA,NA,NA,0,NA,1,0,0,NA,0,0,NA,NA,252.7660919,0.206686308,0.076906634,0.398321749
609_357,609,NA,NA,1,1,2,2014,1,458741,5331908,1,2,48.13908633,-123.5545963,9/10/2014,9/24/2014,14,14,14,NA,NA,NA,NA,NA,NA,NA,NA,NA,NA,NA,NA,NA,NA,NA,NA,0,NA,1,1,0,NA,0,1,NA,NA,230.6675518,0.052393912,0.076906634,0.398321749
609_357,609,NA,NA,1,1,3,2014,1,458741,5331908,1,3,48.13908633,-123.5545963,9/24/2014,10/8/2014,14,14,14,NA,NA,NA,NA,NA,NA,NA,NA,NA,NA,NA,NA,NA,NA,NA,NA,0,NA,1,0,0,NA,0,0,NA,NA,226.181443,0.021071821,0.076906634,0.398321749
609_354,609,NA,NA,1,1,1,2014,1,458866,5330851,2,1,48.12958506,-123.5528141,8/27/2014,9/10/2014,14,14,14,NA,NA,NA,NA,NA,NA,NA,NA,NA,NA,NA,NA,NA,NA,NA,NA,0,NA,0,0,0,NA,0,0,NA,NA,252.7783304,0.206771758,0.076906634,0.398321749
609_354,609,NA,NA,1,1,2,2014,1,458866,5330851,2,2,48.12958506,-123.5528141,9/10/2014,9/24/2014,14,14,14,NA,NA,NA,NA,NA,NA,NA,NA,NA,NA,NA,NA,NA,NA,NA,NA,0,NA,0,0,0,NA,0,0,NA,NA,230.6562661,0.052315115,0.076906634,0.398321749
609_354,609,NA,NA,1,1,3,2014,1,458866,5330851,2,3,48.12958506,-123.5528141,9/24/2014,10/8/2014,14,14,14,NA,NA,NA,NA,NA,NA,NA,NA,NA,NA,NA,NA,NA,NA,NA,NA,0,NA,0,0,0,NA,0,0,NA,NA,226.1809812,0.021068597,0.076906634,0.398321749
609_358,609,NA,NA,1,1,1,2014,1,460057,5332442,3,1,48.14397449,-123.5369578,8/27/2014,9/10/2014,14,0,14,NA,NA,NA,NA,NA,NA,NA,NA,NA,NA,NA,NA,NA,NA,NA,NA,0,NA,0,0,0,NA,0,0,NA,NA,252.7558857,0.206615048,-4.679511457,0.398321749
609_358,609,NA,NA,1,1,2,2014,1,460057,5332442,3,2,48.14397449,-123.5369578,9/10/2014,9/24/2014,14,14,14,NA,NA,NA,NA,NA,NA,NA,NA,NA,NA,NA,NA,NA,NA,NA,NA,0,NA,1,0,0,NA,0,0,NA,NA,230.6716032,0.052422199,0.076906634,0.398321749
609_358,609,NA,NA,1,1,3,2014,1,460057,5332442,3,3,48.14397449,-123.5369578,9/24/2014,10/8/2014,14,14,14,NA,NA,NA,NA,NA,NA,NA,NA,NA,NA,NA,NA,NA,NA,NA,NA,0,NA,0,0,0,NA,0,0,NA,NA,226.1772087,0.021042257,0.076906634,0.398321749
609_358,609,NA,NA,1,1,4,2014,1,460057,5332442,3,4,48.14397449,-123.5369578,10/8/2014,10/23/2014,15,15,15,NA,NA,NA,NA,NA,NA,NA,NA,NA,NA,NA,NA,NA,NA,NA,NA,0,NA,1,0,0,NA,0,0,NA,NA,313.8976702,0.633508065,0.416650783,0.645244774
630_369,630,NA,NA,1,1,1,2014,1,381670,5341495,1,1,48.21564115,-124.5929611,9/11/2014,9/28/2014,17,17,17,NA,NA,NA,NA,NA,NA,NA,NA,NA,NA,NA,NA,NA,NA,NA,NA,0,NA,0,0,0,NA,0,0,NA,NA,154.1512623,-0.48184417,1.096139082,1.139090824
630_369,630,NA,NA,1,1,2,2014,1,381670,5341495,1,2,48.21564115,-124.5929611,9/28/2014,10/12/2014,14,14,14,NA,NA,NA,NA,NA,NA,NA,NA,NA,NA,NA,NA,NA,NA,NA,NA,0,NA,0,0,0,NA,0,0,NA,NA,420.1971773,1.375693097,0.076906634,0.398321749
630_369,630,NA,NA,1,1,3,2014,1,381670,5341495,1,3,48.21564115,-124.5929611,10/12/2014,10/28/2014,16,16,16,NA,NA,NA,NA,NA,NA,NA,NA,NA,NA,NA,NA,NA,NA,NA,NA,0,NA,0,0,0,NA,0,0,NA,NA,125.5461768,-0.681565381,0.756394932,0.892167799
630_370,630,NA,NA,1,1,1,2014,1,383263,5342761,2,1,48.22732194,-124.5718732,9/11/2014,9/28/2014,17,17,13,NA,NA,NA,NA,NA,NA,NA,NA,NA,NA,NA,NA,NA,NA,NA,NA,0,NA,0,1,0,NA,0,1,NA,NA,154.1628811,-0.481763047,1.096139082,0.151398724
630_370,630,NA,NA,1,1,2,2014,1,383263,5342761,2,2,48.22732194,-124.5718732,9/28/2014,10/12/2014,14,14,14,NA,NA,NA,NA,NA,NA,NA,NA,NA,NA,NA,NA,NA,NA,NA,NA,0,NA,0,1,0,NA,0,1,NA,NA,420.2056466,1.375752229,0.076906634,0.398321749
630_370,630,NA,NA,1,1,3,2014,1,383263,5342761,2,3,48.22732194,-124.5718732,10/12/2014,10/28/2014,16,16,8,NA,NA,NA,NA,NA,NA,NA,NA,NA,NA,NA,NA,NA,NA,NA,NA,0,NA,0,1,0,NA,0,1,NA,NA,125.5597362,-0.681470709,0.756394932,-1.0832164
630_366,630,NA,NA,1,1,1,2014,1,381372,5339028,3,1,48.19339887,-124.5962815,9/11/2014,9/28/2014,17,17,17,NA,NA,NA,NA,NA,NA,NA,NA,NA,NA,NA,NA,NA,NA,NA,NA,0,NA,0,0,0,NA,0,0,NA,NA,154.136634,-0.481946305,1.096139082,1.139090824
630_366,630,NA,NA,1,1,2,2014,1,381372,5339028,3,2,48.19339887,-124.5962815,9/28/2014,10/12/2014,14,14,14,NA,NA,NA,NA,NA,NA,NA,NA,NA,NA,NA,NA,NA,NA,NA,NA,0,NA,0,1,0,NA,0,1,NA,NA,420.1811122,1.37558093,0.076906634,0.398321749
630_366,630,NA,NA,1,1,3,2014,1,381372,5339028,3,3,48.19339887,-124.5962815,10/12/2014,10/28/2014,16,16,16,NA,NA,NA,NA,NA,NA,NA,NA,NA,NA,NA,NA,NA,NA,NA,NA,1,NA,0,1,0,NA,0,1,NA,NA,125.5204241,-0.681745186,0.756394932,0.892167799
632_371,632,NA,NA,1,1,1,2014,1,400494,5342819,1,1,48.23078121,-124.3399416,9/12/2014,9/28/2014,16,0,0,NA,NA,NA,NA,NA,NA,NA,NA,NA,NA,NA,NA,NA,NA,NA,NA,0,NA,0,0,1,NA,0,1,NA,NA,128.4129774,-0.661549328,-4.679511457,-3.058600599
632_371,632,NA,NA,1,1,2,2014,1,400494,5342819,1,2,48.23078121,-124.3399416,9/28/2014,10/13/2014,15,15,15,NA,NA,NA,NA,NA,NA,NA,NA,NA,NA,NA,NA,NA,NA,NA,NA,0,NA,0,0,0,NA,0,0,NA,NA,426.0076215,1.41626172,0.416650783,0.645244774
632_371,632,NA,NA,1,1,3,2014,1,400494,5342819,1,3,48.23078121,-124.3399416,10/13/2014,10/28/2014,15,15,15,NA,NA,NA,NA,NA,NA,NA,NA,NA,NA,NA,NA,NA,NA,NA,NA,0,NA,0,0,1,NA,0,1,NA,NA,100.1201784,-0.859090149,0.416650783,0.645244774
632_368,632,NA,NA,1,1,1,2014,1,399592,5340903,2,1,48.2134059,-124.3516305,9/12/2014,9/28/2014,16,16,14,NA,NA,NA,NA,NA,NA,NA,NA,NA,NA,NA,NA,NA,NA,NA,NA,1,NA,0,1,1,NA,0,1,NA,NA,128.3988422,-0.66164802,0.756394932,0.398321749
632_368,632,NA,NA,1,1,2,2014,1,399592,5340903,2,2,48.2134059,-124.3516305,9/28/2014,10/13/2014,15,15,15,NA,NA,NA,NA,NA,NA,NA,NA,NA,NA,NA,NA,NA,NA,NA,NA,0,NA,0,1,0,NA,0,1,NA,NA,425.9893772,1.416134338,0.416650783,0.645244774
632_368,632,NA,NA,1,1,3,2014,1,399592,5340903,2,3,48.2134059,-124.3516305,10/13/2014,10/28/2014,15,0,0,NA,NA,NA,NA,NA,NA,NA,NA,NA,NA,NA,NA,NA,NA,NA,NA,0,NA,0,0,1,NA,0,1,NA,NA,100.1043863,-0.85920041,-4.679511457,-3.058600599
632_367,632,NA,NA,1,1,1,2014,1,399824,5339265,3,1,48.19870979,-124.3481216,9/12/2014,9/28/2014,16,0,16,NA,NA,NA,NA,NA,NA,NA,NA,NA,NA,NA,NA,NA,NA,NA,NA,0,NA,0,0,0,NA,0,0,NA,NA,128.3895581,-0.661712842,-4.679511457,0.892167799
632_367,632,NA,NA,1,1,2,2014,1,399824,5339265,3,2,48.19870979,-124.3481216,9/28/2014,10/12/2014,14,5,10,NA,NA,NA,NA,NA,NA,NA,NA,NA,NA,NA,NA,NA,NA,NA,NA,0,NA,0,0,0,NA,0,0,NA,NA,420.1642313,1.375463067,-2.980790711,-0.58937035
632_367,632,NA,NA,1,1,3,2014,1,399824,5339265,3,3,48.19870979,-124.3481216,10/12/2014,10/28/2014,16,13,11,NA,NA,NA,NA,NA,NA,NA,NA,NA,NA,NA,NA,NA,NA,NA,NA,0,NA,0,1,0,NA,0,1,NA,NA,125.5453463,-0.681571179,-0.262837516,-0.342447325
647_374,647,NA,NA,1,1,1,2014,1,397038,5347548,1,1,48.27276286,-124.3876164,7/1/2014,7/16/2014,15,15,15,NA,NA,NA,NA,NA,NA,NA,NA,NA,NA,NA,NA,NA,NA,NA,NA,0,NA,0,1,0,NA,0,1,NA,NA,258.0774865,0.243770559,0.416650783,0.645244774
647_374,647,NA,NA,1,1,2,2014,1,397038,5347548,1,2,48.27276286,-124.3876164,7/16/2014,7/31/2014,15,15,11,NA,NA,NA,NA,NA,NA,NA,NA,NA,NA,NA,NA,NA,NA,NA,NA,0,NA,0,1,0,NA,0,1,NA,NA,76.21793661,-1.025976023,0.416650783,-0.342447325
647_374,647,NA,NA,1,1,3,2014,1,397038,5347548,1,3,48.27276286,-124.3876164,7/31/2014,8/16/2014,16,16,5,NA,NA,NA,NA,NA,NA,NA,NA,NA,NA,NA,NA,NA,NA,NA,NA,0,NA,0,1,0,NA,0,1,NA,NA,307.8723191,0.591438957,0.756394932,-1.823985474
647_372,647,NA,NA,1,1,1,2014,1,396284,5346433,2,1,48.2626114,-124.3975014,7/1/2014,7/16/2014,15,15,15,NA,NA,NA,NA,NA,NA,NA,NA,NA,NA,NA,NA,NA,NA,NA,NA,0,NA,0,1,0,NA,0,1,NA,NA,258.1246215,0.244099656,0.416650783,0.645244774
647_372,647,NA,NA,1,1,2,2014,1,396284,5346433,2,2,48.2626114,-124.3975014,7/16/2014,7/31/2014,15,15,7,NA,NA,NA,NA,NA,NA,NA,NA,NA,NA,NA,NA,NA,NA,NA,NA,0,NA,0,0,0,NA,0,0,NA,NA,76.22314113,-1.025939685,0.416650783,-1.330139425
647_372,647,NA,NA,1,1,3,2014,1,396284,5346433,2,3,48.2626114,-124.3975014,7/31/2014,8/16/2014,16,16,5,NA,NA,NA,NA,NA,NA,NA,NA,NA,NA,NA,NA,NA,NA,NA,NA,0,NA,0,0,0,NA,0,0,NA,NA,307.9040935,0.591660807,0.756394932,-1.823985474
647_373,647,NA,NA,1,1,1,2014,1,394893,5347003,3,1,48.26750872,-124.41638,7/1/2014,7/16/2014,15,15,15,NA,NA,NA,NA,NA,NA,NA,NA,NA,NA,NA,NA,NA,NA,NA,NA,0,NA,0,0,0,NA,0,0,NA,NA,258.1054771,0.24396599,0.416650783,0.645244774
647_373,647,NA,NA,1,1,2,2014,1,394893,5347003,3,2,48.26750872,-124.41638,7/16/2014,7/31/2014,15,15,15,NA,NA,NA,NA,NA,NA,NA,NA,NA,NA,NA,NA,NA,NA,NA,NA,0,NA,1,1,0,NA,0,1,NA,NA,76.2210032,-1.025954612,0.416650783,0.645244774
647_373,647,NA,NA,1,1,3,2014,1,394893,5347003,3,3,48.26750872,-124.41638,7/31/2014,8/16/2014,16,16,16,NA,NA,NA,NA,NA,NA,NA,NA,NA,NA,NA,NA,NA,NA,NA,NA,0,NA,0,0,1,NA,0,1,NA,NA,307.8885802,0.591552493,0.756394932,0.892167799
734_137,734,NA,NA,1,1,1,2014,1,477936,5209041,1,1,47.03451891,-123.2904053,7/31/2014,8/15/2014,15,15,15,NA,NA,NA,NA,NA,NA,NA,NA,NA,NA,NA,NA,NA,NA,NA,NA,0,NA,0,0,0,NA,0,0,NA,NA,309.4124101,0.6021919,0.416650783,0.645244774
734_137,734,NA,NA,1,1,2,2014,1,477936,5209041,1,2,47.03451891,-123.2904053,8/15/2014,8/28/2014,13,13,13,NA,NA,NA,NA,NA,NA,NA,NA,NA,NA,NA,NA,NA,NA,NA,NA,0,NA,0,0,0,NA,0,0,NA,NA,89.23211413,-0.935110806,-0.262837516,0.151398724
734_137,734,NA,NA,1,1,3,2014,1,477936,5209041,1,3,47.03451891,-123.2904053,8/28/2014,9/11/2014,14,14,14,NA,NA,NA,NA,NA,NA,NA,NA,NA,NA,NA,NA,NA,NA,NA,NA,0,NA,0,0,0,NA,0,0,NA,NA,298.4832915,0.525884601,0.076906634,0.398321749
734_136,734,NA,NA,1,1,1,2014,1,477576,5206623,2,1,47.01274816,-123.2950236,7/31/2014,8/15/2014,15,15,15,NA,NA,NA,NA,NA,NA,NA,NA,NA,NA,NA,NA,NA,NA,NA,NA,0,NA,0,0,0,NA,0,0,NA,NA,309.4776564,0.602647451,0.416650783,0.645244774
734_136,734,NA,NA,1,1,2,2014,1,477576,5206623,2,2,47.01274816,-123.2950236,8/15/2014,8/28/2014,13,13,13,NA,NA,NA,NA,NA,NA,NA,NA,NA,NA,NA,NA,NA,NA,NA,NA,0,NA,1,0,0,NA,0,0,NA,NA,89.22796462,-0.935139778,-0.262837516,0.151398724
734_136,734,NA,NA,1,1,3,2014,1,477576,5206623,2,3,47.01274816,-123.2950236,8/28/2014,9/11/2014,14,14,14,NA,NA,NA,NA,NA,NA,NA,NA,NA,NA,NA,NA,NA,NA,NA,NA,0,NA,1,0,0,NA,0,0,NA,NA,298.5150315,0.526106211,0.076906634,0.398321749
734_135,734,NA,NA,1,1,1,2014,1,479688,5205376,3,1,47.00159505,-123.2671813,7/31/2014,8/15/2014,15,15,15,NA,NA,NA,NA,NA,NA,NA,NA,NA,NA,NA,NA,NA,NA,NA,NA,0,NA,0,0,0,NA,0,0,NA,NA,309.5080702,0.6028598,0.416650783,0.645244774
734_135,734,NA,NA,1,1,2,2014,1,479688,5205376,3,2,47.00159505,-123.2671813,8/15/2014,8/28/2014,13,13,13,NA,NA,NA,NA,NA,NA,NA,NA,NA,NA,NA,NA,NA,NA,NA,NA,0,NA,0,0,0,NA,0,0,NA,NA,89.22579476,-0.935154928,-0.262837516,0.151398724
734_135,734,NA,NA,1,1,3,2014,1,479688,5205376,3,3,47.00159505,-123.2671813,8/28/2014,9/11/2014,14,14,14,NA,NA,NA,NA,NA,NA,NA,NA,NA,NA,NA,NA,NA,NA,NA,NA,0,NA,0,0,0,NA,0,0,NA,NA,298.5277261,0.526194844,0.076906634,0.398321749
765_147,765,NA,NA,1,1,1,2014,1,483654,5228788,1,1,47.2123785,-123.2158635,9/8/2014,9/22/2014,14,14,14,NA,NA,NA,NA,NA,NA,NA,NA,NA,NA,NA,NA,NA,NA,NA,NA,0,NA,0,0,0,NA,0,0,NA,NA,323.1324611,0.697985538,0.076906634,0.398321749
765_147,765,NA,NA,1,1,2,2014,1,483654,5228788,1,2,47.2123785,-123.2158635,9/22/2014,10/6/2014,14,14,4,NA,NA,NA,NA,NA,NA,NA,NA,NA,NA,NA,NA,NA,NA,NA,NA,0,NA,0,0,0,NA,0,0,NA,NA,126.861366,-0.672382706,0.076906634,-2.070908499
765_147,765,NA,NA,1,1,3,2014,1,483654,5228788,1,3,47.2123785,-123.2158635,10/6/2014,10/20/2014,14,2,2,NA,NA,NA,NA,NA,NA,NA,NA,NA,NA,NA,NA,NA,NA,NA,NA,0,NA,0,0,0,NA,0,0,NA,NA,431.7519685,1.456368852,-4.000023159,-2.564754549
765_148,765,NA,NA,1,1,1,2014,1,480143,5228940,2,1,47.21364952,-123.2622357,9/8/2014,9/22/2014,14,14,14,NA,NA,NA,NA,NA,NA,NA,NA,NA,NA,NA,NA,NA,NA,NA,NA,0,NA,0,0,0,NA,0,0,NA,NA,323.1335235,0.697992955,0.076906634,0.398321749
765_148,765,NA,NA,1,1,2,2014,1,480143,5228940,2,2,47.21364952,-123.2622357,9/22/2014,10/6/2014,14,14,14,NA,NA,NA,NA,NA,NA,NA,NA,NA,NA,NA,NA,NA,NA,NA,NA,0,NA,0,0,0,NA,0,0,NA,NA,126.8631897,-0.672369973,0.076906634,0.398321749
765_148,765,NA,NA,1,1,3,2014,1,480143,5228940,2,3,47.21364952,-123.2622357,10/6/2014,10/20/2014,14,14,14,NA,NA,NA,NA,NA,NA,NA,NA,NA,NA,NA,NA,NA,NA,NA,NA,0,NA,1,0,0,NA,0,0,NA,NA,431.7518265,1.456367861,0.076906634,0.398321749
765_152,765,NA,NA,1,1,1,2014,1,481901,5231149,3,1,47.23357762,-123.2391087,9/8/2014,9/22/2014,14,14,14,NA,NA,NA,NA,NA,NA,NA,NA,NA,NA,NA,NA,NA,NA,NA,NA,0,NA,0,0,0,NA,0,0,NA,NA,323.148607,0.698098269,0.076906634,0.398321749
765_152,765,NA,NA,1,1,2,2014,1,481901,5231149,3,2,47.23357762,-123.2391087,9/22/2014,10/6/2014,14,14,14,NA,NA,NA,NA,NA,NA,NA,NA,NA,NA,NA,NA,NA,NA,NA,NA,0,NA,0,0,0,NA,0,0,NA,NA,126.8545202,-0.672430504,0.076906634,0.398321749
765_152,765,NA,NA,1,1,3,2014,1,481901,5231149,3,3,47.23357762,-123.2391087,10/6/2014,10/20/2014,14,14,14,NA,NA,NA,NA,NA,NA,NA,NA,NA,NA,NA,NA,NA,NA,NA,NA,0,NA,0,0,0,NA,0,0,NA,NA,431.7982158,1.456691752,0.076906634,0.398321749
775_158,775,NA,NA,1,1,1,2014,1,496569,5239762,1,1,47.31132075,-123.0453939,6/2/2014,6/16/2014,14,14,14,NA,NA,NA,NA,NA,NA,NA,NA,NA,NA,NA,NA,NA,NA,NA,NA,0,NA,0,0,0,NA,0,0,NA,NA,270.1401603,0.32799236,0.076906634,0.398321749
775_158,775,NA,NA,1,1,2,2014,1,496569,5239762,1,2,47.31132075,-123.0453939,6/16/2014,6/30/2014,14,14,14,NA,NA,NA,NA,NA,NA,NA,NA,NA,NA,NA,NA,NA,NA,NA,NA,0,NA,0,0,0,NA,0,0,NA,NA,79.53654423,-1.002805446,0.076906634,0.398321749
775_158,775,NA,NA,1,1,3,2014,1,496569,5239762,1,3,47.31132075,-123.0453939,6/30/2014,7/14/2014,14,14,14,NA,NA,NA,NA,NA,NA,NA,NA,NA,NA,NA,NA,NA,NA,NA,NA,0,NA,0,0,0,NA,0,0,NA,NA,224.6900292,0.010658744,0.076906634,0.398321749
775_160,775,NA,NA,1,1,1,2014,1,494068,5239908,2,1,47.31261662,-123.0784853,6/2/2014,6/16/2014,14,14,14,NA,NA,NA,NA,NA,NA,NA,NA,NA,NA,NA,NA,NA,NA,NA,NA,0,NA,0,0,0,NA,0,0,NA,NA,270.1367305,0.327968413,0.076906634,0.398321749
775_160,775,NA,NA,1,1,2,2014,1,494068,5239908,2,2,47.31261662,-123.0784853,6/16/2014,6/30/2014,14,14,1,NA,NA,NA,NA,NA,NA,NA,NA,NA,NA,NA,NA,NA,NA,NA,NA,1,NA,0,0,0,NA,0,0,NA,NA,79.53400268,-1.002823191,0.076906634,-2.811677574
775_160,775,NA,NA,1,1,3,2014,1,494068,5239908,2,3,47.31261662,-123.0784853,6/30/2014,7/14/2014,14,14,14,NA,NA,NA,NA,NA,NA,NA,NA,NA,NA,NA,NA,NA,NA,NA,NA,0,NA,0,0,0,NA,0,0,NA,NA,224.6881024,0.010645291,0.076906634,0.398321749
775_161,775,NA,NA,1,1,1,2014,1,495051,5240277,3,1,47.31594514,-123.0654835,6/2/2014,6/16/2014,14,14,14,NA,NA,NA,NA,NA,NA,NA,NA,NA,NA,NA,NA,NA,NA,NA,NA,0,NA,1,0,0,NA,0,0,NA,NA,270.1209484,0.327858222,0.076906634,0.398321749
775_161,775,NA,NA,1,1,2,2014,1,495051,5240277,3,2,47.31594514,-123.0654835,6/16/2014,6/30/2014,14,14,13,NA,NA,NA,NA,NA,NA,NA,NA,NA,NA,NA,NA,NA,NA,NA,NA,0,NA,1,0,0,NA,0,0,NA,NA,79.52925296,-1.002856354,0.076906634,0.151398724
775_161,775,NA,NA,1,1,3,2014,1,495051,5240277,3,3,47.31594514,-123.0654835,6/30/2014,7/14/2014,14,14,3,NA,NA,NA,NA,NA,NA,NA,NA,NA,NA,NA,NA,NA,NA,NA,NA,0,NA,1,0,0,NA,0,0,NA,NA,224.6736731,0.010544545,0.076906634,-2.317831524
39_380,39,NA,NA,1,1,1,2015,1,418758,5213346,1,1,47.06862813,-124.0699893,7/7/2015,7/21/2015,14,14,14,NA,NA,NA,NA,NA,NA,NA,NA,NA,NA,NA,NA,NA,NA,NA,NA,0,NA,0,0,0,NA,0,0,NA,NA,47.56562518,-1.226026966,0.076906634,0.398321749
39_380,39,NA,NA,1,1,2,2015,1,418758,5213346,1,2,47.06862813,-124.0699893,7/21/2015,8/5/2015,15,15,1,NA,NA,NA,NA,NA,NA,NA,NA,NA,NA,NA,NA,NA,NA,NA,NA,0,NA,0,0,0,NA,0,0,NA,NA,308.1727183,0.59353635,0.416650783,-2.811677574
39_380,39,NA,NA,1,1,3,2015,1,418758,5213346,1,3,47.06862813,-124.0699893,8/5/2015,8/19/2015,14,14,14,NA,NA,NA,NA,NA,NA,NA,NA,NA,NA,NA,NA,NA,NA,NA,NA,0,NA,0,0,0,NA,0,0,NA,NA,65.19054764,-1.102969447,0.076906634,0.398321749
39_383,39,NA,NA,1,1,1,2015,1,418088,5215179,2,1,47.08503694,-124.0791448,7/7/2015,7/21/2015,14,14,14,NA,NA,NA,NA,NA,NA,NA,NA,NA,NA,NA,NA,NA,NA,NA,NA,0,NA,0,0,0,NA,0,0,NA,NA,47.55933339,-1.226070895,0.076906634,0.398321749
39_383,39,NA,NA,1,1,2,2015,1,418088,5215179,2,2,47.08503694,-124.0791448,7/21/2015,8/5/2015,15,15,4,NA,NA,NA,NA,NA,NA,NA,NA,NA,NA,NA,NA,NA,NA,NA,NA,0,NA,0,0,0,NA,0,0,NA,NA,308.1145035,0.593129893,0.416650783,-2.070908499
39_383,39,NA,NA,1,1,3,2015,1,418088,5215179,2,3,47.08503694,-124.0791448,8/5/2015,8/19/2015,14,14,4,NA,NA,NA,NA,NA,NA,NA,NA,NA,NA,NA,NA,NA,NA,NA,NA,0,NA,0,0,0,NA,0,0,NA,NA,65.18834896,-1.102984798,0.076906634,-2.070908499
39_381,39,NA,NA,1,1,1,2015,1,418924,5214410,3,1,47.07822143,-124.0679947,7/7/2015,7/21/2015,14,14,14,NA,NA,NA,NA,NA,NA,NA,NA,NA,NA,NA,NA,NA,NA,NA,NA,0,NA,0,0,0,NA,0,0,NA,NA,47.56231883,-1.226050051,0.076906634,0.398321749
39_381,39,NA,NA,1,1,2,2015,1,418924,5214410,3,2,47.07822143,-124.0679947,7/21/2015,8/5/2015,15,15,15,NA,NA,NA,NA,NA,NA,NA,NA,NA,NA,NA,NA,NA,NA,NA,NA,0,NA,0,0,0,NA,0,0,NA,NA,308.1378469,0.593292877,0.416650783,0.645244774
39_381,39,NA,NA,1,1,3,2015,1,418924,5214410,3,3,47.07822143,-124.0679947,8/5/2015,8/19/2015,14,14,14,NA,NA,NA,NA,NA,NA,NA,NA,NA,NA,NA,NA,NA,NA,NA,NA,1,NA,0,0,0,NA,0,0,NA,NA,65.18895262,-1.102980583,0.076906634,0.398321749
41_386,41,NA,NA,1,1,1,2015,1,435078,5215998,1,1,47.09429614,-123.855458,5/21/2015,6/5/2015,15,15,15,NA,NA,NA,NA,NA,NA,NA,NA,NA,NA,NA,NA,NA,NA,NA,NA,0,NA,1,0,0,NA,0,0,NA,NA,269.6807028,0.32478442,0.416650783,0.645244774
41_386,41,NA,NA,1,1,2,2015,1,435078,5215998,1,2,47.09429614,-123.855458,6/5/2015,6/19/2015,14,14,14,NA,NA,NA,NA,NA,NA,NA,NA,NA,NA,NA,NA,NA,NA,NA,NA,0,NA,0,0,0,NA,0,0,NA,NA,89.95738669,-0.93004694,0.076906634,0.398321749
41_386,41,NA,NA,1,1,3,2015,1,435078,5215998,1,3,47.09429614,-123.855458,6/19/2015,7/6/2015,17,17,17,NA,NA,NA,NA,NA,NA,NA,NA,NA,NA,NA,NA,NA,NA,NA,NA,0,NA,0,0,0,NA,0,0,NA,NA,248.4037089,0.176228073,1.096139082,1.139090824
41_384,41,NA,NA,1,1,1,2015,1,437848,5215250,2,1,47.08783264,-123.8188592,5/21/2015,6/5/2015,15,15,15,NA,NA,NA,NA,NA,NA,NA,NA,NA,NA,NA,NA,NA,NA,NA,NA,0,NA,0,0,0,NA,0,0,NA,NA,269.7030626,0.324940536,0.416650783,0.645244774
41_541,41,NA,NA,1,1,1,2015,1,436781,5215836,2,3,47.09300391,-123.8329978,6/19/2015,7/6/2015,17,17,17,NA,NA,NA,NA,NA,NA,NA,NA,NA,NA,NA,NA,NA,NA,NA,NA,0,NA,0,0,0,NA,1,0,NA,NA,248.4086185,0.176262352,1.096139082,1.139090824
41_385,41,NA,NA,1,1,1,2015,1,435901,5215556,3,1,47.09039966,-123.8445519,5/21/2015,6/5/2015,15,15,15,NA,NA,NA,NA,NA,NA,NA,NA,NA,NA,NA,NA,NA,NA,NA,NA,0,NA,0,0,0,NA,0,0,NA,NA,269.69683,0.32489702,0.416650783,0.645244774
41_385,41,NA,NA,1,1,2,2015,1,435901,5215556,3,2,47.09039966,-123.8445519,6/5/2015,6/19/2015,14,14,14,NA,NA,NA,NA,NA,NA,NA,NA,NA,NA,NA,NA,NA,NA,NA,NA,1,NA,0,0,0,NA,0,0,NA,NA,89.96676299,-0.929981475,0.076906634,0.398321749
41_385,41,NA,NA,1,1,3,2015,1,435901,5215556,3,3,47.09039966,-123.8445519,6/19/2015,7/6/2015,17,17,17,NA,NA,NA,NA,NA,NA,NA,NA,NA,NA,NA,NA,NA,NA,NA,NA,0,NA,0,0,0,NA,0,0,NA,NA,248.4195605,0.176338749,1.096139082,1.139090824
64_392,64,NA,NA,1,1,1,2015,1,459523,5224532,1,1,47.17303922,-123.5341405,8/5/2015,8/19/2015,14,14,14,NA,NA,NA,NA,NA,NA,NA,NA,NA,NA,NA,NA,NA,NA,NA,NA,0,NA,0,0,0,NA,0,0,NA,NA,65.19312184,-1.102951474,0.076906634,0.398321749
64_392,64,NA,NA,1,1,2,2015,1,459523,5224532,1,2,47.17303922,-123.5341405,8/19/2015,9/3/2015,15,15,15,NA,NA,NA,NA,NA,NA,NA,NA,NA,NA,NA,NA,NA,NA,NA,NA,0,NA,0,0,0,NA,0,0,NA,NA,341.0245607,0.822908492,0.416650783,0.645244774
64_392,64,NA,NA,1,1,3,2015,1,459523,5224532,1,3,47.17303922,-123.5341405,9/3/2015,9/18/2015,15,15,6,NA,NA,NA,NA,NA,NA,NA,NA,NA,NA,NA,NA,NA,NA,NA,NA,0,NA,0,0,0,NA,0,0,NA,NA,81.04817552,-0.992251209,0.416650783,-1.57706245
64_388,64,NA,NA,1,1,1,2015,1,459790,5221050,2,1,47.14172411,-123.5303054,8/5/2015,8/19/2015,14,14,14,NA,NA,NA,NA,NA,NA,NA,NA,NA,NA,NA,NA,NA,NA,NA,NA,0,NA,0,0,0,NA,0,0,NA,NA,65.1965121,-1.102927803,0.076906634,0.398321749
64_388,64,NA,NA,1,1,2,2015,1,459790,5221050,2,2,47.14172411,-123.5303054,8/19/2015,9/3/2015,15,15,15,NA,NA,NA,NA,NA,NA,NA,NA,NA,NA,NA,NA,NA,NA,NA,NA,0,NA,0,0,0,NA,0,0,NA,NA,341.0849634,0.823330225,0.416650783,0.645244774
64_388,64,NA,NA,1,1,3,2015,1,459790,5221050,2,3,47.14172411,-123.5303054,9/3/2015,9/18/2015,15,15,1,NA,NA,NA,NA,NA,NA,NA,NA,NA,NA,NA,NA,NA,NA,NA,NA,0,NA,0,0,0,NA,0,0,NA,NA,81.03616687,-0.992335054,0.416650783,-2.811677574
64_391,64,NA,NA,1,1,1,2015,1,458424,5223424,3,1,47.16300081,-123.5485397,8/5/2015,8/19/2015,14,14,14,NA,NA,NA,NA,NA,NA,NA,NA,NA,NA,NA,NA,NA,NA,NA,NA,0,NA,0,0,0,NA,0,0,NA,NA,65.1947044,-1.102940424,0.076906634,0.398321749
64_391,64,NA,NA,1,1,2,2015,1,458424,5223424,3,2,47.16300081,-123.5485397,8/19/2015,9/3/2015,15,15,15,NA,NA,NA,NA,NA,NA,NA,NA,NA,NA,NA,NA,NA,NA,NA,NA,0,NA,0,0,0,NA,0,0,NA,NA,341.0433143,0.82303943,0.416650783,0.645244774
64_391,64,NA,NA,1,1,3,2015,1,458424,5223424,3,3,47.16300081,-123.5485397,9/3/2015,9/18/2015,15,15,15,NA,NA,NA,NA,NA,NA,NA,NA,NA,NA,NA,NA,NA,NA,NA,NA,0,NA,0,0,0,NA,0,0,NA,NA,81.04366066,-0.992282732,0.416650783,0.645244774
83_395,83,NA,NA,1,1,1,2015,1,428831,5230152,1,1,47.22099969,-123.9400054,9/18/2015,10/2/2015,14,14,14,NA,NA,NA,NA,NA,NA,NA,NA,NA,NA,NA,NA,NA,NA,NA,NA,0,NA,0,0,0,NA,0,0,NA,NA,406.2384462,1.27823299,0.076906634,0.398321749
83_395,83,NA,NA,1,1,2,2015,1,428831,5230152,1,2,47.22099969,-123.9400054,10/2/2015,10/18/2015,16,16,16,NA,NA,NA,NA,NA,NA,NA,NA,NA,NA,NA,NA,NA,NA,NA,NA,0,NA,0,0,0,NA,0,0,NA,NA,97.45149413,-0.87772295,0.756394932,0.892167799
83_395,83,NA,NA,1,1,3,2015,1,428831,5230152,1,3,47.22099969,-123.9400054,10/18/2015,11/2/2015,15,15,15,NA,NA,NA,NA,NA,NA,NA,NA,NA,NA,NA,NA,NA,NA,NA,NA,0,NA,0,1,0,NA,0,1,NA,NA,477.0847087,1.772882843,0.416650783,0.645244774
83_396,83,NA,NA,1,1,1,2015,1,426109,5230397,2,1,47.22290341,-123.975993,9/18/2015,10/2/2015,14,14,14,NA,NA,NA,NA,NA,NA,NA,NA,NA,NA,NA,NA,NA,NA,NA,NA,1,NA,1,0,0,NA,0,0,NA,NA,406.2394602,1.27824007,0.076906634,0.398321749
83_396,83,NA,NA,1,1,2,2015,1,426109,5230397,2,2,47.22290341,-123.975993,10/2/2015,10/18/2015,16,16,16,NA,NA,NA,NA,NA,NA,NA,NA,NA,NA,NA,NA,NA,NA,NA,NA,0,NA,1,0,0,NA,0,0,NA,NA,97.45092579,-0.877726918,0.756394932,0.892167799
83_396,83,NA,NA,1,1,3,2015,1,426109,5230397,2,3,47.22290341,-123.975993,10/18/2015,11/2/2015,15,15,15,NA,NA,NA,NA,NA,NA,NA,NA,NA,NA,NA,NA,NA,NA,NA,NA,0,NA,1,0,0,NA,0,0,NA,NA,477.0893759,1.77291543,0.416650783,0.645244774
83_397,83,NA,NA,1,1,1,2015,1,425136,5231309,3,1,47.23099854,-123.9889956,9/18/2015,10/2/2015,14,14,14,NA,NA,NA,NA,NA,NA,NA,NA,NA,NA,NA,NA,NA,NA,NA,NA,0,NA,0,0,0,NA,0,0,NA,NA,406.2407644,1.278249176,0.076906634,0.398321749
83_397,83,NA,NA,1,1,2,2015,1,425136,5231309,3,2,47.23099854,-123.9889956,10/2/2015,10/18/2015,16,16,16,NA,NA,NA,NA,NA,NA,NA,NA,NA,NA,NA,NA,NA,NA,NA,NA,0,NA,0,0,0,NA,0,0,NA,NA,97.45495293,-0.877698801,0.756394932,0.892167799
83_397,83,NA,NA,1,1,3,2015,1,425136,5231309,3,3,47.23099854,-123.9889956,10/18/2015,11/2/2015,15,15,15,NA,NA,NA,NA,NA,NA,NA,NA,NA,NA,NA,NA,NA,NA,NA,NA,0,NA,0,0,0,NA,0,0,NA,NA,477.1097955,1.773058,0.416650783,0.645244774
87_393,87,NA,NA,1,1,1,2015,1,465628,5228841,1,1,47.21215965,-123.4539113,9/8/2015,9/22/2015,14,14,14,NA,NA,NA,NA,NA,NA,NA,NA,NA,NA,NA,NA,NA,NA,NA,NA,0,NA,0,0,0,NA,0,0,NA,NA,32.82094135,-1.328974608,0.076906634,0.398321749
87_393,87,NA,NA,1,1,2,2015,1,465628,5228841,1,2,47.21215965,-123.4539113,9/22/2015,10/6/2015,14,14,14,NA,NA,NA,NA,NA,NA,NA,NA,NA,NA,NA,NA,NA,NA,NA,NA,0,NA,0,0,0,NA,0,0,NA,NA,470.1426934,1.72441357,0.076906634,0.398321749
87_393,87,NA,NA,1,1,3,2015,1,465628,5228841,1,3,47.21215965,-123.4539113,10/6/2015,10/20/2015,14,14,14,NA,NA,NA,NA,NA,NA,NA,NA,NA,NA,NA,NA,NA,NA,NA,NA,1,NA,0,0,0,NA,0,0,NA,NA,33.59524603,-1.323568399,0.076906634,0.398321749
87_398,87,NA,NA,1,1,1,2015,1,464203,5231423,2,1,47.23531666,-123.4729356,9/8/2015,9/22/2015,14,14,14,NA,NA,NA,NA,NA,NA,NA,NA,NA,NA,NA,NA,NA,NA,NA,NA,0,NA,0,0,0,NA,0,0,NA,NA,32.81466038,-1.329018462,0.076906634,0.398321749
87_398,87,NA,NA,1,1,2,2015,1,464203,5231423,2,2,47.23531666,-123.4729356,9/22/2015,10/6/2015,14,14,14,NA,NA,NA,NA,NA,NA,NA,NA,NA,NA,NA,NA,NA,NA,NA,NA,0,NA,1,0,0,NA,0,0,NA,NA,470.1606033,1.724538617,0.076906634,0.398321749
87_398,87,NA,NA,1,1,3,2015,1,464203,5231423,2,3,47.23531666,-123.4729356,10/6/2015,10/20/2015,14,14,5,NA,NA,NA,NA,NA,NA,NA,NA,NA,NA,NA,NA,NA,NA,NA,NA,0,NA,0,0,0,NA,0,0,NA,NA,33.59685204,-1.323557186,0.076906634,-1.823985474
87_394,87,NA,NA,1,1,1,2015,1,461572,5229536,3,1,47.21818859,-123.5075318,9/8/2015,9/22/2015,14,14,2,NA,NA,NA,NA,NA,NA,NA,NA,NA,NA,NA,NA,NA,NA,NA,NA,0,NA,0,1,0,NA,0,1,NA,NA,32.82001293,-1.32898109,0.076906634,-2.564754549
87_394,87,NA,NA,1,1,2,2015,1,461572,5229536,3,2,47.21818859,-123.5075318,9/22/2015,10/6/2015,14,14,6,NA,NA,NA,NA,NA,NA,NA,NA,NA,NA,NA,NA,NA,NA,NA,NA,0,NA,0,0,0,NA,0,0,NA,NA,470.1460851,1.724437251,0.076906634,-1.57706245
87_394,87,NA,NA,1,1,3,2015,1,461572,5229536,3,3,47.21818859,-123.5075318,10/6/2015,10/20/2015,14,14,6,NA,NA,NA,NA,NA,NA,NA,NA,NA,NA,NA,NA,NA,NA,NA,NA,0,NA,0,1,0,NA,0,1,NA,NA,33.59533462,-1.323567781,0.076906634,-1.57706245
107_404,107,NA,NA,1,1,1,2015,1,432284,5240171,1,1,47.31150814,-123.8959236,9/22/2015,10/6/2015,14,14,3,NA,NA,NA,NA,NA,NA,NA,NA,NA,NA,NA,NA,NA,NA,NA,NA,0,NA,0,1,0,NA,0,1,NA,NA,470.2182456,1.724941077,0.076906634,-2.317831524
107_404,107,NA,NA,1,1,2,2015,1,432284,5240171,1,2,47.31150814,-123.8959236,10/6/2015,10/20/2015,14,14,14,NA,NA,NA,NA,NA,NA,NA,NA,NA,NA,NA,NA,NA,NA,NA,NA,0,NA,0,1,0,NA,0,1,NA,NA,33.59982683,-1.323536416,0.076906634,0.398321749
107_404,107,NA,NA,1,1,3,2015,1,432284,5240171,1,3,47.31150814,-123.8959236,10/20/2015,11/3/2015,14,14,14,NA,NA,NA,NA,NA,NA,NA,NA,NA,NA,NA,NA,NA,NA,NA,NA,0,NA,0,1,0,NA,0,1,NA,NA,523.5454506,2.097272562,0.076906634,0.398321749
107_399,107,NA,NA,1,1,1,2015,1,431426,5237089,2,1,47.28368958,-123.9067998,9/22/2015,10/6/2015,14,14,6,NA,NA,NA,NA,NA,NA,NA,NA,NA,NA,NA,NA,NA,NA,NA,NA,0,NA,0,1,0,NA,0,1,NA,NA,470.1917012,1.724755743,0.076906634,-1.57706245
107_399,107,NA,NA,1,1,2,2015,1,431426,5237089,2,2,47.28368958,-123.9067998,10/6/2015,10/20/2015,14,14,14,NA,NA,NA,NA,NA,NA,NA,NA,NA,NA,NA,NA,NA,NA,NA,NA,0,NA,1,0,0,NA,0,0,NA,NA,33.59672868,-1.323558047,0.076906634,0.398321749
107_399,107,NA,NA,1,1,3,2015,1,431426,5237089,2,3,47.28368958,-123.9067998,10/20/2015,11/3/2015,14,14,14,NA,NA,NA,NA,NA,NA,NA,NA,NA,NA,NA,NA,NA,NA,NA,NA,0,NA,0,0,0,NA,0,0,NA,NA,523.4722842,2.096761713,0.076906634,0.398321749
107_401,107,NA,NA,1,1,1,2015,1,433487,5237561,3,1,47.28814869,-123.8796196,9/22/2015,10/6/2015,14,14,6,NA,NA,NA,NA,NA,NA,NA,NA,NA,NA,NA,NA,NA,NA,NA,NA,1,NA,0,1,0,NA,0,1,NA,NA,470.1960274,1.724785949,0.076906634,-1.57706245
107_401,107,NA,NA,1,1,2,2015,1,433487,5237561,3,2,47.28814869,-123.8796196,10/6/2015,10/20/2015,14,14,6,NA,NA,NA,NA,NA,NA,NA,NA,NA,NA,NA,NA,NA,NA,NA,NA,0,NA,0,1,0,NA,0,1,NA,NA,33.59766,-1.323551545,0.076906634,-1.57706245
107_401,107,NA,NA,1,1,3,2015,1,433487,5237561,3,3,47.28814869,-123.8796196,10/20/2015,11/3/2015,14,14,14,NA,NA,NA,NA,NA,NA,NA,NA,NA,NA,NA,NA,NA,NA,NA,NA,0,NA,0,1,0,NA,0,1,NA,NA,523.4830883,2.096837147,0.076906634,0.398321749
108_403,108,NA,NA,1,1,1,2015,1,441554,5238015,1,1,47.29300271,-123.7730055,9/18/2015,10/2/2015,14,14,14,NA,NA,NA,NA,NA,NA,NA,NA,NA,NA,NA,NA,NA,NA,NA,NA,0,NA,0,1,0,NA,0,1,NA,NA,406.2302921,1.278176058,0.076906634,0.398321749
108_403,108,NA,NA,1,1,2,2015,1,441554,5238015,1,2,47.29300271,-123.7730055,10/2/2015,10/18/2015,16,16,16,NA,NA,NA,NA,NA,NA,NA,NA,NA,NA,NA,NA,NA,NA,NA,NA,0,NA,0,0,0,NA,0,0,NA,NA,97.51893995,-0.877252042,0.756394932,0.892167799
108_403,108,NA,NA,1,1,3,2015,1,441554,5238015,1,3,47.29300271,-123.7730055,10/18/2015,11/2/2015,15,15,15,NA,NA,NA,NA,NA,NA,NA,NA,NA,NA,NA,NA,NA,NA,NA,NA,0,NA,0,0,0,NA,0,0,NA,NA,477.231414,1.773907142,0.416650783,0.645244774
108_402,108,NA,NA,1,1,1,2015,1,440643,5237579,2,1,47.28899792,-123.7849951,9/18/2015,10/2/2015,14,14,14,NA,NA,NA,NA,NA,NA,NA,NA,NA,NA,NA,NA,NA,NA,NA,NA,0,NA,0,1,0,NA,0,1,NA,NA,406.2303592,1.278176526,0.076906634,0.398321749
108_402,108,NA,NA,1,1,2,2015,1,440643,5237579,2,2,47.28899792,-123.7849951,10/2/2015,10/18/2015,16,16,16,NA,NA,NA,NA,NA,NA,NA,NA,NA,NA,NA,NA,NA,NA,NA,NA,0,NA,0,1,0,NA,0,1,NA,NA,97.51384397,-0.877287622,0.756394932,0.892167799
108_402,108,NA,NA,1,1,3,2015,1,440643,5237579,2,3,47.28899792,-123.7849951,10/18/2015,11/2/2015,15,15,15,NA,NA,NA,NA,NA,NA,NA,NA,NA,NA,NA,NA,NA,NA,NA,NA,0,NA,0,1,0,NA,0,1,NA,NA,477.2208096,1.773833102,0.416650783,0.645244774
108_400,108,NA,NA,1,1,1,2015,1,439806,5237143,3,1,47.28499868,-123.7960045,9/18/2015,10/2/2015,14,14,14,NA,NA,NA,NA,NA,NA,NA,NA,NA,NA,NA,NA,NA,NA,NA,NA,0,NA,0,0,0,NA,0,0,NA,NA,406.2296572,1.278171625,0.076906634,0.398321749
108_400,108,NA,NA,1,1,2,2015,1,439806,5237143,3,2,47.28499868,-123.7960045,10/2/2015,10/18/2015,16,16,16,NA,NA,NA,NA,NA,NA,NA,NA,NA,NA,NA,NA,NA,NA,NA,NA,0,NA,1,1,0,NA,0,1,NA,NA,97.5126269,-0.87729612,0.756394932,0.892167799
108_400,108,NA,NA,1,1,3,2015,1,439806,5237143,3,3,47.28499868,-123.7960045,10/18/2015,11/2/2015,15,15,15,NA,NA,NA,NA,NA,NA,NA,NA,NA,NA,NA,NA,NA,NA,NA,NA,0,NA,0,1,0,NA,0,1,NA,NA,477.2134858,1.773781967,0.416650783,0.645244774
138_405,138,NA,NA,1,1,1,2015,2,454182,5246747,2,1,47.37257574,-123.6068983,9/20/2015,10/5/2015,15,15,15,NA,NA,NA,NA,NA,NA,NA,NA,NA,NA,NA,NA,NA,NA,NA,NA,0,NA,1,0,0,NA,0,0,NA,NA,443.217953,1.536424558,0.416650783,0.645244774
138_405,138,NA,NA,1,1,2,2015,2,454182,5246747,2,2,47.37257574,-123.6068983,10/5/2015,10/19/2015,14,14,14,NA,NA,NA,NA,NA,NA,NA,NA,NA,NA,NA,NA,NA,NA,NA,NA,0,NA,0,0,0,NA,0,0,NA,NA,40.14550461,-1.277834378,0.076906634,0.398321749
138_405,138,NA,NA,1,1,3,2015,2,454182,5246747,2,3,47.37257574,-123.6068983,10/19/2015,11/2/2015,14,14,14,NA,NA,NA,NA,NA,NA,NA,NA,NA,NA,NA,NA,NA,NA,NA,NA,0,NA,0,0,0,NA,0,0,NA,NA,507.5582634,1.985649739,0.076906634,0.398321749
139_406,139,NA,NA,1,1,1,2015,2,462289,5247383,1,1,47.37881659,-123.4995729,9/19/2015,10/4/2015,15,15,15,NA,NA,NA,NA,NA,NA,NA,NA,NA,NA,NA,NA,NA,NA,NA,NA,0,NA,0,0,0,NA,0,0,NA,NA,429.5601851,1.441065782,0.416650783,0.645244774
139_406,139,NA,NA,1,1,2,2015,2,462289,5247383,1,2,47.37881659,-123.4995729,10/4/2015,10/18/2015,14,14,14,NA,NA,NA,NA,NA,NA,NA,NA,NA,NA,NA,NA,NA,NA,NA,NA,1,NA,0,0,0,NA,0,0,NA,NA,55.14160466,-1.173131344,0.076906634,0.398321749
139_406,139,NA,NA,1,1,3,2015,2,462289,5247383,1,3,47.37881659,-123.4995729,10/18/2015,11/2/2015,15,15,15,NA,NA,NA,NA,NA,NA,NA,NA,NA,NA,NA,NA,NA,NA,NA,NA,0,NA,0,0,0,NA,0,0,NA,NA,477.4040079,1.775112196,0.416650783,0.645244774
139_407,139,NA,NA,1,1,1,2015,2,464865,5248536,2,1,47.38933476,-123.4655401,9/19/2015,10/5/2015,16,16,16,NA,NA,NA,NA,NA,NA,NA,NA,NA,NA,NA,NA,NA,NA,NA,NA,1,NA,1,0,0,NA,0,0,NA,NA,419.2834627,1.369313525,0.756394932,0.892167799
139_407,139,NA,NA,1,1,2,2015,2,464865,5248536,2,2,47.38933476,-123.4655401,10/5/2015,10/19/2015,14,14,14,NA,NA,NA,NA,NA,NA,NA,NA,NA,NA,NA,NA,NA,NA,NA,NA,0,NA,0,0,0,NA,0,0,NA,NA,40.15486214,-1.277769044,0.076906634,0.398321749
139_407,139,NA,NA,1,1,3,2015,2,464865,5248536,2,3,47.38933476,-123.4655401,10/19/2015,11/2/2015,14,14,14,NA,NA,NA,NA,NA,NA,NA,NA,NA,NA,NA,NA,NA,NA,NA,NA,0,NA,0,0,0,NA,0,0,NA,NA,507.5892458,1.985866059,0.076906634,0.398321749
171_408,171,NA,NA,1,1,1,2015,2,470079,5255098,2,1,47.44863862,-123.3968997,9/21/2015,10/6/2015,15,15,7,NA,NA,NA,NA,NA,NA,NA,NA,NA,NA,NA,NA,NA,NA,NA,NA,0,NA,0,1,0,NA,0,1,NA,NA,449.2707517,1.578685305,0.416650783,-1.330139425
171_408,171,NA,NA,1,1,2,2015,2,470079,5255098,2,2,47.44863862,-123.3968997,10/6/2015,10/20/2015,14,14,14,NA,NA,NA,NA,NA,NA,NA,NA,NA,NA,NA,NA,NA,NA,NA,NA,0,NA,0,1,0,NA,0,1,NA,NA,33.6191117,-1.323401769,0.076906634,0.398321749
171_408,171,NA,NA,1,1,3,2015,2,470079,5255098,2,3,47.44863862,-123.3968997,10/20/2015,11/3/2015,14,14,1,NA,NA,NA,NA,NA,NA,NA,NA,NA,NA,NA,NA,NA,NA,NA,NA,0,NA,0,1,0,NA,0,1,NA,NA,523.8805265,2.099612067,0.076906634,-2.811677574
201_413,201,NA,NA,1,1,1,2015,1,444174,5264013,1,1,47.52714469,-123.7416331,7/22/2015,8/5/2015,14,14,14,NA,NA,NA,NA,NA,NA,NA,NA,NA,NA,NA,NA,NA,NA,NA,NA,0,NA,0,0,0,NA,0,0,NA,NA,325.887284,0.71721976,0.076906634,0.398321749
201_413,201,NA,NA,1,1,2,2015,1,444174,5264013,1,2,47.52714469,-123.7416331,8/5/2015,8/20/2015,15,15,15,NA,NA,NA,NA,NA,NA,NA,NA,NA,NA,NA,NA,NA,NA,NA,NA,0,NA,0,0,0,NA,0,0,NA,NA,62.33192959,-1.122928368,0.416650783,0.645244774
201_413,201,NA,NA,1,1,3,2015,1,444174,5264013,1,3,47.52714469,-123.7416331,8/20/2015,9/3/2015,14,14,14,NA,NA,NA,NA,NA,NA,NA,NA,NA,NA,NA,NA,NA,NA,NA,NA,0,NA,0,0,0,NA,0,0,NA,NA,363.0351922,0.976587109,0.076906634,0.398321749
201_412,201,NA,NA,1,1,1,2015,1,446842,5263772,2,1,47.52520007,-123.7061632,7/22/2015,8/5/2015,14,14,14,NA,NA,NA,NA,NA,NA,NA,NA,NA,NA,NA,NA,NA,NA,NA,NA,0,NA,0,0,0,NA,0,0,NA,NA,325.8957883,0.717279137,0.076906634,0.398321749
201_412,201,NA,NA,1,1,2,2015,1,446842,5263772,2,2,47.52520007,-123.7061632,8/5/2015,8/20/2015,15,15,15,NA,NA,NA,NA,NA,NA,NA,NA,NA,NA,NA,NA,NA,NA,NA,NA,0,NA,0,0,0,NA,0,0,NA,NA,62.3319435,-1.122928271,0.416650783,0.645244774
201_412,201,NA,NA,1,1,3,2015,1,446842,5263772,2,3,47.52520007,-123.7061632,8/20/2015,9/3/2015,14,14,14,NA,NA,NA,NA,NA,NA,NA,NA,NA,NA,NA,NA,NA,NA,NA,NA,0,NA,0,0,0,NA,0,0,NA,NA,363.0403425,0.976623069,0.076906634,0.398321749
201_410,201,NA,NA,1,1,1,2015,1,446652,5262060,3,1,47.5097812,-123.7084796,7/22/2015,8/5/2015,14,14,14,NA,NA,NA,NA,NA,NA,NA,NA,NA,NA,NA,NA,NA,NA,NA,NA,0,NA,0,0,0,NA,0,0,NA,NA,325.9586132,0.717717782,0.076906634,0.398321749
201_410,201,NA,NA,1,1,2,2015,1,446652,5262060,3,2,47.5097812,-123.7084796,8/5/2015,8/20/2015,15,15,15,NA,NA,NA,NA,NA,NA,NA,NA,NA,NA,NA,NA,NA,NA,NA,NA,0,NA,0,0,0,NA,0,0,NA,NA,62.33441959,-1.122910983,0.416650783,0.645244774
201_410,201,NA,NA,1,1,3,2015,1,446652,5262060,3,3,47.5097812,-123.7084796,8/20/2015,9/3/2015,14,14,6,NA,NA,NA,NA,NA,NA,NA,NA,NA,NA,NA,NA,NA,NA,NA,NA,0,NA,0,1,0,NA,0,1,NA,NA,363.072867,0.976850155,0.076906634,-1.57706245
206_409,206,NA,NA,1,1,1,2015,2,492685,5260595,1,1,47.49874655,-123.0971251,9/18/2015,10/2/2015,14,14,14,NA,NA,NA,NA,NA,NA,NA,NA,NA,NA,NA,NA,NA,NA,NA,NA,0,NA,0,1,0,NA,0,1,NA,NA,406.1989396,1.277957154,0.076906634,0.398321749
206_409,206,NA,NA,1,1,2,2015,2,492685,5260595,1,2,47.49874655,-123.0971251,10/2/2015,10/16/2015,14,14,14,NA,NA,NA,NA,NA,NA,NA,NA,NA,NA,NA,NA,NA,NA,NA,NA,0,NA,0,1,0,NA,0,1,NA,NA,108.8434326,-0.798184235,0.076906634,0.398321749
206_409,206,NA,NA,1,1,3,2015,2,492685,5260595,1,3,47.49874655,-123.0971251,10/16/2015,10/30/2015,14,14,14,NA,NA,NA,NA,NA,NA,NA,NA,NA,NA,NA,NA,NA,NA,NA,NA,0,NA,0,1,0,NA,0,1,NA,NA,405.0814679,1.270154947,0.076906634,0.398321749
206_411,206,NA,NA,1,1,1,2015,2,489817,5263755,2,1,47.52714143,-123.135278,9/18/2015,10/2/2015,14,14,14,NA,NA,NA,NA,NA,NA,NA,NA,NA,NA,NA,NA,NA,NA,NA,NA,0,NA,0,1,0,NA,0,1,NA,NA,406.1966298,1.277941027,0.076906634,0.398321749
206_411,206,NA,NA,1,1,2,2015,2,489817,5263755,2,2,47.52714143,-123.135278,10/2/2015,10/16/2015,14,14,9,NA,NA,NA,NA,NA,NA,NA,NA,NA,NA,NA,NA,NA,NA,NA,NA,0,NA,0,1,0,NA,0,1,NA,NA,108.8666861,-0.798021878,0.076906634,-0.836293375
206_411,206,NA,NA,1,1,3,2015,2,489817,5263755,2,3,47.52714143,-123.135278,10/16/2015,10/30/2015,14,14,4,NA,NA,NA,NA,NA,NA,NA,NA,NA,NA,NA,NA,NA,NA,NA,NA,0,NA,0,1,0,NA,0,1,NA,NA,405.1277461,1.270478062,0.076906634,-2.070908499
233_416,233,NA,NA,1,1,1,2015,1,413146,5269089,1,1,47.56940285,-124.1547634,5/29/2015,6/12/2015,14,14,14,NA,NA,NA,NA,NA,NA,NA,NA,NA,NA,NA,NA,NA,NA,NA,NA,1,NA,0,0,0,NA,0,0,NA,NA,298.5995185,0.5266961,0.076906634,0.398321749
233_416,233,NA,NA,1,1,2,2015,1,413146,5269089,1,2,47.56940285,-124.1547634,6/12/2015,6/26/2015,14,14,14,NA,NA,NA,NA,NA,NA,NA,NA,NA,NA,NA,NA,NA,NA,NA,NA,0,NA,0,0,0,NA,0,0,NA,NA,37.3647548,-1.297249623,0.076906634,0.398321749
233_416,233,NA,NA,1,1,3,2015,1,413146,5269089,1,3,47.56940285,-124.1547634,6/26/2015,7/10/2015,14,14,14,NA,NA,NA,NA,NA,NA,NA,NA,NA,NA,NA,NA,NA,NA,NA,NA,0,NA,0,0,0,NA,0,0,NA,NA,319.0191054,0.669266016,0.076906634,0.398321749
233_419,233,NA,NA,1,1,1,2015,1,414894,5269398,2,1,47.57241425,-124.1315876,5/29/2015,6/12/2015,14,14,14,NA,NA,NA,NA,NA,NA,NA,NA,NA,NA,NA,NA,NA,NA,NA,NA,0,NA,0,0,0,NA,0,0,NA,NA,298.5850755,0.526595259,0.076906634,0.398321749
233_419,233,NA,NA,1,1,2,2015,1,414894,5269398,2,2,47.57241425,-124.1315876,6/12/2015,6/26/2015,14,14,14,NA,NA,NA,NA,NA,NA,NA,NA,NA,NA,NA,NA,NA,NA,NA,NA,0,NA,0,0,0,NA,0,0,NA,NA,37.36202216,-1.297268702,0.076906634,0.398321749
233_419,233,NA,NA,1,1,3,2015,1,414894,5269398,2,3,47.57241425,-124.1315876,6/26/2015,7/10/2015,14,14,14,NA,NA,NA,NA,NA,NA,NA,NA,NA,NA,NA,NA,NA,NA,NA,NA,0,NA,0,0,0,NA,0,0,NA,NA,319.0044369,0.6691636,0.076906634,0.398321749
233_424,233,NA,NA,1,1,1,2015,1,413925,5271495,3,1,47.59115114,-124.1448803,5/29/2015,6/12/2015,14,14,14,NA,NA,NA,NA,NA,NA,NA,NA,NA,NA,NA,NA,NA,NA,NA,NA,0,NA,0,0,0,NA,0,0,NA,NA,298.4888935,0.525923715,0.076906634,0.398321749
233_424,233,NA,NA,1,1,2,2015,1,413925,5271495,3,2,47.59115114,-124.1448803,6/12/2015,6/26/2015,14,14,14,NA,NA,NA,NA,NA,NA,NA,NA,NA,NA,NA,NA,NA,NA,NA,NA,0,NA,0,0,0,NA,0,0,NA,NA,37.348761,-1.297361292,0.076906634,0.398321749
233_424,233,NA,NA,1,1,3,2015,1,413925,5271495,3,3,47.59115114,-124.1448803,6/26/2015,7/10/2015,14,14,14,NA,NA,NA,NA,NA,NA,NA,NA,NA,NA,NA,NA,NA,NA,NA,NA,0,NA,0,0,0,NA,0,0,NA,NA,318.9065889,0.668480424,0.076906634,0.398321749
234_422,234,NA,NA,1,1,1,2015,2,423781,5271140,3,1,47.58919085,-124.0137468,5/28/2015,6/12/2015,15,15,15,NA,NA,NA,NA,NA,NA,NA,NA,NA,NA,NA,NA,NA,NA,NA,NA,0,NA,0,0,0,NA,0,0,NA,NA,297.1526619,0.516594122,0.416650783,0.645244774
234_422,234,NA,NA,1,1,2,2015,2,423781,5271140,3,2,47.58919085,-124.0137468,6/12/2015,6/26/2015,14,14,14,NA,NA,NA,NA,NA,NA,NA,NA,NA,NA,NA,NA,NA,NA,NA,NA,0,NA,0,0,0,NA,0,0,NA,NA,37.35135607,-1.297343173,0.076906634,0.398321749
234_422,234,NA,NA,1,1,3,2015,2,423781,5271140,3,3,47.58919085,-124.0137468,6/26/2015,7/10/2015,14,14,14,NA,NA,NA,NA,NA,NA,NA,NA,NA,NA,NA,NA,NA,NA,NA,NA,0,NA,0,0,0,NA,0,0,NA,NA,318.9192637,0.668568919,0.076906634,0.398321749
235_421,235,NA,NA,1,1,1,2015,1,430862,5270732,1,1,47.58631384,-123.9195152,5/28/2015,6/12/2015,15,15,15,NA,NA,NA,NA,NA,NA,NA,NA,NA,NA,NA,NA,NA,NA,NA,NA,0,NA,0,0,0,NA,0,0,NA,NA,297.1704491,0.516718313,0.416650783,0.645244774
235_421,235,NA,NA,1,1,2,2015,1,430862,5270732,1,2,47.58631384,-123.9195152,6/12/2015,6/26/2015,14,14,14,NA,NA,NA,NA,NA,NA,NA,NA,NA,NA,NA,NA,NA,NA,NA,NA,0,NA,0,0,0,NA,0,0,NA,NA,37.35382809,-1.297325913,0.076906634,0.398321749
235_421,235,NA,NA,1,1,3,2015,1,430862,5270732,1,3,47.58631384,-123.9195152,6/26/2015,7/10/2015,14,14,14,NA,NA,NA,NA,NA,NA,NA,NA,NA,NA,NA,NA,NA,NA,NA,NA,0,NA,0,0,0,NA,0,0,NA,NA,318.9342729,0.668673714,0.076906634,0.398321749
235_417,235,NA,NA,1,1,1,2015,1,431113,5269179,2,1,47.57236867,-123.9159337,5/28/2015,6/12/2015,15,15,15,NA,NA,NA,NA,NA,NA,NA,NA,NA,NA,NA,NA,NA,NA,NA,NA,0,NA,0,0,0,NA,0,0,NA,NA,297.2362952,0.517178051,0.416650783,0.645244774
235_417,235,NA,NA,1,1,2,2015,1,431113,5269179,2,2,47.57236867,-123.9159337,6/12/2015,6/26/2015,14,14,14,NA,NA,NA,NA,NA,NA,NA,NA,NA,NA,NA,NA,NA,NA,NA,NA,0,NA,0,0,0,NA,0,0,NA,NA,37.36419654,-1.29725352,0.076906634,0.398321749
235_417,235,NA,NA,1,1,3,2015,1,431113,5269179,2,3,47.57236867,-123.9159337,6/26/2015,7/10/2015,14,14,14,NA,NA,NA,NA,NA,NA,NA,NA,NA,NA,NA,NA,NA,NA,NA,NA,0,NA,0,0,0,NA,0,0,NA,NA,319.0045716,0.669164541,0.076906634,0.398321749
235_415,235,NA,NA,1,1,1,2015,1,433136,5267937,3,1,47.56140629,-123.8888498,5/28/2015,6/12/2015,15,15,15,NA,NA,NA,NA,NA,NA,NA,NA,NA,NA,NA,NA,NA,NA,NA,NA,0,NA,1,0,0,NA,0,0,NA,NA,297.2934217,0.517576909,0.416650783,0.645244774
235_415,235,NA,NA,1,1,2,2015,1,433136,5267937,3,2,47.56140629,-123.8888498,6/12/2015,6/26/2015,14,14,14,NA,NA,NA,NA,NA,NA,NA,NA,NA,NA,NA,NA,NA,NA,NA,NA,0,NA,1,0,0,NA,0,0,NA,NA,37.37204477,-1.297198724,0.076906634,0.398321749
235_415,235,NA,NA,1,1,3,2015,1,433136,5267937,3,3,47.56140629,-123.8888498,6/26/2015,7/10/2015,14,14,14,NA,NA,NA,NA,NA,NA,NA,NA,NA,NA,NA,NA,NA,NA,NA,NA,0,NA,1,0,0,NA,0,0,NA,NA,319.0620497,0.669565854,0.076906634,0.398321749
240_418,240,NA,NA,1,1,1,2015,2,480147,5269229,1,1,47.5761719,-123.2639872,7/22/2015,8/6/2015,15,15,15,NA,NA,NA,NA,NA,NA,NA,NA,NA,NA,NA,NA,NA,NA,NA,NA,0,NA,0,0,0,NA,0,0,NA,NA,323.2222797,0.698612653,0.416650783,0.645244774
240_418,240,NA,NA,1,1,2,2015,2,480147,5269229,1,2,47.5761719,-123.2639872,8/6/2015,8/20/2015,14,14,7,NA,NA,NA,NA,NA,NA,NA,NA,NA,NA,NA,NA,NA,NA,NA,NA,0,NA,0,0,0,NA,0,0,NA,NA,46.18414209,-1.235672505,0.076906634,-1.330139425
240_418,240,NA,NA,1,1,3,2015,2,480147,5269229,1,3,47.5761719,-123.2639872,8/20/2015,9/3/2015,14,14,14,NA,NA,NA,NA,NA,NA,NA,NA,NA,NA,NA,NA,NA,NA,NA,NA,0,NA,0,0,0,NA,0,0,NA,NA,362.9149116,0.975747308,0.076906634,0.398321749
240_414,240,NA,NA,1,1,1,2015,2,478800,5267223,2,1,47.55807978,-123.2818013,7/22/2015,8/6/2015,15,15,15,NA,NA,NA,NA,NA,NA,NA,NA,NA,NA,NA,NA,NA,NA,NA,NA,0,NA,0,0,0,NA,0,0,NA,NA,323.2889512,0.699078154,0.416650783,0.645244774
240_414,240,NA,NA,1,1,2,2015,2,478800,5267223,2,2,47.55807978,-123.2818013,8/6/2015,8/20/2015,14,14,14,NA,NA,NA,NA,NA,NA,NA,NA,NA,NA,NA,NA,NA,NA,NA,NA,0,NA,1,0,0,NA,0,0,NA,NA,46.18599262,-1.235659585,0.076906634,0.398321749
240_414,240,NA,NA,1,1,3,2015,2,478800,5267223,2,3,47.55807978,-123.2818013,8/20/2015,9/3/2015,14,14,14,NA,NA,NA,NA,NA,NA,NA,NA,NA,NA,NA,NA,NA,NA,NA,NA,0,NA,1,0,0,NA,0,0,NA,NA,362.9527775,0.976011688,0.076906634,0.398321749
242_420,242,NA,NA,1,1,1,2015,2,493727,5269990,1,1,47.58329271,-123.083424,9/17/2015,10/1/2015,14,14,14,NA,NA,NA,NA,NA,NA,NA,NA,NA,NA,NA,NA,NA,NA,NA,NA,0,NA,0,0,0,NA,0,0,NA,NA,369.8160614,1.023931258,0.076906634,0.398321749
242_420,242,NA,NA,1,1,2,2015,2,493727,5269990,1,2,47.58329271,-123.083424,10/1/2015,10/15/2015,14,14,14,NA,NA,NA,NA,NA,NA,NA,NA,NA,NA,NA,NA,NA,NA,NA,NA,0,NA,0,0,0,NA,0,0,NA,NA,146.1994188,-0.537364081,0.076906634,0.398321749
242_420,242,NA,NA,1,1,3,2015,2,493727,5269990,1,3,47.58329271,-123.083424,10/15/2015,10/29/2015,14,14,14,NA,NA,NA,NA,NA,NA,NA,NA,NA,NA,NA,NA,NA,NA,NA,NA,0,NA,0,0,0,NA,0,0,NA,NA,356.2497996,0.929211379,0.076906634,0.398321749
242_423,242,NA,NA,1,1,1,2015,2,495760,5271150,3,1,47.59374667,-123.0563985,9/17/2015,10/1/2015,14,14,14,NA,NA,NA,NA,NA,NA,NA,NA,NA,NA,NA,NA,NA,NA,NA,NA,0,NA,0,0,0,NA,0,0,NA,NA,369.8123093,1.02390506,0.076906634,0.398321749
242_423,242,NA,NA,1,1,2,2015,2,495760,5271150,3,2,47.59374667,-123.0563985,10/1/2015,10/15/2015,14,14,14,NA,NA,NA,NA,NA,NA,NA,NA,NA,NA,NA,NA,NA,NA,NA,NA,0,NA,0,0,0,NA,0,0,NA,NA,146.2133108,-0.537267087,0.076906634,0.398321749
242_423,242,NA,NA,1,1,3,2015,2,495760,5271150,3,3,47.59374667,-123.0563985,10/15/2015,10/29/2015,14,14,9,NA,NA,NA,NA,NA,NA,NA,NA,NA,NA,NA,NA,NA,NA,NA,NA,0,NA,0,0,0,NA,0,0,NA,NA,356.2583174,0.92927085,0.076906634,-0.836293375
269_427,269,NA,NA,1,1,1,2015,2,407930,5276755,2,1,47.63764522,-124.2257067,5/26/2015,6/10/2015,15,15,15,NA,NA,NA,NA,NA,NA,NA,NA,NA,NA,NA,NA,NA,NA,NA,NA,0,NA,0,0,0,NA,0,0,NA,NA,315.77426,0.646610448,0.416650783,0.645244774
269_427,269,NA,NA,1,1,2,2015,2,407930,5276755,2,2,47.63764522,-124.2257067,6/10/2015,6/24/2015,14,4,4,NA,NA,NA,NA,NA,NA,NA,NA,NA,NA,NA,NA,NA,NA,NA,NA,0,NA,0,0,0,NA,0,0,NA,NA,26.37700522,-1.373966284,-3.32053486,-2.070908499
269_542,269,NA,NA,1,1,1,2015,2,408130,5276779,2,3,47.63788953,-124.2230499,6/23/2015,7/8/2015,15,15,15,NA,NA,NA,NA,NA,NA,NA,NA,NA,NA,NA,NA,NA,NA,NA,NA,0,NA,0,0,0,NA,1,0,NA,NA,303.2037675,0.558843048,0.416650783,0.645244774
269_437,269,NA,NA,1,1,1,2015,2,409223,5279825,3,1,47.66544471,-124.2091347,5/26/2015,6/10/2015,15,15,15,NA,NA,NA,NA,NA,NA,NA,NA,NA,NA,NA,NA,NA,NA,NA,NA,0,NA,0,0,0,NA,0,0,NA,NA,315.6318649,0.645616243,0.416650783,0.645244774
269_437,269,NA,NA,1,1,2,2015,2,409223,5279825,3,2,47.66544471,-124.2091347,6/10/2015,6/24/2015,14,14,14,NA,NA,NA,NA,NA,NA,NA,NA,NA,NA,NA,NA,NA,NA,NA,NA,0,NA,0,0,0,NA,0,0,NA,NA,26.3618874,-1.374071837,0.076906634,0.398321749
269_437,269,NA,NA,1,1,3,2015,2,409223,5279825,3,3,47.66544471,-124.2091347,6/23/2015,7/8/2015,15,15,15,NA,NA,NA,NA,NA,NA,NA,NA,NA,NA,NA,NA,NA,NA,NA,NA,0,NA,0,0,0,NA,0,0,NA,NA,303.0629526,0.557859876,0.416650783,0.645244774
273_425,273,NA,NA,1,1,1,2015,1,446357,5275524,1,1,47.63089477,-123.7140417,7/24/2015,8/10/2015,17,17,17,NA,NA,NA,NA,NA,NA,NA,NA,NA,NA,NA,NA,NA,NA,NA,NA,0,NA,0,0,0,NA,0,0,NA,NA,309.6571674,0.6039008,1.096139082,1.139090824
273_425,273,NA,NA,1,1,2,2015,1,446357,5275524,1,2,47.63089477,-123.7140417,8/10/2015,8/21/2015,11,11,11,NA,NA,NA,NA,NA,NA,NA,NA,NA,NA,NA,NA,NA,NA,NA,NA,0,NA,0,0,0,NA,0,0,NA,NA,11.66576965,-1.47668039,-0.942325815,-0.342447325
273_425,273,NA,NA,1,1,3,2015,1,446357,5275524,1,3,47.63089477,-123.7140417,8/21/2015,9/8/2015,18,18,18,NA,NA,NA,NA,NA,NA,NA,NA,NA,NA,NA,NA,NA,NA,NA,NA,0,NA,1,0,0,NA,0,0,NA,NA,341.3599642,0.825250286,1.435883231,1.386013849
273_429,273,NA,NA,1,1,1,2015,1,446131,5277408,2,1,47.64782645,-123.7172817,7/24/2015,8/10/2015,17,17,17,NA,NA,NA,NA,NA,NA,NA,NA,NA,NA,NA,NA,NA,NA,NA,NA,0,NA,0,0,0,NA,0,0,NA,NA,309.6069993,0.603550525,1.096139082,1.139090824
273_429,273,NA,NA,1,1,2,2015,1,446131,5277408,2,2,47.64782645,-123.7172817,8/10/2015,8/21/2015,11,11,11,NA,NA,NA,NA,NA,NA,NA,NA,NA,NA,NA,NA,NA,NA,NA,NA,1,NA,0,0,0,NA,0,0,NA,NA,11.66281998,-1.476700984,-0.942325815,-0.342447325
273_429,273,NA,NA,1,1,3,2015,1,446131,5277408,2,3,47.64782645,-123.7172817,8/21/2015,9/8/2015,18,18,6,NA,NA,NA,NA,NA,NA,NA,NA,NA,NA,NA,NA,NA,NA,NA,NA,0,NA,1,0,0,NA,0,0,NA,NA,341.3394541,0.825107084,1.435883231,-1.57706245
273_432,273,NA,NA,1,1,1,2015,1,447172,5277896,3,1,47.65230284,-123.7034805,7/24/2015,8/10/2015,17,17,17,NA,NA,NA,NA,NA,NA,NA,NA,NA,NA,NA,NA,NA,NA,NA,NA,0,NA,0,0,0,NA,0,0,NA,NA,309.5926361,0.603450241,1.096139082,1.139090824
273_432,273,NA,NA,1,1,2,2015,1,447172,5277896,3,2,47.65230284,-123.7034805,8/10/2015,8/21/2015,11,11,11,NA,NA,NA,NA,NA,NA,NA,NA,NA,NA,NA,NA,NA,NA,NA,NA,0,NA,0,0,0,NA,0,0,NA,NA,11.66172682,-1.476708617,-0.942325815,-0.342447325
273_432,273,NA,NA,1,1,3,2015,1,447172,5277896,3,3,47.65230284,-123.7034805,8/21/2015,9/8/2015,18,18,7,NA,NA,NA,NA,NA,NA,NA,NA,NA,NA,NA,NA,NA,NA,NA,NA,0,NA,0,0,0,NA,0,0,NA,NA,341.3320544,0.825055419,1.435883231,-1.330139425
274_433,274,NA,NA,1,1,1,2015,1,452496,5278685,1,1,47.6598144,-123.6326743,7/22/2015,8/6/2015,15,15,15,NA,NA,NA,NA,NA,NA,NA,NA,NA,NA,NA,NA,NA,NA,NA,NA,0,NA,0,0,0,NA,0,0,NA,NA,322.9052464,0.696399121,0.416650783,0.645244774
274_433,274,NA,NA,1,1,2,2015,1,452496,5278685,1,2,47.6598144,-123.6326743,8/6/2015,8/21/2015,15,15,15,NA,NA,NA,NA,NA,NA,NA,NA,NA,NA,NA,NA,NA,NA,NA,NA,0,NA,0,0,0,NA,0,0,NA,NA,45.82120409,-1.238206545,0.416650783,0.645244774
274_433,274,NA,NA,1,1,3,2015,1,452496,5278685,1,3,47.6598144,-123.6326743,8/21/2015,9/4/2015,14,14,14,NA,NA,NA,NA,NA,NA,NA,NA,NA,NA,NA,NA,NA,NA,NA,NA,0,NA,0,0,0,NA,0,0,NA,NA,385.9595361,1.136645282,0.076906634,0.398321749
274_435,274,NA,NA,1,1,1,2015,1,453350,5279573,2,1,47.66786605,-123.621396,7/22/2015,8/6/2015,15,15,15,NA,NA,NA,NA,NA,NA,NA,NA,NA,NA,NA,NA,NA,NA,NA,NA,0,NA,0,0,0,NA,0,0,NA,NA,322.8718073,0.696165648,0.416650783,0.645244774
274_435,274,NA,NA,1,1,2,2015,1,453350,5279573,2,2,47.66786605,-123.621396,8/6/2015,8/21/2015,15,15,15,NA,NA,NA,NA,NA,NA,NA,NA,NA,NA,NA,NA,NA,NA,NA,NA,0,NA,0,0,0,NA,0,0,NA,NA,45.82102837,-1.238207772,0.416650783,0.645244774
274_435,274,NA,NA,1,1,3,2015,1,453350,5279573,2,3,47.66786605,-123.621396,8/21/2015,9/4/2015,14,14,11,NA,NA,NA,NA,NA,NA,NA,NA,NA,NA,NA,NA,NA,NA,NA,NA,0,NA,0,0,0,NA,0,0,NA,NA,385.9395459,1.13650571,0.076906634,-0.342447325
274_439,274,NA,NA,1,1,1,2015,1,454518,5280139,3,1,47.67304167,-123.6058976,7/22/2015,8/6/2015,15,15,15,NA,NA,NA,NA,NA,NA,NA,NA,NA,NA,NA,NA,NA,NA,NA,NA,0,NA,0,0,0,NA,0,0,NA,NA,322.8538199,0.69604006,0.416650783,0.645244774
274_439,274,NA,NA,1,1,2,2015,1,454518,5280139,3,2,47.67304167,-123.6058976,8/6/2015,8/21/2015,15,15,15,NA,NA,NA,NA,NA,NA,NA,NA,NA,NA,NA,NA,NA,NA,NA,NA,1,NA,0,0,0,NA,0,0,NA,NA,45.82018308,-1.238213673,0.416650783,0.645244774
274_439,274,NA,NA,1,1,3,2015,1,454518,5280139,3,3,47.67304167,-123.6058976,8/21/2015,9/4/2015,14,14,14,NA,NA,NA,NA,NA,NA,NA,NA,NA,NA,NA,NA,NA,NA,NA,NA,0,NA,0,0,0,NA,0,0,NA,NA,385.9336306,1.13646441,0.076906634,0.398321749
276_431,276,NA,NA,1,1,1,2015,1,475616,5277790,1,1,47.6530463,-123.3247119,7/25/2015,8/10/2015,16,16,16,NA,NA,NA,NA,NA,NA,NA,NA,NA,NA,NA,NA,NA,NA,NA,NA,0,NA,0,0,0,NA,0,0,NA,NA,321.4325808,0.686116944,0.756394932,0.892167799
276_431,276,NA,NA,1,1,2,2015,1,475616,5277790,1,2,47.6530463,-123.3247119,8/10/2015,8/24/2015,14,14,14,NA,NA,NA,NA,NA,NA,NA,NA,NA,NA,NA,NA,NA,NA,NA,NA,0,NA,0,0,0,NA,0,0,NA,NA,32.27396056,-1.332793638,0.076906634,0.398321749
276_431,276,NA,NA,1,1,3,2015,1,475616,5277790,1,3,47.6530463,-123.3247119,8/24/2015,9/7/2015,14,14,14,NA,NA,NA,NA,NA,NA,NA,NA,NA,NA,NA,NA,NA,NA,NA,NA,0,NA,0,0,0,NA,0,0,NA,NA,409.1296641,1.298419524,0.076906634,0.398321749
276_430,276,NA,NA,1,1,1,2015,1,473868,5277697,2,1,47.65214129,-123.3479834,7/25/2015,8/10/2015,16,16,16,NA,NA,NA,NA,NA,NA,NA,NA,NA,NA,NA,NA,NA,NA,NA,NA,0,NA,0,0,0,NA,0,0,NA,NA,321.4344914,0.686130283,0.756394932,0.892167799
276_430,276,NA,NA,1,1,2,2015,1,473868,5277697,2,2,47.65214129,-123.3479834,8/10/2015,8/24/2015,14,14,14,NA,NA,NA,NA,NA,NA,NA,NA,NA,NA,NA,NA,NA,NA,NA,NA,0,NA,0,0,0,NA,0,0,NA,NA,32.27544434,-1.332783278,0.076906634,0.398321749
276_430,276,NA,NA,1,1,3,2015,1,473868,5277697,2,3,47.65214129,-123.3479834,8/24/2015,9/7/2015,14,14,14,NA,NA,NA,NA,NA,NA,NA,NA,NA,NA,NA,NA,NA,NA,NA,NA,0,NA,0,0,0,NA,0,0,NA,NA,409.1312277,1.298430441,0.076906634,0.398321749
276_428,276,NA,NA,1,1,1,2015,1,472895,5277021,3,1,47.64601891,-123.360898,7/25/2015,8/10/2015,16,16,16,NA,NA,NA,NA,NA,NA,NA,NA,NA,NA,NA,NA,NA,NA,NA,NA,1,NA,0,0,0,NA,0,0,NA,NA,321.4526692,0.686257201,0.756394932,0.892167799
276_428,276,NA,NA,1,1,2,2015,1,472895,5277021,3,2,47.64601891,-123.360898,8/10/2015,8/24/2015,14,14,14,NA,NA,NA,NA,NA,NA,NA,NA,NA,NA,NA,NA,NA,NA,NA,NA,0,NA,0,0,0,NA,0,0,NA,NA,32.27750845,-1.332768866,0.076906634,0.398321749
276_428,276,NA,NA,1,1,3,2015,1,472895,5277021,3,3,47.64601891,-123.360898,8/24/2015,9/7/2015,14,14,14,NA,NA,NA,NA,NA,NA,NA,NA,NA,NA,NA,NA,NA,NA,NA,NA,0,NA,0,0,0,NA,0,0,NA,NA,409.1380735,1.298478239,0.076906634,0.398321749
277_434,277,NA,NA,1,1,1,2015,1,481104,5279239,1,1,47.66626743,-123.2516939,7/26/2015,8/10/2015,15,15,15,NA,NA,NA,NA,NA,NA,NA,NA,NA,NA,NA,NA,NA,NA,NA,NA,0,NA,0,0,0,NA,0,0,NA,NA,331.7926723,0.758451285,0.416650783,0.645244774
277_434,277,NA,NA,1,1,2,2015,1,481104,5279239,1,2,47.66626743,-123.2516939,8/10/2015,8/25/2015,15,15,15,NA,NA,NA,NA,NA,NA,NA,NA,NA,NA,NA,NA,NA,NA,NA,NA,0,NA,0,0,0,NA,0,0,NA,NA,44.4893472,-1.247505593,0.416650783,0.645244774
277_434,277,NA,NA,1,1,3,2015,1,481104,5279239,1,3,47.66626743,-123.2516939,8/25/2015,9/7/2015,13,13,13,NA,NA,NA,NA,NA,NA,NA,NA,NA,NA,NA,NA,NA,NA,NA,NA,0,NA,0,0,0,NA,0,0,NA,NA,423.9979258,1.402229989,-0.262837516,0.151398724
277_436,277,NA,NA,1,1,1,2015,1,482564,5279712,2,1,47.67056432,-123.2322658,7/26/2015,8/11/2015,16,16,16,NA,NA,NA,NA,NA,NA,NA,NA,NA,NA,NA,NA,NA,NA,NA,NA,0,NA,0,0,0,NA,0,0,NA,NA,313.0943362,0.627899173,0.756394932,0.892167799
277_436,277,NA,NA,1,1,2,2015,1,482564,5279712,2,2,47.67056432,-123.2322658,8/11/2015,8/25/2015,14,14,14,NA,NA,NA,NA,NA,NA,NA,NA,NA,NA,NA,NA,NA,NA,NA,NA,0,NA,0,0,0,NA,0,0,NA,NA,45.32337968,-1.241682363,0.076906634,0.398321749
277_436,277,NA,NA,1,1,3,2015,1,482564,5279712,2,3,47.67056432,-123.2322658,8/25/2015,9/7/2015,13,13,13,NA,NA,NA,NA,NA,NA,NA,NA,NA,NA,NA,NA,NA,NA,NA,NA,0,NA,0,0,0,NA,0,0,NA,NA,423.9903453,1.402177062,-0.262837516,0.151398724
277_438,277,NA,NA,1,1,1,2015,1,483559,5279983,3,1,47.67302875,-123.2190217,7/26/2015,8/11/2015,16,16,16,NA,NA,NA,NA,NA,NA,NA,NA,NA,NA,NA,NA,NA,NA,NA,NA,0,NA,0,0,0,NA,0,0,NA,NA,313.0860897,0.627841596,0.756394932,0.892167799
277_438,277,NA,NA,1,1,2,2015,1,483559,5279983,3,2,47.67302875,-123.2190217,8/11/2015,8/25/2015,14,14,8,NA,NA,NA,NA,NA,NA,NA,NA,NA,NA,NA,NA,NA,NA,NA,NA,0,NA,0,0,0,NA,0,0,NA,NA,45.32242223,-1.241689048,0.076906634,-1.0832164
277_438,277,NA,NA,1,1,3,2015,1,483559,5279983,3,3,47.67302875,-123.2190217,8/25/2015,9/7/2015,13,13,13,NA,NA,NA,NA,NA,NA,NA,NA,NA,NA,NA,NA,NA,NA,NA,NA,1,NA,0,0,0,NA,0,0,NA,NA,423.9866242,1.402151082,-0.262837516,0.151398724
279_426,279,NA,NA,1,1,1,2015,2,500473,5276149,1,1,47.63874032,-122.993703,9/22/2015,10/7/2015,15,15,15,NA,NA,NA,NA,NA,NA,NA,NA,NA,NA,NA,NA,NA,NA,NA,NA,0,NA,0,1,0,NA,0,1,NA,NA,447.6562646,1.567412928,0.416650783,0.645244774
279_426,279,NA,NA,1,1,2,2015,2,500473,5276149,1,2,47.63874032,-122.993703,10/7/2015,10/21/2015,14,14,9,NA,NA,NA,NA,NA,NA,NA,NA,NA,NA,NA,NA,NA,NA,NA,NA,0,NA,0,1,0,NA,0,1,NA,NA,35.87533681,-1.307648765,0.076906634,-0.836293375
279_426,279,NA,NA,1,1,3,2015,2,500473,5276149,1,3,47.63874032,-122.993703,10/21/2015,11/4/2015,14,14,10,NA,NA,NA,NA,NA,NA,NA,NA,NA,NA,NA,NA,NA,NA,NA,NA,0,NA,0,1,0,NA,0,1,NA,NA,530.3398504,2.144711181,0.076906634,-0.58937035
309_543,309,NA,NA,1,1,1,2015,2,395705,5286585,1,2,47.72421254,-124.3907573,6/10/2015,6/24/2015,14,14,14,NA,NA,NA,NA,NA,NA,NA,NA,NA,NA,NA,NA,NA,NA,NA,NA,0,NA,0,0,0,NA,1,0,NA,NA,26.32835514,-1.37430596,0.076906634,0.398321749
309_543,309,NA,NA,1,1,2,2015,2,395705,5286585,1,3,47.72421254,-124.3907573,6/24/2015,7/8/2015,14,14,11,NA,NA,NA,NA,NA,NA,NA,NA,NA,NA,NA,NA,NA,NA,NA,NA,0,NA,0,0,0,NA,1,0,NA,NA,318.2900179,0.664175514,0.076906634,-0.342447325
310_452,310,NA,NA,1,1,1,2015,1,402674,5287092,1,1,47.72986164,-124.2979656,9/10/2015,9/24/2015,14,14,14,NA,NA,NA,NA,NA,NA,NA,NA,NA,NA,NA,NA,NA,NA,NA,NA,0,NA,1,1,0,NA,0,1,NA,NA,65.84677696,-1.098387642,0.076906634,0.398321749
310_452,310,NA,NA,1,1,2,2015,1,402674,5287092,1,2,47.72986164,-124.2979656,9/24/2015,10/8/2015,14,14,9,NA,NA,NA,NA,NA,NA,NA,NA,NA,NA,NA,NA,NA,NA,NA,NA,0,NA,0,1,0,NA,0,1,NA,NA,446.5537183,1.55971493,0.076906634,-0.836293375
310_452,310,NA,NA,1,1,3,2015,1,402674,5287092,1,3,47.72986164,-124.2979656,10/8/2015,10/22/2015,14,14,7,NA,NA,NA,NA,NA,NA,NA,NA,NA,NA,NA,NA,NA,NA,NA,NA,1,NA,0,1,0,NA,0,1,NA,NA,47.34941869,-1.227536523,0.076906634,-1.330139425
310_443,310,NA,NA,1,1,1,2015,1,403918,5285143,2,1,47.71251607,-124.2809497,9/10/2015,9/24/2015,14,14,8,NA,NA,NA,NA,NA,NA,NA,NA,NA,NA,NA,NA,NA,NA,NA,NA,0,NA,0,1,0,NA,0,1,NA,NA,65.85661592,-1.098318946,0.076906634,-1.0832164
310_443,310,NA,NA,1,1,2,2015,1,403918,5285143,2,2,47.71251607,-124.2809497,9/24/2015,10/8/2015,14,14,3,NA,NA,NA,NA,NA,NA,NA,NA,NA,NA,NA,NA,NA,NA,NA,NA,0,NA,0,1,0,NA,0,1,NA,NA,446.5325932,1.559567434,0.076906634,-2.317831524
310_443,310,NA,NA,1,1,3,2015,1,403918,5285143,2,3,47.71251607,-124.2809497,10/8/2015,10/22/2015,14,14,7,NA,NA,NA,NA,NA,NA,NA,NA,NA,NA,NA,NA,NA,NA,NA,NA,0,NA,0,1,0,NA,0,1,NA,NA,47.3495678,-1.227535482,0.076906634,-1.330139425
310_453,310,NA,NA,1,1,1,2015,1,405886,5287092,3,1,47.73033807,-124.2551403,9/10/2015,9/24/2015,14,14,11,NA,NA,NA,NA,NA,NA,NA,NA,NA,NA,NA,NA,NA,NA,NA,NA,0,NA,0,1,0,NA,0,1,NA,NA,65.84469531,-1.098402176,0.076906634,-0.342447325
310_453,310,NA,NA,1,1,2,2015,1,405886,5287092,3,2,47.73033807,-124.2551403,9/24/2015,10/8/2015,14,14,14,NA,NA,NA,NA,NA,NA,NA,NA,NA,NA,NA,NA,NA,NA,NA,NA,0,NA,0,1,0,NA,0,1,NA,NA,446.5579546,1.559744508,0.076906634,0.398321749
310_453,310,NA,NA,1,1,3,2015,1,405886,5287092,3,3,47.73033807,-124.2551403,10/7/2015,10/22/2015,15,14,10,NA,NA,NA,NA,NA,NA,NA,NA,NA,NA,NA,NA,NA,NA,NA,NA,0,NA,0,1,0,NA,0,1,NA,NA,49.36812269,-1.213441897,0.076906634,-0.58937035
311_447,311,NA,NA,1,1,1,2015,1,413724,5285878,1,1,47.72051272,-124.150392,7/21/2015,8/4/2015,14,14,14,NA,NA,NA,NA,NA,NA,NA,NA,NA,NA,NA,NA,NA,NA,NA,NA,1,NA,0,0,0,NA,0,0,NA,NA,302.3507892,0.552887538,0.076906634,0.398321749
311_447,311,NA,NA,1,1,2,2015,1,413724,5285878,1,2,47.72051272,-124.150392,8/4/2015,8/18/2015,14,14,14,NA,NA,NA,NA,NA,NA,NA,NA,NA,NA,NA,NA,NA,NA,NA,NA,0,NA,0,0,0,NA,0,0,NA,NA,89.57986812,-0.932682781,0.076906634,0.398321749
311_447,311,NA,NA,1,1,3,2015,1,413724,5285878,1,3,47.72051272,-124.150392,8/18/2015,9/1/2015,14,0,14,NA,NA,NA,NA,NA,NA,NA,NA,NA,NA,NA,NA,NA,NA,NA,NA,0,NA,0,0,0,NA,0,0,NA,NA,297.1609734,0.516652153,-4.679511457,0.398321749
311_440,311,NA,NA,1,1,1,2015,1,413780,5284797,2,1,47.71079571,-124.1494316,7/21/2015,8/4/2015,14,14,10,NA,NA,NA,NA,NA,NA,NA,NA,NA,NA,NA,NA,NA,NA,NA,NA,0,NA,0,0,0,NA,0,0,NA,NA,302.3829334,0.55311197,0.076906634,-0.58937035
311_440,311,NA,NA,1,1,2,2015,1,413780,5284797,2,2,47.71079571,-124.1494316,8/4/2015,8/18/2015,14,14,14,NA,NA,NA,NA,NA,NA,NA,NA,NA,NA,NA,NA,NA,NA,NA,NA,0,NA,0,0,0,NA,0,0,NA,NA,89.58058092,-0.932677805,0.076906634,0.398321749
311_440,311,NA,NA,1,1,3,2015,1,413780,5284797,2,3,47.71079571,-124.1494316,8/18/2015,9/1/2015,14,14,14,NA,NA,NA,NA,NA,NA,NA,NA,NA,NA,NA,NA,NA,NA,NA,NA,0,NA,0,0,0,NA,0,0,NA,NA,297.1793138,0.516780206,0.076906634,0.398321749
311_454,311,NA,NA,1,1,1,2015,1,413655,5287406,3,1,47.73424907,-124.1516148,7/21/2015,8/4/2015,14,14,14,NA,NA,NA,NA,NA,NA,NA,NA,NA,NA,NA,NA,NA,NA,NA,NA,0,NA,1,0,0,NA,0,0,NA,NA,302.2928281,0.552482853,0.076906634,0.398321749
311_454,311,NA,NA,1,1,2,2015,1,413655,5287406,3,2,47.73424907,-124.1516148,8/4/2015,8/18/2015,14,0,14,NA,NA,NA,NA,NA,NA,NA,NA,NA,NA,NA,NA,NA,NA,NA,NA,0,NA,0,0,0,NA,0,0,NA,NA,89.57676664,-0.932704436,-4.679511457,0.398321749
311_454,311,NA,NA,1,1,3,2015,1,413655,5287406,3,3,47.73424907,-124.1516148,8/18/2015,9/1/2015,14,14,14,NA,NA,NA,NA,NA,NA,NA,NA,NA,NA,NA,NA,NA,NA,NA,NA,0,NA,0,0,0,NA,0,0,NA,NA,297.1317334,0.516447999,0.076906634,0.398321749
312_451,312,NA,NA,1,1,1,2015,2,421715,5286762,1,1,47.72948387,-124.0440192,5/27/2015,6/11/2015,15,15,15,NA,NA,NA,NA,NA,NA,NA,NA,NA,NA,NA,NA,NA,NA,NA,NA,0,NA,0,0,0,NA,0,0,NA,NA,308.4753613,0.595649409,0.416650783,0.645244774
312_451,312,NA,NA,1,1,2,2015,2,421715,5286762,1,2,47.72948387,-124.0440192,6/11/2015,6/25/2015,14,14,14,NA,NA,NA,NA,NA,NA,NA,NA,NA,NA,NA,NA,NA,NA,NA,NA,0,NA,0,0,0,NA,0,0,NA,NA,29.26781105,-1.353782627,0.076906634,0.398321749
312_451,312,NA,NA,1,1,3,2015,2,421715,5286762,1,3,47.72948387,-124.0440192,6/25/2015,7/9/2015,14,14,2,NA,NA,NA,NA,NA,NA,NA,NA,NA,NA,NA,NA,NA,NA,NA,NA,0,NA,0,0,0,NA,0,0,NA,NA,321.3843566,0.685780241,0.076906634,-2.564754549
312_441,312,NA,NA,1,1,1,2015,2,423429,5284950,2,1,47.71338842,-124.0208464,5/27/2015,6/11/2015,15,15,15,NA,NA,NA,NA,NA,NA,NA,NA,NA,NA,NA,NA,NA,NA,NA,NA,1,NA,0,0,0,NA,0,0,NA,NA,308.5579401,0.596225975,0.416650783,0.645244774
312_441,312,NA,NA,1,1,2,2015,2,423429,5284950,2,2,47.71338842,-124.0208464,6/11/2015,6/25/2015,14,14,14,NA,NA,NA,NA,NA,NA,NA,NA,NA,NA,NA,NA,NA,NA,NA,NA,1,NA,0,0,0,NA,0,0,NA,NA,29.27831517,-1.353709287,0.076906634,0.398321749
312_441,312,NA,NA,1,1,3,2015,2,423429,5284950,2,3,47.71338842,-124.0208464,6/25/2015,7/9/2015,14,14,14,NA,NA,NA,NA,NA,NA,NA,NA,NA,NA,NA,NA,NA,NA,NA,NA,0,NA,0,0,0,NA,0,0,NA,NA,321.4727726,0.686397563,0.076906634,0.398321749
313_445,313,NA,NA,1,1,1,2015,2,429257,5285510,1,1,47.71909127,-123.9432496,5/27/2015,6/11/2015,15,15,15,NA,NA,NA,NA,NA,NA,NA,NA,NA,NA,NA,NA,NA,NA,NA,NA,0,NA,0,0,0,NA,0,0,NA,NA,308.5295204,0.596027549,0.416650783,0.645244774
313_445,313,NA,NA,1,1,2,2015,2,429257,5285510,1,2,47.71909127,-123.9432496,6/11/2015,6/25/2015,14,14,10,NA,NA,NA,NA,NA,NA,NA,NA,NA,NA,NA,NA,NA,NA,NA,NA,1,NA,0,0,0,NA,0,0,NA,NA,29.27511955,-1.353731598,0.076906634,-0.58937035
313_445,313,NA,NA,1,1,3,2015,2,429257,5285510,1,3,47.71909127,-123.9432496,6/25/2015,7/9/2015,14,14,14,NA,NA,NA,NA,NA,NA,NA,NA,NA,NA,NA,NA,NA,NA,NA,NA,0,NA,0,0,0,NA,0,0,NA,NA,321.4419297,0.686182218,0.076906634,0.398321749
313_442,313,NA,NA,1,1,1,2015,2,432305,5285114,2,1,47.71585548,-123.902553,5/27/2015,6/11/2015,15,15,15,NA,NA,NA,NA,NA,NA,NA,NA,NA,NA,NA,NA,NA,NA,NA,NA,0,NA,0,0,0,NA,0,0,NA,NA,308.5467268,0.596147684,0.416650783,0.645244774
313_442,313,NA,NA,1,1,2,2015,2,432305,5285114,2,2,47.71585548,-123.902553,6/11/2015,6/25/2015,14,14,14,NA,NA,NA,NA,NA,NA,NA,NA,NA,NA,NA,NA,NA,NA,NA,NA,0,NA,0,0,0,NA,0,0,NA,NA,29.2773431,-1.353716074,0.076906634,0.398321749
313_442,313,NA,NA,1,1,3,2015,2,432305,5285114,2,3,47.71585548,-123.902553,6/25/2015,7/9/2015,14,14,14,NA,NA,NA,NA,NA,NA,NA,NA,NA,NA,NA,NA,NA,NA,NA,NA,0,NA,0,0,0,NA,0,0,NA,NA,321.4588141,0.686300105,0.076906634,0.398321749
315_444,315,NA,NA,1,1,1,2015,1,451739,5285250,1,1,47.71882438,-123.6434818,7/25/2015,8/8/2015,14,14,14,NA,NA,NA,NA,NA,NA,NA,NA,NA,NA,NA,NA,NA,NA,NA,NA,0,NA,0,0,0,NA,0,0,NA,NA,354.7802807,0.918951172,0.076906634,0.398321749
315_444,315,NA,NA,1,1,2,2015,1,451739,5285250,1,2,47.71882438,-123.6434818,8/8/2015,8/23/2015,15,15,15,NA,NA,NA,NA,NA,NA,NA,NA,NA,NA,NA,NA,NA,NA,NA,NA,0,NA,0,0,0,NA,0,0,NA,NA,31.4198623,-1.338756967,0.416650783,0.645244774
315_444,315,NA,NA,1,1,3,2015,1,451739,5285250,1,3,47.71882438,-123.6434818,8/23/2015,9/6/2015,14,14,14,NA,NA,NA,NA,NA,NA,NA,NA,NA,NA,NA,NA,NA,NA,NA,NA,0,NA,0,0,0,NA,0,0,NA,NA,409.4618562,1.300738895,0.076906634,0.398321749
315_446,315,NA,NA,1,1,1,2015,1,450944,5285542,2,1,47.72139159,-123.654114,7/25/2015,8/8/2015,14,14,14,NA,NA,NA,NA,NA,NA,NA,NA,NA,NA,NA,NA,NA,NA,NA,NA,0,NA,0,0,0,NA,0,0,NA,NA,354.7738298,0.918906132,0.076906634,0.398321749
315_446,315,NA,NA,1,1,2,2015,1,450944,5285542,2,2,47.72139159,-123.654114,8/8/2015,8/23/2015,15,15,15,NA,NA,NA,NA,NA,NA,NA,NA,NA,NA,NA,NA,NA,NA,NA,NA,0,NA,0,0,0,NA,0,0,NA,NA,31.4188543,-1.338764005,0.416650783,0.645244774
315_446,315,NA,NA,1,1,3,2015,1,450944,5285542,2,3,47.72139159,-123.654114,8/23/2015,9/6/2015,14,14,14,NA,NA,NA,NA,NA,NA,NA,NA,NA,NA,NA,NA,NA,NA,NA,NA,0,NA,0,0,0,NA,0,0,NA,NA,409.4623636,1.300742438,0.076906634,0.398321749
315_449,315,NA,NA,1,1,1,2015,1,450294,5286243,3,1,47.72764878,-123.6628605,7/25/2015,8/8/2015,14,14,14,NA,NA,NA,NA,NA,NA,NA,NA,NA,NA,NA,NA,NA,NA,NA,NA,0,NA,0,0,0,NA,0,0,NA,NA,354.7497011,0.918737665,0.076906634,0.398321749
315_449,315,NA,NA,1,1,2,2015,1,450294,5286243,3,2,47.72764878,-123.6628605,8/8/2015,8/23/2015,15,15,15,NA,NA,NA,NA,NA,NA,NA,NA,NA,NA,NA,NA,NA,NA,NA,NA,0,NA,0,0,0,NA,0,0,NA,NA,31.41704339,-1.338776648,0.416650783,0.645244774
315_449,315,NA,NA,1,1,3,2015,1,450294,5286243,3,3,47.72764878,-123.6628605,8/23/2015,9/6/2015,14,14,14,NA,NA,NA,NA,NA,NA,NA,NA,NA,NA,NA,NA,NA,NA,NA,NA,0,NA,0,0,0,NA,0,0,NA,NA,409.44906,1.300649552,0.076906634,0.398321749
320_448,320,NA,NA,1,1,1,2015,1,498478,5286079,1,1,47.72808572,-123.0202969,9/23/2015,10/7/2015,14,14,14,NA,NA,NA,NA,NA,NA,NA,NA,NA,NA,NA,NA,NA,NA,NA,NA,0,NA,0,0,0,NA,0,0,NA,NA,463.6197373,1.678870175,0.076906634,0.398321749
320_448,320,NA,NA,1,1,2,2015,1,498478,5286079,1,2,47.72808572,-123.0202969,10/7/2015,10/21/2015,14,14,14,NA,NA,NA,NA,NA,NA,NA,NA,NA,NA,NA,NA,NA,NA,NA,NA,0,NA,0,0,0,NA,0,0,NA,NA,35.8735229,-1.30766143,0.076906634,0.398321749
320_448,320,NA,NA,1,1,3,2015,1,498478,5286079,1,3,47.72808572,-123.0202969,10/21/2015,11/4/2015,14,14,14,NA,NA,NA,NA,NA,NA,NA,NA,NA,NA,NA,NA,NA,NA,NA,NA,0,NA,0,0,0,NA,0,0,NA,NA,530.6069562,2.146576118,0.076906634,0.398321749
320_450,320,NA,NA,1,1,1,2015,1,493626,5286304,2,1,47.7300805,-123.0850051,9/23/2015,10/7/2015,14,14,14,NA,NA,NA,NA,NA,NA,NA,NA,NA,NA,NA,NA,NA,NA,NA,NA,0,NA,0,0,0,NA,0,0,NA,NA,463.6171836,1.678852346,0.076906634,0.398321749
320_450,320,NA,NA,1,1,2,2015,1,493626,5286304,2,2,47.7300805,-123.0850051,10/7/2015,10/21/2015,14,14,5,NA,NA,NA,NA,NA,NA,NA,NA,NA,NA,NA,NA,NA,NA,NA,NA,0,NA,0,1,0,NA,0,1,NA,NA,35.87349044,-1.307661657,0.076906634,-1.823985474
320_450,320,NA,NA,1,1,3,2015,1,493626,5286304,2,3,47.7300805,-123.0850051,10/21/2015,11/4/2015,14,14,14,NA,NA,NA,NA,NA,NA,NA,NA,NA,NA,NA,NA,NA,NA,NA,NA,0,NA,0,1,0,NA,0,1,NA,NA,530.6171099,2.146647011,0.076906634,0.398321749
320_455,320,NA,NA,1,1,1,2015,1,495942,5287659,3,1,47.74229096,-123.054131,9/23/2015,10/7/2015,14,14,14,NA,NA,NA,NA,NA,NA,NA,NA,NA,NA,NA,NA,NA,NA,NA,NA,0,NA,0,1,0,NA,0,1,NA,NA,463.6322222,1.678957345,0.076906634,0.398321749
320_455,320,NA,NA,1,1,2,2015,1,495942,5287659,3,2,47.74229096,-123.054131,10/7/2015,10/21/2015,14,14,14,NA,NA,NA,NA,NA,NA,NA,NA,NA,NA,NA,NA,NA,NA,NA,NA,0,NA,0,1,0,NA,0,1,NA,NA,35.87315235,-1.307664017,0.076906634,0.398321749
320_455,320,NA,NA,1,1,3,2015,1,495942,5287659,3,3,47.74229096,-123.054131,10/21/2015,11/4/2015,14,14,14,NA,NA,NA,NA,NA,NA,NA,NA,NA,NA,NA,NA,NA,NA,NA,NA,0,NA,0,0,0,NA,0,0,NA,NA,530.647823,2.146861451,0.076906634,0.398321749
354_468,354,NA,NA,1,1,1,2015,1,408303,5294261,1,1,47.79517483,-124.2244266,7/9/2015,7/23/2015,14,14,14,NA,NA,NA,NA,NA,NA,NA,NA,NA,NA,NA,NA,NA,NA,NA,NA,0,NA,0,0,0,NA,0,0,NA,NA,26.6425932,-1.372111944,0.076906634,0.398321749
354_468,354,NA,NA,1,1,2,2015,1,408303,5294261,1,2,47.79517483,-124.2244266,7/23/2015,8/6/2015,14,14,14,NA,NA,NA,NA,NA,NA,NA,NA,NA,NA,NA,NA,NA,NA,NA,NA,0,NA,0,0,0,NA,0,0,NA,NA,341.4282566,0.825727104,0.076906634,0.398321749
354_468,354,NA,NA,1,1,3,2015,1,408303,5294261,1,3,47.79517483,-124.2244266,8/6/2015,8/20/2015,14,14,14,NA,NA,NA,NA,NA,NA,NA,NA,NA,NA,NA,NA,NA,NA,NA,NA,0,NA,0,0,0,NA,0,0,NA,NA,46.15090508,-1.235904567,0.076906634,0.398321749
354_473,354,NA,NA,1,1,1,2015,1,410109,5295088,2,1,47.80286881,-124.200488,7/9/2015,7/23/2015,14,14,14,NA,NA,NA,NA,NA,NA,NA,NA,NA,NA,NA,NA,NA,NA,NA,NA,0,NA,0,0,0,NA,0,0,NA,NA,26.63924373,-1.37213533,0.076906634,0.398321749
354_473,354,NA,NA,1,1,2,2015,1,410109,5295088,2,2,47.80286881,-124.200488,7/23/2015,8/6/2015,14,14,14,NA,NA,NA,NA,NA,NA,NA,NA,NA,NA,NA,NA,NA,NA,NA,NA,0,NA,0,0,0,NA,0,0,NA,NA,341.3992436,0.825524535,0.076906634,0.398321749
354_473,354,NA,NA,1,1,3,2015,1,410109,5295088,2,3,47.80286881,-124.200488,8/6/2015,8/20/2015,14,14,5,NA,NA,NA,NA,NA,NA,NA,NA,NA,NA,NA,NA,NA,NA,NA,NA,0,NA,0,0,0,NA,0,0,NA,NA,46.15069352,-1.235906044,0.076906634,-1.823985474
354_461,354,NA,NA,1,1,1,2015,1,411581,5293106,3,1,47.78524342,-124.18043,7/9/2015,7/23/2015,14,14,14,NA,NA,NA,NA,NA,NA,NA,NA,NA,NA,NA,NA,NA,NA,NA,NA,0,NA,1,0,0,NA,0,0,NA,NA,26.64627798,-1.372086217,0.076906634,0.398321749
354_461,354,NA,NA,1,1,2,2015,1,411581,5293106,3,2,47.78524342,-124.18043,7/23/2015,8/6/2015,14,14,10,NA,NA,NA,NA,NA,NA,NA,NA,NA,NA,NA,NA,NA,NA,NA,NA,0,NA,1,0,0,NA,0,0,NA,NA,341.4637143,0.825974671,0.076906634,-0.58937035
354_461,354,NA,NA,1,1,3,2015,1,411581,5293106,3,3,47.78524342,-124.18043,8/6/2015,8/20/2015,14,14,14,NA,NA,NA,NA,NA,NA,NA,NA,NA,NA,NA,NA,NA,NA,NA,NA,0,NA,0,0,0,NA,0,0,NA,NA,46.15233156,-1.235894607,0.076906634,0.398321749
355_457,355,NA,NA,1,1,1,2015,1,416649,5291802,1,1,47.77418867,-124.1125334,9/21/2015,10/5/2015,14,14,10,NA,NA,NA,NA,NA,NA,NA,NA,NA,NA,NA,NA,NA,NA,NA,NA,0,NA,0,1,0,NA,0,1,NA,NA,468.0738644,1.709968969,0.076906634,-0.58937035
355_457,355,NA,NA,1,1,2,2015,1,416649,5291802,1,2,47.77418867,-124.1125334,10/5/2015,10/19/2015,14,14,3,NA,NA,NA,NA,NA,NA,NA,NA,NA,NA,NA,NA,NA,NA,NA,NA,0,NA,0,1,1,NA,0,1,NA,NA,40.23641844,-1.277199617,0.076906634,-2.317831524
355_457,355,NA,NA,1,1,3,2015,1,416649,5291802,1,3,47.77418867,-124.1125334,10/19/2015,11/2/2015,14,14,2,NA,NA,NA,NA,NA,NA,NA,NA,NA,NA,NA,NA,NA,NA,NA,NA,0,NA,0,1,0,NA,0,1,NA,NA,508.6070347,1.992972279,0.076906634,-2.564754549
355_457,355,NA,NA,1,1,4,2015,1,416649,5291802,1,4,47.77418867,-124.1125334,11/2/2015,11/20/2015,18,18,3,NA,NA,NA,NA,NA,NA,NA,NA,NA,NA,NA,NA,NA,NA,NA,NA,0,NA,0,1,0,NA,0,1,NA,NA,86.37260941,-0.955075918,1.435883231,-2.317831524
355_458,355,NA,NA,1,1,1,2015,1,418339,5292331,2,1,47.77916391,-124.0900797,9/21/2015,10/5/2015,14,14,14,NA,NA,NA,NA,NA,NA,NA,NA,NA,NA,NA,NA,NA,NA,NA,NA,0,NA,0,0,0,NA,0,0,NA,NA,468.0797506,1.710010067,0.076906634,0.398321749
355_458,355,NA,NA,1,1,2,2015,1,418339,5292331,2,2,47.77916391,-124.0900797,10/5/2015,10/19/2015,14,14,14,NA,NA,NA,NA,NA,NA,NA,NA,NA,NA,NA,NA,NA,NA,NA,NA,0,NA,0,0,0,NA,0,0,NA,NA,40.23723719,-1.2771939,0.076906634,0.398321749
355_458,355,NA,NA,1,1,3,2015,1,418339,5292331,2,3,47.77916391,-124.0900797,10/19/2015,11/2/2015,14,14,8,NA,NA,NA,NA,NA,NA,NA,NA,NA,NA,NA,NA,NA,NA,NA,NA,0,NA,1,0,0,NA,0,0,NA,NA,508.6186051,1.993053063,0.076906634,-1.0832164
355_469,355,NA,NA,1,1,1,2015,1,418690,5294269,3,1,47.79664237,-124.0857582,9/21/2015,10/5/2015,14,14,14,NA,NA,NA,NA,NA,NA,NA,NA,NA,NA,NA,NA,NA,NA,NA,NA,0,NA,0,1,0,NA,0,1,NA,NA,468.0894678,1.710077913,0.076906634,0.398321749
355_469,355,NA,NA,1,1,2,2015,1,418690,5294269,3,2,47.79664237,-124.0857582,10/5/2015,10/19/2015,14,14,14,NA,NA,NA,NA,NA,NA,NA,NA,NA,NA,NA,NA,NA,NA,NA,NA,0,NA,0,1,0,NA,0,1,NA,NA,40.24291267,-1.277154274,0.076906634,0.398321749
355_469,355,NA,NA,1,1,3,2015,1,418690,5294269,3,3,47.79664237,-124.0857582,10/19/2015,11/2/2015,14,14,14,NA,NA,NA,NA,NA,NA,NA,NA,NA,NA,NA,NA,NA,NA,NA,NA,0,NA,1,1,0,NA,0,1,NA,NA,508.6628577,1.993362036,0.076906634,0.398321749
356_472,356,NA,NA,1,1,1,2015,2,425763,5294654,1,1,47.80096035,-123.9913914,9/20/2015,10/5/2015,15,15,15,NA,NA,NA,NA,NA,NA,NA,NA,NA,NA,NA,NA,NA,NA,NA,NA,0,NA,0,0,0,NA,0,0,NA,NA,443.4734015,1.538208104,0.416650783,0.645244774
356_472,356,NA,NA,1,1,2,2015,2,425763,5294654,1,2,47.80096035,-123.9913914,10/5/2015,10/19/2015,14,14,14,NA,NA,NA,NA,NA,NA,NA,NA,NA,NA,NA,NA,NA,NA,NA,NA,0,NA,0,0,0,NA,0,0,NA,NA,40.24685907,-1.27712672,0.076906634,0.398321749
356_472,356,NA,NA,1,1,3,2015,2,425763,5294654,1,3,47.80096035,-123.9913914,10/19/2015,11/2/2015,14,14,14,NA,NA,NA,NA,NA,NA,NA,NA,NA,NA,NA,NA,NA,NA,NA,NA,0,NA,0,1,0,NA,0,1,NA,NA,508.6648319,1.99337582,0.076906634,0.398321749
356_465,356,NA,NA,1,1,1,2015,2,429286,5293847,3,1,47.79409701,-123.944219,9/20/2015,10/5/2015,15,15,15,NA,NA,NA,NA,NA,NA,NA,NA,NA,NA,NA,NA,NA,NA,NA,NA,1,NA,0,0,0,NA,0,0,NA,NA,443.4693983,1.538180154,0.416650783,0.645244774
356_465,356,NA,NA,1,1,2,2015,2,429286,5293847,3,2,47.79409701,-123.944219,10/5/2015,10/19/2015,14,14,14,NA,NA,NA,NA,NA,NA,NA,NA,NA,NA,NA,NA,NA,NA,NA,NA,0,NA,0,0,0,NA,0,0,NA,NA,40.24626046,-1.277130899,0.076906634,0.398321749
356_465,356,NA,NA,1,1,3,2015,2,429286,5293847,3,3,47.79409701,-123.944219,10/19/2015,11/2/2015,14,14,14,NA,NA,NA,NA,NA,NA,NA,NA,NA,NA,NA,NA,NA,NA,NA,NA,0,NA,1,0,0,NA,0,0,NA,NA,508.6448063,1.993236001,0.076906634,0.398321749
361_474,361,NA,NA,1,1,1,2015,1,474074,5295816,1,1,47.81517424,-123.3463195,7/24/2015,8/7/2015,14,14,14,NA,NA,NA,NA,NA,NA,NA,NA,NA,NA,NA,NA,NA,NA,NA,NA,0,NA,0,0,0,NA,0,0,NA,NA,351.4008975,0.895356259,0.076906634,0.398321749
361_474,361,NA,NA,1,1,2,2015,1,474074,5295816,1,2,47.81517424,-123.3463195,8/7/2015,8/22/2015,15,15,15,NA,NA,NA,NA,NA,NA,NA,NA,NA,NA,NA,NA,NA,NA,NA,NA,0,NA,0,0,0,NA,0,0,NA,NA,35.33336719,-1.311432807,0.416650783,0.645244774
361_474,361,NA,NA,1,1,3,2015,1,474074,5295816,1,3,47.81517424,-123.3463195,8/22/2015,9/4/2015,13,13,13,NA,NA,NA,NA,NA,NA,NA,NA,NA,NA,NA,NA,NA,NA,NA,NA,0,NA,1,0,0,NA,0,0,NA,NA,410.1600295,1.305613554,-0.262837516,0.151398724
361_462,361,NA,NA,1,1,1,2015,1,473850,5293566,2,1,47.79492119,-123.3491759,7/24/2015,8/8/2015,15,15,15,NA,NA,NA,NA,NA,NA,NA,NA,NA,NA,NA,NA,NA,NA,NA,NA,0,NA,0,0,0,NA,0,0,NA,NA,338.870516,0.807868914,0.416650783,0.645244774
361_462,361,NA,NA,1,1,2,2015,1,473850,5293566,2,2,47.79492119,-123.3491759,8/8/2015,8/22/2015,14,14,14,NA,NA,NA,NA,NA,NA,NA,NA,NA,NA,NA,NA,NA,NA,NA,NA,0,NA,0,0,0,NA,0,0,NA,NA,26.26610743,-1.374740574,0.076906634,0.398321749
361_462,361,NA,NA,1,1,3,2015,1,473850,5293566,2,3,47.79492119,-123.3491759,8/22/2015,9/5/2015,14,14,14,NA,NA,NA,NA,NA,NA,NA,NA,NA,NA,NA,NA,NA,NA,NA,NA,0,NA,0,0,0,NA,0,0,NA,NA,401.4692949,1.244934692,0.076906634,0.398321749
361_471,361,NA,NA,1,1,1,2015,1,475086,5294612,3,1,47.80438143,-123.3327322,7/25/2015,8/8/2015,14,14,14,NA,NA,NA,NA,NA,NA,NA,NA,NA,NA,NA,NA,NA,NA,NA,NA,0,NA,0,0,0,NA,0,0,NA,NA,354.4787573,0.91684593,0.076906634,0.398321749
361_471,361,NA,NA,1,1,2,2015,1,475086,5294612,3,2,47.80438143,-123.3327322,8/8/2015,8/22/2015,14,14,14,NA,NA,NA,NA,NA,NA,NA,NA,NA,NA,NA,NA,NA,NA,NA,NA,0,NA,0,0,0,NA,0,0,NA,NA,26.26455693,-1.3747514,0.076906634,0.398321749
361_471,361,NA,NA,1,1,3,2015,1,475086,5294612,3,3,47.80438143,-123.3327322,8/22/2015,9/5/2015,14,14,14,NA,NA,NA,NA,NA,NA,NA,NA,NA,NA,NA,NA,NA,NA,NA,NA,1,NA,0,0,0,NA,0,0,NA,NA,401.452824,1.244819691,0.076906634,0.398321749
362_467,362,NA,NA,1,1,1,2015,1,480014,5294211,1,1,47.80094537,-123.2669,7/25/2015,8/8/2015,14,14,14,NA,NA,NA,NA,NA,NA,NA,NA,NA,NA,NA,NA,NA,NA,NA,NA,0,NA,0,0,0,NA,0,0,NA,NA,354.4893095,0.916919606,0.076906634,0.398321749
362_467,362,NA,NA,1,1,2,2015,1,480014,5294211,1,2,47.80094537,-123.2669,8/8/2015,8/22/2015,14,14,14,NA,NA,NA,NA,NA,NA,NA,NA,NA,NA,NA,NA,NA,NA,NA,NA,0,NA,0,0,0,NA,0,0,NA,NA,26.26593766,-1.374741759,0.076906634,0.398321749
362_467,362,NA,NA,1,1,3,2015,1,480014,5294211,1,3,47.80094537,-123.2669,8/22/2015,9/5/2015,14,14,14,NA,NA,NA,NA,NA,NA,NA,NA,NA,NA,NA,NA,NA,NA,NA,NA,0,NA,0,0,0,NA,0,0,NA,NA,401.4556429,1.244839373,0.076906634,0.398321749
362_460,362,NA,NA,1,1,1,2015,1,480351,5293094,2,1,47.79090564,-123.262349,7/25/2015,8/8/2015,14,14,14,NA,NA,NA,NA,NA,NA,NA,NA,NA,NA,NA,NA,NA,NA,NA,NA,0,NA,0,0,0,NA,0,0,NA,NA,354.5267949,0.91718133,0.076906634,0.398321749
362_460,362,NA,NA,1,1,2,2015,1,480351,5293094,2,2,47.79090564,-123.262349,8/8/2015,8/22/2015,14,14,14,NA,NA,NA,NA,NA,NA,NA,NA,NA,NA,NA,NA,NA,NA,NA,NA,0,NA,0,0,0,NA,0,0,NA,NA,26.26904079,-1.374720093,0.076906634,0.398321749
362_460,362,NA,NA,1,1,3,2015,1,480351,5293094,2,3,47.79090564,-123.262349,8/22/2015,9/5/2015,14,14,14,NA,NA,NA,NA,NA,NA,NA,NA,NA,NA,NA,NA,NA,NA,NA,NA,0,NA,0,0,0,NA,0,0,NA,NA,401.4735686,1.244964531,0.076906634,0.398321749
362_456,362,NA,NA,1,1,1,2015,1,480538,5291578,3,1,47.77727121,-123.2597843,7/25/2015,8/8/2015,14,14,14,NA,NA,NA,NA,NA,NA,NA,NA,NA,NA,NA,NA,NA,NA,NA,NA,0,NA,0,0,0,NA,0,0,NA,NA,354.5775189,0.917535485,0.076906634,0.398321749
362_456,362,NA,NA,1,1,2,2015,1,480538,5291578,3,2,47.77727121,-123.2597843,8/8/2015,8/22/2015,14,14,14,NA,NA,NA,NA,NA,NA,NA,NA,NA,NA,NA,NA,NA,NA,NA,NA,0,NA,0,0,0,NA,0,0,NA,NA,26.27103371,-1.374706179,0.076906634,0.398321749
362_456,362,NA,NA,1,1,3,2015,1,480538,5291578,3,3,47.77727121,-123.2597843,8/22/2015,9/5/2015,14,14,14,NA,NA,NA,NA,NA,NA,NA,NA,NA,NA,NA,NA,NA,NA,NA,NA,0,NA,0,0,0,NA,0,0,NA,NA,401.4957748,1.245119575,0.076906634,0.398321749
363_466,363,NA,NA,1,1,1,2015,1,493989,5293896,1,1,47.79839338,-123.080269,5/30/2015,6/14/2015,15,15,15,NA,NA,NA,NA,NA,NA,NA,NA,NA,NA,NA,NA,NA,NA,NA,NA,0,NA,0,0,0,NA,0,0,NA,NA,257.6688813,0.24091767,0.416650783,0.645244774
363_466,363,NA,NA,1,1,2,2015,1,493989,5293896,1,2,47.79839338,-123.080269,6/14/2015,6/28/2015,14,14,14,NA,NA,NA,NA,NA,NA,NA,NA,NA,NA,NA,NA,NA,NA,NA,NA,0,NA,0,0,0,NA,0,0,NA,NA,67.75313706,-1.085077402,0.076906634,0.398321749
363_466,363,NA,NA,1,1,3,2015,1,493989,5293896,1,3,47.79839338,-123.080269,6/28/2015,7/12/2015,14,14,14,NA,NA,NA,NA,NA,NA,NA,NA,NA,NA,NA,NA,NA,NA,NA,NA,0,NA,0,0,0,NA,0,0,NA,NA,293.1362517,0.488551475,0.076906634,0.398321749
363_463,363,NA,NA,1,1,1,2015,1,493019,5293717,2,1,47.79677304,-123.0932192,5/30/2015,6/14/2015,15,15,15,NA,NA,NA,NA,NA,NA,NA,NA,NA,NA,NA,NA,NA,NA,NA,NA,0,NA,0,0,0,NA,0,0,NA,NA,257.6747612,0.240958724,0.416650783,0.645244774
363_463,363,NA,NA,1,1,2,2015,1,493019,5293717,2,2,47.79677304,-123.0932192,6/14/2015,6/28/2015,14,14,14,NA,NA,NA,NA,NA,NA,NA,NA,NA,NA,NA,NA,NA,NA,NA,NA,0,NA,0,0,0,NA,0,0,NA,NA,67.75560555,-1.085060167,0.076906634,0.398321749
363_463,363,NA,NA,1,1,3,2015,1,493019,5293717,2,3,47.79677304,-123.0932192,6/28/2015,7/12/2015,14,14,14,NA,NA,NA,NA,NA,NA,NA,NA,NA,NA,NA,NA,NA,NA,NA,NA,0,NA,0,0,0,NA,0,0,NA,NA,293.1443799,0.488608226,0.076906634,0.398321749
363_464,363,NA,NA,1,1,1,2015,1,492381,5293737,3,1,47.79694575,-123.1017389,5/31/2015,6/14/2015,14,14,14,NA,NA,NA,NA,NA,NA,NA,NA,NA,NA,NA,NA,NA,NA,NA,NA,0,NA,0,0,0,NA,0,0,NA,NA,248.4726651,0.176709527,0.076906634,0.398321749
363_464,363,NA,NA,1,1,2,2015,1,492381,5293737,3,2,47.79694575,-123.1017389,6/14/2015,6/28/2015,14,14,14,NA,NA,NA,NA,NA,NA,NA,NA,NA,NA,NA,NA,NA,NA,NA,NA,0,NA,0,0,0,NA,0,0,NA,NA,67.75481136,-1.085065712,0.076906634,0.398321749
363_464,363,NA,NA,1,1,3,2015,1,492381,5293737,3,3,47.79694575,-123.1017389,6/28/2015,7/12/2015,14,14,14,NA,NA,NA,NA,NA,NA,NA,NA,NA,NA,NA,NA,NA,NA,NA,NA,0,NA,0,0,0,NA,0,0,NA,NA,293.1424556,0.488594791,0.076906634,0.398321749
364_459,364,NA,NA,1,1,1,2015,2,501079,5292512,1,1,47.78596798,-122.9855948,5/31/2015,6/15/2015,15,0,2,NA,NA,NA,NA,NA,NA,NA,NA,NA,NA,NA,NA,NA,NA,NA,NA,0,NA,0,0,0,NA,0,0,NA,NA,232.0346241,0.061938835,-4.679511457,-2.564754549
364_459,364,NA,NA,1,1,2,2015,2,501079,5292512,1,2,47.78596798,-122.9855948,6/15/2015,6/29/2015,14,14,14,NA,NA,NA,NA,NA,NA,NA,NA,NA,NA,NA,NA,NA,NA,NA,NA,0,NA,0,0,0,NA,0,0,NA,NA,90.21426462,-0.928253414,0.076906634,0.398321749
364_459,364,NA,NA,1,1,3,2015,2,501079,5292512,1,3,47.78596798,-122.9855948,6/29/2015,7/13/2015,14,14,14,NA,NA,NA,NA,NA,NA,NA,NA,NA,NA,NA,NA,NA,NA,NA,NA,0,NA,0,0,0,NA,0,0,NA,NA,271.9588343,0.340690374,0.076906634,0.398321749
364_470,364,NA,NA,1,1,1,2015,2,501901,5294530,2,1,47.80412305,-122.9746118,5/31/2015,6/15/2015,15,15,15,NA,NA,NA,NA,NA,NA,NA,NA,NA,NA,NA,NA,NA,NA,NA,NA,0,NA,0,0,0,NA,0,0,NA,NA,231.9581667,0.061405008,0.416650783,0.645244774
364_470,364,NA,NA,1,1,2,2015,2,501901,5294530,2,2,47.80412305,-122.9746118,6/15/2015,6/29/2015,14,14,14,NA,NA,NA,NA,NA,NA,NA,NA,NA,NA,NA,NA,NA,NA,NA,NA,0,NA,0,0,0,NA,0,0,NA,NA,90.18189455,-0.928479422,0.076906634,0.398321749
364_470,364,NA,NA,1,1,3,2015,2,501901,5294530,2,3,47.80412305,-122.9746118,6/29/2015,7/13/2015,14,14,14,NA,NA,NA,NA,NA,NA,NA,NA,NA,NA,NA,NA,NA,NA,NA,NA,0,NA,0,0,0,NA,0,0,NA,NA,271.8835388,0.340164659,0.076906634,0.398321749
400_491,400,NA,NA,1,1,1,2015,2,385893,5303231,1,1,47.87227202,-124.5259317,9/23/2015,10/6/2015,13,13,8,NA,NA,NA,NA,NA,NA,NA,NA,NA,NA,NA,NA,NA,NA,NA,NA,0,NA,0,1,0,NA,0,1,NA,NA,489.6148548,1.860368544,-0.262837516,-1.0832164
400_491,400,NA,NA,1,1,2,2015,2,385893,5303231,1,2,47.87227202,-124.5259317,10/6/2015,10/20/2015,14,14,1,NA,NA,NA,NA,NA,NA,NA,NA,NA,NA,NA,NA,NA,NA,NA,NA,0,NA,0,1,0,NA,0,1,NA,NA,33.64826018,-1.323198254,0.076906634,-2.811677574
400_480,400,NA,NA,1,1,1,2015,2,386326,5300834,3,1,47.85078964,-124.5195131,9/23/2015,10/6/2015,13,13,9,NA,NA,NA,NA,NA,NA,NA,NA,NA,NA,NA,NA,NA,NA,NA,NA,0,NA,0,1,0,NA,0,1,NA,NA,489.5871376,1.860175022,-0.262837516,-0.836293375
400_480,400,NA,NA,1,2,1,2015,2,386335,5300983,3,2,47.85213137,-124.519432,10/6/2015,10/20/2015,14,14,3,NA,NA,NA,NA,NA,NA,NA,NA,NA,NA,NA,NA,NA,NA,NA,NA,0,NA,0,1,0,NA,1,1,NA,NA,33.6460203,-1.323213892,0.076906634,-2.317831524
400_480,400,NA,NA,1,2,2,2015,2,386335,5300983,3,3,47.85213137,-124.519432,10/20/2015,11/3/2015,14,14,1,NA,NA,NA,NA,NA,NA,NA,NA,NA,NA,NA,NA,NA,NA,NA,NA,0,NA,0,1,1,NA,1,1,NA,NA,525.0900981,2.108057318,0.076906634,-2.811677574
401_545,401,NA,NA,1,1,1,2015,2,394942,5301658,2,2,47.85966765,-124.404578,10/6/2015,10/20/2015,14,14,2,NA,NA,NA,NA,NA,NA,NA,NA,NA,NA,NA,NA,NA,NA,NA,NA,0,NA,0,1,0,NA,1,1,NA,NA,33.64803977,-1.323199792,0.076906634,-2.564754549
401_545,401,NA,NA,1,1,2,2015,2,394942,5301658,2,3,47.85966765,-124.404578,10/20/2015,11/3/2015,14,14,9,NA,NA,NA,NA,NA,NA,NA,NA,NA,NA,NA,NA,NA,NA,NA,NA,0,NA,0,1,0,NA,1,1,NA,NA,525.1017408,2.108138607,0.076906634,-0.836293375
404_484,404,NA,NA,1,1,1,2015,2,422375,5301512,3,1,47.86225511,-124.0378582,5/26/2015,6/10/2015,15,15,15,NA,NA,NA,NA,NA,NA,NA,NA,NA,NA,NA,NA,NA,NA,NA,NA,0,NA,0,0,0,NA,0,0,NA,NA,314.6166154,0.638527753,0.416650783,0.645244774
404_484,404,NA,NA,1,1,2,2015,2,422375,5301512,3,2,47.86225511,-124.0378582,6/10/2015,6/24/2015,14,14,14,NA,NA,NA,NA,NA,NA,NA,NA,NA,NA,NA,NA,NA,NA,NA,NA,0,NA,0,0,0,NA,0,0,NA,NA,26.25739517,-1.374801403,0.076906634,0.398321749
404_484,404,NA,NA,1,1,3,2015,2,422375,5301512,3,3,47.86225511,-124.0378582,6/24/2015,7/8/2015,14,14,14,NA,NA,NA,NA,NA,NA,NA,NA,NA,NA,NA,NA,NA,NA,NA,NA,0,NA,0,0,0,NA,0,0,NA,NA,317.5511674,0.659016847,0.076906634,0.398321749
406_488,406,NA,NA,1,1,1,2015,2,438460,5302016,3,1,47.86853184,-123.822897,5/27/2015,6/11/2015,15,15,2,NA,NA,NA,NA,NA,NA,NA,NA,NA,NA,NA,NA,NA,NA,NA,NA,0,NA,1,0,0,NA,0,0,NA,NA,307.7639416,0.590682264,0.416650783,-2.564754549
406_546,406,NA,NA,1,1,1,2015,2,438611,5302056,3,2,47.86890616,-123.8208837,6/10/2015,6/25/2015,15,15,15,NA,NA,NA,NA,NA,NA,NA,NA,NA,NA,NA,NA,NA,NA,NA,NA,0,NA,1,0,0,NA,1,0,NA,NA,32.41889578,-1.331781697,0.416650783,0.645244774
406_489,406,NA,NA,1,1,1,2015,2,438818,5302255,3,3,47.87071621,-123.8181442,6/25/2015,7/9/2015,14,14,14,NA,NA,NA,NA,NA,NA,NA,NA,NA,NA,NA,NA,NA,NA,NA,NA,0,NA,1,0,0,NA,0,0,NA,NA,320.641603,0.680594323,0.076906634,0.398321749
407_490,407,NA,NA,1,1,1,2015,2,448289,5302682,1,1,47.87539037,-123.6915567,5/28/2015,6/12/2015,15,15,15,NA,NA,NA,NA,NA,NA,NA,NA,NA,NA,NA,NA,NA,NA,NA,NA,0,NA,0,0,0,NA,0,0,NA,NA,295.7198584,0.506590263,0.416650783,0.645244774
407_490,407,NA,NA,1,1,2,2015,2,448289,5302682,1,2,47.87539037,-123.6915567,6/12/2015,6/26/2015,14,14,14,NA,NA,NA,NA,NA,NA,NA,NA,NA,NA,NA,NA,NA,NA,NA,NA,0,NA,0,0,0,NA,0,0,NA,NA,37.13822087,-1.298831287,0.076906634,0.398321749
407_490,407,NA,NA,1,1,3,2015,2,448289,5302682,1,3,47.87539037,-123.6915567,6/26/2015,7/10/2015,14,14,5,NA,NA,NA,NA,NA,NA,NA,NA,NA,NA,NA,NA,NA,NA,NA,NA,0,NA,0,0,0,NA,0,0,NA,NA,317.451698,0.65832235,0.076906634,-1.823985474
407_486,407,NA,NA,1,1,1,2015,2,448386,5301706,2,1,47.86661736,-123.6901429,5/28/2015,6/12/2015,15,15,15,NA,NA,NA,NA,NA,NA,NA,NA,NA,NA,NA,NA,NA,NA,NA,NA,1,NA,0,0,0,NA,0,0,NA,NA,295.7689613,0.5069331,0.416650783,0.645244774
407_486,407,NA,NA,1,1,2,2015,2,448386,5301706,2,2,47.86661736,-123.6901429,6/12/2015,6/26/2015,14,14,14,NA,NA,NA,NA,NA,NA,NA,NA,NA,NA,NA,NA,NA,NA,NA,NA,0,NA,0,0,0,NA,0,0,NA,NA,37.14491392,-1.298784556,0.076906634,0.398321749
407_486,407,NA,NA,1,1,3,2015,2,448386,5301706,2,3,47.86661736,-123.6901429,6/26/2015,7/10/2015,14,0,0,NA,NA,NA,NA,NA,NA,NA,NA,NA,NA,NA,NA,NA,NA,NA,NA,0,NA,0,0,0,NA,0,0,NA,NA,317.4988529,0.658651586,-4.679511457,-3.058600599
407_479,407,NA,NA,1,1,1,2015,2,448004,5300828,3,1,47.85868741,-123.6951447,5/28/2015,6/12/2015,15,15,2,NA,NA,NA,NA,NA,NA,NA,NA,NA,NA,NA,NA,NA,NA,NA,NA,0,NA,0,0,0,NA,0,0,NA,NA,295.8073857,0.50720138,0.416650783,-2.564754549
407_479,407,NA,NA,1,1,2,2015,2,448004,5300828,3,2,47.85868741,-123.6951447,6/12/2015,6/26/2015,14,14,14,NA,NA,NA,NA,NA,NA,NA,NA,NA,NA,NA,NA,NA,NA,NA,NA,0,NA,0,0,0,NA,0,0,NA,NA,37.15145879,-1.298738859,0.076906634,0.398321749
407_479,407,NA,NA,1,1,3,2015,2,448004,5300828,3,3,47.85868741,-123.6951447,6/26/2015,7/10/2015,14,14,3,NA,NA,NA,NA,NA,NA,NA,NA,NA,NA,NA,NA,NA,NA,NA,NA,0,NA,0,0,0,NA,0,0,NA,NA,317.5394131,0.658934778,0.076906634,-2.317831524
409_483,409,NA,NA,1,1,1,2015,1,465859,5301204,1,1,47.86326742,-123.4564773,5/21/2015,6/4/2015,14,14,14,NA,NA,NA,NA,NA,NA,NA,NA,NA,NA,NA,NA,NA,NA,NA,NA,0,NA,0,0,0,NA,0,0,NA,NA,258.413983,0.246119983,0.076906634,0.398321749
409_483,409,NA,NA,1,1,2,2015,1,465859,5301204,1,2,47.86326742,-123.4564773,6/4/2015,6/18/2015,14,14,14,NA,NA,NA,NA,NA,NA,NA,NA,NA,NA,NA,NA,NA,NA,NA,NA,0,NA,0,0,0,NA,0,0,NA,NA,115.7707283,-0.749817734,0.076906634,0.398321749
409_483,409,NA,NA,1,1,3,2015,1,465859,5301204,1,3,47.86326742,-123.4564773,6/18/2015,7/2/2015,14,0,14,NA,NA,NA,NA,NA,NA,NA,NA,NA,NA,NA,NA,NA,NA,NA,NA,0,NA,0,0,0,NA,0,0,NA,NA,183.4753231,-0.27710306,-4.679511457,0.398321749
409_478,409,NA,NA,1,1,1,2015,1,466553,5300750,2,1,47.85921924,-123.4471635,5/21/2015,6/4/2015,14,14,14,NA,NA,NA,NA,NA,NA,NA,NA,NA,NA,NA,NA,NA,NA,NA,NA,0,NA,0,0,0,NA,0,0,NA,NA,258.4250791,0.246197457,0.076906634,0.398321749
409_478,409,NA,NA,1,1,2,2015,1,466553,5300750,2,2,47.85921924,-123.4471635,6/4/2015,6/18/2015,14,0,14,NA,NA,NA,NA,NA,NA,NA,NA,NA,NA,NA,NA,NA,NA,NA,NA,0,NA,0,0,0,NA,0,0,NA,NA,115.7807526,-0.749747744,-4.679511457,0.398321749
409_478,409,NA,NA,1,1,3,2015,1,466553,5300750,2,3,47.85921924,-123.4471635,6/18/2015,7/2/2015,14,14,14,NA,NA,NA,NA,NA,NA,NA,NA,NA,NA,NA,NA,NA,NA,NA,NA,0,NA,0,0,0,NA,0,0,NA,NA,183.4887512,-0.277009305,0.076906634,0.398321749
409_476,409,NA,NA,1,1,1,2015,1,467511,5300274,3,1,47.85498576,-123.4343203,5/21/2015,6/4/2015,14,14,14,NA,NA,NA,NA,NA,NA,NA,NA,NA,NA,NA,NA,NA,NA,NA,NA,0,NA,0,0,0,NA,0,0,NA,NA,258.4377693,0.24628606,0.076906634,0.398321749
409_476,409,NA,NA,1,1,2,2015,1,467511,5300274,3,2,47.85498576,-123.4343203,6/4/2015,6/18/2015,14,14,14,NA,NA,NA,NA,NA,NA,NA,NA,NA,NA,NA,NA,NA,NA,NA,NA,0,NA,0,0,0,NA,0,0,NA,NA,115.7914138,-0.749673308,0.076906634,0.398321749
409_476,409,NA,NA,1,1,3,2015,1,467511,5300274,3,3,47.85498576,-123.4343203,6/18/2015,7/2/2015,14,14,14,NA,NA,NA,NA,NA,NA,NA,NA,NA,NA,NA,NA,NA,NA,NA,NA,0,NA,0,0,0,NA,0,0,NA,NA,183.5004467,-0.276927647,0.076906634,0.398321749
410_475,410,NA,NA,1,1,1,2015,2,479079,5300058,1,1,47.85352318,-123.2796686,7/26/2015,8/9/2015,14,14,14,NA,NA,NA,NA,NA,NA,NA,NA,NA,NA,NA,NA,NA,NA,NA,NA,0,NA,0,0,0,NA,0,0,NA,NA,350.2610959,0.887398144,0.076906634,0.398321749
410_475,410,NA,NA,1,1,2,2015,2,479079,5300058,1,2,47.85352318,-123.2796686,8/9/2015,8/24/2015,15,15,15,NA,NA,NA,NA,NA,NA,NA,NA,NA,NA,NA,NA,NA,NA,NA,NA,0,NA,0,0,0,NA,0,0,NA,NA,34.31541994,-1.318540132,0.416650783,0.645244774
410_475,410,NA,NA,1,1,3,2015,2,479079,5300058,1,3,47.85352318,-123.2796686,8/24/2015,9/4/2015,11,11,11,NA,NA,NA,NA,NA,NA,NA,NA,NA,NA,NA,NA,NA,NA,NA,NA,0,NA,0,0,0,NA,0,0,NA,NA,461.4325827,1.663599424,-0.942325815,-0.342447325
411_487,411,NA,NA,1,1,1,2015,1,488589,5301767,1,1,47.86913898,-123.1525862,6/1/2015,6/16/2015,15,15,15,NA,NA,NA,NA,NA,NA,NA,NA,NA,NA,NA,NA,NA,NA,NA,NA,0,NA,0,0,0,NA,0,0,NA,NA,202.0446352,-0.147451796,0.416650783,0.645244774
411_487,411,NA,NA,1,1,2,2015,1,488589,5301767,1,2,47.86913898,-123.1525862,6/16/2015,6/30/2015,14,14,14,NA,NA,NA,NA,NA,NA,NA,NA,NA,NA,NA,NA,NA,NA,NA,NA,0,NA,0,0,0,NA,0,0,NA,NA,117.2509662,-0.739482687,0.076906634,0.398321749
411_487,411,NA,NA,1,1,3,2015,1,488589,5301767,1,3,47.86913898,-123.1525862,6/29/2015,7/14/2015,15,15,15,NA,NA,NA,NA,NA,NA,NA,NA,NA,NA,NA,NA,NA,NA,NA,NA,0,NA,0,0,0,NA,0,0,NA,NA,253.8432217,0.214206847,0.416650783,0.645244774
411_485,411,NA,NA,1,1,1,2015,1,485731,5301701,2,1,47.868488,-123.1908006,6/1/2015,6/16/2015,15,15,15,NA,NA,NA,NA,NA,NA,NA,NA,NA,NA,NA,NA,NA,NA,NA,NA,0,NA,0,0,0,NA,0,0,NA,NA,202.0477448,-0.147430085,0.416650783,0.645244774
411_485,411,NA,NA,1,1,2,2015,1,485731,5301701,2,2,47.868488,-123.1908006,6/16/2015,6/30/2015,14,14,14,NA,NA,NA,NA,NA,NA,NA,NA,NA,NA,NA,NA,NA,NA,NA,NA,0,NA,0,0,0,NA,0,0,NA,NA,117.2520649,-0.739475016,0.076906634,0.398321749
411_485,411,NA,NA,1,1,3,2015,1,485731,5301701,2,3,47.868488,-123.1908006,6/29/2015,7/14/2015,15,15,15,NA,NA,NA,NA,NA,NA,NA,NA,NA,NA,NA,NA,NA,NA,NA,NA,0,NA,1,0,0,NA,0,0,NA,NA,253.8468046,0.214231863,0.416650783,0.645244774
411_481,411,NA,NA,1,1,1,2015,1,484941,5300846,3,1,47.86077723,-123.2013344,6/1/2015,6/16/2015,15,15,15,NA,NA,NA,NA,NA,NA,NA,NA,NA,NA,NA,NA,NA,NA,NA,NA,0,NA,0,0,0,NA,0,0,NA,NA,202.0770474,-0.147225494,0.416650783,0.645244774
411_481,411,NA,NA,1,1,2,2015,1,484941,5300846,3,2,47.86077723,-123.2013344,6/16/2015,6/30/2015,14,0,0,NA,NA,NA,NA,NA,NA,NA,NA,NA,NA,NA,NA,NA,NA,NA,NA,0,NA,0,0,0,NA,0,0,NA,NA,117.271024,-0.739342643,-4.679511457,-3.058600599
411_481,411,NA,NA,1,1,3,2015,1,484941,5300846,3,3,47.86077723,-123.2013344,6/29/2015,7/14/2015,15,15,15,NA,NA,NA,NA,NA,NA,NA,NA,NA,NA,NA,NA,NA,NA,NA,NA,0,NA,0,0,0,NA,0,0,NA,NA,253.877201,0.214444092,0.416650783,0.645244774
412_477,412,NA,NA,1,1,1,2015,2,497336,5300714,2,1,47.85976058,-123.0356162,6/1/2015,6/16/2015,15,15,15,NA,NA,NA,NA,NA,NA,NA,NA,NA,NA,NA,NA,NA,NA,NA,NA,0,NA,0,0,0,NA,0,0,NA,NA,202.0863438,-0.147160586,0.416650783,0.645244774
412_477,412,NA,NA,1,1,2,2015,2,497336,5300714,2,2,47.85976058,-123.0356162,6/16/2015,6/30/2015,14,14,14,NA,NA,NA,NA,NA,NA,NA,NA,NA,NA,NA,NA,NA,NA,NA,NA,0,NA,0,0,0,NA,0,0,NA,NA,117.2701782,-0.739348549,0.076906634,0.398321749
412_477,412,NA,NA,1,1,3,2015,2,497336,5300714,2,3,47.85976058,-123.0356162,6/30/2015,7/14/2015,14,14,14,NA,NA,NA,NA,NA,NA,NA,NA,NA,NA,NA,NA,NA,NA,NA,NA,0,NA,0,0,0,NA,0,0,NA,NA,244.8352276,0.151312874,0.076906634,0.398321749
412_482,412,NA,NA,1,1,1,2015,2,494595,5300955,3,1,47.86191173,-123.0722648,6/1/2015,6/16/2015,15,15,11,NA,NA,NA,NA,NA,NA,NA,NA,NA,NA,NA,NA,NA,NA,NA,NA,0,NA,0,0,0,NA,0,0,NA,NA,202.0757525,-0.147234535,0.416650783,-0.342447325
412_482,412,NA,NA,1,1,2,2015,2,494595,5300955,3,2,47.86191173,-123.0722648,6/15/2015,6/30/2015,15,2,10,NA,NA,NA,NA,NA,NA,NA,NA,NA,NA,NA,NA,NA,NA,NA,NA,0,NA,0,0,0,NA,0,0,NA,NA,109.4451025,-0.793983365,-4.000023159,-0.58937035
412_544,412,NA,NA,1,1,1,2015,2,494655,5300705,3,3,47.85966289,-123.0714595,6/30/2015,7/14/2015,14,14,14,NA,NA,NA,NA,NA,NA,NA,NA,NA,NA,NA,NA,NA,NA,NA,NA,0,NA,0,0,0,NA,1,0,NA,NA,244.8309772,0.151283198,0.076906634,0.398321749
450_502,450,NA,NA,1,1,1,2015,2,380178,5310175,1,1,47.93368413,-124.6042561,8/26/2015,9/9/2015,14,14,14,NA,NA,NA,NA,NA,NA,NA,NA,NA,NA,NA,NA,NA,NA,NA,NA,0,NA,0,1,0,NA,0,1,NA,NA,382.8484679,1.114923749,0.076906634,0.398321749
450_502,450,NA,NA,1,1,2,2015,2,380178,5310175,1,2,47.93368413,-124.6042561,9/9/2015,9/23/2015,14,14,3,NA,NA,NA,NA,NA,NA,NA,NA,NA,NA,NA,NA,NA,NA,NA,NA,1,NA,0,1,0,NA,0,1,NA,NA,45.0046461,-1.243907767,0.076906634,-2.317831524
450_502,450,NA,NA,1,1,3,2015,2,380178,5310175,1,3,47.93368413,-124.6042561,9/23/2015,10/7/2015,14,14,12,NA,NA,NA,NA,NA,NA,NA,NA,NA,NA,NA,NA,NA,NA,NA,NA,0,NA,0,1,0,NA,0,1,NA,NA,463.7610169,1.679856592,0.076906634,-0.0955243
453_507,453,NA,NA,1,1,1,2015,1,409138,5311147,1,1,47.94718893,-124.2168306,5/20/2015,6/3/2015,14,14,14,NA,NA,NA,NA,NA,NA,NA,NA,NA,NA,NA,NA,NA,NA,NA,NA,0,NA,0,0,0,NA,0,0,NA,NA,226.9969878,0.026765969,0.076906634,0.398321749
453_507,453,NA,NA,1,1,2,2015,1,409138,5311147,1,2,47.94718893,-124.2168306,6/3/2015,6/17/2015,14,14,1,NA,NA,NA,NA,NA,NA,NA,NA,NA,NA,NA,NA,NA,NA,NA,NA,0,NA,0,0,0,NA,0,0,NA,NA,147.1780506,-0.530531257,0.076906634,-2.811677574
453_549,453,NA,NA,1,1,1,2015,1,408718,5311095,1,3,47.94666146,-124.2224429,6/17/2015,7/1/2015,14,14,4,NA,NA,NA,NA,NA,NA,NA,NA,NA,NA,NA,NA,NA,NA,NA,NA,0,NA,0,0,0,NA,1,0,NA,NA,149.3998425,-0.515018666,0.076906634,-2.070908499
453_498,453,NA,NA,1,1,1,2015,1,406258,5309300,2,1,47.93015988,-124.2549881,5/20/2015,6/3/2015,14,14,14,NA,NA,NA,NA,NA,NA,NA,NA,NA,NA,NA,NA,NA,NA,NA,NA,0,NA,0,1,0,NA,0,1,NA,NA,227.0486686,0.027126806,0.076906634,0.398321749
453_498,453,NA,NA,1,1,2,2015,1,406258,5309300,2,2,47.93015988,-124.2549881,6/3/2015,6/17/2015,14,14,7,NA,NA,NA,NA,NA,NA,NA,NA,NA,NA,NA,NA,NA,NA,NA,NA,0,NA,0,0,0,NA,0,0,NA,NA,147.2309812,-0.530161694,0.076906634,-1.330139425
453_498,453,NA,NA,1,1,3,2015,1,406258,5309300,2,3,47.93015988,-124.2549881,6/17/2015,7/1/2015,14,14,14,NA,NA,NA,NA,NA,NA,NA,NA,NA,NA,NA,NA,NA,NA,NA,NA,0,NA,0,0,0,NA,0,0,NA,NA,149.4482225,-0.514680876,0.076906634,0.398321749
453_505,453,NA,NA,1,1,1,2015,1,410142,5310866,3,1,47.94480291,-124.2033294,5/20/2015,6/3/2015,14,14,14,NA,NA,NA,NA,NA,NA,NA,NA,NA,NA,NA,NA,NA,NA,NA,NA,0,NA,0,0,0,NA,0,0,NA,NA,227.0053671,0.026824474,0.076906634,0.398321749
453_505,453,NA,NA,1,1,2,2015,1,410142,5310866,3,2,47.94480291,-124.2033294,6/3/2015,6/17/2015,14,14,14,NA,NA,NA,NA,NA,NA,NA,NA,NA,NA,NA,NA,NA,NA,NA,NA,0,NA,0,0,0,NA,0,0,NA,NA,147.1888047,-0.530456171,0.076906634,0.398321749
453_505,453,NA,NA,1,1,3,2015,1,410142,5310866,3,3,47.94480291,-124.2033294,6/17/2015,7/1/2015,14,14,14,NA,NA,NA,NA,NA,NA,NA,NA,NA,NA,NA,NA,NA,NA,NA,NA,0,NA,0,0,0,NA,0,0,NA,NA,149.4044726,-0.514986339,0.076906634,0.398321749
455_508,455,NA,NA,1,1,1,2015,2,428514,5311659,1,1,47.95425085,-123.9574734,5/19/2015,5/31/2015,12,12,12,NA,NA,NA,NA,NA,NA,NA,NA,NA,NA,NA,NA,NA,NA,NA,NA,0,NA,0,0,0,NA,0,0,NA,NA,147.4777887,-0.52843848,-0.602581665,-0.0955243
455_508,455,NA,NA,1,1,2,2015,2,428514,5311659,1,2,47.95425085,-123.9574734,5/30/2015,6/15/2015,16,16,16,NA,NA,NA,NA,NA,NA,NA,NA,NA,NA,NA,NA,NA,NA,NA,NA,0,NA,0,0,0,NA,0,0,NA,NA,240.9492914,0.124181199,0.756394932,0.892167799
455_508,455,NA,NA,1,1,3,2015,2,428514,5311659,1,3,47.95425085,-123.9574734,6/15/2015,6/29/2015,14,14,3,NA,NA,NA,NA,NA,NA,NA,NA,NA,NA,NA,NA,NA,NA,NA,NA,0,NA,0,0,0,NA,0,0,NA,NA,89.91753674,-0.930325173,0.076906634,-2.317831524
457_497,457,NA,NA,1,1,1,2015,2,443855,5308973,2,1,47.93161532,-123.7516686,5/31/2015,6/15/2015,15,15,15,NA,NA,NA,NA,NA,NA,NA,NA,NA,NA,NA,NA,NA,NA,NA,NA,0,NA,0,0,0,NA,0,0,NA,NA,231.3989435,0.057500502,0.416650783,0.645244774
457_497,457,NA,NA,1,1,2,2015,2,443855,5308973,2,2,47.93161532,-123.7516686,6/15/2015,6/29/2015,14,14,14,NA,NA,NA,NA,NA,NA,NA,NA,NA,NA,NA,NA,NA,NA,NA,NA,0,NA,0,0,0,NA,0,0,NA,NA,89.95769706,-0.930044773,0.076906634,0.398321749
457_497,457,NA,NA,1,1,3,2015,2,443855,5308973,2,3,47.93161532,-123.7516686,6/29/2015,7/13/2015,14,14,14,NA,NA,NA,NA,NA,NA,NA,NA,NA,NA,NA,NA,NA,NA,NA,NA,0,NA,0,0,0,NA,0,0,NA,NA,271.3486816,0.336430277,0.076906634,0.398321749
459_504,459,NA,NA,1,1,1,2015,1,462579,5310493,1,1,47.94665776,-123.5011365,5/20/2015,6/2/2015,13,13,13,NA,NA,NA,NA,NA,NA,NA,NA,NA,NA,NA,NA,NA,NA,NA,NA,0,NA,0,0,0,NA,0,0,NA,NA,206.8883621,-0.11363281,-0.262837516,0.151398724
459_504,459,NA,NA,1,1,2,2015,1,462579,5310493,1,2,47.94665776,-123.5011365,6/2/2015,6/16/2015,14,14,9,NA,NA,NA,NA,NA,NA,NA,NA,NA,NA,NA,NA,NA,NA,NA,NA,0,NA,0,0,0,NA,0,0,NA,NA,182.0681443,-0.286928008,0.076906634,-0.836293375
459_548,459,NA,NA,1,1,1,2015,1,463015,5310570,1,3,47.94737586,-123.4953045,6/16/2015,6/30/2015,14,14,1,NA,NA,NA,NA,NA,NA,NA,NA,NA,NA,NA,NA,NA,NA,NA,NA,0,NA,0,0,0,NA,1,0,NA,NA,117.0763192,-0.740702076,0.076906634,-2.811677574
459_501,459,NA,NA,1,1,1,2015,1,461414,5309742,2,1,47.93983195,-123.51667,5/20/2015,6/2/2015,13,13,13,NA,NA,NA,NA,NA,NA,NA,NA,NA,NA,NA,NA,NA,NA,NA,NA,0,NA,0,0,0,NA,0,0,NA,NA,206.9058934,-0.113510406,-0.262837516,0.151398724
459_501,459,NA,NA,1,1,2,2015,1,461414,5309742,2,2,47.93983195,-123.51667,6/2/2015,6/16/2015,14,14,7,NA,NA,NA,NA,NA,NA,NA,NA,NA,NA,NA,NA,NA,NA,NA,NA,1,NA,0,0,0,NA,0,0,NA,NA,182.0896845,-0.286777614,0.076906634,-1.330139425
459_501,459,NA,NA,1,1,3,2015,1,461414,5309742,2,3,47.93983195,-123.51667,6/16/2015,6/30/2015,14,14,0,NA,NA,NA,NA,NA,NA,NA,NA,NA,NA,NA,NA,NA,NA,NA,NA,0,NA,0,0,0,NA,0,0,NA,NA,117.0931167,-0.740584795,0.076906634,-3.058600599
459_493,459,NA,NA,1,1,1,2015,1,463205,5307544,3,1,47.920162,-123.4925015,5/20/2015,6/3/2015,14,14,6,NA,NA,NA,NA,NA,NA,NA,NA,NA,NA,NA,NA,NA,NA,NA,NA,1,NA,0,0,0,NA,0,0,NA,NA,227.0800596,0.027345978,0.076906634,-1.57706245
459_547,459,NA,NA,1,1,1,2015,1,463217,5307057,3,2,47.91578116,-123.4922993,6/6/2015,6/17/2015,11,11,11,NA,NA,NA,NA,NA,NA,NA,NA,NA,NA,NA,NA,NA,NA,NA,NA,0,NA,0,0,0,NA,1,0,NA,NA,82.899672,-0.979324028,-0.942325815,-0.342447325
459_547,459,NA,NA,1,1,2,2015,1,463217,5307057,3,3,47.91578116,-123.4922993,6/16/2015,7/13/2015,27,0,27,NA,NA,NA,NA,NA,NA,NA,NA,NA,NA,NA,NA,NA,NA,NA,NA,0,NA,0,0,0,NA,1,0,NA,NA,187.3917991,-0.249758156,-4.679511457,3.608321072
460_506,460,NA,NA,1,1,1,2015,2,473950,5310944,1,1,47.95127894,-123.3488886,7/28/2015,8/12/2015,15,15,15,NA,NA,NA,NA,NA,NA,NA,NA,NA,NA,NA,NA,NA,NA,NA,NA,0,NA,0,0,0,NA,0,0,NA,NA,300.2179347,0.537995911,0.416650783,0.645244774
460_506,460,NA,NA,1,1,2,2015,2,473950,5310944,1,2,47.95127894,-123.3488886,8/12/2015,8/26/2015,14,14,14,NA,NA,NA,NA,NA,NA,NA,NA,NA,NA,NA,NA,NA,NA,NA,NA,0,NA,0,0,0,NA,0,0,NA,NA,65.06764877,-1.103827529,0.076906634,0.398321749
460_506,460,NA,NA,1,1,3,2015,2,473950,5310944,1,3,47.95127894,-123.3488886,8/26/2015,9/9/2015,14,14,14,NA,NA,NA,NA,NA,NA,NA,NA,NA,NA,NA,NA,NA,NA,NA,NA,0,NA,0,0,0,NA,0,0,NA,NA,382.8911697,1.115221894,0.076906634,0.398321749
460_495,460,NA,NA,1,1,1,2015,2,470369,5308633,3,1,47.93033103,-123.3966889,7/28/2015,8/11/2015,14,14,14,NA,NA,NA,NA,NA,NA,NA,NA,NA,NA,NA,NA,NA,NA,NA,NA,0,NA,0,0,0,NA,0,0,NA,NA,320.7969958,0.681679278,0.076906634,0.398321749
460_495,460,NA,NA,1,1,2,2015,2,470369,5308633,3,2,47.93033103,-123.3966889,8/11/2015,8/25/2015,14,14,1,NA,NA,NA,NA,NA,NA,NA,NA,NA,NA,NA,NA,NA,NA,NA,NA,1,NA,0,0,0,NA,0,0,NA,NA,45.11338805,-1.243148529,0.076906634,-2.811677574
460_495,460,NA,NA,1,1,3,2015,2,470369,5308633,3,3,47.93033103,-123.3966889,8/25/2015,9/15/2015,21,21,21,NA,NA,NA,NA,NA,NA,NA,NA,NA,NA,NA,NA,NA,NA,NA,NA,0,NA,0,0,0,NA,0,0,NA,NA,270.889461,0.333223991,2.455115679,2.126782923
461_492,461,NA,NA,1,1,1,2015,2,482307,5307132,2,1,47.91726702,-123.2368076,7/22/2015,8/5/2015,14,14,14,NA,NA,NA,NA,NA,NA,NA,NA,NA,NA,NA,NA,NA,NA,NA,NA,1,NA,0,0,0,NA,0,0,NA,NA,324.3504093,0.706489274,0.076906634,0.398321749
461_492,461,NA,NA,1,1,2,2015,2,482307,5307132,2,2,47.91726702,-123.2368076,8/5/2015,8/20/2015,15,15,15,NA,NA,NA,NA,NA,NA,NA,NA,NA,NA,NA,NA,NA,NA,NA,NA,0,NA,0,0,0,NA,0,0,NA,NA,62.2967342,-1.123174103,0.416650783,0.645244774
461_492,461,NA,NA,1,1,3,2015,2,482307,5307132,2,3,47.91726702,-123.2368076,8/20/2015,9/3/2015,14,14,7,NA,NA,NA,NA,NA,NA,NA,NA,NA,NA,NA,NA,NA,NA,NA,NA,0,NA,0,0,0,NA,0,0,NA,NA,362.2095451,0.970822427,0.076906634,-1.330139425
464_503,464,NA,NA,1,1,1,2015,1,508139,5310245,1,1,47.94546804,-122.8910064,9/23/2015,10/5/2015,12,12,12,NA,NA,NA,NA,NA,NA,NA,NA,NA,NA,NA,NA,NA,NA,NA,NA,0,NA,0,0,0,NA,0,0,NA,NA,514.7734848,2.036026542,-0.602581665,-0.0955243
464_503,464,NA,NA,1,1,2,2015,1,508139,5310245,1,2,47.94546804,-122.8910064,10/5/2015,10/19/2015,14,14,5,NA,NA,NA,NA,NA,NA,NA,NA,NA,NA,NA,NA,NA,NA,NA,NA,0,NA,0,0,0,NA,0,0,NA,NA,40.31608154,-1.276643407,0.076906634,-1.823985474
464_503,464,NA,NA,1,1,3,2015,1,508139,5310245,1,3,47.94546804,-122.8910064,10/19/2015,11/2/2015,14,14,14,NA,NA,NA,NA,NA,NA,NA,NA,NA,NA,NA,NA,NA,NA,NA,NA,0,NA,0,0,1,NA,0,1,NA,NA,508.9560148,1.995408864,0.076906634,0.398321749
464_499,464,NA,NA,1,1,1,2015,1,508304,5309347,2,1,47.93738638,-122.8888141,9/23/2015,10/5/2015,12,12,12,NA,NA,NA,NA,NA,NA,NA,NA,NA,NA,NA,NA,NA,NA,NA,NA,0,NA,0,0,0,NA,0,0,NA,NA,514.7655347,2.035971034,-0.602581665,-0.0955243
464_499,464,NA,NA,1,1,2,2015,1,508304,5309347,2,2,47.93738638,-122.8888141,10/5/2015,10/19/2015,14,14,14,NA,NA,NA,NA,NA,NA,NA,NA,NA,NA,NA,NA,NA,NA,NA,NA,0,NA,0,0,0,NA,0,0,NA,NA,40.31389374,-1.276658683,0.076906634,0.398321749
464_499,464,NA,NA,1,1,3,2015,1,508304,5309347,2,3,47.93738638,-122.8888141,10/19/2015,11/2/2015,14,0,14,NA,NA,NA,NA,NA,NA,NA,NA,NA,NA,NA,NA,NA,NA,NA,NA,0,NA,0,0,0,NA,0,0,NA,NA,508.934059,1.995255568,-4.679511457,0.398321749
464_494,464,NA,NA,1,1,1,2015,1,509528,5307958,3,1,47.92487213,-122.8724562,9/23/2015,10/5/2015,12,12,12,NA,NA,NA,NA,NA,NA,NA,NA,NA,NA,NA,NA,NA,NA,NA,NA,0,NA,0,0,0,NA,0,0,NA,NA,514.7515383,2.035873311,-0.602581665,-0.0955243
464_494,464,NA,NA,1,1,2,2015,1,509528,5307958,3,2,47.92487213,-122.8724562,10/5/2015,10/19/2015,14,14,14,NA,NA,NA,NA,NA,NA,NA,NA,NA,NA,NA,NA,NA,NA,NA,NA,0,NA,0,0,0,NA,0,0,NA,NA,40.31170354,-1.276673975,0.076906634,0.398321749
464_494,464,NA,NA,1,1,3,2015,1,509528,5307958,3,3,47.92487213,-122.8724562,10/19/2015,11/2/2015,14,14,11,NA,NA,NA,NA,NA,NA,NA,NA,NA,NA,NA,NA,NA,NA,NA,NA,0,NA,0,0,0,NA,0,0,NA,NA,508.8989093,1.995010152,0.076906634,-0.342447325
465_509,465,NA,NA,1,1,1,2015,1,518253,5311703,1,1,47.95837753,-122.7555035,6/22/2015,7/6/2015,14,14,14,NA,NA,NA,NA,NA,NA,NA,NA,NA,NA,NA,NA,NA,NA,NA,NA,0,NA,1,0,0,NA,0,0,NA,NA,292.6877225,0.485419836,0.076906634,0.398321749
465_509,465,NA,NA,1,1,2,2015,1,518253,5311703,1,2,47.95837753,-122.7555035,7/6/2015,7/20/2015,14,14,14,NA,NA,NA,NA,NA,NA,NA,NA,NA,NA,NA,NA,NA,NA,NA,NA,0,NA,0,0,0,NA,0,0,NA,NA,64.96840768,-1.104520432,0.076906634,0.398321749
465_509,465,NA,NA,1,1,3,2015,1,518253,5311703,1,3,47.95837753,-122.7555035,7/20/2015,8/3/2015,14,14,14,NA,NA,NA,NA,NA,NA,NA,NA,NA,NA,NA,NA,NA,NA,NA,NA,0,NA,0,0,0,NA,0,0,NA,NA,273.3720594,0.350557536,0.076906634,0.398321749
465_496,465,NA,NA,1,1,1,2015,1,520467,5308807,2,1,47.93225477,-122.7259853,6/22/2015,7/6/2015,14,14,13,NA,NA,NA,NA,NA,NA,NA,NA,NA,NA,NA,NA,NA,NA,NA,NA,0,NA,1,0,0,NA,0,0,NA,NA,292.822541,0.486361142,0.076906634,0.151398724
465_496,465,NA,NA,1,2,1,2015,1,520417,5308756,2,2,47.93179751,-122.7266572,7/6/2015,7/20/2015,14,14,14,NA,NA,NA,NA,NA,NA,NA,NA,NA,NA,NA,NA,NA,NA,NA,NA,0,NA,0,0,0,NA,1,0,NA,NA,64.9877459,-1.104385412,0.076906634,0.398321749
465_496,465,NA,NA,1,2,2,2015,1,520417,5308756,2,3,47.93179751,-122.7266572,7/20/2015,8/3/2015,14,14,14,NA,NA,NA,NA,NA,NA,NA,NA,NA,NA,NA,NA,NA,NA,NA,NA,0,NA,0,0,0,NA,1,0,NA,NA,273.4766961,0.351288112,0.076906634,0.398321749
465_500,465,NA,NA,1,1,1,2015,1,520870,5309639,3,1,47.93972743,-122.7205497,6/22/2015,7/6/2015,14,14,12,NA,NA,NA,NA,NA,NA,NA,NA,NA,NA,NA,NA,NA,NA,NA,NA,0,NA,1,0,0,NA,0,0,NA,NA,292.7871682,0.486114168,0.076906634,-0.0955243
465_500,465,NA,NA,1,2,1,2015,1,520797,5309611,3,2,47.93947788,-122.7215285,7/6/2015,7/20/2015,14,14,14,NA,NA,NA,NA,NA,NA,NA,NA,NA,NA,NA,NA,NA,NA,NA,NA,0,NA,0,0,0,NA,1,0,NA,NA,64.98160092,-1.104428316,0.076906634,0.398321749
465_500,465,NA,NA,1,2,2,2015,1,520797,5309611,3,3,47.93947788,-122.7215285,7/20/2015,8/3/2015,14,14,14,NA,NA,NA,NA,NA,NA,NA,NA,NA,NA,NA,NA,NA,NA,NA,NA,0,NA,0,0,0,NA,1,0,NA,NA,273.4446237,0.351064182,0.076906634,0.398321749
502_551,502,NA,NA,1,1,1,2015,2,386473,5316839,2,3,47.99476684,-124.5217659,10/18/2015,11/1/2015,14,14,11,NA,NA,NA,NA,NA,NA,NA,NA,NA,NA,NA,NA,NA,NA,NA,NA,0,NA,0,1,1,NA,1,1,NA,NA,483.2907655,1.816213641,0.076906634,-0.342447325
506_510,506,NA,NA,1,1,1,2015,2,423915,5316171,1,1,47.99430992,-124.0198611,5/30/2015,6/14/2015,15,15,15,NA,NA,NA,NA,NA,NA,NA,NA,NA,NA,NA,NA,NA,NA,NA,NA,1,NA,0,1,0,NA,0,1,NA,NA,256.7563545,0.234546392,0.416650783,0.645244774
506_510,506,NA,NA,1,1,2,2015,2,423915,5316171,1,2,47.99430992,-124.0198611,6/14/2015,6/28/2015,14,14,14,NA,NA,NA,NA,NA,NA,NA,NA,NA,NA,NA,NA,NA,NA,NA,NA,0,NA,0,1,0,NA,0,1,NA,NA,67.47559753,-1.087015188,0.076906634,0.398321749
506_510,506,NA,NA,1,1,3,2015,2,423915,5316171,1,3,47.99430992,-124.0198611,6/28/2015,7/13/2015,15,15,2,NA,NA,NA,NA,NA,NA,NA,NA,NA,NA,NA,NA,NA,NA,NA,NA,0,NA,0,0,0,NA,0,0,NA,NA,273.9621478,0.354677544,0.416650783,-2.564754549
509_511,509,NA,NA,1,1,1,2015,2,450373,5317243,2,1,48.00655542,-123.6653672,5/31/2015,6/14/2015,14,14,14,NA,NA,NA,NA,NA,NA,NA,NA,NA,NA,NA,NA,NA,NA,NA,NA,0,NA,0,0,0,NA,0,0,NA,NA,247.5051485,0.169954309,0.076906634,0.398321749
509_511,509,NA,NA,1,1,2,2015,2,450373,5317243,2,2,48.00655542,-123.6653672,6/14/2015,6/28/2015,14,14,14,NA,NA,NA,NA,NA,NA,NA,NA,NA,NA,NA,NA,NA,NA,NA,NA,0,NA,0,0,0,NA,0,0,NA,NA,67.46294944,-1.087103497,0.076906634,0.398321749
509_511,509,NA,NA,1,1,3,2015,2,450373,5317243,2,3,48.00655542,-123.6653672,6/28/2015,7/12/2015,14,14,14,NA,NA,NA,NA,NA,NA,NA,NA,NA,NA,NA,NA,NA,NA,NA,NA,0,NA,0,0,0,NA,0,0,NA,NA,292.1872671,0.481925648,0.076906634,0.398321749
511_512,511,NA,NA,1,1,1,2015,2,469805,5319017,1,1,48.02372953,-123.4049692,5/24/2015,6/7/2015,14,14,14,NA,NA,NA,NA,NA,NA,NA,NA,NA,NA,NA,NA,NA,NA,NA,NA,0,NA,0,0,0,NA,0,0,NA,NA,318.2357074,0.663796317,0.076906634,0.398321749
511_512,511,NA,NA,1,1,2,2015,2,469805,5319017,1,2,48.02372953,-123.4049692,6/7/2015,6/20/2015,13,13,13,NA,NA,NA,NA,NA,NA,NA,NA,NA,NA,NA,NA,NA,NA,NA,NA,0,NA,0,0,0,NA,0,0,NA,NA,50.43136776,-1.206018301,-0.262837516,0.151398724
511_512,511,NA,NA,1,1,3,2015,2,469805,5319017,1,3,48.02372953,-123.4049692,6/20/2015,7/5/2015,15,15,15,NA,NA,NA,NA,NA,NA,NA,NA,NA,NA,NA,NA,NA,NA,NA,NA,1,NA,0,0,0,NA,0,0,NA,NA,254.9746986,0.222106839,0.416650783,0.645244774
511_550,511,NA,NA,1,1,1,2015,2,468202,5314820,3,2,47.98589162,-123.4261566,6/7/2015,6/20/2015,13,13,13,NA,NA,NA,NA,NA,NA,NA,NA,NA,NA,NA,NA,NA,NA,NA,NA,0,NA,0,0,0,NA,1,0,NA,NA,50.47369931,-1.205722741,-0.262837516,0.151398724
511_550,511,NA,NA,1,1,2,2015,2,468202,5314820,3,3,47.98589162,-123.4261566,6/20/2015,7/5/2015,15,15,15,NA,NA,NA,NA,NA,NA,NA,NA,NA,NA,NA,NA,NA,NA,NA,NA,0,NA,0,0,0,NA,1,0,NA,NA,255.1459661,0.223302632,0.416650783,0.645244774
553_552,553,NA,NA,1,1,1,2015,2,390505,5323049,1,3,48.05132394,-124.4693247,10/18/2015,11/1/2015,14,14,11,NA,NA,NA,NA,NA,NA,NA,NA,NA,NA,NA,NA,NA,NA,NA,NA,0,NA,0,1,0,NA,1,1,NA,NA,483.4115111,1.817056689,0.076906634,-0.342447325
553_518,553,NA,NA,1,1,1,2015,2,390699,5324796,3,1,48.06706997,-124.4671688,9/21/2015,10/4/2015,13,13,13,NA,NA,NA,NA,NA,NA,NA,NA,NA,NA,NA,NA,NA,NA,NA,NA,0,NA,0,0,0,NA,0,0,NA,NA,483.815651,1.819878401,-0.262837516,0.151398724
553_518,553,NA,NA,1,1,2,2015,2,390699,5324796,3,2,48.06706997,-124.4671688,10/4/2015,10/18/2015,14,14,7,NA,NA,NA,NA,NA,NA,NA,NA,NA,NA,NA,NA,NA,NA,NA,NA,0,NA,0,0,0,NA,0,0,NA,NA,55.41457404,-1.171225467,0.076906634,-1.330139425
553_518,553,NA,NA,1,1,3,2015,2,390699,5324796,3,3,48.06706997,-124.4671688,10/18/2015,11/1/2015,14,14,5,NA,NA,NA,NA,NA,NA,NA,NA,NA,NA,NA,NA,NA,NA,NA,NA,0,NA,0,1,0,NA,0,1,NA,NA,483.4495176,1.817322051,0.076906634,-1.823985474
556_520,556,NA,NA,1,1,1,2015,1,416894,5325932,1,1,48.08124024,-124.1158491,5/29/2015,6/13/2015,15,15,15,NA,NA,NA,NA,NA,NA,NA,NA,NA,NA,NA,NA,NA,NA,NA,NA,0,NA,1,0,0,NA,0,0,NA,NA,277.7983803,0.381462187,0.416650783,0.645244774
556_520,556,NA,NA,1,2,1,2015,1,416857,5325875,1,2,48.08072268,-124.1163347,6/13/2015,6/27/2015,14,14,14,NA,NA,NA,NA,NA,NA,NA,NA,NA,NA,NA,NA,NA,NA,NA,NA,0,NA,0,0,0,NA,1,0,NA,NA,49.77778393,-1.210581635,0.076906634,0.398321749
556_520,556,NA,NA,1,2,2,2015,1,416857,5325875,1,3,48.08072268,-124.1163347,6/27/2015,7/11/2015,14,14,2,NA,NA,NA,NA,NA,NA,NA,NA,NA,NA,NA,NA,NA,NA,NA,NA,0,NA,0,0,0,NA,1,0,NA,NA,307.1310811,0.586263621,0.076906634,-2.564754549
556_521,556,NA,NA,1,1,1,2015,1,418376,5327278,2,1,48.09353953,-124.0962117,5/29/2015,6/13/2015,15,3,2,NA,NA,NA,NA,NA,NA,NA,NA,NA,NA,NA,NA,NA,NA,NA,NA,0,NA,0,0,0,NA,0,0,NA,NA,277.7364475,0.381029771,-3.660279009,-2.564754549
556_553,556,NA,NA,1,1,1,2015,1,418316,5326978,2,2,48.09083323,-124.0969599,6/13/2015,6/27/2015,14,14,5,NA,NA,NA,NA,NA,NA,NA,NA,NA,NA,NA,NA,NA,NA,NA,NA,0,NA,0,0,0,NA,1,0,NA,NA,49.76681174,-1.210658243,0.076906634,-1.823985474
556_553,556,NA,NA,1,1,2,2015,1,418316,5326978,2,3,48.09083323,-124.0969599,6/27/2015,7/11/2015,14,0,0,NA,NA,NA,NA,NA,NA,NA,NA,NA,NA,NA,NA,NA,NA,NA,NA,0,NA,0,0,0,NA,1,0,NA,NA,307.0816516,0.585918503,-4.679511457,-3.058600599
556_514,556,NA,NA,1,1,1,2015,1,419307,5323390,3,1,48.05868378,-124.0829764,6/1/2015,6/13/2015,12,12,12,NA,NA,NA,NA,NA,NA,NA,NA,NA,NA,NA,NA,NA,NA,NA,NA,0,NA,0,0,0,NA,0,0,NA,NA,250.8341739,0.193197623,-0.602581665,-0.0955243
556_514,556,NA,NA,1,1,2,2015,1,419307,5323390,3,2,48.05868378,-124.0829764,6/13/2015,6/27/2015,14,14,14,NA,NA,NA,NA,NA,NA,NA,NA,NA,NA,NA,NA,NA,NA,NA,NA,0,NA,0,0,0,NA,0,0,NA,NA,49.80089459,-1.210420276,0.076906634,0.398321749
556_514,556,NA,NA,1,1,3,2015,1,419307,5323390,3,3,48.05868378,-124.0829764,6/27/2015,7/11/2015,14,14,14,NA,NA,NA,NA,NA,NA,NA,NA,NA,NA,NA,NA,NA,NA,NA,NA,0,NA,0,0,0,NA,0,0,NA,NA,307.2415601,0.587034987,0.076906634,0.398321749
557_519,557,NA,NA,1,1,1,2015,1,425853,5325105,1,1,48.07490586,-123.9954347,6/1/2015,6/16/2015,15,15,15,NA,NA,NA,NA,NA,NA,NA,NA,NA,NA,NA,NA,NA,NA,NA,NA,0,NA,0,0,0,NA,0,0,NA,NA,201.2491493,-0.153005893,0.416650783,0.645244774
557_519,557,NA,NA,1,1,2,2015,1,425853,5325105,1,2,48.07490586,-123.9954347,6/16/2015,6/30/2015,14,14,14,NA,NA,NA,NA,NA,NA,NA,NA,NA,NA,NA,NA,NA,NA,NA,NA,0,NA,1,0,0,NA,0,0,NA,NA,116.7930305,-0.742680002,0.076906634,0.398321749
557_519,557,NA,NA,1,1,3,2015,1,425853,5325105,1,3,48.07490586,-123.9954347,6/30/2015,7/14/2015,14,14,14,NA,NA,NA,NA,NA,NA,NA,NA,NA,NA,NA,NA,NA,NA,NA,NA,0,NA,0,1,0,NA,0,1,NA,NA,244.0195571,0.145617848,0.076906634,0.398321749
557_517,557,NA,NA,1,1,1,2015,1,428557,5324764,2,1,48.07214701,-123.9590814,6/1/2015,6/16/2015,15,15,15,NA,NA,NA,NA,NA,NA,NA,NA,NA,NA,NA,NA,NA,NA,NA,NA,0,NA,0,0,0,NA,0,0,NA,NA,201.2615586,-0.152919251,0.416650783,0.645244774
557_517,557,NA,NA,1,1,2,2015,1,428557,5324764,2,2,48.07214701,-123.9590814,6/16/2015,6/30/2015,14,14,14,NA,NA,NA,NA,NA,NA,NA,NA,NA,NA,NA,NA,NA,NA,NA,NA,0,NA,0,0,0,NA,0,0,NA,NA,116.7978006,-0.742646697,0.076906634,0.398321749
557_517,557,NA,NA,1,1,3,2015,1,428557,5324764,2,3,48.07214701,-123.9590814,6/30/2015,7/14/2015,14,14,14,NA,NA,NA,NA,NA,NA,NA,NA,NA,NA,NA,NA,NA,NA,NA,NA,0,NA,0,1,0,NA,0,1,NA,NA,244.0272871,0.145671819,0.076906634,0.398321749
557_513,557,NA,NA,1,1,1,2015,1,426402,5322854,3,1,48.05472004,-123.9876779,6/1/2015,6/16/2015,15,15,15,NA,NA,NA,NA,NA,NA,NA,NA,NA,NA,NA,NA,NA,NA,NA,NA,1,NA,0,1,0,NA,0,1,NA,NA,201.328545,-0.152451551,0.416650783,0.645244774
557_513,557,NA,NA,1,1,2,2015,1,426402,5322854,3,2,48.05472004,-123.9876779,6/16/2015,6/30/2015,14,14,14,NA,NA,NA,NA,NA,NA,NA,NA,NA,NA,NA,NA,NA,NA,NA,NA,0,NA,0,0,0,NA,0,0,NA,NA,116.8391322,-0.742358119,0.076906634,0.398321749
557_513,557,NA,NA,1,1,3,2015,1,426402,5322854,3,3,48.05472004,-123.9876779,6/30/2015,7/14/2015,14,14,14,NA,NA,NA,NA,NA,NA,NA,NA,NA,NA,NA,NA,NA,NA,NA,NA,0,NA,1,0,0,NA,0,0,NA,NA,244.0892758,0.146104625,0.076906634,0.398321749
562_515,562,NA,NA,1,1,1,2015,2,473831,5324042,2,1,48.06911683,-123.3512817,9/21/2015,10/5/2015,14,14,14,NA,NA,NA,NA,NA,NA,NA,NA,NA,NA,NA,NA,NA,NA,NA,NA,0,NA,0,0,0,NA,0,0,NA,NA,468.318375,1.711676147,0.076906634,0.398321749
562_515,562,NA,NA,1,1,2,2015,2,473831,5324042,2,2,48.06911683,-123.3512817,10/5/2015,10/19/2015,14,14,14,NA,NA,NA,NA,NA,NA,NA,NA,NA,NA,NA,NA,NA,NA,NA,NA,0,NA,0,0,0,NA,0,0,NA,NA,40.33795269,-1.276490703,0.076906634,0.398321749
562_515,562,NA,NA,1,1,3,2015,2,473831,5324042,2,3,48.06911683,-123.3512817,10/19/2015,11/2/2015,14,14,14,NA,NA,NA,NA,NA,NA,NA,NA,NA,NA,NA,NA,NA,NA,NA,NA,0,NA,0,0,0,NA,0,0,NA,NA,509.2988557,1.997802585,0.076906634,0.398321749
563_516,563,NA,NA,1,1,1,2015,2,484047,5324056,3,1,48.06958019,-123.2141482,7/2/2015,7/16/2015,14,14,14,NA,NA,NA,NA,NA,NA,NA,NA,NA,NA,NA,NA,NA,NA,NA,NA,0,NA,0,0,0,NA,0,0,NA,NA,178.0633436,-0.314889597,0.076906634,0.398321749
563_516,563,NA,NA,1,1,2,2015,2,484047,5324056,3,2,48.06958019,-123.2141482,7/16/2015,7/31/2015,15,15,15,NA,NA,NA,NA,NA,NA,NA,NA,NA,NA,NA,NA,NA,NA,NA,NA,0,NA,0,0,0,NA,0,0,NA,NA,155.0531304,-0.475547311,0.416650783,0.645244774
563_516,563,NA,NA,1,1,3,2015,2,484047,5324056,3,3,48.06958019,-123.2141482,7/31/2015,8/13/2015,13,13,13,NA,NA,NA,NA,NA,NA,NA,NA,NA,NA,NA,NA,NA,NA,NA,NA,1,NA,0,0,0,NA,0,0,NA,NA,243.6805876,0.143251157,-0.262837516,0.151398724
600_529,600,NA,NA,1,1,1,2015,2,378562,5332651,3,1,48.13551763,-124.6322565,9/20/2015,10/3/2015,13,13,13,NA,NA,NA,NA,NA,NA,NA,NA,NA,NA,NA,NA,NA,NA,NA,NA,0,NA,0,1,0,NA,0,1,NA,NA,464.3343682,1.683859741,-0.262837516,0.151398724
600_529,600,NA,NA,1,1,2,2015,2,378562,5332651,3,2,48.13551763,-124.6322565,10/3/2015,10/17/2015,14,14,3,NA,NA,NA,NA,NA,NA,NA,NA,NA,NA,NA,NA,NA,NA,NA,NA,0,NA,0,1,0,NA,0,1,NA,NA,78.6130706,-1.009253155,0.076906634,-2.317831524
600_529,600,NA,NA,1,1,3,2015,2,378562,5332651,3,3,48.13551763,-124.6322565,10/17/2015,10/31/2015,14,14,2,NA,NA,NA,NA,NA,NA,NA,NA,NA,NA,NA,NA,NA,NA,NA,NA,1,NA,0,1,0,NA,0,1,NA,NA,448.8015065,1.575409027,0.076906634,-2.564754549
602_526,602,NA,NA,1,1,1,2015,1,396699,5332573,1,1,48.13801932,-124.3885377,5/25/2015,6/9/2015,15,15,11,NA,NA,NA,NA,NA,NA,NA,NA,NA,NA,NA,NA,NA,NA,NA,NA,0,NA,0,0,0,NA,0,0,NA,NA,314.5562893,0.638106555,0.416650783,-0.342447325
602_526,602,NA,NA,1,1,2,2015,1,396699,5332573,1,2,48.13801932,-124.3885377,6/9/2015,6/23/2015,14,3,3,NA,NA,NA,NA,NA,NA,NA,NA,NA,NA,NA,NA,NA,NA,NA,NA,0,NA,0,0,0,NA,0,0,NA,NA,28.32557018,-1.360361369,-3.660279009,-2.317831524
602_526,602,NA,NA,1,2,1,2015,1,396737,5332471,1,3,48.13710807,-124.3880024,6/23/2015,7/9/2015,16,16,10,NA,NA,NA,NA,NA,NA,NA,NA,NA,NA,NA,NA,NA,NA,NA,NA,0,NA,0,0,0,NA,1,0,NA,NA,291.9899028,0.480547647,0.756394932,-0.58937035
602_532,602,NA,NA,1,1,1,2015,1,397642,5333839,2,1,48.1495586,-124.3761704,5/26/2015,6/9/2015,14,14,14,NA,NA,NA,NA,NA,NA,NA,NA,NA,NA,NA,NA,NA,NA,NA,NA,0,NA,0,0,0,NA,0,0,NA,NA,327.2059678,0.726426833,0.076906634,0.398321749
602_532,602,NA,NA,1,1,2,2015,1,397642,5333839,2,2,48.1495586,-124.3761704,6/9/2015,6/25/2015,16,16,5,NA,NA,NA,NA,NA,NA,NA,NA,NA,NA,NA,NA,NA,NA,NA,NA,0,NA,0,1,0,NA,0,1,NA,NA,37.4520746,-1.296639954,0.756394932,-1.823985474
602_532,602,NA,NA,1,1,3,2015,1,397642,5333839,2,3,48.1495586,-124.3761704,6/25/2015,7/9/2015,14,14,14,NA,NA,NA,NA,NA,NA,NA,NA,NA,NA,NA,NA,NA,NA,NA,NA,0,NA,0,1,0,NA,0,1,NA,NA,319.1505796,0.670183971,0.076906634,0.398321749
602_525,602,NA,NA,1,1,1,2015,1,392946,5332526,3,1,48.13697617,-124.4389563,5/25/2015,6/9/2015,15,15,14,NA,NA,NA,NA,NA,NA,NA,NA,NA,NA,NA,NA,NA,NA,NA,NA,0,NA,0,0,0,NA,0,0,NA,NA,314.5633518,0.638155866,0.416650783,0.398321749
602_525,602,NA,NA,1,1,2,2015,1,392946,5332526,3,2,48.13697617,-124.4389563,6/9/2015,6/25/2015,16,16,16,NA,NA,NA,NA,NA,NA,NA,NA,NA,NA,NA,NA,NA,NA,NA,NA,0,NA,1,0,0,NA,0,0,NA,NA,37.46151194,-1.296574063,0.756394932,0.892167799
602_525,602,NA,NA,1,1,3,2015,1,392946,5332526,3,3,48.13697617,-124.4389563,6/25/2015,7/9/2015,14,14,14,NA,NA,NA,NA,NA,NA,NA,NA,NA,NA,NA,NA,NA,NA,NA,NA,0,NA,0,1,0,NA,0,1,NA,NA,319.2127057,0.670617737,0.076906634,0.398321749
603_530,603,NA,NA,1,1,1,2015,2,403865,5332663,2,3,48.13995205,-124.2922614,10/16/2015,10/30/2015,14,14,5,NA,NA,NA,NA,NA,NA,NA,NA,NA,NA,NA,NA,NA,NA,NA,NA,0,NA,0,1,0,NA,0,1,NA,NA,406.1335036,1.277500279,0.076906634,-1.823985474
604_528,604,NA,NA,1,1,1,2015,1,411530,5332593,1,1,48.14043456,-124.1892368,9/18/2015,10/2/2015,14,14,14,NA,NA,NA,NA,NA,NA,NA,NA,NA,NA,NA,NA,NA,NA,NA,NA,1,NA,0,0,0,NA,0,0,NA,NA,406.2029164,1.27798492,0.076906634,0.398321749
604_528,604,NA,NA,1,1,2,2015,1,411530,5332593,1,2,48.14043456,-124.1892368,10/2/2015,10/16/2015,14,2,2,NA,NA,NA,NA,NA,NA,NA,NA,NA,NA,NA,NA,NA,NA,NA,NA,0,NA,0,0,0,NA,0,0,NA,NA,109.3435229,-0.794692596,-4.000023159,-2.564754549
604_555,604,NA,NA,1,1,1,2015,1,411309,5332528,1,3,48.13981911,-124.1921933,10/16/2015,10/30/2015,14,14,12,NA,NA,NA,NA,NA,NA,NA,NA,NA,NA,NA,NA,NA,NA,NA,NA,0,NA,0,1,0,NA,1,1,NA,NA,406.1297862,1.277474324,0.076906634,-0.0955243
604_533,604,NA,NA,1,1,1,2015,1,413617,5334398,2,1,48.15695754,-124.1615552,9/22/2015,10/7/2015,15,15,15,NA,NA,NA,NA,NA,NA,NA,NA,NA,NA,NA,NA,NA,NA,NA,NA,0,NA,0,0,0,NA,0,0,NA,NA,448.1207504,1.570655976,0.416650783,0.645244774
604_533,604,NA,NA,1,1,2,2015,1,413617,5334398,2,2,48.15695754,-124.1615552,10/7/2015,10/21/2015,14,14,12,NA,NA,NA,NA,NA,NA,NA,NA,NA,NA,NA,NA,NA,NA,NA,NA,1,NA,0,1,0,NA,0,1,NA,NA,35.86821879,-1.307698463,0.076906634,-0.0955243
604_533,604,NA,NA,1,1,3,2015,1,413617,5334398,2,3,48.15695754,-124.1615552,10/21/2015,11/4/2015,14,14,3,NA,NA,NA,NA,NA,NA,NA,NA,NA,NA,NA,NA,NA,NA,NA,NA,1,NA,0,1,0,NA,0,1,NA,NA,531.9840983,2.156191349,0.076906634,-2.317831524
604_527,604,NA,NA,1,1,1,2015,1,414657,5332576,3,1,48.14070884,-124.1472083,9/22/2015,10/7/2015,15,15,15,NA,NA,NA,NA,NA,NA,NA,NA,NA,NA,NA,NA,NA,NA,NA,NA,0,NA,0,0,0,NA,0,0,NA,NA,448.103872,1.570538131,0.416650783,0.645244774
604_527,604,NA,NA,1,1,2,2015,1,414657,5332576,3,2,48.14070884,-124.1472083,10/7/2015,10/21/2015,14,14,14,NA,NA,NA,NA,NA,NA,NA,NA,NA,NA,NA,NA,NA,NA,NA,NA,0,NA,0,1,0,NA,0,1,NA,NA,35.86828926,-1.307697971,0.076906634,0.398321749
604_527,604,NA,NA,1,1,3,2015,1,414657,5332576,3,3,48.14070884,-124.1472083,10/21/2015,11/4/2015,14,14,14,NA,NA,NA,NA,NA,NA,NA,NA,NA,NA,NA,NA,NA,NA,NA,NA,0,NA,0,1,0,NA,0,1,NA,NA,531.9315236,2.155824271,0.076906634,0.398321749
605_524,605,NA,NA,1,1,1,2015,2,422527,5330574,1,1,48.12370704,-124.0410722,9/17/2015,10/1/2015,14,14,13,NA,NA,NA,NA,NA,NA,NA,NA,NA,NA,NA,NA,NA,NA,NA,NA,0,NA,0,1,0,NA,0,1,NA,NA,369.7042063,1.023150283,0.076906634,0.151398724
605_554,605,NA,NA,1,1,1,2015,2,422702,5330503,1,2,48.12308963,-124.038708,10/1/2015,10/15/2015,14,14,11,NA,NA,NA,NA,NA,NA,NA,NA,NA,NA,NA,NA,NA,NA,NA,NA,0,NA,0,1,0,NA,1,1,NA,NA,146.723211,-0.533706955,0.076906634,-0.342447325
605_554,605,NA,NA,1,1,2,2015,2,422702,5330503,1,3,48.12308963,-124.038708,10/15/2015,10/29/2015,14,14,6,NA,NA,NA,NA,NA,NA,NA,NA,NA,NA,NA,NA,NA,NA,NA,NA,0,NA,0,1,0,NA,1,1,NA,NA,356.9473168,0.934081456,0.076906634,-1.57706245
605_523,605,NA,NA,1,1,1,2015,2,423758,5330388,2,1,48.12218251,-124.0244996,9/17/2015,10/1/2015,14,14,4,NA,NA,NA,NA,NA,NA,NA,NA,NA,NA,NA,NA,NA,NA,NA,NA,0,NA,0,1,0,NA,0,1,NA,NA,369.7044357,1.023151885,0.076906634,-2.070908499
605_557,605,NA,NA,1,1,1,2015,2,423467,5334162,2,2,48.15609666,-124.0290876,9/19/2015,10/3/2015,14,14,1,NA,NA,NA,NA,NA,NA,NA,NA,NA,NA,NA,NA,NA,NA,NA,NA,0,NA,1,1,0,NA,1,1,NA,NA,435.3998545,1.481838457,0.076906634,-2.811677574
605_557,605,NA,NA,1,1,2,2015,2,423467,5334162,2,3,48.15609666,-124.0290876,10/3/2015,10/17/2015,14,14,10,NA,NA,NA,NA,NA,NA,NA,NA,NA,NA,NA,NA,NA,NA,NA,NA,0,NA,0,1,0,NA,1,1,NA,NA,78.66987014,-1.00885658,0.076906634,-0.58937035
605_557,605,NA,NA,1,1,3,2015,2,423467,5334162,2,4,48.15609666,-124.0290876,10/17/2015,10/31/2015,14,14,2,NA,NA,NA,NA,NA,NA,NA,NA,NA,NA,NA,NA,NA,NA,NA,NA,0,NA,1,1,0,NA,1,1,NA,NA,448.8032096,1.575420918,0.076906634,-2.564754549
605_522,605,NA,NA,1,1,1,2015,2,424320,5330376,3,1,48.12214162,-124.0169469,9/17/2015,10/1/2015,14,4,4,NA,NA,NA,NA,NA,NA,NA,NA,NA,NA,NA,NA,NA,NA,NA,NA,0,NA,0,0,0,NA,0,0,NA,NA,369.7028847,1.023141056,-3.32053486,-2.070908499
605_556,605,NA,NA,1,1,1,2015,2,424329,5333563,3,2,48.15081152,-124.0173922,10/3/2015,10/17/2015,14,14,14,NA,NA,NA,NA,NA,NA,NA,NA,NA,NA,NA,NA,NA,NA,NA,NA,0,NA,0,0,0,NA,1,0,NA,NA,78.66682623,-1.008877832,0.076906634,0.398321749
605_556,605,NA,NA,1,1,2,2015,2,424329,5333563,3,3,48.15081152,-124.0173922,10/17/2015,10/31/2015,14,14,14,NA,NA,NA,NA,NA,NA,NA,NA,NA,NA,NA,NA,NA,NA,NA,NA,0,NA,0,0,0,NA,1,0,NA,NA,448.7877871,1.575313238,0.076906634,0.398321749
607_531,607,NA,NA,1,1,1,2015,2,438348,5333417,1,1,48.15101186,-123.8289092,9/16/2015,9/30/2015,14,0,14,NA,NA,NA,NA,NA,NA,NA,NA,NA,NA,NA,NA,NA,NA,NA,NA,0,NA,0,0,1,NA,0,1,NA,NA,327.0993952,0.725682742,-4.679511457,0.398321749
607_531,607,NA,NA,1,1,2,2015,2,438348,5333417,1,2,48.15101186,-123.8289092,9/30/2015,10/14/2015,14,14,14,NA,NA,NA,NA,NA,NA,NA,NA,NA,NA,NA,NA,NA,NA,NA,NA,1,NA,1,1,0,NA,0,1,NA,NA,189.7913347,-0.233004556,0.076906634,0.398321749
607_531,607,NA,NA,1,1,3,2015,2,438348,5333417,1,3,48.15101186,-123.8289092,10/14/2015,10/28/2015,14,14,14,NA,NA,NA,NA,NA,NA,NA,NA,NA,NA,NA,NA,NA,NA,NA,NA,0,NA,0,1,0,NA,0,1,NA,NA,303.0640985,0.557867877,0.076906634,0.398321749
607_531,607,NA,NA,1,1,4,2015,2,438348,5333417,1,4,48.15101186,-123.8289092,10/28/2015,11/12/2015,15,15,15,NA,NA,NA,NA,NA,NA,NA,NA,NA,NA,NA,NA,NA,NA,NA,NA,0,NA,0,1,0,NA,0,1,NA,NA,265.0955272,0.292770643,0.416650783,0.645244774
631_534,631,NA,NA,1,1,1,2015,1,392253,5339032,1,1,48.19537444,-124.4499168,7/15/2015,7/29/2015,14,14,14,NA,NA,NA,NA,NA,NA,NA,NA,NA,NA,NA,NA,NA,NA,NA,NA,0,NA,0,0,0,NA,0,0,NA,NA,96.61593401,-0.883556845,0.076906634,0.398321749
631_534,631,NA,NA,1,1,2,2015,1,392253,5339032,1,2,48.19537444,-124.4499168,7/29/2015,8/14/2015,16,16,16,NA,NA,NA,NA,NA,NA,NA,NA,NA,NA,NA,NA,NA,NA,NA,NA,0,NA,0,0,0,NA,0,0,NA,NA,258.2951733,0.245290452,0.756394932,0.892167799
631_534,631,NA,NA,1,1,3,2015,1,392253,5339032,1,3,48.19537444,-124.4499168,8/14/2015,8/28/2015,14,14,14,NA,NA,NA,NA,NA,NA,NA,NA,NA,NA,NA,NA,NA,NA,NA,NA,0,NA,0,0,0,NA,0,0,NA,NA,126.6234092,-0.674044125,0.076906634,0.398321749
631_535,631,NA,NA,1,1,1,2015,1,393084,5341993,2,1,48.2221462,-124.4394842,7/15/2015,7/29/2015,14,14,14,NA,NA,NA,NA,NA,NA,NA,NA,NA,NA,NA,NA,NA,NA,NA,NA,0,NA,0,0,0,NA,0,0,NA,NA,96.56423016,-0.883917843,0.076906634,0.398321749
631_535,631,NA,NA,1,1,2,2015,1,393084,5341993,2,2,48.2221462,-124.4394842,7/29/2015,8/14/2015,16,16,16,NA,NA,NA,NA,NA,NA,NA,NA,NA,NA,NA,NA,NA,NA,NA,NA,0,NA,0,0,0,NA,0,0,NA,NA,258.2416626,0.244916839,0.756394932,0.892167799
631_535,631,NA,NA,1,1,3,2015,1,393084,5341993,2,3,48.2221462,-124.4394842,8/14/2015,8/28/2015,14,14,14,NA,NA,NA,NA,NA,NA,NA,NA,NA,NA,NA,NA,NA,NA,NA,NA,0,NA,0,0,0,NA,0,0,NA,NA,126.578998,-0.674354205,0.076906634,0.398321749
631_537,631,NA,NA,1,1,1,2015,1,392671,5342787,3,1,48.22921767,-124.445244,7/15/2015,7/29/2015,14,14,14,NA,NA,NA,NA,NA,NA,NA,NA,NA,NA,NA,NA,NA,NA,NA,NA,0,NA,0,0,0,NA,0,0,NA,NA,96.54886002,-0.884025157,0.076906634,0.398321749
631_537,631,NA,NA,1,1,2,2015,1,392671,5342787,3,2,48.22921767,-124.445244,7/29/2015,8/14/2015,16,16,16,NA,NA,NA,NA,NA,NA,NA,NA,NA,NA,NA,NA,NA,NA,NA,NA,0,NA,0,0,0,NA,0,0,NA,NA,258.2287515,0.244826694,0.756394932,0.892167799
631_537,631,NA,NA,1,1,3,2015,1,392671,5342787,3,3,48.22921767,-124.445244,8/14/2015,8/28/2015,14,14,14,NA,NA,NA,NA,NA,NA,NA,NA,NA,NA,NA,NA,NA,NA,NA,NA,0,NA,0,0,0,NA,0,0,NA,NA,126.5682515,-0.674429237,0.076906634,0.398321749
633_536,633,NA,NA,1,1,1,2015,2,410296,5342016,2,1,48.22502071,-124.2078106,7/29/2015,8/12/2015,14,14,14,NA,NA,NA,NA,NA,NA,NA,NA,NA,NA,NA,NA,NA,NA,NA,NA,0,NA,0,0,0,NA,0,0,NA,NA,294.9340678,0.501103859,0.076906634,0.398321749
633_536,633,NA,NA,1,1,2,2015,2,410296,5342016,2,2,48.22502071,-124.2078106,8/12/2015,8/26/2015,14,14,14,NA,NA,NA,NA,NA,NA,NA,NA,NA,NA,NA,NA,NA,NA,NA,NA,0,NA,0,1,0,NA,0,1,NA,NA,64.78903108,-1.105772842,0.076906634,0.398321749
633_536,633,NA,NA,1,1,3,2015,2,410296,5342016,2,3,48.22502071,-124.2078106,8/26/2015,9/16/2015,21,21,21,NA,NA,NA,NA,NA,NA,NA,NA,NA,NA,NA,NA,NA,NA,NA,NA,0,NA,0,1,0,NA,0,1,NA,NA,256.9026191,0.235567614,2.455115679,2.126782923
646_538,646,NA,NA,1,1,1,2015,1,384660,5346717,1,1,48.26315578,-124.5541474,7/16/2015,7/30/2015,14,14,6,NA,NA,NA,NA,NA,NA,NA,NA,NA,NA,NA,NA,NA,NA,NA,NA,0,NA,0,0,0,NA,0,0,NA,NA,128.6151151,-0.660137999,0.076906634,-1.57706245
646_538,646,NA,NA,1,1,2,2015,1,384660,5346717,1,2,48.26315578,-124.5541474,7/30/2015,8/14/2015,15,15,15,NA,NA,NA,NA,NA,NA,NA,NA,NA,NA,NA,NA,NA,NA,NA,NA,0,NA,0,0,0,NA,0,0,NA,NA,245.3721098,0.155061395,0.416650783,0.645244774
646_538,646,NA,NA,1,1,3,2015,1,384660,5346717,1,3,48.26315578,-124.5541474,8/14/2015,8/28/2015,14,14,7,NA,NA,NA,NA,NA,NA,NA,NA,NA,NA,NA,NA,NA,NA,NA,NA,0,NA,0,0,0,NA,0,0,NA,NA,126.5184058,-0.674777261,0.076906634,-1.330139425
646_539,646,NA,NA,1,1,1,2015,1,385279,5347986,2,1,48.27468092,-124.5461542,7/16/2015,7/30/2015,14,0,14,NA,NA,NA,NA,NA,NA,NA,NA,NA,NA,NA,NA,NA,NA,NA,NA,0,NA,0,0,1,NA,0,1,NA,NA,128.5882219,-0.660325768,-4.679511457,0.398321749
646_539,646,NA,NA,1,1,2,2015,1,385279,5347986,2,2,48.27468092,-124.5461542,7/30/2015,8/14/2015,15,0,0,NA,NA,NA,NA,NA,NA,NA,NA,NA,NA,NA,NA,NA,NA,NA,NA,0,NA,0,0,1,NA,0,1,NA,NA,245.3512885,0.15491602,-4.679511457,-3.058600599
646_539,646,NA,NA,1,1,3,2015,1,385279,5347986,2,3,48.27468092,-124.5461542,8/14/2015,8/28/2015,14,14,7,NA,NA,NA,NA,NA,NA,NA,NA,NA,NA,NA,NA,NA,NA,NA,NA,0,NA,0,1,0,NA,0,1,NA,NA,126.4996613,-0.674908135,0.076906634,-1.330139425
646_540,646,NA,NA,1,1,1,2015,1,387860,5348120,3,1,48.27634842,-124.511417,7/16/2015,7/30/2015,14,14,14,NA,NA,NA,NA,NA,NA,NA,NA,NA,NA,NA,NA,NA,NA,NA,NA,0,NA,0,1,0,NA,0,1,NA,NA,128.5849674,-0.660348491,0.076906634,0.398321749
646_540,646,NA,NA,1,1,2,2015,1,387860,5348120,3,2,48.27634842,-124.511417,7/30/2015,8/14/2015,15,15,15,NA,NA,NA,NA,NA,NA,NA,NA,NA,NA,NA,NA,NA,NA,NA,NA,0,NA,0,1,0,NA,0,1,NA,NA,245.3497238,0.154905095,0.416650783,0.645244774
646_540,646,NA,NA,1,1,3,2015,1,387860,5348120,3,3,48.27634842,-124.511417,8/14/2015,8/28/2015,14,14,14,NA,NA,NA,NA,NA,NA,NA,NA,NA,NA,NA,NA,NA,NA,NA,NA,0,NA,0,1,1,NA,0,1,NA,NA,126.4946247,-0.674943301,0.076906634,0.398321749
736_377,736,NA,NA,1,1,1,2015,1,493340,5207772,1,1,47.0234342,-123.0876404,6/15/2015,6/29/2015,14,14,14,NA,NA,NA,NA,NA,NA,NA,NA,NA,NA,NA,NA,NA,NA,NA,NA,0,NA,0,0,0,NA,0,0,NA,NA,91.54050976,-0.918993547,0.076906634,0.398321749
736_377,736,NA,NA,1,1,2,2015,1,493340,5207772,1,2,47.0234342,-123.0876404,6/29/2015,7/13/2015,14,14,14,NA,NA,NA,NA,NA,NA,NA,NA,NA,NA,NA,NA,NA,NA,NA,NA,0,NA,0,0,0,NA,0,0,NA,NA,275.0657067,0.362382612,0.076906634,0.398321749
736_377,736,NA,NA,1,1,3,2015,1,493340,5207772,1,3,47.0234342,-123.0876404,7/13/2015,7/27/2015,14,14,14,NA,NA,NA,NA,NA,NA,NA,NA,NA,NA,NA,NA,NA,NA,NA,NA,0,NA,1,0,0,NA,0,0,NA,NA,51.99870492,-1.195075125,0.076906634,0.398321749
736_375,736,NA,NA,1,1,1,2015,1,496615,5205421,2,1,47.00230304,-123.0445264,6/15/2015,6/29/2015,14,14,14,NA,NA,NA,NA,NA,NA,NA,NA,NA,NA,NA,NA,NA,NA,NA,NA,0,NA,0,0,0,NA,0,0,NA,NA,91.57723738,-0.918737114,0.076906634,0.398321749
736_375,736,NA,NA,1,1,2,2015,1,496615,5205421,2,2,47.00230304,-123.0445264,6/29/2015,7/13/2015,14,14,14,NA,NA,NA,NA,NA,NA,NA,NA,NA,NA,NA,NA,NA,NA,NA,NA,0,NA,1,0,0,NA,0,0,NA,NA,275.1491997,0.362965561,0.076906634,0.398321749
736_375,736,NA,NA,1,1,3,2015,1,496615,5205421,2,3,47.00230304,-123.0445264,7/13/2015,7/27/2015,14,14,14,NA,NA,NA,NA,NA,NA,NA,NA,NA,NA,NA,NA,NA,NA,NA,NA,0,NA,1,0,0,NA,0,0,NA,NA,52.0218254,-1.194913697,0.076906634,0.398321749
736_376,736,NA,NA,1,1,1,2015,1,498172,5206708,3,1,47.01389056,-123.0240508,6/15/2015,6/29/2015,14,14,14,NA,NA,NA,NA,NA,NA,NA,NA,NA,NA,NA,NA,NA,NA,NA,NA,0,NA,0,0,0,NA,0,0,NA,NA,91.55853613,-0.918867687,0.076906634,0.398321749
736_376,736,NA,NA,1,1,2,2015,1,498172,5206708,3,2,47.01389056,-123.0240508,6/29/2015,7/13/2015,14,0,0,NA,NA,NA,NA,NA,NA,NA,NA,NA,NA,NA,NA,NA,NA,NA,NA,0,NA,0,0,0,NA,0,0,NA,NA,275.1015938,0.362633176,-4.679511457,-3.058600599
736_376,736,NA,NA,1,1,3,2015,1,498172,5206708,3,3,47.01389056,-123.0240508,7/15/2015,7/27/2015,12,12,8,NA,NA,NA,NA,NA,NA,NA,NA,NA,NA,NA,NA,NA,NA,NA,NA,0,NA,0,0,0,NA,0,0,NA,NA,60.24772613,-1.137480314,-0.602581665,-1.0832164
746_382,746,NA,NA,1,1,1,2015,1,484624,5215033,1,1,47.08862797,-123.202583,6/1/2015,6/15/2015,14,14,14,NA,NA,NA,NA,NA,NA,NA,NA,NA,NA,NA,NA,NA,NA,NA,NA,0,NA,0,0,0,NA,0,0,NA,NA,219.6295098,-0.024673892,0.076906634,0.398321749
746_382,746,NA,NA,1,1,2,2015,1,484624,5215033,1,2,47.08862797,-123.202583,6/15/2015,6/29/2015,14,14,14,NA,NA,NA,NA,NA,NA,NA,NA,NA,NA,NA,NA,NA,NA,NA,NA,0,NA,0,0,0,NA,0,0,NA,NA,91.42844772,-0.919775966,0.076906634,0.398321749
746_382,746,NA,NA,1,1,3,2015,1,484624,5215033,1,3,47.08862797,-123.202583,6/29/2015,7/13/2015,14,14,5,NA,NA,NA,NA,NA,NA,NA,NA,NA,NA,NA,NA,NA,NA,NA,NA,0,NA,0,0,0,NA,0,0,NA,NA,274.802497,0.360544877,0.076906634,-1.823985474
746_378,746,NA,NA,1,1,1,2015,1,482636,5212389,2,1,47.06478642,-123.2286734,6/1/2015,6/15/2015,14,14,14,NA,NA,NA,NA,NA,NA,NA,NA,NA,NA,NA,NA,NA,NA,NA,NA,0,NA,0,0,0,NA,0,0,NA,NA,219.7226358,-0.024023684,0.076906634,0.398321749
746_378,746,NA,NA,1,1,2,2015,1,482636,5212389,2,2,47.06478642,-123.2286734,6/15/2015,6/29/2015,14,14,14,NA,NA,NA,NA,NA,NA,NA,NA,NA,NA,NA,NA,NA,NA,NA,NA,0,NA,0,0,0,NA,0,0,NA,NA,91.46915312,-0.91949176,0.076906634,0.398321749
746_378,746,NA,NA,1,1,3,2015,1,482636,5212389,2,3,47.06478642,-123.2286734,6/29/2015,7/13/2015,14,14,14,NA,NA,NA,NA,NA,NA,NA,NA,NA,NA,NA,NA,NA,NA,NA,NA,0,NA,1,0,0,NA,0,0,NA,NA,274.8984902,0.361215103,0.076906634,0.398321749
746_379,746,NA,NA,1,1,1,2015,1,480896,5212692,3,1,47.06746495,-123.2516008,6/1/2015,6/15/2015,14,14,14,NA,NA,NA,NA,NA,NA,NA,NA,NA,NA,NA,NA,NA,NA,NA,NA,0,NA,0,0,0,NA,0,0,NA,NA,219.7119045,-0.024098611,0.076906634,0.398321749
746_379,746,NA,NA,1,1,2,2015,1,480896,5212692,3,2,47.06746495,-123.2516008,6/15/2015,6/29/2015,14,0,14,NA,NA,NA,NA,NA,NA,NA,NA,NA,NA,NA,NA,NA,NA,NA,NA,0,NA,0,0,0,NA,0,0,NA,NA,91.46454993,-0.9195239,-4.679511457,0.398321749
746_379,746,NA,NA,1,1,3,2015,1,480896,5212692,3,3,47.06746495,-123.2516008,6/29/2015,7/13/2015,14,14,14,NA,NA,NA,NA,NA,NA,NA,NA,NA,NA,NA,NA,NA,NA,NA,NA,0,NA,1,0,1,NA,0,1,NA,NA,274.8883,0.361143955,0.076906634,0.398321749
756_389,756,NA,NA,1,1,1,2015,1,475969,5221728,1,1,47.14861407,-123.3169711,7/20/2015,8/3/2015,14,14,14,NA,NA,NA,NA,NA,NA,NA,NA,NA,NA,NA,NA,NA,NA,NA,NA,0,NA,0,0,0,NA,0,0,NA,NA,276.374784,0.371522612,0.076906634,0.398321749
756_389,756,NA,NA,1,1,2,2015,1,475969,5221728,1,2,47.14861407,-123.3169711,8/3/2015,8/17/2015,14,14,14,NA,NA,NA,NA,NA,NA,NA,NA,NA,NA,NA,NA,NA,NA,NA,NA,0,NA,0,0,0,NA,0,0,NA,NA,118.9882074,-0.727353238,0.076906634,0.398321749
756_389,756,NA,NA,1,1,3,2015,1,475969,5221728,1,3,47.14861407,-123.3169711,8/17/2015,8/31/2015,14,14,14,NA,NA,NA,NA,NA,NA,NA,NA,NA,NA,NA,NA,NA,NA,NA,NA,0,NA,0,0,0,NA,0,0,NA,NA,258.2230369,0.244786794,0.076906634,0.398321749
756_387,756,NA,NA,1,1,1,2015,1,478172,5220948,2,1,47.14167202,-123.2878758,7/20/2015,8/3/2015,14,14,14,NA,NA,NA,NA,NA,NA,NA,NA,NA,NA,NA,NA,NA,NA,NA,NA,0,NA,0,0,0,NA,0,0,NA,NA,276.400419,0.371701596,0.076906634,0.398321749
756_387,756,NA,NA,1,1,2,2015,1,478172,5220948,2,2,47.14167202,-123.2878758,8/3/2015,8/17/2015,14,14,14,NA,NA,NA,NA,NA,NA,NA,NA,NA,NA,NA,NA,NA,NA,NA,NA,0,NA,1,0,0,NA,0,0,NA,NA,118.9906302,-0.727336322,0.076906634,0.398321749
756_387,756,NA,NA,1,1,3,2015,1,478172,5220948,2,3,47.14167202,-123.2878758,8/17/2015,8/31/2015,14,14,14,NA,NA,NA,NA,NA,NA,NA,NA,NA,NA,NA,NA,NA,NA,NA,NA,0,NA,1,0,0,NA,0,0,NA,NA,258.2389975,0.244898232,0.076906634,0.398321749
756_390,756,NA,NA,1,1,1,2015,1,480294,5222159,3,1,47.15263603,-123.2599435,7/20/2015,8/3/2015,14,14,14,NA,NA,NA,NA,NA,NA,NA,NA,NA,NA,NA,NA,NA,NA,NA,NA,0,NA,0,0,0,NA,0,0,NA,NA,276.3609042,0.371425703,0.076906634,0.398321749
756_390,756,NA,NA,1,1,2,2015,1,480294,5222159,3,2,47.15263603,-123.2599435,8/3/2015,8/17/2015,14,14,14,NA,NA,NA,NA,NA,NA,NA,NA,NA,NA,NA,NA,NA,NA,NA,NA,0,NA,0,0,0,NA,0,0,NA,NA,118.9873726,-0.727359067,0.076906634,0.398321749
756_390,756,NA,NA,1,1,3,2015,1,480294,5222159,3,3,47.15263603,-123.2599435,8/17/2015,8/31/2015,14,14,14,NA,NA,NA,NA,NA,NA,NA,NA,NA,NA,NA,NA,NA,NA,NA,NA,0,NA,0,0,0,NA,0,0,NA,NA,258.2149329,0.244730212,0.076906634,0.398321749
21_15,21,NA,NA,1,1,1,2016,1,432122,5206662,1,1,47.00999717,-123.8930002,9/20/2016,10/4/2016,14,14,14,NA,NA,NA,NA,NA,NA,NA,NA,NA,NA,NA,NA,NA,NA,NA,NA,0,NA,0,1,0,NA,0,1,NA,NA,123.5989441,-0.695160994,0.076906634,0.398321749
21_15,21,NA,NA,1,1,2,2016,1,432122,5206662,1,2,47.00999717,-123.8930002,10/4/2016,10/19/2016,15,15,15,NA,NA,NA,NA,NA,NA,NA,NA,NA,NA,NA,NA,NA,NA,NA,NA,0,NA,0,0,0,NA,0,0,NA,NA,378.005065,1.081107025,0.416650783,0.645244774
21_15,21,NA,NA,1,1,3,2016,1,432122,5206662,1,3,47.00999717,-123.8930002,10/19/2016,11/2/2016,14,14,14,NA,NA,NA,NA,NA,NA,NA,NA,NA,NA,NA,NA,NA,NA,NA,NA,1,NA,0,1,0,NA,0,1,NA,NA,149.3404416,-0.515433404,0.076906634,0.398321749
21_18,21,NA,NA,1,1,1,2016,1,432749,5208322,2,1,47.02499731,-123.8849992,9/20/2016,10/4/2016,14,14,7,NA,NA,NA,NA,NA,NA,NA,NA,NA,NA,NA,NA,NA,NA,NA,NA,0,NA,0,0,0,NA,0,0,NA,NA,123.6116734,-0.695072117,0.076906634,-1.330139425
21_18,21,NA,NA,1,1,2,2016,1,432749,5208322,2,2,47.02499731,-123.8849992,10/4/2016,10/19/2016,15,15,15,NA,NA,NA,NA,NA,NA,NA,NA,NA,NA,NA,NA,NA,NA,NA,NA,0,NA,1,0,0,NA,0,0,NA,NA,378.0116761,1.081153184,0.416650783,0.645244774
21_18,21,NA,NA,1,1,3,2016,1,432749,5208322,2,3,47.02499731,-123.8849992,10/19/2016,11/2/2016,14,14,14,NA,NA,NA,NA,NA,NA,NA,NA,NA,NA,NA,NA,NA,NA,NA,NA,0,NA,0,0,0,NA,0,0,NA,NA,149.3616278,-0.515285482,0.076906634,0.398321749
21_14,21,NA,NA,1,1,1,2016,1,429530,5206026,3,1,47.00400373,-123.9269969,9/20/2016,10/4/2016,14,14,10,NA,NA,NA,NA,NA,NA,NA,NA,NA,NA,NA,NA,NA,NA,NA,NA,0,NA,0,0,0,NA,0,0,NA,NA,123.5935873,-0.695198395,0.076906634,-0.58937035
21_14,21,NA,NA,1,1,2,2016,1,429530,5206026,3,2,47.00400373,-123.9269969,10/4/2016,10/22/2016,18,18,18,NA,NA,NA,NA,NA,NA,NA,NA,NA,NA,NA,NA,NA,NA,NA,NA,0,NA,0,0,0,NA,0,0,NA,NA,391.7221498,1.176879953,1.435883231,1.386013849
21_14,21,NA,NA,1,1,3,2016,1,429530,5206026,3,3,47.00400373,-123.9269969,10/22/2016,11/2/2016,11,11,11,NA,NA,NA,NA,NA,NA,NA,NA,NA,NA,NA,NA,NA,NA,NA,NA,0,NA,1,0,0,NA,0,0,NA,NA,64.51225636,-1.107705288,-0.942325815,-0.342447325
82_32,82,NA,NA,1,1,1,2016,1,419676,5229250,1,1,47.21182876,-124.0607434,8/23/2016,9/7/2016,15,15,15,NA,NA,NA,NA,NA,NA,NA,NA,NA,NA,NA,NA,NA,NA,NA,NA,0,NA,0,1,0,NA,0,1,NA,NA,69.87732036,-1.070246317,0.416650783,0.645244774
82_32,82,NA,NA,1,1,2,2016,1,419676,5229250,1,2,47.21182876,-124.0607434,9/7/2016,9/19/2016,12,12,12,NA,NA,NA,NA,NA,NA,NA,NA,NA,NA,NA,NA,NA,NA,NA,NA,0,NA,0,1,0,NA,0,1,NA,NA,383.6313719,1.120389999,-0.602581665,-0.0955243
82_32,82,NA,NA,1,1,3,2016,1,419676,5229250,1,3,47.21182876,-124.0607434,9/19/2016,10/5/2016,16,16,16,NA,NA,NA,NA,NA,NA,NA,NA,NA,NA,NA,NA,NA,NA,NA,NA,0,NA,0,1,0,NA,0,1,NA,NA,143.5273431,-0.556020561,0.756394932,0.892167799
82_33,82,NA,NA,1,1,1,2016,1,420715,5229613,2,1,47.21522084,-124.0470892,8/23/2016,9/7/2016,15,15,15,NA,NA,NA,NA,NA,NA,NA,NA,NA,NA,NA,NA,NA,NA,NA,NA,0,NA,0,1,0,NA,0,1,NA,NA,69.8771016,-1.070247844,0.416650783,0.645244774
82_33,82,NA,NA,1,1,2,2016,1,420715,5229613,2,2,47.21522084,-124.0470892,9/7/2016,9/19/2016,12,12,12,NA,NA,NA,NA,NA,NA,NA,NA,NA,NA,NA,NA,NA,NA,NA,NA,1,NA,0,1,0,NA,0,1,NA,NA,383.6250463,1.120345833,-0.602581665,-0.0955243
82_33,82,NA,NA,1,1,3,2016,1,420715,5229613,2,3,47.21522084,-124.0470892,9/19/2016,10/5/2016,16,16,16,NA,NA,NA,NA,NA,NA,NA,NA,NA,NA,NA,NA,NA,NA,NA,NA,0,NA,0,1,0,NA,0,1,NA,NA,143.5273932,-0.556020211,0.756394932,0.892167799
82_30,82,NA,NA,1,1,1,2016,1,419984,5228542,3,1,47.20549654,-124.0565502,8/25/2016,9/7/2016,13,13,13,NA,NA,NA,NA,NA,NA,NA,NA,NA,NA,NA,NA,NA,NA,NA,NA,0,NA,0,1,0,NA,0,1,NA,NA,36.48603934,-1.303384829,-0.262837516,0.151398724
82_30,82,NA,NA,1,1,2,2016,1,419984,5228542,3,2,47.20549654,-124.0565502,9/7/2016,9/19/2016,12,12,12,NA,NA,NA,NA,NA,NA,NA,NA,NA,NA,NA,NA,NA,NA,NA,NA,1,NA,0,0,0,NA,0,0,NA,NA,383.6371648,1.120430445,-0.602581665,-0.0955243
82_30,82,NA,NA,1,1,3,2016,1,419984,5228542,3,3,47.20549654,-124.0565502,9/19/2016,10/5/2016,16,16,16,NA,NA,NA,NA,NA,NA,NA,NA,NA,NA,NA,NA,NA,NA,NA,NA,0,NA,0,0,0,NA,0,0,NA,NA,143.5217579,-0.556059557,0.756394932,0.892167799
85_36,85,NA,NA,1,1,1,2016,1,445964,5232231,1,1,47.24133891,-123.7139836,5/24/2016,6/7/2016,14,14,14,NA,NA,NA,NA,NA,NA,NA,NA,NA,NA,NA,NA,NA,NA,NA,NA,0,NA,0,0,0,NA,0,0,NA,NA,100.6622946,-0.855305084,0.076906634,0.398321749
85_36,85,NA,NA,1,1,2,2016,1,445964,5232231,1,2,47.24133891,-123.7139836,6/7/2016,6/23/2016,16,16,16,NA,NA,NA,NA,NA,NA,NA,NA,NA,NA,NA,NA,NA,NA,NA,NA,0,NA,0,0,0,NA,0,0,NA,NA,248.815911,0.179106076,0.756394932,0.892167799
85_36,85,NA,NA,1,1,3,2016,1,445964,5232231,1,3,47.24133891,-123.7139836,6/23/2016,7/7/2016,14,14,14,NA,NA,NA,NA,NA,NA,NA,NA,NA,NA,NA,NA,NA,NA,NA,NA,0,NA,0,0,0,NA,0,0,NA,NA,96.1829266,-0.886580111,0.076906634,0.398321749
85_35,85,NA,NA,1,1,1,2016,1,445779,5230225,2,1,47.22327428,-123.7161846,5/24/2016,6/7/2016,14,14,14,NA,NA,NA,NA,NA,NA,NA,NA,NA,NA,NA,NA,NA,NA,NA,NA,0,NA,0,0,0,NA,0,0,NA,NA,100.7052039,-0.855005491,0.076906634,0.398321749
85_35,85,NA,NA,1,1,2,2016,1,445779,5230225,2,2,47.22327428,-123.7161846,6/7/2016,6/23/2016,16,16,16,NA,NA,NA,NA,NA,NA,NA,NA,NA,NA,NA,NA,NA,NA,NA,NA,0,NA,0,1,0,NA,0,1,NA,NA,248.8900278,0.17962356,0.756394932,0.892167799
85_35,85,NA,NA,1,1,3,2016,1,445779,5230225,2,3,47.22327428,-123.7161846,6/23/2016,7/7/2016,14,14,14,NA,NA,NA,NA,NA,NA,NA,NA,NA,NA,NA,NA,NA,NA,NA,NA,0,NA,0,0,0,NA,0,0,NA,NA,96.21422572,-0.88636158,0.076906634,0.398321749
85_31,85,NA,NA,1,1,1,2016,1,446441,5229040,3,1,47.21266629,-123.7072994,5/24/2016,6/7/2016,14,14,14,NA,NA,NA,NA,NA,NA,NA,NA,NA,NA,NA,NA,NA,NA,NA,NA,0,NA,0,0,0,NA,0,0,NA,NA,100.7289911,-0.854839408,0.076906634,0.398321749
85_31,85,NA,NA,1,1,2,2016,1,446441,5229040,3,2,47.21266629,-123.7072994,6/7/2016,6/23/2016,16,16,16,NA,NA,NA,NA,NA,NA,NA,NA,NA,NA,NA,NA,NA,NA,NA,NA,0,NA,0,0,0,NA,0,0,NA,NA,248.9337979,0.179929164,0.756394932,0.892167799
85_31,85,NA,NA,1,1,3,2016,1,446441,5229040,3,3,47.21266629,-123.7072994,6/23/2016,7/7/2016,14,14,14,NA,NA,NA,NA,NA,NA,NA,NA,NA,NA,NA,NA,NA,NA,NA,NA,0,NA,0,0,0,NA,0,0,NA,NA,96.2333108,-0.886228327,0.076906634,0.398321749
88_37,88,NA,NA,1,1,1,2016,1,471970,5232590,1,1,47.24619513,-123.3703968,7/25/2016,8/8/2016,14,14,14,NA,NA,NA,NA,NA,NA,NA,NA,NA,NA,NA,NA,NA,NA,NA,NA,0,NA,0,0,0,NA,0,0,NA,NA,55.19162172,-1.172782124,0.076906634,0.398321749
88_37,88,NA,NA,1,1,2,2016,1,471970,5232590,1,2,47.24619513,-123.3703968,8/8/2016,8/22/2016,14,14,14,NA,NA,NA,NA,NA,NA,NA,NA,NA,NA,NA,NA,NA,NA,NA,NA,0,NA,0,0,0,NA,0,0,NA,NA,337.6512707,0.799356122,0.076906634,0.398321749
88_37,88,NA,NA,1,1,3,2016,1,471970,5232590,1,3,47.24619513,-123.3703968,8/22/2016,9/7/2016,16,16,16,NA,NA,NA,NA,NA,NA,NA,NA,NA,NA,NA,NA,NA,NA,NA,NA,0,NA,0,1,0,NA,0,1,NA,NA,90.09365448,-0.929095516,0.756394932,0.892167799
88_34,88,NA,NA,1,1,1,2016,1,472607,5229825,2,1,47.22134196,-123.36181,7/25/2016,8/8/2016,14,14,14,NA,NA,NA,NA,NA,NA,NA,NA,NA,NA,NA,NA,NA,NA,NA,NA,0,NA,0,0,0,NA,0,0,NA,NA,55.19928363,-1.172728628,0.076906634,0.398321749
88_34,88,NA,NA,1,1,2,2016,1,472607,5229825,2,2,47.22134196,-123.36181,8/8/2016,8/22/2016,14,14,14,NA,NA,NA,NA,NA,NA,NA,NA,NA,NA,NA,NA,NA,NA,NA,NA,0,NA,0,0,0,NA,0,0,NA,NA,337.721761,0.799848287,0.076906634,0.398321749
88_34,88,NA,NA,1,1,3,2016,1,472607,5229825,2,3,47.22134196,-123.36181,8/22/2016,9/7/2016,16,16,16,NA,NA,NA,NA,NA,NA,NA,NA,NA,NA,NA,NA,NA,NA,NA,NA,0,NA,0,0,0,NA,0,0,NA,NA,90.09231752,-0.929104851,0.756394932,0.892167799
88_29,88,NA,NA,1,1,1,2016,1,474771,5228353,3,1,47.20818319,-123.3331452,7/25/2016,8/8/2016,14,14,14,NA,NA,NA,NA,NA,NA,NA,NA,NA,NA,NA,NA,NA,NA,NA,NA,0,NA,0,0,0,NA,0,0,NA,NA,55.20378231,-1.172697218,0.076906634,0.398321749
88_29,88,NA,NA,1,1,2,2016,1,474771,5228353,3,2,47.20818319,-123.3331452,8/8/2016,8/22/2016,14,14,14,NA,NA,NA,NA,NA,NA,NA,NA,NA,NA,NA,NA,NA,NA,NA,NA,0,NA,0,0,0,NA,0,0,NA,NA,337.764551,0.800147047,0.076906634,0.398321749
88_29,88,NA,NA,1,1,3,2016,1,474771,5228353,3,3,47.20818319,-123.3331452,8/22/2016,9/7/2016,16,16,16,NA,NA,NA,NA,NA,NA,NA,NA,NA,NA,NA,NA,NA,NA,NA,NA,0,NA,0,0,0,NA,0,0,NA,NA,90.09096999,-0.929114259,0.756394932,0.892167799
106_45,106,NA,NA,1,1,1,2016,1,424561,5239565,1,1,47.30521176,-123.9979858,9/6/2016,9/19/2016,13,13,13,NA,NA,NA,NA,NA,NA,NA,NA,NA,NA,NA,NA,NA,NA,NA,NA,0,NA,0,1,0,NA,0,1,NA,NA,356.4967228,0.930935401,-0.262837516,0.151398724
106_45,106,NA,NA,1,1,2,2016,1,424561,5239565,1,2,47.30521176,-123.9979858,9/19/2016,10/5/2016,16,16,16,NA,NA,NA,NA,NA,NA,NA,NA,NA,NA,NA,NA,NA,NA,NA,NA,0,NA,0,1,0,NA,0,1,NA,NA,143.6020955,-0.555498638,0.756394932,0.892167799
106_45,106,NA,NA,1,1,3,2016,1,424561,5239565,1,3,47.30521176,-123.9979858,10/5/2016,10/21/2016,16,16,16,NA,NA,NA,NA,NA,NA,NA,NA,NA,NA,NA,NA,NA,NA,NA,NA,0,NA,0,0,0,NA,0,0,NA,NA,417.6490373,1.357901938,0.756394932,0.892167799
106_40,106,NA,NA,1,1,1,2016,1,423420,5237074,2,1,47.28266808,-124.0126498,9/6/2016,9/19/2016,13,13,13,NA,NA,NA,NA,NA,NA,NA,NA,NA,NA,NA,NA,NA,NA,NA,NA,0,NA,0,0,0,NA,0,0,NA,NA,356.5255987,0.931137013,-0.262837516,0.151398724
106_40,106,NA,NA,1,1,2,2016,1,423420,5237074,2,2,47.28266808,-124.0126498,9/19/2016,10/5/2016,16,16,16,NA,NA,NA,NA,NA,NA,NA,NA,NA,NA,NA,NA,NA,NA,NA,NA,1,NA,0,0,0,NA,0,0,NA,NA,143.5833771,-0.55562933,0.756394932,0.892167799
106_40,106,NA,NA,1,1,3,2016,1,423420,5237074,2,3,47.28266808,-124.0126498,10/5/2016,10/21/2016,16,0,0,NA,NA,NA,NA,NA,NA,NA,NA,NA,NA,NA,NA,NA,NA,NA,NA,0,NA,0,0,0,NA,0,0,NA,NA,417.6195404,1.35769599,-4.679511457,-3.058600599
106_39,106,NA,NA,1,1,1,2016,1,422198,5236621,3,1,47.27844858,-124.0287272,9/6/2016,9/19/2016,13,13,13,NA,NA,NA,NA,NA,NA,NA,NA,NA,NA,NA,NA,NA,NA,NA,NA,0,NA,0,0,0,NA,0,0,NA,NA,356.5344845,0.931199054,-0.262837516,0.151398724
106_39,106,NA,NA,1,1,2,2016,1,422198,5236621,3,2,47.27844858,-124.0287272,9/19/2016,10/5/2016,16,16,11,NA,NA,NA,NA,NA,NA,NA,NA,NA,NA,NA,NA,NA,NA,NA,NA,0,NA,1,0,0,NA,0,0,NA,NA,143.5779567,-0.555667176,0.756394932,-0.342447325
106_39,106,NA,NA,1,1,3,2016,1,422198,5236621,3,3,47.27844858,-124.0287272,10/5/2016,10/21/2016,16,16,11,NA,NA,NA,NA,NA,NA,NA,NA,NA,NA,NA,NA,NA,NA,NA,NA,0,NA,1,0,0,NA,0,0,NA,NA,417.6134919,1.35765376,0.756394932,-0.342447325
109_38,109,NA,NA,1,1,1,2016,1,450688,5236153,1,1,47.27700009,-123.6520023,7/8/2016,7/22/2016,14,14,14,NA,NA,NA,NA,NA,NA,NA,NA,NA,NA,NA,NA,NA,NA,NA,NA,0,NA,0,0,0,NA,0,0,NA,NA,264.5481893,0.28894912,0.076906634,0.398321749
109_1,109,NA,NA,1,1,1,2016,1,450175,5238158,1,2,47.29500172,-123.6590087,7/29/2016,8/12/2016,14,14,14,NA,NA,NA,NA,NA,NA,NA,NA,NA,NA,NA,NA,NA,NA,NA,NA,0,NA,0,1,0,NA,1,1,NA,NA,33.76366269,-1.322392511,0.076906634,0.398321749
109_1,109,NA,NA,1,1,2,2016,1,450175,5238158,1,3,47.29500172,-123.6590087,8/12/2016,8/22/2016,10,10,10,NA,NA,NA,NA,NA,NA,NA,NA,NA,NA,NA,NA,NA,NA,NA,NA,1,NA,1,0,0,NA,1,0,NA,NA,436.9591771,1.492725674,-1.282069964,-0.58937035
109_42,109,NA,NA,1,1,1,2016,1,452287,5237474,2,1,47.28900448,-123.631003,7/7/2016,7/22/2016,15,15,15,NA,NA,NA,NA,NA,NA,NA,NA,NA,NA,NA,NA,NA,NA,NA,NA,0,NA,0,0,0,NA,0,0,NA,NA,247.4987704,0.169909777,0.416650783,0.645244774
109_42,109,NA,NA,1,1,2,2016,1,452287,5237474,2,2,47.28900448,-123.631003,7/22/2016,8/4/2016,13,13,13,NA,NA,NA,NA,NA,NA,NA,NA,NA,NA,NA,NA,NA,NA,NA,NA,0,NA,0,0,0,NA,0,0,NA,NA,139.2185252,-0.586104803,-0.262837516,0.151398724
109_42,109,NA,NA,1,1,3,2016,1,452287,5237474,2,3,47.28900448,-123.631003,8/4/2016,8/22/2016,18,18,18,NA,NA,NA,NA,NA,NA,NA,NA,NA,NA,NA,NA,NA,NA,NA,NA,0,NA,1,0,0,NA,0,0,NA,NA,264.9081993,0.291462716,1.435883231,1.386013849
109_44,109,NA,NA,1,1,1,2016,1,450786,5238820,3,1,47.30100439,-123.651001,7/7/2016,7/22/2016,15,15,15,NA,NA,NA,NA,NA,NA,NA,NA,NA,NA,NA,NA,NA,NA,NA,NA,0,NA,0,1,0,NA,0,1,NA,NA,247.4496362,0.169566721,0.416650783,0.645244774
109_44,109,NA,NA,1,1,2,2016,1,450786,5238820,3,2,47.30100439,-123.651001,7/22/2016,8/4/2016,13,13,13,NA,NA,NA,NA,NA,NA,NA,NA,NA,NA,NA,NA,NA,NA,NA,NA,0,NA,0,1,0,NA,0,1,NA,NA,139.2034559,-0.586210017,-0.262837516,0.151398724
109_44,109,NA,NA,1,1,3,2016,1,450786,5238820,3,3,47.30100439,-123.651001,8/4/2016,8/22/2016,18,18,18,NA,NA,NA,NA,NA,NA,NA,NA,NA,NA,NA,NA,NA,NA,NA,NA,0,NA,1,1,0,NA,0,1,NA,NA,264.8773953,0.291247642,1.435883231,1.386013849
111_43,111,NA,NA,1,1,1,2016,1,470542,5238078,1,1,47.29551431,-123.3896286,6/7/2016,6/21/2016,14,0,14,NA,NA,NA,NA,NA,NA,NA,NA,NA,NA,NA,NA,NA,NA,NA,NA,0,NA,0,0,0,NA,0,0,NA,NA,225.1978661,0.01420447,-4.679511457,0.398321749
111_43,111,NA,NA,1,1,2,2016,1,470542,5238078,1,2,47.29551431,-123.3896286,6/21/2016,7/5/2016,14,14,9,NA,NA,NA,NA,NA,NA,NA,NA,NA,NA,NA,NA,NA,NA,NA,NA,0,NA,0,1,0,NA,0,1,NA,NA,154.7823655,-0.477437796,0.076906634,-0.836293375
111_43,111,NA,NA,1,1,3,2016,1,470542,5238078,1,3,47.29551431,-123.3896286,7/5/2016,7/20/2016,15,15,15,NA,NA,NA,NA,NA,NA,NA,NA,NA,NA,NA,NA,NA,NA,NA,NA,0,NA,0,1,0,NA,0,1,NA,NA,183.6341031,-0.275994456,0.416650783,0.645244774
111_46,111,NA,NA,1,1,1,2016,1,469994,5240397,2,1,47.31635595,-123.3970328,6/7/2016,6/21/2016,14,14,14,NA,NA,NA,NA,NA,NA,NA,NA,NA,NA,NA,NA,NA,NA,NA,NA,0,NA,0,0,0,NA,0,0,NA,NA,225.1224863,0.013678167,0.076906634,0.398321749
111_46,111,NA,NA,1,1,2,2016,1,469994,5240397,2,2,47.31635595,-123.3970328,6/21/2016,7/5/2016,14,14,7,NA,NA,NA,NA,NA,NA,NA,NA,NA,NA,NA,NA,NA,NA,NA,NA,0,NA,0,0,0,NA,0,0,NA,NA,154.7258693,-0.477832253,0.076906634,-1.330139425
111_46,111,NA,NA,1,1,3,2016,1,469994,5240397,2,3,47.31635595,-123.3970328,7/5/2016,7/20/2016,15,15,6,NA,NA,NA,NA,NA,NA,NA,NA,NA,NA,NA,NA,NA,NA,NA,NA,0,NA,0,0,0,NA,0,0,NA,NA,183.5709453,-0.276435425,0.416650783,-1.57706245
111_41,111,NA,NA,1,1,1,2016,1,467877,5237440,3,1,47.28964829,-123.4248305,6/7/2016,6/21/2016,14,14,14,NA,NA,NA,NA,NA,NA,NA,NA,NA,NA,NA,NA,NA,NA,NA,NA,0,NA,0,0,0,NA,0,0,NA,NA,225.2221212,0.014373819,0.076906634,0.398321749
111_41,111,NA,NA,1,1,2,2016,1,467877,5237440,3,2,47.28964829,-123.4248305,6/21/2016,7/5/2016,14,14,14,NA,NA,NA,NA,NA,NA,NA,NA,NA,NA,NA,NA,NA,NA,NA,NA,0,NA,0,0,1,NA,0,1,NA,NA,154.7970752,-0.477335093,0.076906634,0.398321749
111_41,111,NA,NA,1,1,3,2016,1,467877,5237440,3,3,47.28964829,-123.4248305,7/5/2016,7/20/2016,15,15,15,NA,NA,NA,NA,NA,NA,NA,NA,NA,NA,NA,NA,NA,NA,NA,NA,0,NA,0,0,0,NA,0,0,NA,NA,183.6535255,-0.275858848,0.416650783,0.645244774
135_48,135,NA,NA,1,1,1,2016,2,428258,5246522,2,1,47.36821928,-123.9502075,9/16/2016,9/30/2016,14,14,14,NA,NA,NA,NA,NA,NA,NA,NA,NA,NA,NA,NA,NA,NA,NA,NA,0,NA,0,1,0,NA,0,1,NA,NA,301.5597371,0.547364399,0.076906634,0.398321749
135_48,135,NA,NA,1,1,2,2016,2,428258,5246522,2,2,47.36821928,-123.9502075,9/30/2016,10/17/2016,17,17,14,NA,NA,NA,NA,NA,NA,NA,NA,NA,NA,NA,NA,NA,NA,NA,NA,0,NA,0,1,0,NA,0,1,NA,NA,254.7828953,0.220767665,1.096139082,0.398321749
135_48,135,NA,NA,1,1,3,2016,2,428258,5246522,2,3,47.36821928,-123.9502075,10/17/2016,10/29/2016,12,12,3,NA,NA,NA,NA,NA,NA,NA,NA,NA,NA,NA,NA,NA,NA,NA,NA,0,NA,0,1,0,NA,0,1,NA,NA,286.8858477,0.444911044,-0.602581665,-2.317831524
137_47,137,NA,NA,1,1,1,2016,2,445021,5246372,2,1,47.36849505,-123.7281878,9/15/2016,9/29/2016,14,14,14,NA,NA,NA,NA,NA,NA,NA,NA,NA,NA,NA,NA,NA,NA,NA,NA,0,NA,0,0,0,NA,0,0,NA,NA,347.2760185,0.866556281,0.076906634,0.398321749
137_47,137,NA,NA,1,1,2,2016,2,445021,5246372,2,2,47.36849505,-123.7281878,9/29/2016,10/13/2016,14,14,14,NA,NA,NA,NA,NA,NA,NA,NA,NA,NA,NA,NA,NA,NA,NA,NA,0,NA,0,0,0,NA,0,0,NA,NA,111.0382984,-0.782859643,0.076906634,0.398321749
137_47,137,NA,NA,1,1,3,2016,2,445021,5246372,2,3,47.36849505,-123.7281878,10/13/2016,10/26/2016,13,13,13,NA,NA,NA,NA,NA,NA,NA,NA,NA,NA,NA,NA,NA,NA,NA,NA,0,NA,0,1,0,NA,0,1,NA,NA,474.0324235,1.751571734,-0.262837516,0.151398724
137_49,137,NA,NA,1,1,1,2016,2,445036,5247731,3,1,47.38072384,-123.7281574,9/15/2016,9/29/2016,14,14,14,NA,NA,NA,NA,NA,NA,NA,NA,NA,NA,NA,NA,NA,NA,NA,NA,0,NA,0,1,0,NA,0,1,NA,NA,347.2860849,0.866626565,0.076906634,0.398321749
137_49,137,NA,NA,1,1,2,2016,2,445036,5247731,3,2,47.38072384,-123.7281574,9/29/2016,10/13/2016,14,14,14,NA,NA,NA,NA,NA,NA,NA,NA,NA,NA,NA,NA,NA,NA,NA,NA,0,NA,0,0,0,NA,0,0,NA,NA,111.0340986,-0.782888966,0.076906634,0.398321749
137_49,137,NA,NA,1,1,3,2016,2,445036,5247731,3,3,47.38072384,-123.7281574,10/13/2016,10/26/2016,13,0,13,NA,NA,NA,NA,NA,NA,NA,NA,NA,NA,NA,NA,NA,NA,NA,NA,0,NA,0,0,0,NA,0,0,NA,NA,474.0625137,1.751781824,-4.679511457,0.151398724
203_2,203,NA,NA,1,1,1,2016,2,464329,5261316,3,2,47.50429696,-123.4736731,6/11/2016,6/25/2016,14,14,14,NA,NA,NA,NA,NA,NA,NA,NA,NA,NA,NA,NA,NA,NA,NA,NA,0,NA,0,0,0,NA,1,0,NA,NA,317.6634393,0.659800731,0.076906634,0.398321749
203_2,203,NA,NA,1,1,2,2016,2,464329,5261316,3,3,47.50429696,-123.4736731,6/25/2016,7/9/2016,14,14,3,NA,NA,NA,NA,NA,NA,NA,NA,NA,NA,NA,NA,NA,NA,NA,NA,0,NA,0,0,0,NA,1,0,NA,NA,54.16893724,-1.179922525,0.076906634,-2.317831524
204_51,204,NA,NA,1,1,1,2016,2,472342,5262261,2,1,47.51318999,-123.3673308,5/28/2016,6/12/2016,15,15,15,NA,NA,NA,NA,NA,NA,NA,NA,NA,NA,NA,NA,NA,NA,NA,NA,0,NA,0,0,0,NA,0,0,NA,NA,37.99029238,-1.292882108,0.416650783,0.645244774
204_51,204,NA,NA,1,1,2,2016,2,472342,5262261,2,2,47.51318999,-123.3673308,6/12/2016,6/26/2016,14,14,14,NA,NA,NA,NA,NA,NA,NA,NA,NA,NA,NA,NA,NA,NA,NA,NA,0,NA,0,0,0,NA,0,0,NA,NA,326.959072,0.724703003,0.076906634,0.398321749
204_51,204,NA,NA,1,1,3,2016,2,472342,5262261,2,3,47.51318999,-123.3673308,6/26/2016,7/10/2016,14,14,14,NA,NA,NA,NA,NA,NA,NA,NA,NA,NA,NA,NA,NA,NA,NA,NA,0,NA,0,0,0,NA,0,0,NA,NA,40.67279357,-1.274152838,0.076906634,0.398321749
205_50,205,NA,NA,1,1,1,2016,2,481207,5262098,3,1,47.51204002,-123.2495877,5/24/2016,6/8/2016,15,15,13,NA,NA,NA,NA,NA,NA,NA,NA,NA,NA,NA,NA,NA,NA,NA,NA,0,NA,0,0,0,NA,0,0,NA,NA,93.8638081,-0.902772237,0.416650783,0.151398724
205_50,205,NA,NA,1,1,2,2016,2,481207,5262098,3,2,47.51204002,-123.2495877,6/8/2016,6/22/2016,14,14,14,NA,NA,NA,NA,NA,NA,NA,NA,NA,NA,NA,NA,NA,NA,NA,NA,0,NA,0,0,0,NA,0,0,NA,NA,255.0828603,0.222862026,0.076906634,0.398321749
205_50,205,NA,NA,1,1,3,2016,2,481207,5262098,3,3,47.51204002,-123.2495877,6/22/2016,7/6/2016,14,14,14,NA,NA,NA,NA,NA,NA,NA,NA,NA,NA,NA,NA,NA,NA,NA,NA,0,NA,0,0,0,NA,0,0,NA,NA,123.026779,-0.69915586,0.076906634,0.398321749
232_54,232,NA,NA,1,1,1,2016,2,405714,5270129,2,1,47.57772113,-124.2537752,7/20/2016,8/3/2016,14,14,14,NA,NA,NA,NA,NA,NA,NA,NA,NA,NA,NA,NA,NA,NA,NA,NA,0,NA,0,0,0,NA,0,0,NA,NA,197.302501,-0.180561461,0.076906634,0.398321749
232_54,232,NA,NA,1,1,2,2016,2,405714,5270129,2,2,47.57772113,-124.2537752,8/3/2016,8/17/2016,14,14,4,NA,NA,NA,NA,NA,NA,NA,NA,NA,NA,NA,NA,NA,NA,NA,NA,0,NA,0,0,0,NA,0,0,NA,NA,147.9984207,-0.524803418,0.076906634,-2.070908499
232_54,232,NA,NA,1,1,3,2016,2,405714,5270129,2,3,47.57772113,-124.2537752,8/17/2016,9/1/2016,15,4,4,NA,NA,NA,NA,NA,NA,NA,NA,NA,NA,NA,NA,NA,NA,NA,NA,0,NA,0,0,0,NA,0,0,NA,NA,271.1102185,0.334765323,-3.32053486,-2.070908499
232_56,232,NA,NA,1,1,1,2016,2,406705,5270774,3,1,47.58366665,-124.2407376,7/20/2016,8/3/2016,14,14,12,NA,NA,NA,NA,NA,NA,NA,NA,NA,NA,NA,NA,NA,NA,NA,NA,0,NA,0,0,0,NA,0,0,NA,NA,197.2913068,-0.180639619,0.076906634,-0.0955243
232_56,232,NA,NA,1,2,1,2016,2,406786,5270828,3,2,47.58416407,-124.2396721,8/3/2016,8/17/2016,14,14,4,NA,NA,NA,NA,NA,NA,NA,NA,NA,NA,NA,NA,NA,NA,NA,NA,0,NA,0,0,0,NA,1,0,NA,NA,147.9879067,-0.524876827,0.076906634,-2.070908499
232_56,232,NA,NA,1,2,2,2016,2,406786,5270828,3,3,47.58416407,-124.2396721,8/17/2016,9/1/2016,15,15,4,NA,NA,NA,NA,NA,NA,NA,NA,NA,NA,NA,NA,NA,NA,NA,NA,0,NA,1,0,0,NA,1,0,NA,NA,271.1049577,0.334728592,0.416650783,-2.070908499
236_53,236,NA,NA,1,1,1,2016,2,439126,5269552,3,1,47.5765258,-123.8094548,7/26/2016,8/8/2016,13,13,13,NA,NA,NA,NA,NA,NA,NA,NA,NA,NA,NA,NA,NA,NA,NA,NA,0,NA,0,0,0,NA,0,0,NA,NA,40.33675448,-1.276499069,-0.262837516,0.151398724
236_53,236,NA,NA,1,1,2,2016,2,439126,5269552,3,2,47.5765258,-123.8094548,8/8/2016,8/22/2016,14,14,14,NA,NA,NA,NA,NA,NA,NA,NA,NA,NA,NA,NA,NA,NA,NA,NA,0,NA,0,0,0,NA,0,0,NA,NA,336.6487384,0.792356424,0.076906634,0.398321749
236_53,236,NA,NA,1,1,3,2016,2,439126,5269552,3,3,47.5765258,-123.8094548,8/22/2016,9/2/2016,11,11,11,NA,NA,NA,NA,NA,NA,NA,NA,NA,NA,NA,NA,NA,NA,NA,NA,0,NA,0,0,0,NA,0,0,NA,NA,125.7208823,-0.680345584,-0.942325815,-0.342447325
238_4,238,NA,NA,1,1,1,2016,2,460081,5271849,1,2,47.59882084,-123.5310362,8/3/2016,8/17/2016,14,14,14,NA,NA,NA,NA,NA,NA,NA,NA,NA,NA,NA,NA,NA,NA,NA,NA,1,NA,0,0,0,NA,1,0,NA,NA,147.9250664,-0.525315579,0.076906634,0.398321749
238_4,238,NA,NA,1,1,2,2016,2,460081,5271849,1,3,47.59882084,-123.5310362,8/17/2016,9/1/2016,15,15,15,NA,NA,NA,NA,NA,NA,NA,NA,NA,NA,NA,NA,NA,NA,NA,NA,0,NA,0,0,0,NA,1,0,NA,NA,271.1371248,0.334953184,0.416650783,0.645244774
238_55,238,NA,NA,1,1,1,2016,2,458171,5270705,2,1,47.58840738,-123.5563343,7/20/2016,8/3/2016,14,14,14,NA,NA,NA,NA,NA,NA,NA,NA,NA,NA,NA,NA,NA,NA,NA,NA,0,NA,0,0,0,NA,0,0,NA,NA,197.3410252,-0.180292484,0.076906634,0.398321749
238_55,238,NA,NA,1,1,2,2016,2,458171,5270705,2,2,47.58840738,-123.5563343,8/3/2016,8/17/2016,14,6,4,NA,NA,NA,NA,NA,NA,NA,NA,NA,NA,NA,NA,NA,NA,NA,NA,0,NA,0,0,0,NA,0,0,NA,NA,147.9444106,-0.525180518,-2.641046561,-2.070908499
238_3,238,NA,NA,1,1,1,2016,2,458312,5270572,2,3,47.58721981,-123.5544465,8/17/2016,9/1/2016,15,15,15,NA,NA,NA,NA,NA,NA,NA,NA,NA,NA,NA,NA,NA,NA,NA,NA,0,NA,0,0,0,NA,1,0,NA,NA,271.1448415,0.335007062,0.416650783,0.645244774
238_57,238,NA,NA,1,1,1,2016,2,459069,5271401,3,1,47.59472689,-123.5444563,7/20/2016,8/3/2016,14,2,2,NA,NA,NA,NA,NA,NA,NA,NA,NA,NA,NA,NA,NA,NA,NA,NA,0,NA,0,0,0,NA,0,0,NA,NA,197.3300224,-0.180369306,-4.000023159,-2.564754549
238_57,238,NA,NA,1,1,2,2016,2,459069,5271401,3,2,47.59472689,-123.5444563,8/3/2016,8/17/2016,14,14,5,NA,NA,NA,NA,NA,NA,NA,NA,NA,NA,NA,NA,NA,NA,NA,NA,0,NA,0,0,0,NA,0,0,NA,NA,147.93206,-0.52526675,0.076906634,-1.823985474
238_57,238,NA,NA,1,1,3,2016,2,459069,5271401,3,3,47.59472689,-123.5444563,8/17/2016,9/1/2016,15,15,15,NA,NA,NA,NA,NA,NA,NA,NA,NA,NA,NA,NA,NA,NA,NA,NA,0,NA,0,0,0,NA,0,0,NA,NA,271.1399366,0.334972816,0.416650783,0.645244774
241_52,241,NA,NA,1,1,1,2016,2,486005,5267690,3,1,47.56247708,-123.1860443,9/14/2016,9/28/2016,14,14,14,NA,NA,NA,NA,NA,NA,NA,NA,NA,NA,NA,NA,NA,NA,NA,NA,0,NA,0,0,0,NA,0,0,NA,NA,385.2612679,1.131769962,0.076906634,0.398321749
241_52,241,NA,NA,1,1,2,2016,2,486005,5267690,3,2,47.56247708,-123.1860443,9/28/2016,10/19/2016,21,21,21,NA,NA,NA,NA,NA,NA,NA,NA,NA,NA,NA,NA,NA,NA,NA,NA,0,NA,0,0,0,NA,0,0,NA,NA,270.8517073,0.332960394,2.455115679,2.126782923
241_52,241,NA,NA,1,1,3,2016,2,486005,5267690,3,3,47.56247708,-123.1860443,10/19/2016,10/29/2016,10,10,10,NA,NA,NA,NA,NA,NA,NA,NA,NA,NA,NA,NA,NA,NA,NA,NA,0,NA,0,0,0,NA,0,0,NA,NA,210.010116,-0.091836669,-1.282069964,-0.58937035
268_62,268,NA,NA,1,1,1,2016,2,397456,5277052,2,1,47.63874255,-124.3651756,8/5/2016,8/19/2016,14,14,14,NA,NA,NA,NA,NA,NA,NA,NA,NA,NA,NA,NA,NA,NA,NA,NA,0,NA,0,1,0,NA,0,1,NA,NA,230.6855648,0.052519679,0.076906634,0.398321749
268_62,268,NA,NA,1,1,2,2016,2,397456,5277052,2,2,47.63874255,-124.3651756,8/19/2016,9/2/2016,14,14,14,NA,NA,NA,NA,NA,NA,NA,NA,NA,NA,NA,NA,NA,NA,NA,NA,0,NA,0,1,0,NA,0,1,NA,NA,207.53637,-0.109108407,0.076906634,0.398321749
268_62,268,NA,NA,1,1,3,2016,2,397456,5277052,2,3,47.63874255,-124.3651756,9/2/2016,9/16/2016,14,14,4,NA,NA,NA,NA,NA,NA,NA,NA,NA,NA,NA,NA,NA,NA,NA,NA,0,NA,0,1,0,NA,0,1,NA,NA,193.9925465,-0.203671621,0.076906634,-2.070908499
270_61,270,NA,NA,1,1,1,2016,2,420599,5276413,1,1,47.63624636,-124.0570172,9/14/2016,9/28/2016,14,0,12,NA,NA,NA,NA,NA,NA,NA,NA,NA,NA,NA,NA,NA,NA,NA,NA,0,NA,0,1,0,NA,0,1,NA,NA,385.2732284,1.13185347,-4.679511457,-0.0955243
270_6,270,NA,NA,1,1,1,2016,2,420470,5276697,1,2,47.63878545,-124.0587858,9/28/2016,10/12/2016,14,14,14,NA,NA,NA,NA,NA,NA,NA,NA,NA,NA,NA,NA,NA,NA,NA,NA,0,NA,0,1,0,NA,1,1,NA,NA,78.50767468,-1.009989031,0.076906634,0.398321749
270_6,270,NA,NA,1,1,2,2016,2,420470,5276697,1,3,47.63878545,-124.0587858,10/12/2016,10/26/2016,14,14,5,NA,NA,NA,NA,NA,NA,NA,NA,NA,NA,NA,NA,NA,NA,NA,NA,0,NA,0,1,0,NA,1,1,NA,NA,473.7439426,1.749557555,0.076906634,-1.823985474
270_7,270,NA,NA,1,1,1,2016,2,416365,5278002,3,2,47.65000797,-124.1136749,9/28/2016,10/12/2016,14,14,14,NA,NA,NA,NA,NA,NA,NA,NA,NA,NA,NA,NA,NA,NA,NA,NA,0,NA,0,0,0,NA,1,0,NA,NA,78.50442903,-1.010011692,0.076906634,0.398321749
270_7,270,NA,NA,1,1,2,2016,2,416365,5278002,3,3,47.65000797,-124.1136749,10/12/2016,10/26/2016,14,14,14,NA,NA,NA,NA,NA,NA,NA,NA,NA,NA,NA,NA,NA,NA,NA,NA,0,NA,0,0,0,NA,1,0,NA,NA,473.7666237,1.749715915,0.076906634,0.398321749
272_63,272,NA,NA,1,1,1,2016,2,435508,5279084,3,1,47.6619335,-123.8589623,7/22/2016,8/5/2016,14,14,14,NA,NA,NA,NA,NA,NA,NA,NA,NA,NA,NA,NA,NA,NA,NA,NA,0,NA,0,1,0,NA,0,1,NA,NA,128.9528143,-0.657780177,0.076906634,0.398321749
272_63,272,NA,NA,1,1,2,2016,2,435508,5279084,3,2,47.6619335,-123.8589623,8/5/2016,8/19/2016,14,14,14,NA,NA,NA,NA,NA,NA,NA,NA,NA,NA,NA,NA,NA,NA,NA,NA,0,NA,0,1,0,NA,0,1,NA,NA,230.6016095,0.051933502,0.076906634,0.398321749
272_63,272,NA,NA,1,1,3,2016,2,435508,5279084,3,3,47.6619335,-123.8589623,8/19/2016,9/5/2016,17,17,17,NA,NA,NA,NA,NA,NA,NA,NA,NA,NA,NA,NA,NA,NA,NA,NA,0,NA,0,1,0,NA,0,1,NA,NA,171.5000496,-0.360714631,1.096139082,1.139090824
275_58,275,NA,NA,1,1,1,2016,2,465385,5275075,1,1,47.62815172,-123.4607353,7/21/2016,8/4/2016,14,14,14,NA,NA,NA,NA,NA,NA,NA,NA,NA,NA,NA,NA,NA,NA,NA,NA,0,NA,0,0,0,NA,0,0,NA,NA,161.7132865,-0.429045983,0.076906634,0.398321749
275_58,275,NA,NA,1,1,2,2016,2,465385,5275075,1,2,47.62815172,-123.4607353,8/4/2016,8/18/2016,14,14,2,NA,NA,NA,NA,NA,NA,NA,NA,NA,NA,NA,NA,NA,NA,NA,NA,0,NA,0,0,0,NA,0,0,NA,NA,189.0210416,-0.238382756,0.076906634,-2.564754549
275_5,275,NA,NA,1,1,1,2016,2,465310,5275226,1,3,47.62950633,-123.4617456,8/18/2016,9/2/2016,15,15,15,NA,NA,NA,NA,NA,NA,NA,NA,NA,NA,NA,NA,NA,NA,NA,NA,0,NA,0,0,0,NA,1,0,NA,NA,232.6985527,0.066574396,0.416650783,0.645244774
275_60,275,NA,NA,1,1,1,2016,2,464507,5275883,2,1,47.63537415,-123.4724869,7/21/2016,8/4/2016,14,14,4,NA,NA,NA,NA,NA,NA,NA,NA,NA,NA,NA,NA,NA,NA,NA,NA,0,NA,0,0,0,NA,0,0,NA,NA,161.7044831,-0.429107449,0.076906634,-2.070908499
275_60,275,NA,NA,1,1,2,2016,2,464507,5275883,2,2,47.63537415,-123.4724869,8/4/2016,8/18/2016,14,14,11,NA,NA,NA,NA,NA,NA,NA,NA,NA,NA,NA,NA,NA,NA,NA,NA,0,NA,0,0,0,NA,0,0,NA,NA,189.0023,-0.23851361,0.076906634,-0.342447325
275_60,275,NA,NA,1,1,3,2016,2,464507,5275883,2,3,47.63537415,-123.4724869,8/18/2016,9/2/2016,15,15,5,NA,NA,NA,NA,NA,NA,NA,NA,NA,NA,NA,NA,NA,NA,NA,NA,0,NA,0,0,0,NA,0,0,NA,NA,232.6972029,0.066564972,0.416650783,-1.823985474
275_59,275,NA,NA,1,1,1,2016,2,464559,5275081,3,1,47.62816103,-123.4717297,7/21/2016,8/4/2016,14,14,14,NA,NA,NA,NA,NA,NA,NA,NA,NA,NA,NA,NA,NA,NA,NA,NA,0,NA,0,0,0,NA,0,0,NA,NA,161.7127487,-0.429049738,0.076906634,0.398321749
275_59,275,NA,NA,1,1,2,2016,2,464559,5275081,3,2,47.62816103,-123.4717297,8/4/2016,8/18/2016,14,14,6,NA,NA,NA,NA,NA,NA,NA,NA,NA,NA,NA,NA,NA,NA,NA,NA,0,NA,0,0,0,NA,0,0,NA,NA,189.0177704,-0.238405596,0.076906634,-1.57706245
275_59,275,NA,NA,1,1,3,2016,2,464559,5275081,3,3,47.62816103,-123.4717297,8/18/2016,9/2/2016,15,15,15,NA,NA,NA,NA,NA,NA,NA,NA,NA,NA,NA,NA,NA,NA,NA,NA,0,NA,0,0,0,NA,0,0,NA,NA,232.6998688,0.066583585,0.416650783,0.645244774
314_65,314,NA,NA,1,1,1,2016,2,439606,5283250,1,1,47.69980979,-123.8049636,7/24/2016,8/6/2016,13,13,13,NA,NA,NA,NA,NA,NA,NA,NA,NA,NA,NA,NA,NA,NA,NA,NA,0,NA,0,0,0,NA,0,0,NA,NA,79.80343539,-1.000942007,-0.262837516,0.151398724
314_65,314,NA,NA,1,1,2,2016,2,439606,5283250,1,2,47.69980979,-123.8049636,8/6/2016,8/20/2016,14,14,14,NA,NA,NA,NA,NA,NA,NA,NA,NA,NA,NA,NA,NA,NA,NA,NA,0,NA,0,0,0,NA,0,0,NA,NA,269.7572997,0.32531922,0.076906634,0.398321749
314_65,314,NA,NA,1,1,3,2016,2,439606,5283250,1,3,47.69980979,-123.8049636,8/20/2016,9/4/2016,15,15,15,NA,NA,NA,NA,NA,NA,NA,NA,NA,NA,NA,NA,NA,NA,NA,NA,0,NA,0,1,0,NA,0,1,NA,NA,156.9282333,-0.462455309,0.416650783,0.645244774
314_64,314,NA,NA,1,1,1,2016,2,440834,5282968,2,1,47.69738633,-123.7885595,7/24/2016,8/6/2016,13,13,13,NA,NA,NA,NA,NA,NA,NA,NA,NA,NA,NA,NA,NA,NA,NA,NA,0,NA,0,0,0,NA,0,0,NA,NA,79.80509747,-1.000930402,-0.262837516,0.151398724
314_64,314,NA,NA,1,1,2,2016,2,440834,5282968,2,2,47.69738633,-123.7885595,8/6/2016,8/20/2016,14,14,14,NA,NA,NA,NA,NA,NA,NA,NA,NA,NA,NA,NA,NA,NA,NA,NA,0,NA,0,0,0,NA,0,0,NA,NA,269.7656669,0.32537764,0.076906634,0.398321749
314_64,314,NA,NA,1,1,3,2016,2,440834,5282968,2,3,47.69738633,-123.7885595,8/20/2016,9/4/2016,15,15,15,NA,NA,NA,NA,NA,NA,NA,NA,NA,NA,NA,NA,NA,NA,NA,NA,0,NA,0,1,0,NA,0,1,NA,NA,156.9299574,-0.462443271,0.416650783,0.645244774
316_70,316,NA,NA,1,1,1,2016,2,459789,5287610,2,1,47.74060946,-123.5363715,5/27/2016,6/11/2016,15,15,2,NA,NA,NA,NA,NA,NA,NA,NA,NA,NA,NA,NA,NA,NA,NA,NA,1,NA,0,0,0,NA,0,0,NA,NA,43.30124195,-1.255800965,0.416650783,-2.564754549
316_70,316,NA,NA,1,1,2,2016,2,459789,5287610,2,2,47.74060946,-123.5363715,6/11/2016,6/26/2016,15,15,9,NA,NA,NA,NA,NA,NA,NA,NA,NA,NA,NA,NA,NA,NA,NA,NA,0,NA,0,0,0,NA,0,0,NA,NA,310.3863006,0.608991621,0.416650783,-0.836293375
316_9,316,NA,NA,1,1,1,2016,2,459554,5287789,2,3,47.74220526,-123.5395226,6/26/2016,7/9/2016,13,13,5,NA,NA,NA,NA,NA,NA,NA,NA,NA,NA,NA,NA,NA,NA,NA,NA,0,NA,0,0,0,NA,1,0,NA,NA,40.63478823,-1.274418192,-0.262837516,-1.823985474
316_68,316,NA,NA,1,1,1,2016,2,459473,5286037,3,1,47.72643708,-123.5404399,5/27/2016,6/11/2016,15,15,3,NA,NA,NA,NA,NA,NA,NA,NA,NA,NA,NA,NA,NA,NA,NA,NA,0,NA,0,0,0,NA,0,0,NA,NA,43.31615778,-1.255696822,0.416650783,-2.317831524
316_68,316,NA,NA,1,2,1,2016,2,459455,5285930,3,2,47.72547324,-123.54067,6/11/2016,6/26/2016,15,15,12,NA,NA,NA,NA,NA,NA,NA,NA,NA,NA,NA,NA,NA,NA,NA,NA,0,NA,0,0,0,NA,1,0,NA,NA,310.471352,0.609585451,0.416650783,-0.0955243
316_68,316,NA,NA,1,2,2,2016,2,459455,5285930,3,3,47.72547324,-123.54067,6/26/2016,7/9/2016,13,13,2,NA,NA,NA,NA,NA,NA,NA,NA,NA,NA,NA,NA,NA,NA,NA,NA,0,NA,0,0,0,NA,1,0,NA,NA,40.64545446,-1.27434372,-0.262837516,-2.564754549
318_67,318,NA,NA,1,1,1,2016,2,479067,5285364,2,1,47.72131478,-123.2791203,7/22/2016,8/4/2016,13,13,13,NA,NA,NA,NA,NA,NA,NA,NA,NA,NA,NA,NA,NA,NA,NA,NA,0,NA,0,0,0,NA,0,0,NA,NA,138.7683308,-0.589248068,-0.262837516,0.151398724
318_67,318,NA,NA,1,1,2,2016,2,479067,5285364,2,2,47.72131478,-123.2791203,8/4/2016,8/18/2016,14,14,14,NA,NA,NA,NA,NA,NA,NA,NA,NA,NA,NA,NA,NA,NA,NA,NA,0,NA,0,0,0,NA,0,0,NA,NA,188.782964,-0.240045018,0.076906634,0.398321749
318_67,318,NA,NA,1,1,3,2016,2,479067,5285364,2,3,47.72131478,-123.2791203,8/18/2016,9/2/2016,15,15,15,NA,NA,NA,NA,NA,NA,NA,NA,NA,NA,NA,NA,NA,NA,NA,NA,0,NA,0,0,0,NA,0,0,NA,NA,232.6716967,0.066386887,0.416650783,0.645244774
318_66,318,NA,NA,1,1,1,2016,2,476823,5283932,3,1,47.70835367,-123.3089652,7/22/2016,8/4/2016,13,13,13,NA,NA,NA,NA,NA,NA,NA,NA,NA,NA,NA,NA,NA,NA,NA,NA,0,NA,0,0,0,NA,0,0,NA,NA,138.7821826,-0.589151355,-0.262837516,0.151398724
318_66,318,NA,NA,1,1,2,2016,2,476823,5283932,3,2,47.70835367,-123.3089652,8/4/2016,8/18/2016,14,14,14,NA,NA,NA,NA,NA,NA,NA,NA,NA,NA,NA,NA,NA,NA,NA,NA,0,NA,0,0,0,NA,0,0,NA,NA,188.8158309,-0.239815541,0.076906634,0.398321749
318_66,318,NA,NA,1,1,3,2016,2,476823,5283932,3,3,47.70835367,-123.3089652,8/18/2016,9/3/2016,16,16,16,NA,NA,NA,NA,NA,NA,NA,NA,NA,NA,NA,NA,NA,NA,NA,NA,0,NA,0,0,0,NA,0,0,NA,NA,218.1473623,-0.035022272,0.756394932,0.892167799
319_69,319,NA,NA,1,1,1,2016,2,486216,5287516,2,1,47.74086979,-123.1838644,7/21/2016,8/3/2016,13,13,13,NA,NA,NA,NA,NA,NA,NA,NA,NA,NA,NA,NA,NA,NA,NA,NA,0,NA,0,0,0,NA,0,0,NA,NA,173.9937331,-0.343303689,-0.262837516,0.151398724
319_69,319,NA,NA,1,2,1,2016,2,486197,5287534,2,2,47.74103134,-123.1841184,8/3/2016,8/17/2016,14,14,14,NA,NA,NA,NA,NA,NA,NA,NA,NA,NA,NA,NA,NA,NA,NA,NA,0,NA,0,0,0,NA,1,0,NA,NA,147.5993741,-0.527589568,0.076906634,0.398321749
319_69,319,NA,NA,1,2,2,2016,2,486197,5287534,2,3,47.74103134,-123.1841184,8/17/2016,9/4/2016,18,18,18,NA,NA,NA,NA,NA,NA,NA,NA,NA,NA,NA,NA,NA,NA,NA,NA,1,NA,0,0,0,NA,1,0,NA,NA,226.0166746,0.019921405,1.435883231,1.386013849
321_8,321,NA,NA,1,1,1,2016,2,507019,5286855,3,2,47.73503148,-122.9063842,8/8/2016,8/23/2016,15,15,15,NA,NA,NA,NA,NA,NA,NA,NA,NA,NA,NA,NA,NA,NA,NA,NA,0,NA,0,0,0,NA,1,0,NA,NA,339.9723074,0.815561641,0.416650783,0.645244774
321_8,321,NA,NA,1,1,2,2016,2,507019,5286855,3,3,47.73503148,-122.9063842,8/23/2016,9/5/2016,13,13,13,NA,NA,NA,NA,NA,NA,NA,NA,NA,NA,NA,NA,NA,NA,NA,NA,0,NA,0,0,0,NA,1,0,NA,NA,76.93775178,-1.02095026,-0.262837516,0.151398724
352_71,352,NA,NA,1,1,1,2016,2,390414,5291524,1,1,47.76776054,-124.462533,5/25/2016,6/9/2016,15,15,15,NA,NA,NA,NA,NA,NA,NA,NA,NA,NA,NA,NA,NA,NA,NA,NA,0,NA,0,1,0,NA,0,1,NA,NA,71.15826724,-1.061302723,0.416650783,0.645244774
352_71,352,NA,NA,1,2,1,2016,2,390384,5291502,1,2,47.76755755,-124.4629277,6/9/2016,6/23/2016,14,14,3,NA,NA,NA,NA,NA,NA,NA,NA,NA,NA,NA,NA,NA,NA,NA,NA,0,NA,0,1,0,NA,1,1,NA,NA,279.9769348,0.396672893,0.076906634,-2.317831524
352_71,352,NA,NA,1,2,2,2016,2,390384,5291502,1,3,47.76755755,-124.4629277,6/23/2016,7/7/2016,14,14,11,NA,NA,NA,NA,NA,NA,NA,NA,NA,NA,NA,NA,NA,NA,NA,NA,0,NA,0,1,0,NA,1,1,NA,NA,95.22780815,-0.893248765,0.076906634,-0.342447325
352_75,352,NA,NA,1,1,1,2016,2,389790,5292480,2,1,47.77625295,-124.4711006,5/25/2016,6/9/2016,15,15,15,NA,NA,NA,NA,NA,NA,NA,NA,NA,NA,NA,NA,NA,NA,NA,NA,0,NA,0,1,0,NA,0,1,NA,NA,71.14384453,-1.061403423,0.416650783,0.645244774
352_75,352,NA,NA,1,1,2,2016,2,389790,5292480,2,2,47.77625295,-124.4711006,6/9/2016,6/23/2016,14,14,14,NA,NA,NA,NA,NA,NA,NA,NA,NA,NA,NA,NA,NA,NA,NA,NA,0,NA,0,1,0,NA,0,1,NA,NA,279.9358984,0.396386376,0.076906634,0.398321749
352_75,352,NA,NA,1,1,3,2016,2,389790,5292480,2,3,47.77625295,-124.4711006,6/23/2016,7/7/2016,14,14,3,NA,NA,NA,NA,NA,NA,NA,NA,NA,NA,NA,NA,NA,NA,NA,NA,0,NA,0,1,0,NA,0,1,NA,NA,95.20888337,-0.893380898,0.076906634,-2.317831524
352_79,352,NA,NA,1,1,1,2016,2,389427,5293449,3,1,47.78490646,-124.4761911,5/25/2016,6/9/2016,15,15,15,NA,NA,NA,NA,NA,NA,NA,NA,NA,NA,NA,NA,NA,NA,NA,NA,0,NA,0,1,0,NA,0,1,NA,NA,71.12723024,-1.061519424,0.416650783,0.645244774
352_79,352,NA,NA,1,1,2,2016,2,389427,5293449,3,2,47.78490646,-124.4761911,6/9/2016,6/23/2016,14,14,4,NA,NA,NA,NA,NA,NA,NA,NA,NA,NA,NA,NA,NA,NA,NA,NA,0,NA,0,1,0,NA,0,1,NA,NA,279.8935512,0.396090707,0.076906634,-2.070908499
352_79,352,NA,NA,1,1,3,2016,2,389427,5293449,3,3,47.78490646,-124.4761911,6/23/2016,7/7/2016,14,14,4,NA,NA,NA,NA,NA,NA,NA,NA,NA,NA,NA,NA,NA,NA,NA,NA,0,NA,0,1,0,NA,0,1,NA,NA,95.19291822,-0.893492367,0.076906634,-2.070908499
357_74,357,NA,NA,1,1,1,2016,2,434765,5292460,2,1,47.78219734,-123.8708605,5/24/2016,6/8/2016,15,15,15,NA,NA,NA,NA,NA,NA,NA,NA,NA,NA,NA,NA,NA,NA,NA,NA,0,NA,0,0,0,NA,0,0,NA,NA,93.2318308,-0.907184714,0.416650783,0.645244774
357_74,357,NA,NA,1,1,2,2016,2,434765,5292460,2,2,47.78219734,-123.8708605,6/8/2016,6/22/2016,14,14,14,NA,NA,NA,NA,NA,NA,NA,NA,NA,NA,NA,NA,NA,NA,NA,NA,0,NA,0,0,0,NA,0,0,NA,NA,253.9123159,0.214689264,0.076906634,0.398321749
357_74,357,NA,NA,1,1,3,2016,2,434765,5292460,2,3,47.78219734,-123.8708605,6/22/2016,7/6/2016,14,14,14,NA,NA,NA,NA,NA,NA,NA,NA,NA,NA,NA,NA,NA,NA,NA,NA,0,NA,0,0,0,NA,0,0,NA,NA,122.3843664,-0.703641196,0.076906634,0.398321749
357_72,357,NA,NA,1,1,1,2016,2,435593,5291966,3,1,47.77783638,-123.8597351,5/24/2016,6/8/2016,15,15,15,NA,NA,NA,NA,NA,NA,NA,NA,NA,NA,NA,NA,NA,NA,NA,NA,0,NA,0,0,0,NA,0,0,NA,NA,93.24244147,-0.90711063,0.416650783,0.645244774
357_72,357,NA,NA,1,1,2,2016,2,435593,5291966,3,2,47.77783638,-123.8597351,6/8/2016,6/22/2016,14,14,14,NA,NA,NA,NA,NA,NA,NA,NA,NA,NA,NA,NA,NA,NA,NA,NA,0,NA,0,0,0,NA,0,0,NA,NA,253.9312054,0.214821151,0.076906634,0.398321749
357_72,357,NA,NA,1,1,3,2016,2,435593,5291966,3,3,47.77783638,-123.8597351,6/22/2016,7/6/2016,14,14,14,NA,NA,NA,NA,NA,NA,NA,NA,NA,NA,NA,NA,NA,NA,NA,NA,0,NA,0,0,0,NA,0,0,NA,NA,122.3932879,-0.703578906,0.076906634,0.398321749
360_80,360,NA,NA,1,1,1,2016,2,466534,5293909,1,1,47.79766852,-123.4468888,5/28/2016,6/12/2016,15,15,15,NA,NA,NA,NA,NA,NA,NA,NA,NA,NA,NA,NA,NA,NA,NA,NA,0,NA,0,0,0,NA,0,0,NA,NA,37.74904112,-1.294566529,0.416650783,0.645244774
360_80,360,NA,NA,1,1,2,2016,2,466534,5293909,1,2,47.79766852,-123.4468888,6/12/2016,6/24/2016,12,12,12,NA,NA,NA,NA,NA,NA,NA,NA,NA,NA,NA,NA,NA,NA,NA,NA,0,NA,0,0,0,NA,0,0,NA,NA,337.3950975,0.797567516,-0.602581665,-0.0955243
360_80,360,NA,NA,1,1,3,2016,2,466534,5293909,1,3,47.79766852,-123.4468888,6/24/2016,7/10/2016,16,16,16,NA,NA,NA,NA,NA,NA,NA,NA,NA,NA,NA,NA,NA,NA,NA,NA,0,NA,0,0,0,NA,0,0,NA,NA,67.013194,-1.090243698,0.756394932,0.892167799
360_78,360,NA,NA,1,1,1,2016,2,465930,5293135,2,1,47.79067298,-123.4548933,5/28/2016,6/12/2016,15,15,15,NA,NA,NA,NA,NA,NA,NA,NA,NA,NA,NA,NA,NA,NA,NA,NA,0,NA,0,0,0,NA,0,0,NA,NA,37.7531585,-1.294537781,0.416650783,0.645244774
360_78,360,NA,NA,1,1,2,2016,2,465930,5293135,2,2,47.79067298,-123.4548933,6/12/2016,6/24/2016,12,12,12,NA,NA,NA,NA,NA,NA,NA,NA,NA,NA,NA,NA,NA,NA,NA,NA,0,NA,0,0,0,NA,0,0,NA,NA,337.4365742,0.797857107,-0.602581665,-0.0955243
360_78,360,NA,NA,1,1,3,2016,2,465930,5293135,2,3,47.79067298,-123.4548933,6/24/2016,7/10/2016,16,16,16,NA,NA,NA,NA,NA,NA,NA,NA,NA,NA,NA,NA,NA,NA,NA,NA,0,NA,0,0,0,NA,0,0,NA,NA,67.02162846,-1.090184808,0.756394932,0.892167799
360_73,360,NA,NA,1,1,1,2016,2,466151,5292235,3,1,47.78258712,-123.4518724,5/28/2016,6/12/2016,15,15,15,NA,NA,NA,NA,NA,NA,NA,NA,NA,NA,NA,NA,NA,NA,NA,NA,0,NA,0,0,0,NA,0,0,NA,NA,37.76193211,-1.294476524,0.416650783,0.645244774
360_73,360,NA,NA,1,1,2,2016,2,466151,5292235,3,2,47.78258712,-123.4518724,6/12/2016,6/24/2016,12,12,12,NA,NA,NA,NA,NA,NA,NA,NA,NA,NA,NA,NA,NA,NA,NA,NA,0,NA,0,0,0,NA,0,0,NA,NA,337.4860762,0.798202731,-0.602581665,-0.0955243
360_73,360,NA,NA,1,1,3,2016,2,466151,5292235,3,3,47.78258712,-123.4518724,6/24/2016,7/10/2016,16,16,3,NA,NA,NA,NA,NA,NA,NA,NA,NA,NA,NA,NA,NA,NA,NA,NA,0,NA,0,0,0,NA,0,0,NA,NA,67.03346151,-1.09010219,0.756394932,-2.317831524
365_82,365,NA,NA,1,1,1,2016,2,508271,5295013,1,1,47.80841849,-122.8895304,9/19/2016,10/2/2016,13,13,13,NA,NA,NA,NA,NA,NA,NA,NA,NA,NA,NA,NA,NA,NA,NA,NA,0,NA,0,0,0,NA,0,0,NA,NA,176.0754451,-0.328769139,-0.262837516,0.151398724
365_82,365,NA,NA,1,1,2,2016,2,508271,5295013,1,2,47.80841849,-122.8895304,10/2/2016,10/19/2016,17,17,17,NA,NA,NA,NA,NA,NA,NA,NA,NA,NA,NA,NA,NA,NA,NA,NA,0,NA,0,0,0,NA,0,0,NA,NA,334.2680354,0.775734314,1.096139082,1.139090824
365_82,365,NA,NA,1,1,3,2016,2,508271,5295013,1,3,47.80841849,-122.8895304,10/19/2016,10/30/2016,11,11,5,NA,NA,NA,NA,NA,NA,NA,NA,NA,NA,NA,NA,NA,NA,NA,NA,0,NA,0,0,0,NA,0,0,NA,NA,191.4386316,-0.2215031,-0.942325815,-1.823985474
366_76,366,NA,NA,1,1,1,2016,1,517896,5292785,1,1,47.78817654,-122.7610692,7/18/2016,8/1/2016,14,14,14,NA,NA,NA,NA,NA,NA,NA,NA,NA,NA,NA,NA,NA,NA,NA,NA,0,NA,0,0,0,NA,0,0,NA,NA,267.2973181,0.308143586,0.076906634,0.398321749
366_76,366,NA,NA,1,1,2,2016,1,517896,5292785,1,2,47.78817654,-122.7610692,8/1/2016,8/15/2016,14,0,14,NA,NA,NA,NA,NA,NA,NA,NA,NA,NA,NA,NA,NA,NA,NA,NA,0,NA,0,0,0,NA,0,0,NA,NA,82.93471029,-0.97907939,-4.679511457,0.398321749
366_76,366,NA,NA,1,1,3,2016,1,517896,5292785,1,3,47.78817654,-122.7610692,8/15/2016,8/29/2016,14,14,14,NA,NA,NA,NA,NA,NA,NA,NA,NA,NA,NA,NA,NA,NA,NA,NA,0,NA,0,0,0,NA,0,0,NA,NA,353.9214958,0.912955121,0.076906634,0.398321749
366_77,366,NA,NA,1,1,1,2016,1,516859,5292999,2,1,47.79012997,-122.7749058,7/18/2016,8/1/2016,14,14,14,NA,NA,NA,NA,NA,NA,NA,NA,NA,NA,NA,NA,NA,NA,NA,NA,0,NA,0,0,0,NA,0,0,NA,NA,267.2917804,0.308104921,0.076906634,0.398321749
366_77,366,NA,NA,1,1,2,2016,1,516859,5292999,2,2,47.79012997,-122.7749058,8/1/2016,8/15/2016,14,14,14,NA,NA,NA,NA,NA,NA,NA,NA,NA,NA,NA,NA,NA,NA,NA,NA,0,NA,0,0,0,NA,0,0,NA,NA,82.93168683,-0.9791005,0.076906634,0.398321749
366_77,366,NA,NA,1,1,3,2016,1,516859,5292999,2,3,47.79012997,-122.7749058,8/15/2016,8/29/2016,14,0,14,NA,NA,NA,NA,NA,NA,NA,NA,NA,NA,NA,NA,NA,NA,NA,NA,0,NA,0,0,0,NA,0,0,NA,NA,353.9199173,0.912944099,-4.679511457,0.398321749
366_81,366,NA,NA,1,1,1,2016,1,517030,5294027,3,1,47.79937484,-122.7725823,7/18/2016,8/1/2016,14,14,5,NA,NA,NA,NA,NA,NA,NA,NA,NA,NA,NA,NA,NA,NA,NA,NA,0,NA,0,0,0,NA,0,0,NA,NA,267.2638966,0.307910236,0.076906634,-1.823985474
366_10,366,NA,NA,1,1,1,2016,1,517085,5294324,3,2,47.80204562,-122.7718362,8/1/2016,8/15/2016,14,14,4,NA,NA,NA,NA,NA,NA,NA,NA,NA,NA,NA,NA,NA,NA,NA,NA,0,NA,0,0,0,NA,1,0,NA,NA,82.91361304,-0.979226692,0.076906634,-2.070908499
366_10,366,NA,NA,1,1,2,2016,1,517085,5294324,3,3,47.80204562,-122.7718362,8/15/2016,8/29/2016,14,14,14,NA,NA,NA,NA,NA,NA,NA,NA,NA,NA,NA,NA,NA,NA,NA,NA,0,NA,0,0,0,NA,1,0,NA,NA,353.8993922,0.912800793,0.076906634,0.398321749
402_84,402,NA,NA,1,1,1,2016,2,404677,5300953,1,1,47.85484435,-124.274305,9/14/2016,9/28/2016,14,14,14,NA,NA,NA,NA,NA,NA,NA,NA,NA,NA,NA,NA,NA,NA,NA,NA,0,NA,0,0,0,NA,0,0,NA,NA,385.4229056,1.132898519,0.076906634,0.398321749
402_84,402,NA,NA,1,1,2,2016,2,404677,5300953,1,2,47.85484435,-124.274305,9/28/2016,10/12/2016,14,14,7,NA,NA,NA,NA,NA,NA,NA,NA,NA,NA,NA,NA,NA,NA,NA,NA,0,NA,0,0,0,NA,0,0,NA,NA,78.43463206,-1.010499016,0.076906634,-1.330139425
402_84,402,NA,NA,1,1,3,2016,2,404677,5300953,1,3,47.85484435,-124.274305,10/12/2016,10/26/2016,14,14,14,NA,NA,NA,NA,NA,NA,NA,NA,NA,NA,NA,NA,NA,NA,NA,NA,0,NA,0,1,0,NA,0,1,NA,NA,474.2630178,1.753181747,0.076906634,0.398321749
402_92,402,NA,NA,1,1,1,2016,2,403917,5303646,2,1,47.87895504,-124.285061,9/14/2016,9/28/2016,14,14,14,NA,NA,NA,NA,NA,NA,NA,NA,NA,NA,NA,NA,NA,NA,NA,NA,0,NA,0,0,0,NA,0,0,NA,NA,385.441375,1.133027472,0.076906634,0.398321749
402_92,402,NA,NA,1,1,2,2016,2,403917,5303646,2,2,47.87895504,-124.285061,9/28/2016,10/12/2016,14,14,14,NA,NA,NA,NA,NA,NA,NA,NA,NA,NA,NA,NA,NA,NA,NA,NA,0,NA,0,0,0,NA,0,0,NA,NA,78.42698568,-1.010552403,0.076906634,0.398321749
402_92,402,NA,NA,1,1,3,2016,2,403917,5303646,2,3,47.87895504,-124.285061,10/12/2016,10/26/2016,14,1,1,NA,NA,NA,NA,NA,NA,NA,NA,NA,NA,NA,NA,NA,NA,NA,NA,0,NA,0,0,1,NA,0,1,NA,NA,474.3210528,1.753586949,-4.339767308,-2.811677574
402_83,402,NA,NA,1,1,1,2016,2,405157,5299117,3,1,47.83840015,-124.2674874,9/14/2016,9/28/2016,14,14,14,NA,NA,NA,NA,NA,NA,NA,NA,NA,NA,NA,NA,NA,NA,NA,NA,0,NA,1,0,0,NA,0,0,NA,NA,385.4091826,1.132802705,0.076906634,0.398321749
402_83,402,NA,NA,1,1,2,2016,2,405157,5299117,3,2,47.83840015,-124.2674874,9/28/2016,10/12/2016,14,14,14,NA,NA,NA,NA,NA,NA,NA,NA,NA,NA,NA,NA,NA,NA,NA,NA,0,NA,0,0,0,NA,0,0,NA,NA,78.44073722,-1.01045639,0.076906634,0.398321749
402_83,402,NA,NA,1,1,3,2016,2,405157,5299117,3,3,47.83840015,-124.2674874,10/12/2016,10/26/2016,14,0,14,NA,NA,NA,NA,NA,NA,NA,NA,NA,NA,NA,NA,NA,NA,NA,NA,0,NA,0,0,0,NA,0,0,NA,NA,474.2225515,1.752899211,-4.679511457,0.398321749
405_86,405,NA,NA,1,1,1,2016,2,431922,5301799,2,1,47.86591985,-123.9102764,5/31/2016,6/14/2016,14,14,14,NA,NA,NA,NA,NA,NA,NA,NA,NA,NA,NA,NA,NA,NA,NA,NA,1,NA,0,0,0,NA,0,0,NA,NA,42.2107213,-1.263414999,0.076906634,0.398321749
405_86,405,NA,NA,1,1,2,2016,2,431922,5301799,2,2,47.86591985,-123.9102764,6/14/2016,6/28/2016,14,14,14,NA,NA,NA,NA,NA,NA,NA,NA,NA,NA,NA,NA,NA,NA,NA,NA,0,NA,0,0,0,NA,0,0,NA,NA,324.680246,0.708792199,0.076906634,0.398321749
405_86,405,NA,NA,1,1,3,2016,2,431922,5301799,2,3,47.86591985,-123.9102764,6/28/2016,7/12/2016,14,14,14,NA,NA,NA,NA,NA,NA,NA,NA,NA,NA,NA,NA,NA,NA,NA,NA,0,NA,0,0,0,NA,0,0,NA,NA,29.35336607,-1.35318528,0.076906634,0.398321749
405_89,405,NA,NA,1,1,1,2016,2,433278,5302240,3,1,47.87002953,-123.8922156,5/31/2016,6/14/2016,14,14,14,NA,NA,NA,NA,NA,NA,NA,NA,NA,NA,NA,NA,NA,NA,NA,NA,0,NA,0,0,0,NA,0,0,NA,NA,42.20874424,-1.263428803,0.076906634,0.398321749
405_89,405,NA,NA,1,1,2,2016,2,433278,5302240,3,2,47.87002953,-123.8922156,6/14/2016,6/28/2016,14,14,14,NA,NA,NA,NA,NA,NA,NA,NA,NA,NA,NA,NA,NA,NA,NA,NA,0,NA,0,0,0,NA,0,0,NA,NA,324.6593068,0.708646001,0.076906634,0.398321749
405_89,405,NA,NA,1,1,3,2016,2,433278,5302240,3,3,47.87002953,-123.8922156,6/28/2016,7/12/2016,14,14,14,NA,NA,NA,NA,NA,NA,NA,NA,NA,NA,NA,NA,NA,NA,NA,NA,0,NA,1,0,0,NA,0,0,NA,NA,29.35156574,-1.35319785,0.076906634,0.398321749
408_91,408,NA,NA,1,1,1,2016,2,460983,5303444,1,1,47.88314304,-123.5218709,7/21/2016,8/3/2016,13,13,13,NA,NA,NA,NA,NA,NA,NA,NA,NA,NA,NA,NA,NA,NA,NA,NA,0,NA,0,0,0,NA,0,0,NA,NA,173.7606455,-0.344931111,-0.262837516,0.151398724
408_91,408,NA,NA,1,1,2,2016,2,460983,5303444,1,2,47.88314304,-123.5218709,8/3/2016,8/20/2016,17,17,17,NA,NA,NA,NA,NA,NA,NA,NA,NA,NA,NA,NA,NA,NA,NA,NA,0,NA,0,0,0,NA,0,0,NA,NA,222.0407106,-0.007838845,1.096139082,1.139090824
408_91,408,NA,NA,1,1,3,2016,2,460983,5303444,1,3,47.88314304,-123.5218709,8/20/2016,9/1/2016,12,12,12,NA,NA,NA,NA,NA,NA,NA,NA,NA,NA,NA,NA,NA,NA,NA,NA,0,NA,0,0,0,NA,0,0,NA,NA,195.966777,-0.189887509,-0.602581665,-0.0955243
408_87,408,NA,NA,1,1,1,2016,2,461389,5302010,2,1,47.87026587,-123.5163125,7/21/2016,8/4/2016,14,14,9,NA,NA,NA,NA,NA,NA,NA,NA,NA,NA,NA,NA,NA,NA,NA,NA,0,NA,0,0,0,NA,0,0,NA,NA,161.372173,-0.431427644,0.076906634,-0.836293375
408_11,408,NA,NA,1,1,1,2016,2,461243,5302049,2,2,47.87060796,-123.5182682,8/4/2016,8/20/2016,16,16,16,NA,NA,NA,NA,NA,NA,NA,NA,NA,NA,NA,NA,NA,NA,NA,NA,0,NA,0,0,0,NA,1,0,NA,NA,235.9483328,0.089264418,0.756394932,0.892167799
408_11,408,NA,NA,1,1,2,2016,2,461243,5302049,2,3,47.87060796,-123.5182682,8/20/2016,9/1/2016,12,12,12,NA,NA,NA,NA,NA,NA,NA,NA,NA,NA,NA,NA,NA,NA,NA,NA,0,NA,0,0,0,NA,1,0,NA,NA,195.9654454,-0.189896806,-0.602581665,-0.0955243
408_85,408,NA,NA,1,1,1,2016,2,460496,5301360,3,1,47.8643635,-123.5281939,7/21/2016,8/4/2016,14,14,14,NA,NA,NA,NA,NA,NA,NA,NA,NA,NA,NA,NA,NA,NA,NA,NA,0,NA,0,0,0,NA,0,0,NA,NA,161.3805864,-0.431368901,0.076906634,0.398321749
408_85,408,NA,NA,1,1,2,2016,2,460496,5301360,3,2,47.8643635,-123.5281939,8/4/2016,8/20/2016,16,16,16,NA,NA,NA,NA,NA,NA,NA,NA,NA,NA,NA,NA,NA,NA,NA,NA,0,NA,0,0,0,NA,0,0,NA,NA,235.9658139,0.089386471,0.756394932,0.892167799
408_85,408,NA,NA,1,1,3,2016,2,460496,5301360,3,3,47.8643635,-123.5281939,8/20/2016,9/1/2016,12,12,12,NA,NA,NA,NA,NA,NA,NA,NA,NA,NA,NA,NA,NA,NA,NA,NA,0,NA,0,0,0,NA,0,0,NA,NA,195.9653866,-0.189897217,-0.602581665,-0.0955243
414_93,414,NA,NA,1,1,1,2016,2,512765,5303702,1,1,47.88652334,-122.8292512,9/12/2016,9/26/2016,14,14,14,NA,NA,NA,NA,NA,NA,NA,NA,NA,NA,NA,NA,NA,NA,NA,NA,0,NA,0,0,0,NA,0,0,NA,NA,435.3906507,1.481774195,0.076906634,0.398321749
414_93,414,NA,NA,1,1,2,2016,2,512765,5303702,1,2,47.88652334,-122.8292512,9/26/2016,10/10/2016,14,14,14,NA,NA,NA,NA,NA,NA,NA,NA,NA,NA,NA,NA,NA,NA,NA,NA,0,NA,0,0,0,NA,0,0,NA,NA,39.40460807,-1.283007331,0.076906634,0.398321749
414_93,414,NA,NA,1,1,3,2016,2,512765,5303702,1,3,47.88652334,-122.8292512,10/10/2016,10/24/2016,14,14,14,NA,NA,NA,NA,NA,NA,NA,NA,NA,NA,NA,NA,NA,NA,NA,NA,0,NA,1,0,0,NA,0,0,NA,NA,504.6229015,1.96515499,0.076906634,0.398321749
414_88,414,NA,NA,1,1,1,2016,2,514377,5302181,2,1,47.87280432,-122.8077393,9/12/2016,9/26/2016,14,14,14,NA,NA,NA,NA,NA,NA,NA,NA,NA,NA,NA,NA,NA,NA,NA,NA,0,NA,0,0,0,NA,0,0,NA,NA,435.3887862,1.481761178,0.076906634,0.398321749
414_88,414,NA,NA,1,1,2,2016,2,514377,5302181,2,2,47.87280432,-122.8077393,9/26/2016,10/10/2016,14,14,14,NA,NA,NA,NA,NA,NA,NA,NA,NA,NA,NA,NA,NA,NA,NA,NA,0,NA,0,0,0,NA,0,0,NA,NA,39.40752945,-1.282986934,0.076906634,0.398321749
414_88,414,NA,NA,1,1,3,2016,2,514377,5302181,2,3,47.87280432,-122.8077393,10/10/2016,10/24/2016,14,14,14,NA,NA,NA,NA,NA,NA,NA,NA,NA,NA,NA,NA,NA,NA,NA,NA,0,NA,0,0,0,NA,0,0,NA,NA,504.5965432,1.964970956,0.076906634,0.398321749
414_90,414,NA,NA,1,1,1,2016,2,513231,5302886,3,1,47.87917208,-122.8230428,9/12/2016,9/26/2016,14,14,14,NA,NA,NA,NA,NA,NA,NA,NA,NA,NA,NA,NA,NA,NA,NA,NA,0,NA,0,0,0,NA,0,0,NA,NA,435.3897868,1.481768164,0.076906634,0.398321749
414_90,414,NA,NA,1,1,2,2016,2,513231,5302886,3,2,47.87917208,-122.8230428,9/26/2016,10/10/2016,14,14,14,NA,NA,NA,NA,NA,NA,NA,NA,NA,NA,NA,NA,NA,NA,NA,NA,0,NA,0,0,0,NA,0,0,NA,NA,39.40557423,-1.283000585,0.076906634,0.398321749
414_90,414,NA,NA,1,1,3,2016,2,513231,5302886,3,3,47.87917208,-122.8230428,10/10/2016,10/24/2016,14,14,14,NA,NA,NA,NA,NA,NA,NA,NA,NA,NA,NA,NA,NA,NA,NA,NA,0,NA,0,0,0,NA,0,0,NA,NA,504.6089067,1.965057278,0.076906634,0.398321749
451_94,451,NA,NA,1,1,1,2016,2,392383,5306840,1,1,47.90585372,-124.4400711,9/14/2016,9/28/2016,14,14,14,NA,NA,NA,NA,NA,NA,NA,NA,NA,NA,NA,NA,NA,NA,NA,NA,0,NA,0,0,0,NA,0,0,NA,NA,385.4533544,1.133111113,0.076906634,0.398321749
451_94,451,NA,NA,1,1,2,2016,2,392383,5306840,1,2,47.90585372,-124.4400711,9/28/2016,10/12/2016,14,14,14,NA,NA,NA,NA,NA,NA,NA,NA,NA,NA,NA,NA,NA,NA,NA,NA,0,NA,1,0,0,NA,0,0,NA,NA,78.4215075,-1.010590652,0.076906634,0.398321749
451_94,451,NA,NA,1,1,3,2016,2,392383,5306840,1,3,47.90585372,-124.4400711,10/12/2016,10/26/2016,14,14,14,NA,NA,NA,NA,NA,NA,NA,NA,NA,NA,NA,NA,NA,NA,NA,NA,0,NA,0,0,0,NA,0,0,NA,NA,474.3773739,1.753980184,0.076906634,0.398321749
451_95,451,NA,NA,1,1,1,2016,2,392644,5308748,2,1,47.92305894,-124.4370549,9/14/2016,9/28/2016,14,14,12,NA,NA,NA,NA,NA,NA,NA,NA,NA,NA,NA,NA,NA,NA,NA,NA,0,NA,1,1,0,NA,0,1,NA,NA,385.4660706,1.133199898,0.076906634,-0.0955243
451_95,451,NA,NA,1,1,2,2016,2,392644,5308748,2,2,47.92305894,-124.4370549,9/28/2016,10/12/2016,14,14,3,NA,NA,NA,NA,NA,NA,NA,NA,NA,NA,NA,NA,NA,NA,NA,NA,0,NA,0,1,0,NA,0,1,NA,NA,78.41573667,-1.010630944,0.076906634,-2.317831524
451_95,451,NA,NA,1,1,3,2016,2,392644,5308748,2,3,47.92305894,-124.4370549,10/12/2016,10/26/2016,14,14,5,NA,NA,NA,NA,NA,NA,NA,NA,NA,NA,NA,NA,NA,NA,NA,NA,0,NA,0,1,0,NA,0,1,NA,NA,474.4206986,1.754282678,0.076906634,-1.823985474
454_100,454,NA,NA,1,1,1,2016,2,418173,5311644,2,1,47.95287788,-124.0959519,5/29/2016,6/10/2016,12,12,12,NA,NA,NA,NA,NA,NA,NA,NA,NA,NA,NA,NA,NA,NA,NA,NA,1,NA,0,0,0,NA,0,0,NA,NA,22.54884748,-1.400694549,-0.602581665,-0.0955243
454_100,454,NA,NA,1,1,2,2016,2,418173,5311644,2,2,47.95287788,-124.0959519,6/10/2016,6/24/2016,14,0,0,NA,NA,NA,NA,NA,NA,NA,NA,NA,NA,NA,NA,NA,NA,NA,NA,0,NA,0,0,0,NA,0,0,NA,NA,299.8691441,0.535560649,-4.679511457,-3.058600599
454_100,454,NA,NA,1,1,3,2016,2,418173,5311644,2,3,47.95287788,-124.0959519,6/24/2016,7/8/2016,14,14,14,NA,NA,NA,NA,NA,NA,NA,NA,NA,NA,NA,NA,NA,NA,NA,NA,0,NA,0,0,0,NA,0,0,NA,NA,72.06038332,-1.055004133,0.076906634,0.398321749
456_96,456,NA,NA,1,1,1,2016,2,434686,5308996,3,1,47.93095326,-123.8744128,7/26/2016,8/9/2016,14,14,14,NA,NA,NA,NA,NA,NA,NA,NA,NA,NA,NA,NA,NA,NA,NA,NA,0,NA,0,0,0,NA,0,0,NA,NA,40.44079475,-1.275772658,0.076906634,0.398321749
456_96,456,NA,NA,1,1,2,2016,2,434686,5308996,3,2,47.93095326,-123.8744128,8/9/2016,8/23/2016,14,14,14,NA,NA,NA,NA,NA,NA,NA,NA,NA,NA,NA,NA,NA,NA,NA,NA,0,NA,0,0,0,NA,0,0,NA,NA,360.5790956,0.9594386,0.076906634,0.398321749
456_96,456,NA,NA,1,1,3,2016,2,434686,5308996,3,3,47.93095326,-123.8744128,8/23/2016,9/5/2016,13,13,13,NA,NA,NA,NA,NA,NA,NA,NA,NA,NA,NA,NA,NA,NA,NA,NA,0,NA,0,0,0,NA,0,0,NA,NA,76.96440443,-1.020764171,-0.262837516,0.151398724
458_97,458,NA,NA,1,1,1,2016,2,457248,5309979,1,1,47.94169971,-123.5724739,7/25/2016,8/8/2016,14,14,14,NA,NA,NA,NA,NA,NA,NA,NA,NA,NA,NA,NA,NA,NA,NA,NA,0,NA,0,1,0,NA,0,1,NA,NA,54.96384494,-1.174372465,0.076906634,0.398321749
458_97,458,NA,NA,1,1,2,2016,2,457248,5309979,1,2,47.94169971,-123.5724739,8/8/2016,8/25/2016,17,17,17,NA,NA,NA,NA,NA,NA,NA,NA,NA,NA,NA,NA,NA,NA,NA,NA,0,NA,0,0,0,NA,0,0,NA,NA,333.2260405,0.768459087,1.096139082,1.139090824
458_97,458,NA,NA,1,1,3,2016,2,457248,5309979,1,3,47.94169971,-123.5724739,8/25/2016,9/6/2016,12,12,12,NA,NA,NA,NA,NA,NA,NA,NA,NA,NA,NA,NA,NA,NA,NA,NA,0,NA,0,0,0,NA,0,0,NA,NA,36.92388108,-1.300327811,-0.602581665,-0.0955243
458_98,458,NA,NA,1,1,1,2016,2,456482,5310704,2,1,47.94817081,-123.5828039,7/25/2016,8/8/2016,14,14,14,NA,NA,NA,NA,NA,NA,NA,NA,NA,NA,NA,NA,NA,NA,NA,NA,0,NA,0,0,0,NA,0,0,NA,NA,54.96297742,-1.174378522,0.076906634,0.398321749
458_98,458,NA,NA,1,1,2,2016,2,456482,5310704,2,2,47.94817081,-123.5828039,8/8/2016,8/22/2016,14,14,14,NA,NA,NA,NA,NA,NA,NA,NA,NA,NA,NA,NA,NA,NA,NA,NA,0,NA,0,0,0,NA,0,0,NA,NA,335.5124907,0.784423123,0.076906634,0.398321749
458_98,458,NA,NA,1,1,3,2016,2,456482,5310704,2,3,47.94817081,-123.5828039,8/22/2016,9/6/2016,15,15,11,NA,NA,NA,NA,NA,NA,NA,NA,NA,NA,NA,NA,NA,NA,NA,NA,0,NA,0,1,0,NA,0,1,NA,NA,94.03311065,-0.901590164,0.416650783,-0.342447325
458_99,458,NA,NA,1,1,1,2016,2,456013,5311542,3,1,47.95567808,-123.5891702,7/25/2016,8/8/2016,14,14,14,NA,NA,NA,NA,NA,NA,NA,NA,NA,NA,NA,NA,NA,NA,NA,NA,0,NA,0,0,0,NA,0,0,NA,NA,54.95992768,-1.174399816,0.076906634,0.398321749
458_99,458,NA,NA,1,1,2,2016,2,456013,5311542,3,2,47.95567808,-123.5891702,8/8/2016,8/22/2016,14,14,14,NA,NA,NA,NA,NA,NA,NA,NA,NA,NA,NA,NA,NA,NA,NA,NA,0,NA,0,0,0,NA,0,0,NA,NA,335.4897894,0.784264622,0.076906634,0.398321749
458_99,458,NA,NA,1,1,3,2016,2,456013,5311542,3,3,47.95567808,-123.5891702,8/22/2016,9/6/2016,15,15,15,NA,NA,NA,NA,NA,NA,NA,NA,NA,NA,NA,NA,NA,NA,NA,NA,0,NA,0,0,0,NA,0,0,NA,NA,94.03368699,-0.90158614,0.416650783,0.645244774
501_104,501,NA,NA,1,1,1,2016,2,377720,5319472,3,1,48.01683276,-124.6397976,8/4/2016,8/18/2016,14,14,2,NA,NA,NA,NA,NA,NA,NA,NA,NA,NA,NA,NA,NA,NA,NA,NA,0,NA,0,0,0,NA,0,0,NA,NA,188.1200614,-0.244673416,0.076906634,-2.564754549
501_104,501,NA,NA,1,1,2,2016,2,377720,5319472,3,2,48.01683276,-124.6397976,8/18/2016,9/1/2016,14,14,4,NA,NA,NA,NA,NA,NA,NA,NA,NA,NA,NA,NA,NA,NA,NA,NA,0,NA,0,0,0,NA,0,0,NA,NA,249.0530552,0.180761821,0.076906634,-2.070908499
501_13,501,NA,NA,1,1,1,2016,2,378339,5319262,3,3,48.01506229,-124.6314406,9/1/2016,9/15/2016,14,14,14,NA,NA,NA,NA,NA,NA,NA,NA,NA,NA,NA,NA,NA,NA,NA,NA,0,NA,0,0,0,NA,1,0,NA,NA,147.800458,-0.526185597,0.076906634,0.398321749
504_103,504,NA,NA,1,1,1,2016,2,403115,5318499,3,1,48.01243669,-124.2991286,5/30/2016,6/14/2016,15,15,15,NA,NA,NA,NA,NA,NA,NA,NA,NA,NA,NA,NA,NA,NA,NA,NA,0,NA,0,1,0,NA,0,1,NA,NA,43.2659351,-1.256047478,0.416650783,0.645244774
504_103,504,NA,NA,1,1,2,2016,2,403115,5318499,3,2,48.01243669,-124.2991286,6/14/2016,6/30/2016,16,16,15,NA,NA,NA,NA,NA,NA,NA,NA,NA,NA,NA,NA,NA,NA,NA,NA,0,NA,0,1,0,NA,0,1,NA,NA,292.3486865,0.483052681,0.756394932,0.645244774
504_103,504,NA,NA,1,1,3,2016,2,403115,5318499,3,3,48.01243669,-124.2991286,6/30/2016,7/12/2016,12,12,8,NA,NA,NA,NA,NA,NA,NA,NA,NA,NA,NA,NA,NA,NA,NA,NA,0,NA,0,1,0,NA,0,1,NA,NA,22.11375256,-1.403732389,-0.602581665,-1.0832164
505_101,505,NA,NA,1,1,1,2016,2,413835,5315513,1,1,47.98711205,-124.1548169,5/31/2016,6/14/2016,14,14,14,NA,NA,NA,NA,NA,NA,NA,NA,NA,NA,NA,NA,NA,NA,NA,NA,0,NA,0,0,0,NA,0,0,NA,NA,42.12261112,-1.264030186,0.076906634,0.398321749
505_101,505,NA,NA,1,1,2,2016,2,413835,5315513,1,2,47.98711205,-124.1548169,6/14/2016,6/30/2016,16,16,9,NA,NA,NA,NA,NA,NA,NA,NA,NA,NA,NA,NA,NA,NA,NA,NA,0,NA,0,1,0,NA,0,1,NA,NA,292.4896608,0.484036966,0.756394932,-0.836293375
505_101,505,NA,NA,1,1,3,2016,2,413835,5315513,1,3,47.98711205,-124.1548169,6/30/2016,7/12/2016,12,12,12,NA,NA,NA,NA,NA,NA,NA,NA,NA,NA,NA,NA,NA,NA,NA,NA,0,NA,0,1,0,NA,0,1,NA,NA,22.1277967,-1.403634333,-0.602581665,-0.0955243
508_102,508,NA,NA,1,1,1,2016,2,439292,5317339,2,1,48.00646255,-123.8139337,5/28/2016,6/13/2016,16,16,16,NA,NA,NA,NA,NA,NA,NA,NA,NA,NA,NA,NA,NA,NA,NA,NA,0,NA,0,0,0,NA,0,0,NA,NA,43.60669635,-1.253668277,0.756394932,0.892167799
508_102,508,NA,NA,1,1,2,2016,2,439292,5317339,2,2,48.00646255,-123.8139337,6/13/2016,6/27/2016,14,14,14,NA,NA,NA,NA,NA,NA,NA,NA,NA,NA,NA,NA,NA,NA,NA,NA,0,NA,0,0,0,NA,0,0,NA,NA,327.1344767,0.725927681,0.076906634,0.398321749
508_102,508,NA,NA,1,1,3,2016,2,439292,5317339,2,3,48.00646255,-123.8139337,6/27/2016,7/11/2016,14,14,14,NA,NA,NA,NA,NA,NA,NA,NA,NA,NA,NA,NA,NA,NA,NA,NA,0,NA,0,0,0,NA,0,0,NA,NA,32.06669505,-1.334240769,0.076906634,0.398321749
512_12,512,NA,NA,1,1,1,2016,2,476217,5314579,3,2,47.98407161,-123.3187283,6/12/2016,6/28/2016,16,16,16,NA,NA,NA,NA,NA,NA,NA,NA,NA,NA,NA,NA,NA,NA,NA,NA,0,NA,0,0,0,NA,1,0,NA,NA,302.9308565,0.556937579,0.756394932,0.892167799
512_12,512,NA,NA,1,1,2,2016,2,476217,5314579,3,3,47.98407161,-123.3187283,6/28/2016,7/10/2016,12,12,12,NA,NA,NA,NA,NA,NA,NA,NA,NA,NA,NA,NA,NA,NA,NA,NA,0,NA,0,0,0,NA,1,0,NA,NA,21.42661277,-1.408530011,-0.602581665,-0.0955243
554_106,554,NA,NA,1,1,1,2016,2,397901,5324353,1,1,48.064279,-124.3704188,9/17/2016,10/1/2016,14,14,14,NA,NA,NA,NA,NA,NA,NA,NA,NA,NA,NA,NA,NA,NA,NA,NA,0,NA,0,1,0,NA,0,1,NA,NA,253.9865112,0.215207297,0.076906634,0.398321749
554_106,554,NA,NA,1,1,2,2016,2,397901,5324353,1,2,48.064279,-124.3704188,10/1/2016,10/13/2016,12,12,2,NA,NA,NA,NA,NA,NA,NA,NA,NA,NA,NA,NA,NA,NA,NA,NA,0,NA,0,1,0,NA,0,1,NA,NA,129.204674,-0.656021689,-0.602581665,-2.564754549
554_106,554,NA,NA,1,1,3,2016,2,397901,5324353,1,3,48.064279,-124.3704188,10/13/2016,10/29/2016,16,16,3,NA,NA,NA,NA,NA,NA,NA,NA,NA,NA,NA,NA,NA,NA,NA,NA,0,NA,0,1,0,NA,0,1,NA,NA,390.2557328,1.166641403,0.756394932,-2.317831524
554_110,554,NA,NA,1,1,1,2016,2,401582,5326198,3,1,48.08145277,-124.3214495,9/17/2016,10/1/2016,14,14,6,NA,NA,NA,NA,NA,NA,NA,NA,NA,NA,NA,NA,NA,NA,NA,NA,1,NA,0,0,0,NA,0,0,NA,NA,254.0094107,0.215367182,0.076906634,-1.57706245
555_109,555,NA,NA,1,1,1,2016,2,410649,5326194,2,1,48.0827522,-124.199736,9/17/2016,10/1/2016,14,14,14,NA,NA,NA,NA,NA,NA,NA,NA,NA,NA,NA,NA,NA,NA,NA,NA,0,NA,0,1,0,NA,0,1,NA,NA,254.0208055,0.215446741,0.076906634,0.398321749
555_109,555,NA,NA,1,2,1,2016,2,410678,5326254,2,2,48.08329597,-124.1993592,10/1/2016,10/13/2016,12,12,9,NA,NA,NA,NA,NA,NA,NA,NA,NA,NA,NA,NA,NA,NA,NA,NA,0,NA,0,1,0,NA,1,1,NA,NA,129.1897005,-0.656126234,-0.602581665,-0.836293375
555_109,555,NA,NA,1,2,2,2016,2,410678,5326254,2,3,48.08329597,-124.1993592,10/13/2016,10/29/2016,16,16,3,NA,NA,NA,NA,NA,NA,NA,NA,NA,NA,NA,NA,NA,NA,NA,NA,0,NA,1,1,0,NA,1,1,NA,NA,390.3123692,1.16703684,0.756394932,-2.317831524
555_105,555,NA,NA,1,1,1,2016,2,409315,5324019,3,1,48.0629996,-124.2171822,9/17/2016,10/1/2016,14,14,14,NA,NA,NA,NA,NA,NA,NA,NA,NA,NA,NA,NA,NA,NA,NA,NA,0,NA,0,0,0,NA,0,0,NA,NA,253.9959087,0.215272911,0.076906634,0.398321749
555_105,555,NA,NA,1,1,2,2016,2,409315,5324019,3,2,48.0629996,-124.2171822,10/1/2016,10/13/2016,12,12,12,NA,NA,NA,NA,NA,NA,NA,NA,NA,NA,NA,NA,NA,NA,NA,NA,0,NA,0,0,0,NA,0,0,NA,NA,129.1984221,-0.65606534,-0.602581665,-0.0955243
555_105,555,NA,NA,1,1,3,2016,2,409315,5324019,3,3,48.0629996,-124.2171822,10/13/2016,10/29/2016,16,16,16,NA,NA,NA,NA,NA,NA,NA,NA,NA,NA,NA,NA,NA,NA,NA,NA,0,NA,0,1,0,NA,0,1,NA,NA,390.2653637,1.166708647,0.756394932,0.892167799
558_108,558,NA,NA,1,1,1,2016,2,439132,5325084,3,1,48.07612296,-123.8171799,5/24/2016,6/7/2016,14,14,14,NA,NA,NA,NA,NA,NA,NA,NA,NA,NA,NA,NA,NA,NA,NA,NA,0,NA,0,0,0,NA,0,0,NA,NA,98.70367219,-0.868980221,0.076906634,0.398321749
558_108,558,NA,NA,1,1,2,2016,2,439132,5325084,3,2,48.07612296,-123.8171799,6/7/2016,6/21/2016,14,14,14,NA,NA,NA,NA,NA,NA,NA,NA,NA,NA,NA,NA,NA,NA,NA,NA,0,NA,0,0,0,NA,0,0,NA,NA,222.2376152,-0.006464054,0.076906634,0.398321749
558_108,558,NA,NA,1,1,3,2016,2,439132,5325084,3,3,48.07612296,-123.8171799,6/21/2016,7/5/2016,14,14,14,NA,NA,NA,NA,NA,NA,NA,NA,NA,NA,NA,NA,NA,NA,NA,NA,0,NA,0,0,0,NA,0,0,NA,NA,152.5731595,-0.492862511,0.076906634,0.398321749
561_107,561,NA,NA,1,1,1,2016,2,462192,5324884,3,1,48.07610822,-123.5075879,7/6/2016,7/20/2016,14,14,14,NA,NA,NA,NA,NA,NA,NA,NA,NA,NA,NA,NA,NA,NA,NA,NA,0,NA,0,0,0,NA,0,0,NA,NA,194.0506553,-0.203265905,0.076906634,0.398321749
561_107,561,NA,NA,1,1,2,2016,2,462192,5324884,3,2,48.07610822,-123.5075879,7/20/2016,8/4/2016,15,15,15,NA,NA,NA,NA,NA,NA,NA,NA,NA,NA,NA,NA,NA,NA,NA,NA,0,NA,0,0,0,NA,0,0,NA,NA,183.3406756,-0.278043172,0.416650783,0.645244774
561_107,561,NA,NA,1,1,3,2016,2,462192,5324884,3,3,48.07610822,-123.5075879,8/4/2016,8/18/2016,14,14,14,NA,NA,NA,NA,NA,NA,NA,NA,NA,NA,NA,NA,NA,NA,NA,NA,0,NA,0,0,0,NA,0,0,NA,NA,187.9170971,-0.246090516,0.076906634,0.398321749
601_113,601,NA,NA,1,1,1,2016,2,387431,5332359,2,1,48.13452236,-124.5130153,8/14/2016,8/28/2016,14,7,7,NA,NA,NA,NA,NA,NA,NA,NA,NA,NA,NA,NA,NA,NA,NA,NA,0,NA,0,1,0,NA,0,1,NA,NA,373.9603991,1.052867096,-2.301302412,-1.330139425
601_113,601,NA,NA,1,1,2,2016,2,387431,5332359,2,2,48.13452236,-124.5130153,8/28/2016,9/11/2016,14,14,3,NA,NA,NA,NA,NA,NA,NA,NA,NA,NA,NA,NA,NA,NA,NA,NA,0,NA,0,1,0,NA,0,1,NA,NA,39.92027885,-1.279406909,0.076906634,-2.317831524
601_113,601,NA,NA,1,2,1,2016,2,387450,5332419,2,3,48.13506535,-124.5127759,9/11/2016,9/25/2016,14,14,14,NA,NA,NA,NA,NA,NA,NA,NA,NA,NA,NA,NA,NA,NA,NA,NA,0,NA,0,1,0,NA,1,1,NA,NA,446.8373748,1.561695425,0.076906634,0.398321749
601_116,601,NA,NA,1,1,1,2016,2,384761,5334363,3,1,48.15206772,-124.5494312,8/14/2016,8/28/2016,14,14,14,NA,NA,NA,NA,NA,NA,NA,NA,NA,NA,NA,NA,NA,NA,NA,NA,0,NA,0,0,0,NA,0,0,NA,NA,373.9319702,1.052668605,0.076906634,0.398321749
601_116,601,NA,NA,1,1,2,2016,2,384761,5334363,3,2,48.15206772,-124.5494312,8/28/2016,9/11/2016,14,14,14,NA,NA,NA,NA,NA,NA,NA,NA,NA,NA,NA,NA,NA,NA,NA,NA,0,NA,0,1,0,NA,0,1,NA,NA,39.91252656,-1.279461035,0.076906634,0.398321749
601_116,601,NA,NA,1,1,3,2016,2,384761,5334363,3,3,48.15206772,-124.5494312,9/11/2016,9/25/2016,14,14,10,NA,NA,NA,NA,NA,NA,NA,NA,NA,NA,NA,NA,NA,NA,NA,NA,0,NA,0,1,0,NA,0,1,NA,NA,446.8416716,1.561725425,0.076906634,-0.58937035
606_111,606,NA,NA,1,1,1,2016,2,432921,5330619,3,1,48.12529213,-123.9014253,7/13/2016,7/27/2016,14,14,14,NA,NA,NA,NA,NA,NA,NA,NA,NA,NA,NA,NA,NA,NA,NA,NA,0,NA,0,0,0,NA,0,0,NA,NA,344.2647561,0.845531594,0.076906634,0.398321749
606_111,606,NA,NA,1,1,2,2016,2,432921,5330619,3,2,48.12529213,-123.9014253,7/27/2016,8/10/2016,14,14,14,NA,NA,NA,NA,NA,NA,NA,NA,NA,NA,NA,NA,NA,NA,NA,NA,0,NA,0,0,0,NA,0,0,NA,NA,31.81707483,-1.335983622,0.076906634,0.398321749
606_111,606,NA,NA,1,1,3,2016,2,432921,5330619,3,3,48.12529213,-123.9014253,8/10/2016,8/25/2016,15,15,15,NA,NA,NA,NA,NA,NA,NA,NA,NA,NA,NA,NA,NA,NA,NA,NA,0,NA,0,0,0,NA,0,0,NA,NA,369.7908348,1.023755125,0.416650783,0.645244774
608_115,608,NA,NA,1,1,1,2016,2,450126,5333370,2,1,48.1516219,-123.6705615,8/25/2016,9/8/2016,14,14,14,NA,NA,NA,NA,NA,NA,NA,NA,NA,NA,NA,NA,NA,NA,NA,NA,0,NA,0,0,0,NA,0,0,NA,NA,37.85568987,-1.293821905,0.076906634,0.398321749
608_115,608,NA,NA,1,1,2,2016,2,450126,5333370,2,2,48.1516219,-123.6705615,9/8/2016,9/22/2016,14,14,14,NA,NA,NA,NA,NA,NA,NA,NA,NA,NA,NA,NA,NA,NA,NA,NA,0,NA,0,0,0,NA,0,0,NA,NA,426.0996638,1.416904361,0.076906634,0.398321749
608_115,608,NA,NA,1,1,3,2016,2,450126,5333370,2,3,48.1516219,-123.6705615,9/22/2016,10/13/2016,21,21,21,NA,NA,NA,NA,NA,NA,NA,NA,NA,NA,NA,NA,NA,NA,NA,NA,0,NA,0,0,0,NA,0,0,NA,NA,114.7840724,-0.756706583,2.455115679,2.126782923
608_114,608,NA,NA,1,1,1,2016,2,447385,5332820,3,1,48.14645306,-123.7073437,8/25/2016,9/8/2016,14,14,6,NA,NA,NA,NA,NA,NA,NA,NA,NA,NA,NA,NA,NA,NA,NA,NA,0,NA,0,1,0,NA,0,1,NA,NA,37.85557091,-1.293822736,0.076906634,-1.57706245
608_114,608,NA,NA,1,1,2,2016,2,447385,5332820,3,2,48.14645306,-123.7073437,9/8/2016,9/22/2016,14,14,14,NA,NA,NA,NA,NA,NA,NA,NA,NA,NA,NA,NA,NA,NA,NA,NA,0,NA,0,1,0,NA,0,1,NA,NA,426.0995233,1.41690338,0.076906634,0.398321749
608_114,608,NA,NA,1,1,3,2016,2,447385,5332820,3,3,48.14645306,-123.7073437,9/22/2016,10/13/2016,21,21,5,NA,NA,NA,NA,NA,NA,NA,NA,NA,NA,NA,NA,NA,NA,NA,NA,0,NA,0,1,0,NA,0,1,NA,NA,114.7827458,-0.756715845,2.455115679,-1.823985474
609_112,609,NA,NA,1,1,1,2016,2,457355,5331496,1,1,48.13528836,-123.5731845,8/31/2016,9/15/2016,15,15,15,NA,NA,NA,NA,NA,NA,NA,NA,NA,NA,NA,NA,NA,NA,NA,NA,0,NA,0,0,0,NA,0,0,NA,NA,137.7981639,-0.596021791,0.416650783,0.645244774
609_112,609,NA,NA,1,1,2,2016,2,457355,5331496,1,2,48.13528836,-123.5731845,9/15/2016,9/29/2016,14,14,14,NA,NA,NA,NA,NA,NA,NA,NA,NA,NA,NA,NA,NA,NA,NA,NA,0,NA,0,1,0,NA,0,1,NA,NA,347.9556962,0.871301803,0.076906634,0.398321749
609_112,609,NA,NA,1,1,3,2016,2,457355,5331496,1,3,48.13528836,-123.5731845,9/29/2016,10/13/2016,14,14,14,NA,NA,NA,NA,NA,NA,NA,NA,NA,NA,NA,NA,NA,NA,NA,NA,0,NA,0,1,0,NA,0,1,NA,NA,110.7550166,-0.784837522,0.076906634,0.398321749
630_119,630,NA,NA,1,1,1,2016,2,379795,5341722,1,1,48.21733019,-124.6182564,8/14/2016,8/28/2016,14,14,6,NA,NA,NA,NA,NA,NA,NA,NA,NA,NA,NA,NA,NA,NA,NA,NA,1,NA,0,1,0,NA,0,1,NA,NA,373.8092583,1.051811829,0.076906634,-1.57706245
630_119,630,NA,NA,1,1,2,2016,2,379795,5341722,1,2,48.21733019,-124.6182564,8/28/2016,9/11/2016,14,10,7,NA,NA,NA,NA,NA,NA,NA,NA,NA,NA,NA,NA,NA,NA,NA,NA,0,NA,0,1,0,NA,0,1,NA,NA,39.87586709,-1.279716992,-1.282069964,-1.330139425
630_119,630,NA,NA,1,1,3,2016,2,379795,5341722,1,3,48.21733019,-124.6182564,9/11/2016,9/25/2016,14,14,14,NA,NA,NA,NA,NA,NA,NA,NA,NA,NA,NA,NA,NA,NA,NA,NA,0,NA,0,1,0,NA,0,1,NA,NA,446.8430778,1.561735243,0.076906634,0.398321749
630_117,630,NA,NA,1,1,1,2016,2,382640,5338978,2,1,48.19318482,-124.579212,8/14/2016,8/28/2016,14,14,2,NA,NA,NA,NA,NA,NA,NA,NA,NA,NA,NA,NA,NA,NA,NA,NA,0,NA,0,0,0,NA,0,0,NA,NA,373.8506866,1.052101082,0.076906634,-2.564754549
630_117,630,NA,NA,1,1,2,2016,2,382640,5338978,2,2,48.19318482,-124.579212,8/28/2016,9/11/2016,14,14,13,NA,NA,NA,NA,NA,NA,NA,NA,NA,NA,NA,NA,NA,NA,NA,NA,0,NA,0,0,0,NA,0,0,NA,NA,39.88954325,-1.279621505,0.076906634,0.151398724
630_117,630,NA,NA,1,1,3,2016,2,382640,5338978,2,3,48.19318482,-124.579212,9/11/2016,9/25/2016,14,14,5,NA,NA,NA,NA,NA,NA,NA,NA,NA,NA,NA,NA,NA,NA,NA,NA,0,NA,0,0,0,NA,0,0,NA,NA,446.8414613,1.561723957,0.076906634,-1.823985474
630_120,630,NA,NA,1,1,1,2016,2,383458,5342406,3,1,48.22416513,-124.5691509,8/14/2016,8/28/2016,14,14,2,NA,NA,NA,NA,NA,NA,NA,NA,NA,NA,NA,NA,NA,NA,NA,NA,0,NA,0,0,0,NA,0,0,NA,NA,373.7984095,1.051736082,0.076906634,-2.564754549
630_120,630,NA,NA,1,1,2,2016,2,383458,5342406,3,2,48.22416513,-124.5691509,8/28/2016,9/11/2016,14,14,14,NA,NA,NA,NA,NA,NA,NA,NA,NA,NA,NA,NA,NA,NA,NA,NA,0,NA,0,0,0,NA,0,0,NA,NA,39.87358287,-1.279732941,0.076906634,0.398321749
630_120,630,NA,NA,1,1,3,2016,2,383458,5342406,3,3,48.22416513,-124.5691509,9/11/2016,9/25/2016,14,14,5,NA,NA,NA,NA,NA,NA,NA,NA,NA,NA,NA,NA,NA,NA,NA,NA,0,NA,0,1,0,NA,0,1,NA,NA,446.8493361,1.561778939,0.076906634,-1.823985474
632_118,632,NA,NA,1,1,1,2016,2,401540,5341314,2,1,48.21740787,-124.3255105,6/11/2016,6/25/2016,14,14,14,NA,NA,NA,NA,NA,NA,NA,NA,NA,NA,NA,NA,NA,NA,NA,NA,1,NA,0,0,0,NA,0,0,NA,NA,313.643143,0.631730952,0.076906634,0.398321749
632_118,632,NA,NA,1,1,2,2016,2,401540,5341314,2,2,48.21740787,-124.3255105,6/25/2016,7/8/2016,13,13,13,NA,NA,NA,NA,NA,NA,NA,NA,NA,NA,NA,NA,NA,NA,NA,NA,0,NA,0,0,0,NA,0,0,NA,NA,55.93913225,-1.167562992,-0.262837516,0.151398724
632_118,632,NA,NA,1,1,3,2016,2,401540,5341314,2,3,48.21740787,-124.3255105,7/8/2016,7/23/2016,15,15,8,NA,NA,NA,NA,NA,NA,NA,NA,NA,NA,NA,NA,NA,NA,NA,NA,0,NA,0,1,0,NA,0,1,NA,NA,270.435493,0.330054378,0.416650783,-1.0832164
735_19,735,NA,NA,1,1,1,2016,1,485836,5208685,1,1,47.03153185,-123.1864154,6/8/2016,6/22/2016,14,14,14,NA,NA,NA,NA,NA,NA,NA,NA,NA,NA,NA,NA,NA,NA,NA,NA,0,NA,0,0,0,NA,0,0,NA,NA,257.1294574,0.237151403,0.076906634,0.398321749
735_19,735,NA,NA,1,1,2,2016,1,485836,5208685,1,2,47.03153185,-123.1864154,6/22/2016,7/6/2016,14,14,14,NA,NA,NA,NA,NA,NA,NA,NA,NA,NA,NA,NA,NA,NA,NA,NA,0,NA,0,0,0,NA,0,0,NA,NA,124.0772783,-0.691821256,0.076906634,0.398321749
735_19,735,NA,NA,1,1,3,2016,1,485836,5208685,1,3,47.03153185,-123.1864154,7/6/2016,7/19/2016,13,13,13,NA,NA,NA,NA,NA,NA,NA,NA,NA,NA,NA,NA,NA,NA,NA,NA,0,NA,0,0,0,NA,0,0,NA,NA,173.4818434,-0.346877712,-0.262837516,0.151398724
735_16,735,NA,NA,1,1,1,2016,1,484022,5207339,2,1,47.0193783,-123.2102422,6/8/2016,6/22/2016,14,14,14,NA,NA,NA,NA,NA,NA,NA,NA,NA,NA,NA,NA,NA,NA,NA,NA,0,NA,0,0,0,NA,0,0,NA,NA,257.1775292,0.237487041,0.076906634,0.398321749
735_16,735,NA,NA,1,1,2,2016,1,484022,5207339,2,2,47.0193783,-123.2102422,6/22/2016,7/6/2016,14,14,14,NA,NA,NA,NA,NA,NA,NA,NA,NA,NA,NA,NA,NA,NA,NA,NA,0,NA,0,0,0,NA,0,0,NA,NA,124.102586,-0.691644557,0.076906634,0.398321749
735_16,735,NA,NA,1,1,3,2016,1,484022,5207339,2,3,47.0193783,-123.2102422,7/6/2016,7/19/2016,13,13,13,NA,NA,NA,NA,NA,NA,NA,NA,NA,NA,NA,NA,NA,NA,NA,NA,0,NA,1,0,0,NA,0,0,NA,NA,173.5235379,-0.3465866,-0.262837516,0.151398724
735_17,735,NA,NA,1,1,1,2016,1,484658,5207672,3,1,47.02238991,-123.2018849,6/8/2016,6/22/2016,14,14,14,NA,NA,NA,NA,NA,NA,NA,NA,NA,NA,NA,NA,NA,NA,NA,NA,0,NA,0,0,0,NA,0,0,NA,NA,257.1674386,0.237416588,0.076906634,0.398321749
735_17,735,NA,NA,1,1,2,2016,1,484658,5207672,3,2,47.02238991,-123.2018849,6/22/2016,7/6/2016,14,14,14,NA,NA,NA,NA,NA,NA,NA,NA,NA,NA,NA,NA,NA,NA,NA,NA,1,NA,0,1,0,NA,0,1,NA,NA,124.0950187,-0.691697392,0.076906634,0.398321749
735_17,735,NA,NA,1,1,3,2016,1,484658,5207672,3,3,47.02238991,-123.2018849,7/6/2016,7/19/2016,13,13,13,NA,NA,NA,NA,NA,NA,NA,NA,NA,NA,NA,NA,NA,NA,NA,NA,1,NA,0,0,0,NA,0,0,NA,NA,173.5114892,-0.346670724,-0.262837516,0.151398724
745_25,745,NA,NA,1,1,1,2016,1,471535,5216225,1,1,47.09891926,-123.3751065,9/12/2016,9/26/2016,14,14,4,NA,NA,NA,NA,NA,NA,NA,NA,NA,NA,NA,NA,NA,NA,NA,NA,1,NA,0,1,0,NA,0,1,NA,NA,435.0805672,1.479609187,0.076906634,-2.070908499
745_25,745,NA,NA,1,1,2,2016,1,471535,5216225,1,2,47.09891926,-123.3751065,9/26/2016,10/10/2016,14,14,14,NA,NA,NA,NA,NA,NA,NA,NA,NA,NA,NA,NA,NA,NA,NA,NA,0,NA,0,0,0,NA,0,0,NA,NA,39.57873558,-1.28179157,0.076906634,0.398321749
745_25,745,NA,NA,1,1,3,2016,1,471535,5216225,1,3,47.09891926,-123.3751065,10/10/2016,10/25/2016,15,15,5,NA,NA,NA,NA,NA,NA,NA,NA,NA,NA,NA,NA,NA,NA,NA,NA,0,NA,0,0,0,NA,0,0,NA,NA,477.4282236,1.77528127,0.416650783,-1.823985474
745_23,745,NA,NA,1,1,1,2016,1,474735,5215050,2,1,47.0884764,-123.3328724,9/12/2016,9/26/2016,14,14,4,NA,NA,NA,NA,NA,NA,NA,NA,NA,NA,NA,NA,NA,NA,NA,NA,0,NA,0,0,0,NA,0,0,NA,NA,435.0812174,1.479613727,0.076906634,-2.070908499
745_23,745,NA,NA,1,1,2,2016,1,474735,5215050,2,2,47.0884764,-123.3328724,9/26/2016,10/10/2016,14,0,14,NA,NA,NA,NA,NA,NA,NA,NA,NA,NA,NA,NA,NA,NA,NA,NA,0,NA,0,0,0,NA,0,0,NA,NA,39.58034717,-1.281780318,-4.679511457,0.398321749
745_23,745,NA,NA,1,1,3,2016,1,474735,5215050,2,3,47.0884764,-123.3328724,10/10/2016,10/25/2016,15,15,15,NA,NA,NA,NA,NA,NA,NA,NA,NA,NA,NA,NA,NA,NA,NA,NA,0,NA,0,0,0,NA,0,0,NA,NA,477.4092037,1.775148473,0.416650783,0.645244774
745_22,745,NA,NA,1,1,1,2016,1,475621,5214106,3,1,47.08001515,-123.3211483,9/12/2016,9/26/2016,14,14,11,NA,NA,NA,NA,NA,NA,NA,NA,NA,NA,NA,NA,NA,NA,NA,NA,0,NA,0,0,0,NA,0,0,NA,NA,435.0770545,1.479584661,0.076906634,-0.342447325
745_22,745,NA,NA,1,1,2,2016,1,475621,5214106,3,2,47.08001515,-123.3211483,9/26/2016,10/10/2016,14,14,14,NA,NA,NA,NA,NA,NA,NA,NA,NA,NA,NA,NA,NA,NA,NA,NA,0,NA,0,0,0,NA,0,0,NA,NA,39.58191638,-1.281769361,0.076906634,0.398321749
745_22,745,NA,NA,1,1,3,2016,1,475621,5214106,3,3,47.08001515,-123.3211483,10/10/2016,10/25/2016,15,15,6,NA,NA,NA,NA,NA,NA,NA,NA,NA,NA,NA,NA,NA,NA,NA,NA,0,NA,0,0,0,NA,0,0,NA,NA,477.3878341,1.77499927,0.416650783,-1.57706245
747_20,747,NA,NA,1,1,1,2016,1,490521,5212843,1,1,47.06903206,-123.1248426,9/2/2016,9/16/2016,14,14,8,NA,NA,NA,NA,NA,NA,NA,NA,NA,NA,NA,NA,NA,NA,NA,NA,0,NA,0,0,0,NA,0,0,NA,NA,194.6678237,-0.198956824,0.076906634,-1.0832164
747_20,747,NA,NA,1,1,2,2016,1,490521,5212843,1,2,47.06903206,-123.1248426,9/16/2016,10/15/2016,29,29,29,NA,NA,NA,NA,NA,NA,NA,NA,NA,NA,NA,NA,NA,NA,NA,NA,0,NA,0,0,0,NA,0,0,NA,NA,242.6946625,0.136367411,5.173068874,4.102167122
747_20,747,NA,NA,1,1,3,2016,1,490521,5212843,1,3,47.06903206,-123.1248426,10/15/2016,10/29/2016,14,14,14,NA,NA,NA,NA,NA,NA,NA,NA,NA,NA,NA,NA,NA,NA,NA,NA,0,NA,0,0,0,NA,0,0,NA,NA,353.321949,0.908769074,0.076906634,0.398321749
747_24,747,NA,NA,1,1,1,2016,1,492541,5215111,2,1,47.08946685,-123.0982759,9/2/2016,9/16/2016,14,14,14,NA,NA,NA,NA,NA,NA,NA,NA,NA,NA,NA,NA,NA,NA,NA,NA,0,NA,0,0,0,NA,0,0,NA,NA,194.6423856,-0.199134433,0.076906634,0.398321749
747_24,747,NA,NA,1,1,2,2016,1,492541,5215111,2,2,47.08946685,-123.0982759,9/16/2016,10/15/2016,29,29,29,NA,NA,NA,NA,NA,NA,NA,NA,NA,NA,NA,NA,NA,NA,NA,NA,0,NA,0,0,0,NA,0,0,NA,NA,242.7014136,0.136414547,5.173068874,4.102167122
747_24,747,NA,NA,1,1,3,2016,1,492541,5215111,2,3,47.08946685,-123.0982759,10/15/2016,10/29/2016,14,14,6,NA,NA,NA,NA,NA,NA,NA,NA,NA,NA,NA,NA,NA,NA,NA,NA,0,NA,0,0,0,NA,0,0,NA,NA,353.373088,0.909126128,0.076906634,-1.57706245
747_21,747,NA,NA,1,1,1,2016,1,489567,5213651,3,1,47.07628856,-123.1374259,9/2/2016,9/16/2016,14,14,14,NA,NA,NA,NA,NA,NA,NA,NA,NA,NA,NA,NA,NA,NA,NA,NA,0,NA,0,1,0,NA,0,1,NA,NA,194.6595583,-0.199014533,0.076906634,0.398321749
747_21,747,NA,NA,1,1,2,2016,1,489567,5213651,3,2,47.07628856,-123.1374259,9/16/2016,10/15/2016,29,29,15,NA,NA,NA,NA,NA,NA,NA,NA,NA,NA,NA,NA,NA,NA,NA,NA,0,NA,0,1,0,NA,0,1,NA,NA,242.696405,0.136379577,5.173068874,0.645244774
747_21,747,NA,NA,1,1,3,2016,1,489567,5213651,3,3,47.07628856,-123.1374259,10/15/2016,10/29/2016,14,14,14,NA,NA,NA,NA,NA,NA,NA,NA,NA,NA,NA,NA,NA,NA,NA,NA,0,NA,0,1,0,NA,0,1,NA,NA,353.3391543,0.908889202,0.076906634,0.398321749
757_27,757,NA,NA,1,1,1,2016,1,484948,5221180,1,1,47.14394938,-123.1985198,7/20/2016,8/4/2016,15,15,15,NA,NA,NA,NA,NA,NA,NA,NA,NA,NA,NA,NA,NA,NA,NA,NA,0,NA,0,0,0,NA,0,0,NA,NA,184.9582666,-0.266749123,0.416650783,0.645244774
757_27,757,NA,NA,1,1,2,2016,1,484948,5221180,1,2,47.14394938,-123.1985198,8/4/2016,8/17/2016,13,13,13,NA,NA,NA,NA,NA,NA,NA,NA,NA,NA,NA,NA,NA,NA,NA,NA,0,NA,0,0,0,NA,0,0,NA,NA,160.3163372,-0.438799508,-0.262837516,0.151398724
757_27,757,NA,NA,1,1,3,2016,1,484948,5221180,1,3,47.14394938,-123.1985198,8/17/2016,8/31/2016,14,14,14,NA,NA,NA,NA,NA,NA,NA,NA,NA,NA,NA,NA,NA,NA,NA,NA,0,NA,0,0,0,NA,0,0,NA,NA,290.8896561,0.472865705,0.076906634,0.398321749
757_26,757,NA,NA,1,1,1,2016,1,487542,5221096,2,1,47.14324768,-123.1643056,7/20/2016,8/4/2016,15,15,15,NA,NA,NA,NA,NA,NA,NA,NA,NA,NA,NA,NA,NA,NA,NA,NA,1,NA,0,0,0,NA,0,0,NA,NA,184.9628547,-0.266717089,0.416650783,0.645244774
757_26,757,NA,NA,1,1,2,2016,1,487542,5221096,2,2,47.14324768,-123.1643056,8/4/2016,8/17/2016,13,13,13,NA,NA,NA,NA,NA,NA,NA,NA,NA,NA,NA,NA,NA,NA,NA,NA,0,NA,0,0,0,NA,0,0,NA,NA,160.3143566,-0.438813337,-0.262837516,0.151398724
757_26,757,NA,NA,1,1,3,2016,1,487542,5221096,2,3,47.14324768,-123.1643056,8/17/2016,8/31/2016,14,14,14,NA,NA,NA,NA,NA,NA,NA,NA,NA,NA,NA,NA,NA,NA,NA,NA,0,NA,0,0,0,NA,0,0,NA,NA,290.8921377,0.472883032,0.076906634,0.398321749
757_28,757,NA,NA,1,1,1,2016,1,487571,5221520,3,1,47.14706359,-123.1639348,7/20/2016,8/4/2016,15,15,15,NA,NA,NA,NA,NA,NA,NA,NA,NA,NA,NA,NA,NA,NA,NA,NA,0,NA,0,0,0,NA,0,0,NA,NA,184.9569381,-0.266758398,0.416650783,0.645244774
757_28,757,NA,NA,1,1,2,2016,1,487571,5221520,3,2,47.14706359,-123.1639348,8/4/2016,8/17/2016,13,13,13,NA,NA,NA,NA,NA,NA,NA,NA,NA,NA,NA,NA,NA,NA,NA,NA,0,NA,0,0,0,NA,0,0,NA,NA,160.3056471,-0.438874146,-0.262837516,0.151398724
757_28,757,NA,NA,1,1,3,2016,1,487571,5221520,3,3,47.14706359,-123.1639348,8/17/2016,8/31/2016,14,14,14,NA,NA,NA,NA,NA,NA,NA,NA,NA,NA,NA,NA,NA,NA,NA,NA,0,NA,0,0,0,NA,0,0,NA,NA,290.8903962,0.472870873,0.076906634,0.398321749
136_568,136,NA,NA,2,1,1,2015,2,434182,5245973,1,1,47.36390337,-123.8716737,9/19/2015,10/3/2015,14,14,14,NA,NA,NA,NA,NA,NA,NA,NA,NA,NA,NA,NA,NA,NA,NA,NA,0,NA,0,0,0,NA,0,0,NA,NA,435.2267635,1.480629932,0.076906634,0.398321749
136_568,136,NA,NA,2,1,2,2015,2,434182,5245973,1,2,47.36390337,-123.8716737,10/3/2015,10/17/2015,14,14,14,NA,NA,NA,NA,NA,NA,NA,NA,NA,NA,NA,NA,NA,NA,NA,NA,0,NA,0,0,0,NA,0,0,NA,NA,78.13337769,-1.012602379,0.076906634,0.398321749
136_568,136,NA,NA,2,1,3,2015,2,434182,5245973,1,3,47.36390337,-123.8716737,10/17/2015,10/31/2015,14,14,14,NA,NA,NA,NA,NA,NA,NA,NA,NA,NA,NA,NA,NA,NA,NA,NA,0,NA,0,0,0,NA,0,0,NA,NA,447.2995883,1.564922608,0.076906634,0.398321749
136_569,136,NA,NA,2,1,1,2015,2,435540,5246624,2,1,47.36989589,-123.8537854,9/19/2015,10/3/2015,14,14,14,NA,NA,NA,NA,NA,NA,NA,NA,NA,NA,NA,NA,NA,NA,NA,NA,0,NA,0,0,0,NA,0,0,NA,NA,435.2265116,1.480628173,0.076906634,0.398321749
136_569,136,NA,NA,2,1,2,2015,2,435540,5246624,2,2,47.36989589,-123.8537854,10/3/2015,10/17/2015,14,14,12,NA,NA,NA,NA,NA,NA,NA,NA,NA,NA,NA,NA,NA,NA,NA,NA,0,NA,0,0,1,NA,0,1,NA,NA,78.13869329,-1.012565266,0.076906634,-0.0955243
136_569,136,NA,NA,2,1,3,2015,2,435540,5246624,2,3,47.36989589,-123.8537854,10/17/2015,10/31/2015,14,14,14,NA,NA,NA,NA,NA,NA,NA,NA,NA,NA,NA,NA,NA,NA,NA,NA,0,NA,0,0,0,NA,0,0,NA,NA,447.3081945,1.564982696,0.076906634,0.398321749
136_567,136,NA,NA,2,1,1,2015,2,437744,5245657,3,1,47.36140925,-123.8244605,9/19/2015,10/3/2015,14,14,14,NA,NA,NA,NA,NA,NA,NA,NA,NA,NA,NA,NA,NA,NA,NA,NA,0,NA,0,1,0,NA,0,1,NA,NA,435.2257085,1.480622566,0.076906634,0.398321749
136_567,136,NA,NA,2,1,2,2015,2,437744,5245657,3,2,47.36140925,-123.8244605,10/3/2015,10/17/2015,14,14,14,NA,NA,NA,NA,NA,NA,NA,NA,NA,NA,NA,NA,NA,NA,NA,NA,1,NA,0,1,0,NA,0,1,NA,NA,78.13523373,-1.01258942,0.076906634,0.398321749
136_567,136,NA,NA,2,1,3,2015,2,437744,5245657,3,3,47.36140925,-123.8244605,10/17/2015,10/31/2015,14,14,14,NA,NA,NA,NA,NA,NA,NA,NA,NA,NA,NA,NA,NA,NA,NA,NA,0,NA,0,1,0,NA,0,1,NA,NA,447.2896615,1.564853299,0.076906634,0.398321749
138_571,138,NA,NA,2,1,1,2015,2,456333,5247233,1,1,47.37709593,-123.5784558,9/20/2015,10/5/2015,15,15,15,NA,NA,NA,NA,NA,NA,NA,NA,NA,NA,NA,NA,NA,NA,NA,NA,1,NA,0,1,0,NA,0,1,NA,NA,443.219565,1.536435813,0.416650783,0.645244774
138_571,138,NA,NA,2,1,2,2015,2,456333,5247233,1,2,47.37709593,-123.5784558,10/5/2015,10/19/2015,14,14,14,NA,NA,NA,NA,NA,NA,NA,NA,NA,NA,NA,NA,NA,NA,NA,NA,0,NA,0,1,0,NA,0,1,NA,NA,40.14687294,-1.277824825,0.076906634,0.398321749
138_571,138,NA,NA,2,1,3,2015,2,456333,5247233,1,3,47.37709593,-123.5784558,10/19/2015,11/2/2015,14,14,12,NA,NA,NA,NA,NA,NA,NA,NA,NA,NA,NA,NA,NA,NA,NA,NA,0,NA,0,1,0,NA,0,1,NA,NA,507.5693618,1.985727228,0.076906634,-0.0955243
138_564,138,NA,NA,2,1,1,2015,2,453164,5244371,3,1,47.35112511,-123.6201312,9/20/2015,10/5/2015,15,15,15,NA,NA,NA,NA,NA,NA,NA,NA,NA,NA,NA,NA,NA,NA,NA,NA,1,NA,0,1,0,NA,0,1,NA,NA,443.2033119,1.536322334,0.416650783,0.645244774
138_564,138,NA,NA,2,1,2,2015,2,453164,5244371,3,2,47.35112511,-123.6201312,10/5/2015,10/19/2015,14,14,14,NA,NA,NA,NA,NA,NA,NA,NA,NA,NA,NA,NA,NA,NA,NA,NA,1,NA,0,0,0,NA,0,0,NA,NA,40.13938648,-1.277877095,0.076906634,0.398321749
138_564,138,NA,NA,2,1,3,2015,2,453164,5244371,3,3,47.35112511,-123.6201312,10/19/2015,11/2/2015,14,14,14,NA,NA,NA,NA,NA,NA,NA,NA,NA,NA,NA,NA,NA,NA,NA,NA,0,NA,0,0,0,NA,0,0,NA,NA,507.5071715,1.985293014,0.076906634,0.398321749
139_565,139,NA,NA,2,1,1,2015,2,463040,5244833,3,1,47.35591498,-123.4894122,9/19/2015,10/5/2015,16,16,16,NA,NA,NA,NA,NA,NA,NA,NA,NA,NA,NA,NA,NA,NA,NA,NA,0,NA,0,0,0,NA,0,0,NA,NA,419.2646444,1.369182135,0.756394932,0.892167799
139_565,139,NA,NA,2,1,2,2015,2,463040,5244833,3,2,47.35591498,-123.4894122,10/5/2015,10/19/2015,14,14,14,NA,NA,NA,NA,NA,NA,NA,NA,NA,NA,NA,NA,NA,NA,NA,NA,0,NA,0,0,0,NA,0,0,NA,NA,40.14505149,-1.277837542,0.076906634,0.398321749
139_565,139,NA,NA,2,1,3,2015,2,463040,5244833,3,3,47.35591498,-123.4894122,10/19/2015,11/2/2015,14,14,4,NA,NA,NA,NA,NA,NA,NA,NA,NA,NA,NA,NA,NA,NA,NA,NA,0,NA,0,1,0,NA,0,1,NA,NA,507.5094765,1.985309108,0.076906634,-2.070908499
169_573,169,NA,NA,2,1,1,2015,2,449879,5251441,1,1,47.41449426,-123.664422,9/19/2015,10/4/2015,15,15,15,NA,NA,NA,NA,NA,NA,NA,NA,NA,NA,NA,NA,NA,NA,NA,NA,0,NA,0,1,0,NA,0,1,NA,NA,429.5756166,1.441173525,0.416650783,0.645244774
169_573,169,NA,NA,2,2,1,2015,2,449879,5251551,1,2,47.41548398,-123.6644345,10/4/2015,10/18/2015,14,14,2,NA,NA,NA,NA,NA,NA,NA,NA,NA,NA,NA,NA,NA,NA,NA,NA,0,NA,0,1,0,NA,1,1,NA,NA,55.15081259,-1.173067054,0.076906634,-2.564754549
169_573,169,NA,NA,2,2,2,2015,2,449879,5251551,1,3,47.41548398,-123.6644345,10/18/2015,11/1/2015,14,14,6,NA,NA,NA,NA,NA,NA,NA,NA,NA,NA,NA,NA,NA,NA,NA,NA,1,NA,0,1,0,NA,1,1,NA,NA,481.9445879,1.806814605,0.076906634,-1.57706245
169_578,169,NA,NA,2,1,1,2015,2,451014,5253453,2,1,47.43268347,-123.6495998,9/19/2015,10/4/2015,15,15,15,NA,NA,NA,NA,NA,NA,NA,NA,NA,NA,NA,NA,NA,NA,NA,NA,0,NA,0,0,0,NA,0,0,NA,NA,429.5826802,1.441222843,0.416650783,0.645244774
169_578,169,NA,NA,2,1,2,2015,2,451014,5253453,2,2,47.43268347,-123.6495998,10/4/2015,10/18/2015,14,14,14,NA,NA,NA,NA,NA,NA,NA,NA,NA,NA,NA,NA,NA,NA,NA,NA,0,NA,0,1,0,NA,0,1,NA,NA,55.15932928,-1.17300759,0.076906634,0.398321749
169_578,169,NA,NA,2,1,3,2015,2,451014,5253453,2,3,47.43268347,-123.6495998,10/18/2015,11/1/2015,14,14,9,NA,NA,NA,NA,NA,NA,NA,NA,NA,NA,NA,NA,NA,NA,NA,NA,0,NA,0,1,0,NA,0,1,NA,NA,481.9778878,1.807047106,0.076906634,-0.836293375
169_574,169,NA,NA,2,1,1,2015,2,451407,5251801,3,1,47.41784897,-123.6442072,9/19/2015,10/4/2015,15,15,12,NA,NA,NA,NA,NA,NA,NA,NA,NA,NA,NA,NA,NA,NA,NA,NA,0,NA,0,1,0,NA,0,1,NA,NA,429.5740078,1.441162292,0.416650783,-0.0955243
169_574,169,NA,NA,2,1,2,2015,2,451407,5251801,3,2,47.41784897,-123.6442072,10/4/2015,10/18/2015,14,14,8,NA,NA,NA,NA,NA,NA,NA,NA,NA,NA,NA,NA,NA,NA,NA,NA,0,NA,0,1,0,NA,0,1,NA,NA,55.15183194,-1.173059937,0.076906634,-1.0832164
169_574,169,NA,NA,2,1,3,2015,2,451407,5251801,3,3,47.41784897,-123.6442072,10/18/2015,11/1/2015,14,14,5,NA,NA,NA,NA,NA,NA,NA,NA,NA,NA,NA,NA,NA,NA,NA,NA,0,NA,0,1,0,NA,0,1,NA,NA,481.9455682,1.80682145,0.076906634,-1.823985474
171_575,171,NA,NA,2,1,1,2015,2,467396,5251819,1,1,47.41900604,-123.4322468,9/21/2015,10/6/2015,15,15,15,NA,NA,NA,NA,NA,NA,NA,NA,NA,NA,NA,NA,NA,NA,NA,NA,0,NA,0,0,0,NA,0,0,NA,NA,449.249284,1.578535417,0.416650783,0.645244774
171_575,171,NA,NA,2,1,2,2015,2,467396,5251819,1,2,47.41900604,-123.4322468,10/6/2015,10/20/2015,14,14,14,NA,NA,NA,NA,NA,NA,NA,NA,NA,NA,NA,NA,NA,NA,NA,NA,0,NA,0,0,0,NA,0,0,NA,NA,33.61559999,-1.323426288,0.076906634,0.398321749
171_575,171,NA,NA,2,1,3,2015,2,467396,5251819,1,3,47.41900604,-123.4322468,10/20/2015,11/3/2015,14,14,14,NA,NA,NA,NA,NA,NA,NA,NA,NA,NA,NA,NA,NA,NA,NA,NA,0,NA,0,0,0,NA,0,0,NA,NA,523.7997584,2.099048143,0.076906634,0.398321749
171_582,171,NA,NA,2,1,1,2015,2,468232,5254360,3,1,47.44191081,-123.4213463,9/21/2015,10/6/2015,15,15,15,NA,NA,NA,NA,NA,NA,NA,NA,NA,NA,NA,NA,NA,NA,NA,NA,0,NA,0,0,0,NA,0,0,NA,NA,449.2669113,1.578658491,0.416650783,0.645244774
171_582,171,NA,NA,2,1,2,2015,2,468232,5254360,3,2,47.44191081,-123.4213463,10/6/2015,10/20/2015,14,14,14,NA,NA,NA,NA,NA,NA,NA,NA,NA,NA,NA,NA,NA,NA,NA,NA,0,NA,1,0,0,NA,0,0,NA,NA,33.618535,-1.323405795,0.076906634,0.398321749
171_582,171,NA,NA,2,1,3,2015,2,468232,5254360,3,3,47.44191081,-123.4213463,10/20/2015,11/3/2015,14,14,14,NA,NA,NA,NA,NA,NA,NA,NA,NA,NA,NA,NA,NA,NA,NA,NA,1,NA,0,0,0,NA,0,0,NA,NA,523.861388,2.099478442,0.076906634,0.398321749
172_577,172,NA,NA,2,1,1,2015,2,476149,5252256,1,1,47.42331693,-123.3162298,9/21/2015,10/6/2015,15,15,15,NA,NA,NA,NA,NA,NA,NA,NA,NA,NA,NA,NA,NA,NA,NA,NA,0,NA,0,0,0,NA,0,0,NA,NA,449.2572158,1.578590797,0.416650783,0.645244774
172_577,172,NA,NA,2,1,2,2015,2,476149,5252256,1,2,47.42331693,-123.3162298,10/6/2015,10/20/2015,14,14,8,NA,NA,NA,NA,NA,NA,NA,NA,NA,NA,NA,NA,NA,NA,NA,NA,0,NA,0,0,0,NA,0,0,NA,NA,33.6167286,-1.323418408,0.076906634,-1.0832164
172_577,172,NA,NA,2,1,3,2015,2,476149,5252256,1,3,47.42331693,-123.3162298,10/20/2015,11/3/2015,14,14,14,NA,NA,NA,NA,NA,NA,NA,NA,NA,NA,NA,NA,NA,NA,NA,NA,1,NA,0,0,0,NA,0,0,NA,NA,523.8003842,2.099052512,0.076906634,0.398321749
172_580,172,NA,NA,2,1,1,2015,2,476626,5253783,2,1,47.43707408,-123.3099863,9/21/2015,10/6/2015,15,15,15,NA,NA,NA,NA,NA,NA,NA,NA,NA,NA,NA,NA,NA,NA,NA,NA,0,NA,0,1,0,NA,0,1,NA,NA,449.2671127,1.578659898,0.416650783,0.645244774
172_580,172,NA,NA,2,1,2,2015,2,476626,5253783,2,2,47.43707408,-123.3099863,10/6/2015,10/20/2015,14,14,14,NA,NA,NA,NA,NA,NA,NA,NA,NA,NA,NA,NA,NA,NA,NA,NA,1,NA,0,1,0,NA,0,1,NA,NA,33.61886703,-1.323403477,0.076906634,0.398321749
172_580,172,NA,NA,2,1,3,2015,2,476626,5253783,2,3,47.43707408,-123.3099863,10/20/2015,11/3/2015,14,14,14,NA,NA,NA,NA,NA,NA,NA,NA,NA,NA,NA,NA,NA,NA,NA,NA,0,NA,0,1,0,NA,0,1,NA,NA,523.8379668,2.099314915,0.076906634,0.398321749
172_576,172,NA,NA,2,1,1,2015,2,479276,5252150,3,1,47.42247,-123.2747659,9/21/2015,10/6/2015,15,15,15,NA,NA,NA,NA,NA,NA,NA,NA,NA,NA,NA,NA,NA,NA,NA,NA,0,NA,0,0,0,NA,0,0,NA,NA,449.2582264,1.578597853,0.416650783,0.645244774
172_576,172,NA,NA,2,1,2,2015,2,479276,5252150,3,2,47.42247,-123.2747659,10/6/2015,10/20/2015,14,14,14,NA,NA,NA,NA,NA,NA,NA,NA,NA,NA,NA,NA,NA,NA,NA,NA,0,NA,0,0,0,NA,0,0,NA,NA,33.61770761,-1.323411572,0.076906634,0.398321749
172_576,172,NA,NA,2,1,3,2015,2,479276,5252150,3,3,47.42247,-123.2747659,10/20/2015,11/3/2015,14,14,14,NA,NA,NA,NA,NA,NA,NA,NA,NA,NA,NA,NA,NA,NA,NA,NA,0,NA,1,0,0,NA,0,0,NA,NA,523.7959399,2.099021482,0.076906634,0.398321749
173_579,173,NA,NA,2,1,1,2015,2,487143,5253578,1,1,47.43552174,-123.1705046,9/19/2015,10/2/2015,13,13,13,NA,NA,NA,NA,NA,NA,NA,NA,NA,NA,NA,NA,NA,NA,NA,NA,0,NA,0,0,0,NA,0,0,NA,NA,434.890607,1.478282882,-0.262837516,0.151398724
173_579,173,NA,NA,2,1,2,2015,2,487143,5253578,1,2,47.43552174,-123.1705046,10/2/2015,10/16/2015,14,14,14,NA,NA,NA,NA,NA,NA,NA,NA,NA,NA,NA,NA,NA,NA,NA,NA,0,NA,0,0,0,NA,0,0,NA,NA,108.7805482,-0.798623295,0.076906634,0.398321749
173_579,173,NA,NA,2,1,3,2015,2,487143,5253578,1,3,47.43552174,-123.1705046,10/16/2015,10/30/2015,14,14,14,NA,NA,NA,NA,NA,NA,NA,NA,NA,NA,NA,NA,NA,NA,NA,NA,0,NA,0,1,0,NA,0,1,NA,NA,404.9921569,1.269531376,0.076906634,0.398321749
173_584,173,NA,NA,2,1,1,2015,2,487873,5256268,2,1,47.45974041,-123.1608975,9/19/2015,10/2/2015,13,13,13,NA,NA,NA,NA,NA,NA,NA,NA,NA,NA,NA,NA,NA,NA,NA,NA,1,NA,0,1,0,NA,0,1,NA,NA,434.8932184,1.478301114,-0.262837516,0.151398724
173_584,173,NA,NA,2,1,2,2015,2,487873,5256268,2,2,47.45974041,-123.1608975,10/2/2015,10/16/2015,14,14,14,NA,NA,NA,NA,NA,NA,NA,NA,NA,NA,NA,NA,NA,NA,NA,NA,0,NA,0,1,0,NA,0,1,NA,NA,108.8038236,-0.798460786,0.076906634,0.398321749
173_584,173,NA,NA,2,1,3,2015,2,487873,5256268,2,3,47.45974041,-123.1608975,10/16/2015,10/30/2015,14,14,14,NA,NA,NA,NA,NA,NA,NA,NA,NA,NA,NA,NA,NA,NA,NA,NA,0,NA,0,1,0,NA,0,1,NA,NA,405.0274266,1.26977763,0.076906634,0.398321749
173_583,173,NA,NA,2,1,1,2015,2,485843,5255446,3,1,47.4523031,-123.1878044,9/19/2015,10/2/2015,13,13,13,NA,NA,NA,NA,NA,NA,NA,NA,NA,NA,NA,NA,NA,NA,NA,NA,0,NA,0,0,0,NA,0,0,NA,NA,434.892133,1.478293536,-0.262837516,0.151398724
173_583,173,NA,NA,2,1,2,2015,2,485843,5255446,3,2,47.4523031,-123.1878044,10/2/2015,10/16/2015,14,14,14,NA,NA,NA,NA,NA,NA,NA,NA,NA,NA,NA,NA,NA,NA,NA,NA,0,NA,0,0,0,NA,0,0,NA,NA,108.7944627,-0.798526144,0.076906634,0.398321749
173_583,173,NA,NA,2,1,3,2015,2,485843,5255446,3,3,47.4523031,-123.1878044,10/16/2015,10/30/2015,14,14,14,NA,NA,NA,NA,NA,NA,NA,NA,NA,NA,NA,NA,NA,NA,NA,NA,0,NA,0,0,0,NA,0,0,NA,NA,405.0160805,1.269698411,0.076906634,0.398321749
206_586,206,NA,NA,2,1,1,2015,2,492081,5262376,3,1,47.51476482,-123.1051767,9/18/2015,10/2/2015,14,14,14,NA,NA,NA,NA,NA,NA,NA,NA,NA,NA,NA,NA,NA,NA,NA,NA,0,NA,0,0,0,NA,0,0,NA,NA,406.1987746,1.277956002,0.076906634,0.398321749
206_586,206,NA,NA,2,1,2,2015,2,492081,5262376,3,2,47.51476482,-123.1051767,10/2/2015,10/16/2015,14,14,14,NA,NA,NA,NA,NA,NA,NA,NA,NA,NA,NA,NA,NA,NA,NA,NA,0,NA,0,0,0,NA,0,0,NA,NA,108.8576912,-0.798084681,0.076906634,0.398321749
206_586,206,NA,NA,2,1,3,2015,2,492081,5262376,3,3,47.51476482,-123.1051767,10/16/2015,10/30/2015,14,14,14,NA,NA,NA,NA,NA,NA,NA,NA,NA,NA,NA,NA,NA,NA,NA,NA,0,NA,0,0,0,NA,0,0,NA,NA,405.1060599,1.270326649,0.076906634,0.398321749
234_594,234,NA,NA,2,1,1,2015,2,422178,5268710,1,1,47.56713925,-124.0346331,5/28/2015,6/12/2015,15,15,15,NA,NA,NA,NA,NA,NA,NA,NA,NA,NA,NA,NA,NA,NA,NA,NA,0,NA,0,0,0,NA,0,0,NA,NA,297.2624084,0.517360374,0.416650783,0.645244774
234_594,234,NA,NA,2,1,2,2015,2,422178,5268710,1,2,47.56713925,-124.0346331,6/12/2015,6/26/2015,14,14,14,NA,NA,NA,NA,NA,NA,NA,NA,NA,NA,NA,NA,NA,NA,NA,NA,0,NA,0,0,0,NA,0,0,NA,NA,37.36744143,-1.297230865,0.076906634,0.398321749
234_594,234,NA,NA,2,1,3,2015,2,422178,5268710,1,3,47.56713925,-124.0346331,6/26/2015,7/10/2015,14,14,14,NA,NA,NA,NA,NA,NA,NA,NA,NA,NA,NA,NA,NA,NA,NA,NA,0,NA,0,1,0,NA,0,1,NA,NA,319.0275418,0.669324919,0.076906634,0.398321749
234_596,234,NA,NA,2,1,1,2015,2,421669,5270463,2,1,47.58284865,-124.0417118,5/28/2015,6/12/2015,15,15,15,NA,NA,NA,NA,NA,NA,NA,NA,NA,NA,NA,NA,NA,NA,NA,NA,0,NA,0,0,0,NA,0,0,NA,NA,297.1845228,0.516816575,0.416650783,0.645244774
234_596,234,NA,NA,2,1,2,2015,2,421669,5270463,2,2,47.58284865,-124.0417118,6/12/2015,6/26/2015,14,14,14,NA,NA,NA,NA,NA,NA,NA,NA,NA,NA,NA,NA,NA,NA,NA,NA,0,NA,0,0,0,NA,0,0,NA,NA,37.35572205,-1.297312689,0.076906634,0.398321749
234_596,234,NA,NA,2,1,3,2015,2,421669,5270463,2,3,47.58284865,-124.0417118,6/26/2015,7/10/2015,14,14,14,NA,NA,NA,NA,NA,NA,NA,NA,NA,NA,NA,NA,NA,NA,NA,NA,0,NA,0,0,0,NA,0,0,NA,NA,318.9508142,0.668789205,0.076906634,0.398321749
239_592,239,NA,NA,2,1,1,2015,2,470145,5267659,1,1,47.5616624,-123.3968752,7/23/2015,8/8/2015,16,16,16,NA,NA,NA,NA,NA,NA,NA,NA,NA,NA,NA,NA,NA,NA,NA,NA,0,NA,0,0,0,NA,0,0,NA,NA,323.7235812,0.702112749,0.756394932,0.892167799
239_592,239,NA,NA,2,1,2,2015,2,470145,5267659,1,2,47.5616624,-123.3968752,8/6/2015,8/22/2015,16,16,16,NA,NA,NA,NA,NA,NA,NA,NA,NA,NA,NA,NA,NA,NA,NA,NA,0,NA,0,0,0,NA,0,0,NA,NA,47.18523673,-1.228682845,0.756394932,0.892167799
239_592,239,NA,NA,2,1,3,2015,2,470145,5267659,1,3,47.5616624,-123.3968752,8/22/2015,9/5/2015,14,14,14,NA,NA,NA,NA,NA,NA,NA,NA,NA,NA,NA,NA,NA,NA,NA,NA,0,NA,0,0,0,NA,0,0,NA,NA,401.8674109,1.247714345,0.076906634,0.398321749
239_591,239,NA,NA,2,1,1,2015,2,469163,5267628,2,1,47.56133757,-123.4099269,7/23/2015,8/8/2015,16,16,16,NA,NA,NA,NA,NA,NA,NA,NA,NA,NA,NA,NA,NA,NA,NA,NA,0,NA,0,0,0,NA,0,0,NA,NA,323.7238806,0.702114839,0.756394932,0.892167799
239_591,239,NA,NA,2,1,2,2015,2,469163,5267628,2,2,47.56133757,-123.4099269,8/6/2015,8/22/2015,16,16,16,NA,NA,NA,NA,NA,NA,NA,NA,NA,NA,NA,NA,NA,NA,NA,NA,0,NA,0,0,0,NA,0,0,NA,NA,47.18516856,-1.228683321,0.756394932,0.892167799
239_591,239,NA,NA,2,1,3,2015,2,469163,5267628,2,3,47.56133757,-123.4099269,8/22/2015,9/5/2015,14,14,14,NA,NA,NA,NA,NA,NA,NA,NA,NA,NA,NA,NA,NA,NA,NA,NA,0,NA,0,0,0,NA,0,0,NA,NA,401.8702027,1.247733837,0.076906634,0.398321749
239_590,239,NA,NA,2,1,1,2015,2,467660,5267451,3,1,47.55967184,-123.4298932,7/23/2015,8/8/2015,16,16,16,NA,NA,NA,NA,NA,NA,NA,NA,NA,NA,NA,NA,NA,NA,NA,NA,0,NA,0,0,0,NA,0,0,NA,NA,323.728775,0.702149012,0.756394932,0.892167799
239_590,239,NA,NA,2,1,2,2015,2,467660,5267451,3,2,47.55967184,-123.4298932,8/6/2015,8/22/2015,16,16,16,NA,NA,NA,NA,NA,NA,NA,NA,NA,NA,NA,NA,NA,NA,NA,NA,0,NA,0,0,0,NA,0,0,NA,NA,47.18548337,-1.228681123,0.756394932,0.892167799
239_590,239,NA,NA,2,1,3,2015,2,467660,5267451,3,3,47.55967184,-123.4298932,8/22/2015,9/5/2015,14,14,14,NA,NA,NA,NA,NA,NA,NA,NA,NA,NA,NA,NA,NA,NA,NA,NA,0,NA,0,0,0,NA,0,0,NA,NA,401.8744585,1.247763551,0.076906634,0.398321749
240_593,240,NA,NA,2,1,1,2015,2,478549,5268136,3,1,47.56628649,-123.2851823,7/22/2015,8/6/2015,15,15,15,NA,NA,NA,NA,NA,NA,NA,NA,NA,NA,NA,NA,NA,NA,NA,NA,0,NA,0,0,0,NA,0,0,NA,NA,323.2572253,0.698856644,0.416650783,0.645244774
240_593,240,NA,NA,2,1,2,2015,2,478549,5268136,3,2,47.56628649,-123.2851823,8/6/2015,8/20/2015,14,14,14,NA,NA,NA,NA,NA,NA,NA,NA,NA,NA,NA,NA,NA,NA,NA,NA,0,NA,0,0,0,NA,0,0,NA,NA,46.18411763,-1.235672676,0.076906634,0.398321749
240_593,240,NA,NA,2,1,3,2015,2,478549,5268136,3,3,47.56628649,-123.2851823,8/20/2015,9/3/2015,14,14,14,NA,NA,NA,NA,NA,NA,NA,NA,NA,NA,NA,NA,NA,NA,NA,NA,0,NA,0,0,0,NA,0,0,NA,NA,362.9380832,0.975909093,0.076906634,0.398321749
242_599,242,NA,NA,2,1,1,2015,2,497218,5271630,2,1,47.59807352,-123.0370079,9/17/2015,10/1/2015,14,14,14,NA,NA,NA,NA,NA,NA,NA,NA,NA,NA,NA,NA,NA,NA,NA,NA,0,NA,0,0,0,NA,0,0,NA,NA,369.8120226,1.023903059,0.076906634,0.398321749
242_599,242,NA,NA,2,1,2,2015,2,497218,5271630,2,2,47.59807352,-123.0370079,10/1/2015,10/15/2015,14,14,14,NA,NA,NA,NA,NA,NA,NA,NA,NA,NA,NA,NA,NA,NA,NA,NA,0,NA,0,0,0,NA,0,0,NA,NA,146.2198979,-0.537221096,0.076906634,0.398321749
242_599,242,NA,NA,2,1,3,2015,2,497218,5271630,2,3,47.59807352,-123.0370079,10/15/2015,10/29/2015,14,14,3,NA,NA,NA,NA,NA,NA,NA,NA,NA,NA,NA,NA,NA,NA,NA,NA,0,NA,0,0,0,NA,0,0,NA,NA,356.2629074,0.929302898,0.076906634,-2.317831524
269_602,269,NA,NA,2,1,1,2015,2,410139,5277839,1,1,47.64770704,-124.1965282,5/26/2015,6/10/2015,15,15,1,NA,NA,NA,NA,NA,NA,NA,NA,NA,NA,NA,NA,NA,NA,NA,NA,0,NA,0,0,0,NA,0,0,NA,NA,315.725865,0.646272553,0.416650783,-2.811677574
269_602,269,NA,NA,2,1,2,2015,2,410139,5277839,1,2,47.64770704,-124.1965282,6/10/2015,6/24/2015,14,14,14,NA,NA,NA,NA,NA,NA,NA,NA,NA,NA,NA,NA,NA,NA,NA,NA,0,NA,0,0,0,NA,0,0,NA,NA,26.37214977,-1.374000185,0.076906634,0.398321749
269_602,269,NA,NA,2,1,3,2015,2,410139,5277839,1,3,47.64770704,-124.1965282,6/23/2015,7/8/2015,15,15,4,NA,NA,NA,NA,NA,NA,NA,NA,NA,NA,NA,NA,NA,NA,NA,NA,0,NA,0,0,0,NA,0,0,NA,NA,303.1539287,0.558495073,0.416650783,-2.070908499
279_603,279,NA,NA,2,1,1,2015,2,501864,5278802,2,1,47.6626088,-122.9751733,9/22/2015,10/7/2015,15,15,15,NA,NA,NA,NA,NA,NA,NA,NA,NA,NA,NA,NA,NA,NA,NA,NA,0,NA,0,0,0,NA,0,0,NA,NA,447.68084,1.567584514,0.416650783,0.645244774
279_603,279,NA,NA,2,1,2,2015,2,501864,5278802,2,2,47.6626088,-122.9751733,10/7/2015,10/21/2015,14,14,14,NA,NA,NA,NA,NA,NA,NA,NA,NA,NA,NA,NA,NA,NA,NA,NA,0,NA,0,0,0,NA,0,0,NA,NA,35.87424636,-1.307656379,0.076906634,0.398321749
279_603,279,NA,NA,2,1,3,2015,2,501864,5278802,2,3,47.6626088,-122.9751733,10/21/2015,11/4/2015,14,14,14,NA,NA,NA,NA,NA,NA,NA,NA,NA,NA,NA,NA,NA,NA,NA,NA,0,NA,0,0,0,NA,0,0,NA,NA,530.4024844,2.145148492,0.076906634,0.398321749
279_559,279,NA,NA,2,1,1,2015,2,499644,5279982,3,1,47.67322869,-123.0047425,9/22/2015,10/7/2015,15,15,15,NA,NA,NA,NA,NA,NA,NA,NA,NA,NA,NA,NA,NA,NA,NA,NA,0,NA,0,0,0,NA,0,0,NA,NA,447.6910809,1.567656016,0.416650783,0.645244774
279_559,279,NA,NA,2,1,2,2015,2,499644,5279982,3,2,47.67322869,-123.0047425,10/7/2015,10/21/2015,14,14,14,NA,NA,NA,NA,NA,NA,NA,NA,NA,NA,NA,NA,NA,NA,NA,NA,0,NA,0,0,0,NA,0,0,NA,NA,35.87426325,-1.307656261,0.076906634,0.398321749
279_559,279,NA,NA,2,1,3,2015,2,499644,5279982,3,3,47.67322869,-123.0047425,10/21/2015,11/4/2015,14,14,14,NA,NA,NA,NA,NA,NA,NA,NA,NA,NA,NA,NA,NA,NA,NA,NA,0,NA,0,0,0,NA,0,0,NA,NA,530.4411242,2.145418276,0.076906634,0.398321749
309_611,309,NA,NA,2,1,1,2015,2,395788,5286796,1,1,47.72612388,-124.3897014,5/26/2015,6/10/2015,15,15,9,NA,NA,NA,NA,NA,NA,NA,NA,NA,NA,NA,NA,NA,NA,NA,NA,0,NA,0,0,0,NA,0,0,NA,NA,315.3240034,0.643466749,0.416650783,-0.836293375
309_607,309,NA,NA,2,1,1,2015,2,394091,5284599,2,1,47.70608586,-124.4117904,5/26/2015,6/10/2015,15,15,13,NA,NA,NA,NA,NA,NA,NA,NA,NA,NA,NA,NA,NA,NA,NA,NA,0,NA,0,0,0,NA,0,0,NA,NA,315.4275224,0.64418952,0.416650783,0.151398724
309_607,309,NA,NA,2,1,2,2015,2,394091,5284599,2,2,47.70608586,-124.4117904,6/10/2015,6/24/2015,14,14,6,NA,NA,NA,NA,NA,NA,NA,NA,NA,NA,NA,NA,NA,NA,NA,NA,0,NA,0,0,0,NA,0,0,NA,NA,26.33821467,-1.37423712,0.076906634,-1.57706245
309_607,309,NA,NA,2,1,3,2015,2,394091,5284599,2,3,47.70608586,-124.4117904,6/24/2015,7/8/2015,14,14,9,NA,NA,NA,NA,NA,NA,NA,NA,NA,NA,NA,NA,NA,NA,NA,NA,0,NA,1,0,0,NA,0,0,NA,NA,318.3891771,0.664867845,0.076906634,-0.836293375
309_606,309,NA,NA,2,1,1,2015,2,394255,5283314,3,1,47.69455424,-124.4092933,5/26/2015,6/10/2015,15,15,5,NA,NA,NA,NA,NA,NA,NA,NA,NA,NA,NA,NA,NA,NA,NA,NA,0,NA,0,0,0,NA,0,0,NA,NA,315.4863144,0.644600007,0.416650783,-1.823985474
309_606,309,NA,NA,2,1,2,2015,2,394255,5283314,3,2,47.69455424,-124.4092933,6/10/2015,6/24/2015,14,14,4,NA,NA,NA,NA,NA,NA,NA,NA,NA,NA,NA,NA,NA,NA,NA,NA,0,NA,0,0,0,NA,0,0,NA,NA,26.34346716,-1.374200447,0.076906634,-2.070908499
309_606,309,NA,NA,2,1,3,2015,2,394255,5283314,3,3,47.69455424,-124.4092933,6/24/2015,7/8/2015,14,14,14,NA,NA,NA,NA,NA,NA,NA,NA,NA,NA,NA,NA,NA,NA,NA,NA,0,NA,0,0,0,NA,0,0,NA,NA,318.4472656,0.66527342,0.076906634,0.398321749
312_614,312,NA,NA,2,1,1,2015,2,424264,5287436,3,1,47.73585151,-124.0101483,5/27/2015,6/11/2015,15,15,8,NA,NA,NA,NA,NA,NA,NA,NA,NA,NA,NA,NA,NA,NA,NA,NA,0,NA,0,0,0,NA,0,0,NA,NA,308.4425104,0.595420043,0.416650783,-1.0832164
312_614,312,NA,NA,2,1,2,2015,2,424264,5287436,3,2,47.73585151,-124.0101483,6/11/2015,6/25/2015,14,14,14,NA,NA,NA,NA,NA,NA,NA,NA,NA,NA,NA,NA,NA,NA,NA,NA,0,NA,0,0,0,NA,0,0,NA,NA,29.26538713,-1.35379955,0.076906634,0.398321749
312_614,312,NA,NA,2,1,3,2015,2,424264,5287436,3,3,47.73585151,-124.0101483,6/25/2015,7/9/2015,14,14,14,NA,NA,NA,NA,NA,NA,NA,NA,NA,NA,NA,NA,NA,NA,NA,NA,0,NA,0,0,0,NA,0,0,NA,NA,321.3527477,0.685559547,0.076906634,0.398321749
313_608,313,NA,NA,2,1,1,2015,2,431161,5284796,3,1,47.71287363,-123.9177532,5/27/2015,6/11/2015,15,15,15,NA,NA,NA,NA,NA,NA,NA,NA,NA,NA,NA,NA,NA,NA,NA,NA,0,NA,1,0,0,NA,0,0,NA,NA,308.5643881,0.596270995,0.416650783,0.645244774
313_608,313,NA,NA,2,1,2,2015,2,431161,5284796,3,2,47.71287363,-123.9177532,6/11/2015,6/25/2015,14,14,14,NA,NA,NA,NA,NA,NA,NA,NA,NA,NA,NA,NA,NA,NA,NA,NA,0,NA,0,0,0,NA,0,0,NA,NA,29.27874638,-1.353706276,0.076906634,0.398321749
313_608,313,NA,NA,2,1,3,2015,2,431161,5284796,3,3,47.71287363,-123.9177532,6/25/2015,7/9/2015,14,14,14,NA,NA,NA,NA,NA,NA,NA,NA,NA,NA,NA,NA,NA,NA,NA,NA,0,NA,0,0,0,NA,0,0,NA,NA,321.4761695,0.686421281,0.076906634,0.398321749
356_618,356,NA,NA,2,1,1,2015,2,427764,5294693,2,1,47.80153886,-123.9646797,9/20/2015,10/5/2015,15,15,15,NA,NA,NA,NA,NA,NA,NA,NA,NA,NA,NA,NA,NA,NA,NA,NA,0,NA,0,0,0,NA,0,0,NA,NA,443.473553,1.538209162,0.416650783,0.645244774
356_618,356,NA,NA,2,1,2,2015,2,427764,5294693,2,2,47.80153886,-123.9646797,10/5/2015,10/19/2015,14,14,14,NA,NA,NA,NA,NA,NA,NA,NA,NA,NA,NA,NA,NA,NA,NA,NA,0,NA,0,0,0,NA,0,0,NA,NA,40.24733937,-1.277123366,0.076906634,0.398321749
356_618,356,NA,NA,2,1,3,2015,2,427764,5294693,2,3,47.80153886,-123.9646797,10/19/2015,11/2/2015,14,14,14,NA,NA,NA,NA,NA,NA,NA,NA,NA,NA,NA,NA,NA,NA,NA,NA,0,NA,0,0,0,NA,0,0,NA,NA,508.6623413,1.99335843,0.076906634,0.398321749
364_615,364,NA,NA,2,1,1,2015,2,498447,5292778,3,1,47.78836035,-123.0207343,5/31/2015,6/15/2015,15,15,15,NA,NA,NA,NA,NA,NA,NA,NA,NA,NA,NA,NA,NA,NA,NA,NA,0,NA,0,0,0,NA,0,0,NA,NA,232.0233689,0.061860251,0.416650783,0.645244774
364_615,364,NA,NA,2,1,2,2015,2,498447,5292778,3,2,47.78836035,-123.0207343,6/15/2015,6/29/2015,14,14,14,NA,NA,NA,NA,NA,NA,NA,NA,NA,NA,NA,NA,NA,NA,NA,NA,0,NA,0,0,0,NA,0,0,NA,NA,90.20956202,-0.928286248,0.076906634,0.398321749
364_615,364,NA,NA,2,1,3,2015,2,498447,5292778,3,3,47.78836035,-123.0207343,6/29/2015,7/13/2015,14,14,14,NA,NA,NA,NA,NA,NA,NA,NA,NA,NA,NA,NA,NA,NA,NA,NA,0,NA,0,0,0,NA,0,0,NA,NA,271.9503385,0.340631056,0.076906634,0.398321749
400_640,400,NA,NA,2,1,1,2015,2,386297,5303156,1,3,47.87166912,-124.5205113,10/20/2015,11/3/2015,14,14,14,NA,NA,NA,NA,NA,NA,NA,NA,NA,NA,NA,NA,NA,NA,NA,NA,0,NA,0,0,0,NA,1,0,NA,NA,525.1470224,2.108454764,0.076906634,0.398321749
400_637,400,NA,NA,2,1,1,2015,2,387090,5303000,2,1,47.87040594,-124.5098699,9/23/2015,10/6/2015,13,13,13,NA,NA,NA,NA,NA,NA,NA,NA,NA,NA,NA,NA,NA,NA,NA,NA,0,NA,0,0,0,NA,0,0,NA,NA,489.6108723,1.860340738,-0.262837516,0.151398724
400_637,400,NA,NA,2,1,2,2015,2,387090,5303000,2,2,47.87040594,-124.5098699,10/6/2015,10/20/2015,14,14,14,NA,NA,NA,NA,NA,NA,NA,NA,NA,NA,NA,NA,NA,NA,NA,NA,1,NA,0,0,0,NA,0,0,NA,NA,33.64853256,-1.323196352,0.076906634,0.398321749
400_637,400,NA,NA,2,1,3,2015,2,387090,5303000,2,3,47.87040594,-124.5098699,10/20/2015,11/3/2015,14,14,14,NA,NA,NA,NA,NA,NA,NA,NA,NA,NA,NA,NA,NA,NA,NA,NA,0,NA,0,0,0,NA,0,0,NA,NA,525.1397202,2.10840378,0.076906634,0.398321749
401_622,401,NA,NA,2,1,1,2015,2,395195,5299584,1,1,47.8410539,-124.400694,9/22/2015,10/6/2015,14,14,11,NA,NA,NA,NA,NA,NA,NA,NA,NA,NA,NA,NA,NA,NA,NA,NA,0,NA,0,1,0,NA,0,1,NA,NA,470.7246413,1.72847674,0.076906634,-0.342447325
401_622,401,NA,NA,2,1,2,2015,2,395195,5299584,1,2,47.8410539,-124.400694,10/6/2015,10/20/2015,14,14,11,NA,NA,NA,NA,NA,NA,NA,NA,NA,NA,NA,NA,NA,NA,NA,NA,0,NA,1,1,0,NA,0,1,NA,NA,33.64598761,-1.323214121,0.076906634,-0.342447325
401_622,401,NA,NA,2,1,3,2015,2,395195,5299584,1,3,47.8410539,-124.400694,10/20/2015,11/3/2015,14,3,3,NA,NA,NA,NA,NA,NA,NA,NA,NA,NA,NA,NA,NA,NA,NA,NA,0,NA,0,1,0,NA,0,1,NA,NA,525.0492744,2.107772286,-3.660279009,-2.317831524
401_627,401,NA,NA,2,1,1,2015,2,395380,5301682,2,1,47.859955,-124.3987297,9/22/2015,10/6/2015,14,14,1,NA,NA,NA,NA,NA,NA,NA,NA,NA,NA,NA,NA,NA,NA,NA,NA,0,NA,0,0,0,NA,0,0,NA,NA,470.7433668,1.728607482,0.076906634,-2.811677574
401_632,401,NA,NA,2,1,1,2015,2,395206,5302702,3,1,47.86910124,-124.4013026,9/22/2015,10/6/2015,14,0,0,NA,NA,NA,NA,NA,NA,NA,NA,NA,NA,NA,NA,NA,NA,NA,NA,0,NA,0,0,1,NA,0,1,NA,NA,470.7534987,1.728678223,-4.679511457,-3.058600599
401_632,401,NA,NA,2,1,2,2015,2,395206,5302702,3,2,47.86910124,-124.4013026,10/6/2015,10/20/2015,14,14,7,NA,NA,NA,NA,NA,NA,NA,NA,NA,NA,NA,NA,NA,NA,NA,NA,0,NA,0,1,0,NA,0,1,NA,NA,33.64923627,-1.323191438,0.076906634,-1.330139425
401_632,401,NA,NA,2,1,3,2015,2,395206,5302702,3,3,47.86910124,-124.4013026,10/20/2015,11/3/2015,14,14,2,NA,NA,NA,NA,NA,NA,NA,NA,NA,NA,NA,NA,NA,NA,NA,NA,1,NA,0,1,0,NA,0,1,NA,NA,525.12699,2.108314898,0.076906634,-2.564754549
404_621,404,NA,NA,2,1,1,2015,2,423056,5298958,1,1,47.83936134,-124.0283003,5/26/2015,6/10/2015,15,15,15,NA,NA,NA,NA,NA,NA,NA,NA,NA,NA,NA,NA,NA,NA,NA,NA,0,NA,0,0,0,NA,0,0,NA,NA,314.7347307,0.639352436,0.416650783,0.645244774
404_621,404,NA,NA,2,1,2,2015,2,423056,5298958,1,2,47.83936134,-124.0283003,6/10/2015,6/24/2015,14,14,14,NA,NA,NA,NA,NA,NA,NA,NA,NA,NA,NA,NA,NA,NA,NA,NA,0,NA,0,0,0,NA,0,0,NA,NA,26.27030531,-1.374711264,0.076906634,0.398321749
404_621,404,NA,NA,2,1,3,2015,2,423056,5298958,1,3,47.83936134,-124.0283003,6/24/2015,7/8/2015,14,14,14,NA,NA,NA,NA,NA,NA,NA,NA,NA,NA,NA,NA,NA,NA,NA,NA,0,NA,0,0,0,NA,0,0,NA,NA,317.6722681,0.659862374,0.076906634,0.398321749
404_623,404,NA,NA,2,1,1,2015,2,422763,5300191,2,1,47.85041823,-124.0324355,5/26/2015,6/10/2015,15,15,15,NA,NA,NA,NA,NA,NA,NA,NA,NA,NA,NA,NA,NA,NA,NA,NA,0,NA,0,0,0,NA,0,0,NA,NA,314.6798682,0.638969385,0.416650783,0.645244774
404_623,404,NA,NA,2,1,2,2015,2,422763,5300191,2,2,47.85041823,-124.0324355,6/10/2015,6/24/2015,14,14,14,NA,NA,NA,NA,NA,NA,NA,NA,NA,NA,NA,NA,NA,NA,NA,NA,0,NA,0,0,0,NA,0,0,NA,NA,26.26437971,-1.374752637,0.076906634,0.398321749
404_623,404,NA,NA,2,1,3,2015,2,422763,5300191,2,3,47.85041823,-124.0324355,6/24/2015,7/8/2015,14,14,14,NA,NA,NA,NA,NA,NA,NA,NA,NA,NA,NA,NA,NA,NA,NA,NA,0,NA,0,0,0,NA,0,0,NA,NA,317.6134764,0.659451889,0.076906634,0.398321749
406_639,406,NA,NA,2,1,1,2015,2,442463,5303142,1,1,47.87903312,-123.769525,5/27/2015,6/11/2015,15,15,15,NA,NA,NA,NA,NA,NA,NA,NA,NA,NA,NA,NA,NA,NA,NA,NA,0,NA,1,0,0,NA,0,0,NA,NA,307.7125082,0.590323155,0.416650783,0.645244774
406_639,406,NA,NA,2,1,2,2015,2,442463,5303142,1,2,47.87903312,-123.769525,6/10/2015,6/25/2015,15,15,15,NA,NA,NA,NA,NA,NA,NA,NA,NA,NA,NA,NA,NA,NA,NA,NA,0,NA,1,0,0,NA,0,0,NA,NA,32.41170055,-1.331831935,0.416650783,0.645244774
406_639,406,NA,NA,2,1,3,2015,2,442463,5303142,1,3,47.87903312,-123.769525,6/25/2015,7/9/2015,14,14,14,NA,NA,NA,NA,NA,NA,NA,NA,NA,NA,NA,NA,NA,NA,NA,NA,0,NA,1,0,0,NA,0,0,NA,NA,320.596313,0.680278107,0.076906634,0.398321749
406_634,406,NA,NA,2,1,1,2015,2,440942,5302905,2,1,47.87676282,-123.7898332,5/27/2015,6/11/2015,15,15,15,NA,NA,NA,NA,NA,NA,NA,NA,NA,NA,NA,NA,NA,NA,NA,NA,0,NA,1,0,0,NA,0,0,NA,NA,307.7210469,0.590382772,0.416650783,0.645244774
406_634,406,NA,NA,2,1,2,2015,2,440942,5302905,2,2,47.87676282,-123.7898332,6/10/2015,6/25/2015,15,15,15,NA,NA,NA,NA,NA,NA,NA,NA,NA,NA,NA,NA,NA,NA,NA,NA,0,NA,1,0,0,NA,0,0,NA,NA,32.41302772,-1.331822668,0.416650783,0.645244774
406_634,406,NA,NA,2,1,3,2015,2,440942,5302905,2,3,47.87676282,-123.7898332,6/25/2015,7/9/2015,14,14,14,NA,NA,NA,NA,NA,NA,NA,NA,NA,NA,NA,NA,NA,NA,NA,NA,0,NA,1,0,0,NA,0,0,NA,NA,320.6079459,0.680359328,0.076906634,0.398321749
410_636,410,NA,NA,2,1,1,2015,2,476670,5302995,2,1,47.87986519,-123.3120299,7/23/2015,8/6/2015,14,0,0,NA,NA,NA,NA,NA,NA,NA,NA,NA,NA,NA,NA,NA,NA,NA,NA,0,NA,0,0,0,NA,0,0,NA,NA,341.109333,0.823500374,-4.679511457,-3.058600599
410_636,410,NA,NA,2,1,2,2015,2,476670,5302995,2,2,47.87986519,-123.3120299,8/6/2015,8/21/2015,15,15,15,NA,NA,NA,NA,NA,NA,NA,NA,NA,NA,NA,NA,NA,NA,NA,NA,0,NA,0,0,0,NA,0,0,NA,NA,45.80212127,-1.238339781,0.416650783,0.645244774
410_636,410,NA,NA,2,1,3,2015,2,476670,5302995,2,3,47.87986519,-123.3120299,8/21/2015,9/3/2015,13,13,6,NA,NA,NA,NA,NA,NA,NA,NA,NA,NA,NA,NA,NA,NA,NA,NA,0,NA,0,0,0,NA,0,0,NA,NA,387.0246379,1.144081842,-0.262837516,-1.57706245
410_628,410,NA,NA,2,1,1,2015,2,475855,5301911,3,1,47.87008204,-123.3228694,7/23/2015,8/6/2015,14,14,14,NA,NA,NA,NA,NA,NA,NA,NA,NA,NA,NA,NA,NA,NA,NA,NA,0,NA,0,0,0,NA,0,0,NA,NA,341.1499359,0.823783864,0.076906634,0.398321749
410_628,410,NA,NA,2,1,2,2015,2,475855,5301911,3,2,47.87008204,-123.3228694,8/6/2015,8/21/2015,15,15,15,NA,NA,NA,NA,NA,NA,NA,NA,NA,NA,NA,NA,NA,NA,NA,NA,1,NA,0,0,0,NA,0,0,NA,NA,45.80337932,-1.238330998,0.416650783,0.645244774
410_628,410,NA,NA,2,1,3,2015,2,475855,5301911,3,3,47.87008204,-123.3228694,8/20/2015,9/3/2015,14,13,7,NA,NA,NA,NA,NA,NA,NA,NA,NA,NA,NA,NA,NA,NA,NA,NA,0,NA,0,0,0,NA,0,0,NA,NA,362.3144815,0.971555095,-0.262837516,-1.330139425
412_630,412,NA,NA,2,1,1,2015,2,493888,5302041,1,1,47.87167656,-123.0817328,6/1/2015,6/16/2015,15,15,15,NA,NA,NA,NA,NA,NA,NA,NA,NA,NA,NA,NA,NA,NA,NA,NA,0,NA,0,0,0,NA,0,0,NA,NA,202.0387175,-0.147493114,0.416650783,0.645244774
412_630,412,NA,NA,2,1,2,2015,2,493888,5302041,1,2,47.87167656,-123.0817328,6/16/2015,6/30/2015,14,14,14,NA,NA,NA,NA,NA,NA,NA,NA,NA,NA,NA,NA,NA,NA,NA,NA,0,NA,0,0,0,NA,0,0,NA,NA,117.2416276,-0.739547889,0.076906634,0.398321749
412_630,412,NA,NA,2,1,3,2015,2,493888,5302041,1,3,47.87167656,-123.0817328,6/30/2015,7/14/2015,14,14,14,NA,NA,NA,NA,NA,NA,NA,NA,NA,NA,NA,NA,NA,NA,NA,NA,0,NA,0,0,0,NA,0,0,NA,NA,244.7875549,0.150980022,0.076906634,0.398321749
450_647,450,NA,NA,2,1,1,2015,2,381615,5308839,2,1,47.92193544,-124.5846571,8/26/2015,9/9/2015,14,14,14,NA,NA,NA,NA,NA,NA,NA,NA,NA,NA,NA,NA,NA,NA,NA,NA,0,NA,1,1,0,NA,0,1,NA,NA,382.8555981,1.114973533,0.076906634,0.398321749
450_647,450,NA,NA,2,1,2,2015,2,381615,5308839,2,2,47.92193544,-124.5846571,9/9/2015,9/23/2015,14,14,5,NA,NA,NA,NA,NA,NA,NA,NA,NA,NA,NA,NA,NA,NA,NA,NA,0,NA,1,1,0,NA,0,1,NA,NA,45.00971599,-1.243872369,0.076906634,-1.823985474
450_647,450,NA,NA,2,1,3,2015,2,381615,5308839,2,3,47.92193544,-124.5846571,9/23/2015,10/7/2015,14,14,6,NA,NA,NA,NA,NA,NA,NA,NA,NA,NA,NA,NA,NA,NA,NA,NA,0,NA,1,1,0,NA,0,1,NA,NA,463.7485187,1.67976933,0.076906634,-1.57706245
450_642,450,NA,NA,2,1,1,2015,2,379835,5307546,3,1,47.9099753,-124.6081134,8/26/2015,9/9/2015,14,14,14,NA,NA,NA,NA,NA,NA,NA,NA,NA,NA,NA,NA,NA,NA,NA,NA,0,NA,0,1,0,NA,0,1,NA,NA,382.862666,1.115022881,0.076906634,0.398321749
450_642,450,NA,NA,2,1,2,2015,2,379835,5307546,3,2,47.9099753,-124.6081134,9/9/2015,9/23/2015,14,14,4,NA,NA,NA,NA,NA,NA,NA,NA,NA,NA,NA,NA,NA,NA,NA,NA,0,NA,0,1,0,NA,0,1,NA,NA,45.01648632,-1.243825098,0.076906634,-2.070908499
450_642,450,NA,NA,2,1,3,2015,2,379835,5307546,3,3,47.9099753,-124.6081134,9/23/2015,10/7/2015,14,14,7,NA,NA,NA,NA,NA,NA,NA,NA,NA,NA,NA,NA,NA,NA,NA,NA,0,NA,0,1,0,NA,0,1,NA,NA,463.7326497,1.679658532,0.076906634,-1.330139425
452_652,452,NA,NA,2,1,1,2015,2,397841,5310182,1,1,47.93680673,-124.3678497,7/15/2015,7/29/2015,14,14,14,NA,NA,NA,NA,NA,NA,NA,NA,NA,NA,NA,NA,NA,NA,NA,NA,0,NA,0,0,0,NA,0,0,NA,NA,97.11815197,-0.880050351,0.076906634,0.398321749
452_652,452,NA,NA,2,1,2,2015,2,397841,5310182,1,2,47.93680673,-124.3678497,7/29/2015,8/12/2015,14,14,14,NA,NA,NA,NA,NA,NA,NA,NA,NA,NA,NA,NA,NA,NA,NA,NA,0,NA,1,0,0,NA,0,0,NA,NA,295.5922037,0.505698975,0.076906634,0.398321749
452_652,452,NA,NA,2,1,3,2015,2,397841,5310182,1,3,47.93680673,-124.3678497,8/12/2015,8/26/2015,14,14,14,NA,NA,NA,NA,NA,NA,NA,NA,NA,NA,NA,NA,NA,NA,NA,NA,0,NA,1,0,0,NA,0,0,NA,NA,65.10860726,-1.103541556,0.076906634,0.398321749
452_654,452,NA,NA,2,1,1,2015,2,399797,5310576,2,1,47.94065959,-124.3417592,7/15/2015,7/29/2015,14,14,14,NA,NA,NA,NA,NA,NA,NA,NA,NA,NA,NA,NA,NA,NA,NA,NA,0,NA,0,0,0,NA,0,0,NA,NA,97.10966536,-0.880109604,0.076906634,0.398321749
452_654,452,NA,NA,2,1,2,2015,2,399797,5310576,2,2,47.94065959,-124.3417592,7/29/2015,8/12/2015,14,14,14,NA,NA,NA,NA,NA,NA,NA,NA,NA,NA,NA,NA,NA,NA,NA,NA,0,NA,0,0,0,NA,0,0,NA,NA,295.5846307,0.505646101,0.076906634,0.398321749
452_654,452,NA,NA,2,1,3,2015,2,399797,5310576,2,3,47.94065959,-124.3417592,8/12/2015,8/26/2015,14,14,14,NA,NA,NA,NA,NA,NA,NA,NA,NA,NA,NA,NA,NA,NA,NA,NA,0,NA,0,0,0,NA,0,0,NA,NA,65.10448963,-1.103570305,0.076906634,0.398321749
452_646,452,NA,NA,2,1,1,2015,2,401069,5308833,3,1,47.92517921,-124.3243309,7/15/2015,7/29/2015,14,14,14,NA,NA,NA,NA,NA,NA,NA,NA,NA,NA,NA,NA,NA,NA,NA,NA,0,NA,0,0,0,NA,0,0,NA,NA,97.14120586,-0.879889388,0.076906634,0.398321749
452_646,452,NA,NA,2,1,2,2015,2,401069,5308833,3,2,47.92517921,-124.3243309,7/29/2015,8/12/2015,14,0,14,NA,NA,NA,NA,NA,NA,NA,NA,NA,NA,NA,NA,NA,NA,NA,NA,0,NA,0,0,0,NA,0,0,NA,NA,295.6170275,0.505872296,-4.679511457,0.398321749
452_646,452,NA,NA,2,1,3,2015,2,401069,5308833,3,3,47.92517921,-124.3243309,8/12/2015,8/26/2015,14,14,14,NA,NA,NA,NA,NA,NA,NA,NA,NA,NA,NA,NA,NA,NA,NA,NA,0,NA,0,0,0,NA,0,0,NA,NA,65.12125067,-1.103453279,0.076906634,0.398321749
455_657,455,NA,NA,2,1,1,2015,2,426584,5311499,2,1,47.95259311,-123.9832924,5/30/2015,6/14/2015,15,15,8,NA,NA,NA,NA,NA,NA,NA,NA,NA,NA,NA,NA,NA,NA,NA,NA,0,NA,0,0,0,NA,0,0,NA,NA,256.9521528,0.235913459,0.416650783,-1.0832164
455_657,455,NA,NA,2,1,2,2015,2,426584,5311499,2,2,47.95259311,-123.9832924,6/14/2015,6/28/2015,14,14,14,NA,NA,NA,NA,NA,NA,NA,NA,NA,NA,NA,NA,NA,NA,NA,NA,0,NA,0,0,0,NA,0,0,NA,NA,67.53348165,-1.08661104,0.076906634,0.398321749
455_657,455,NA,NA,2,1,3,2015,2,426584,5311499,2,3,47.95259311,-123.9832924,6/28/2015,7/13/2015,15,15,15,NA,NA,NA,NA,NA,NA,NA,NA,NA,NA,NA,NA,NA,NA,NA,NA,0,NA,0,0,0,NA,0,0,NA,NA,274.14195,0.355932926,0.416650783,0.645244774
455_655,455,NA,NA,2,1,1,2015,2,427652,5311050,3,1,47.94867548,-123.9689148,5/30/2015,6/14/2015,15,15,15,NA,NA,NA,NA,NA,NA,NA,NA,NA,NA,NA,NA,NA,NA,NA,NA,0,NA,0,0,0,NA,0,0,NA,NA,256.9665428,0.23601393,0.416650783,0.645244774
455_655,455,NA,NA,2,1,2,2015,2,427652,5311050,3,2,47.94867548,-123.9689148,6/14/2015,6/28/2015,14,14,13,NA,NA,NA,NA,NA,NA,NA,NA,NA,NA,NA,NA,NA,NA,NA,NA,0,NA,0,0,0,NA,0,0,NA,NA,67.5379365,-1.086579936,0.076906634,0.151398724
455_655,455,NA,NA,2,1,3,2015,2,427652,5311050,3,3,47.94867548,-123.9689148,6/28/2015,7/13/2015,15,15,15,NA,NA,NA,NA,NA,NA,NA,NA,NA,NA,NA,NA,NA,NA,NA,NA,0,NA,0,0,0,NA,0,0,NA,NA,274.1610235,0.356066098,0.416650783,0.645244774
457_650,457,NA,NA,2,1,1,2015,2,442887,5309502,1,1,47.93628892,-123.7646972,5/31/2015,6/15/2015,15,15,15,NA,NA,NA,NA,NA,NA,NA,NA,NA,NA,NA,NA,NA,NA,NA,NA,0,NA,0,0,0,NA,0,0,NA,NA,231.3763525,0.057342771,0.416650783,0.645244774
457_650,457,NA,NA,2,1,2,2015,2,442887,5309502,1,2,47.93628892,-123.7646972,6/15/2015,6/29/2015,14,14,14,NA,NA,NA,NA,NA,NA,NA,NA,NA,NA,NA,NA,NA,NA,NA,NA,0,NA,0,0,0,NA,0,0,NA,NA,89.94822702,-0.930110893,0.076906634,0.398321749
457_650,457,NA,NA,2,1,3,2015,2,442887,5309502,1,3,47.93628892,-123.7646972,6/29/2015,7/13/2015,14,14,14,NA,NA,NA,NA,NA,NA,NA,NA,NA,NA,NA,NA,NA,NA,NA,NA,0,NA,0,0,0,NA,0,0,NA,NA,271.3274095,0.336281755,0.076906634,0.398321749
457_644,457,NA,NA,2,1,1,2015,2,445225,5308759,3,1,47.92980864,-123.7333015,5/31/2015,6/15/2015,15,15,15,NA,NA,NA,NA,NA,NA,NA,NA,NA,NA,NA,NA,NA,NA,NA,NA,0,NA,0,0,0,NA,0,0,NA,NA,231.404263,0.057537642,0.416650783,0.645244774
457_644,457,NA,NA,2,1,2,2015,2,445225,5308759,3,2,47.92980864,-123.7333015,6/15/2015,6/29/2015,14,14,14,NA,NA,NA,NA,NA,NA,NA,NA,NA,NA,NA,NA,NA,NA,NA,NA,0,NA,0,0,0,NA,0,0,NA,NA,89.96045418,-0.930025523,0.076906634,0.398321749
457_644,457,NA,NA,2,1,3,2015,2,445225,5308759,3,3,47.92980864,-123.7333015,6/29/2015,7/13/2015,14,14,14,NA,NA,NA,NA,NA,NA,NA,NA,NA,NA,NA,NA,NA,NA,NA,NA,0,NA,0,0,0,NA,0,0,NA,NA,271.3540958,0.336468079,0.076906634,0.398321749
460_659,460,NA,NA,2,1,1,2015,2,473236,5311772,2,1,47.95869908,-123.3585026,7/28/2015,8/12/2015,15,15,15,NA,NA,NA,NA,NA,NA,NA,NA,NA,NA,NA,NA,NA,NA,NA,NA,1,NA,0,0,0,NA,0,0,NA,NA,300.2004871,0.537874091,0.416650783,0.645244774
460_659,460,NA,NA,2,1,2,2015,2,473236,5311772,2,2,47.95869908,-123.3585026,8/12/2015,8/26/2015,14,14,14,NA,NA,NA,NA,NA,NA,NA,NA,NA,NA,NA,NA,NA,NA,NA,NA,0,NA,0,0,0,NA,0,0,NA,NA,65.05956315,-1.103883983,0.076906634,0.398321749
460_659,460,NA,NA,2,1,3,2015,2,473236,5311772,2,3,47.95869908,-123.3585026,8/26/2015,9/9/2015,14,14,14,NA,NA,NA,NA,NA,NA,NA,NA,NA,NA,NA,NA,NA,NA,NA,NA,0,NA,0,0,0,NA,0,0,NA,NA,382.8889932,1.115206698,0.076906634,0.398321749
461_651,461,NA,NA,2,1,1,2015,2,481026,5309552,1,1,47.93900364,-123.2540592,7/22/2015,8/5/2015,14,14,14,NA,NA,NA,NA,NA,NA,NA,NA,NA,NA,NA,NA,NA,NA,NA,NA,0,NA,0,0,0,NA,0,0,NA,NA,324.2618803,0.705871163,0.076906634,0.398321749
461_651,461,NA,NA,2,1,2,2015,2,481026,5309552,1,2,47.93900364,-123.2540592,8/5/2015,8/20/2015,15,15,15,NA,NA,NA,NA,NA,NA,NA,NA,NA,NA,NA,NA,NA,NA,NA,NA,0,NA,0,0,0,NA,0,0,NA,NA,62.29453522,-1.123189456,0.416650783,0.645244774
461_651,461,NA,NA,2,1,3,2015,2,481026,5309552,1,3,47.93900364,-123.2540592,8/20/2015,9/3/2015,14,14,8,NA,NA,NA,NA,NA,NA,NA,NA,NA,NA,NA,NA,NA,NA,NA,NA,0,NA,0,0,0,NA,0,0,NA,NA,362.1662648,0.970520243,0.076906634,-1.0832164
461_643,461,NA,NA,2,1,1,2015,2,481424,5307779,3,1,47.92306325,-123.2486536,7/22/2015,8/5/2015,14,14,14,NA,NA,NA,NA,NA,NA,NA,NA,NA,NA,NA,NA,NA,NA,NA,NA,0,NA,0,0,0,NA,0,0,NA,NA,324.3261551,0.70631993,0.076906634,0.398321749
461_643,461,NA,NA,2,1,2,2015,2,481424,5307779,3,2,47.92306325,-123.2486536,8/5/2015,8/20/2015,15,15,15,NA,NA,NA,NA,NA,NA,NA,NA,NA,NA,NA,NA,NA,NA,NA,NA,0,NA,0,0,0,NA,0,0,NA,NA,62.29566728,-1.123181552,0.416650783,0.645244774
461_643,461,NA,NA,2,1,3,2015,2,481424,5307779,3,3,47.92306325,-123.2486536,8/20/2015,9/3/2015,14,14,14,NA,NA,NA,NA,NA,NA,NA,NA,NA,NA,NA,NA,NA,NA,NA,NA,0,NA,0,0,0,NA,0,0,NA,NA,362.1985919,0.970745951,0.076906634,0.398321749
502_674,502,NA,NA,2,1,1,2015,2,387717,5319376,1,1,48.01780445,-124.505761,9/21/2015,10/4/2015,13,13,6,NA,NA,NA,NA,NA,NA,NA,NA,NA,NA,NA,NA,NA,NA,NA,NA,0,NA,0,1,0,NA,0,1,NA,NA,483.782288,1.81964546,-0.262837516,-1.57706245
502_674,502,NA,NA,2,1,2,2015,2,387717,5319376,1,2,48.01780445,-124.505761,10/4/2015,10/18/2015,14,14,3,NA,NA,NA,NA,NA,NA,NA,NA,NA,NA,NA,NA,NA,NA,NA,NA,0,NA,0,1,0,NA,0,1,NA,NA,55.38911779,-1.171403203,0.076906634,-2.317831524
502_674,502,NA,NA,2,1,3,2015,2,387717,5319376,1,3,48.01780445,-124.505761,10/18/2015,11/1/2015,14,14,6,NA,NA,NA,NA,NA,NA,NA,NA,NA,NA,NA,NA,NA,NA,NA,NA,1,NA,0,1,0,NA,0,1,NA,NA,483.3430792,1.816578896,0.076906634,-1.57706245
502_665,502,NA,NA,2,1,1,2015,2,386422,5316688,2,1,47.99339968,-124.5224094,9/21/2015,10/4/2015,13,13,12,NA,NA,NA,NA,NA,NA,NA,NA,NA,NA,NA,NA,NA,NA,NA,NA,0,NA,0,1,0,NA,0,1,NA,NA,483.7684156,1.819548602,-0.262837516,-0.0955243
502_665,502,NA,NA,2,1,2,2015,2,386422,5316688,2,2,47.99339968,-124.5224094,10/4/2015,10/18/2015,14,14,2,NA,NA,NA,NA,NA,NA,NA,NA,NA,NA,NA,NA,NA,NA,NA,NA,0,NA,0,1,0,NA,0,1,NA,NA,55.37674086,-1.171489619,0.076906634,-2.564754549
502_663,502,NA,NA,2,1,1,2015,2,384783,5315860,3,1,47.98565949,-124.5441482,9/21/2015,10/4/2015,13,13,13,NA,NA,NA,NA,NA,NA,NA,NA,NA,NA,NA,NA,NA,NA,NA,NA,0,NA,0,0,0,NA,0,0,NA,NA,483.7611116,1.819497606,-0.262837516,0.151398724
502_663,502,NA,NA,2,1,2,2015,2,384783,5315860,3,2,47.98565949,-124.5441482,10/4/2015,10/18/2015,14,0,0,NA,NA,NA,NA,NA,NA,NA,NA,NA,NA,NA,NA,NA,NA,NA,NA,0,NA,0,0,0,NA,0,0,NA,NA,55.37225879,-1.171520912,-4.679511457,-3.058600599
502_663,502,NA,NA,2,1,3,2015,2,384783,5315860,3,3,47.98565949,-124.5441482,10/18/2015,11/1/2015,14,14,3,NA,NA,NA,NA,NA,NA,NA,NA,NA,NA,NA,NA,NA,NA,NA,NA,0,NA,0,1,0,NA,0,1,NA,NA,483.2695079,1.81606522,0.076906634,-2.317831524
503_669,503,NA,NA,2,1,1,2015,2,394385,5318411,1,1,48.01026194,-124.4161318,8/26/2015,9/9/2015,14,14,14,NA,NA,NA,NA,NA,NA,NA,NA,NA,NA,NA,NA,NA,NA,NA,NA,1,NA,0,1,0,NA,0,1,NA,NA,382.8148207,1.114688824,0.076906634,0.398321749
503_669,503,NA,NA,2,1,2,2015,2,394385,5318411,1,2,48.01026194,-124.4161318,9/9/2015,9/23/2015,14,14,12,NA,NA,NA,NA,NA,NA,NA,NA,NA,NA,NA,NA,NA,NA,NA,NA,1,NA,0,1,0,NA,0,1,NA,NA,44.96302019,-1.2441984,0.076906634,-0.0955243
503_669,503,NA,NA,2,1,3,2015,2,394385,5318411,1,3,48.01026194,-124.4161318,9/23/2015,10/7/2015,14,14,10,NA,NA,NA,NA,NA,NA,NA,NA,NA,NA,NA,NA,NA,NA,NA,NA,1,NA,0,1,0,NA,0,1,NA,NA,463.864272,1.680577521,0.076906634,-0.58937035
503_666,503,NA,NA,2,1,1,2015,2,393276,5316695,2,1,47.99464335,-124.4305701,8/26/2015,9/9/2015,14,14,14,NA,NA,NA,NA,NA,NA,NA,NA,NA,NA,NA,NA,NA,NA,NA,NA,0,NA,0,0,0,NA,0,0,NA,NA,382.8239898,1.114752843,0.076906634,0.398321749
503_666,503,NA,NA,2,1,2,2015,2,393276,5316695,2,2,47.99464335,-124.4305701,9/9/2015,9/23/2015,14,14,10,NA,NA,NA,NA,NA,NA,NA,NA,NA,NA,NA,NA,NA,NA,NA,NA,0,NA,0,1,0,NA,0,1,NA,NA,44.97042092,-1.244146728,0.076906634,-0.58937035
503_666,503,NA,NA,2,1,3,2015,2,393276,5316695,2,3,47.99464335,-124.4305701,9/23/2015,10/7/2015,14,14,14,NA,NA,NA,NA,NA,NA,NA,NA,NA,NA,NA,NA,NA,NA,NA,NA,0,NA,0,0,0,NA,0,0,NA,NA,463.8452665,1.680444824,0.076906634,0.398321749
503_670,503,NA,NA,2,1,1,2015,2,396183,5318642,3,1,48.0126343,-124.3920868,8/26/2015,9/9/2015,14,0,14,NA,NA,NA,NA,NA,NA,NA,NA,NA,NA,NA,NA,NA,NA,NA,NA,0,NA,0,0,0,NA,0,0,NA,NA,382.8164356,1.114700099,-4.679511457,0.398321749
503_670,503,NA,NA,2,1,2,2015,2,396183,5318642,3,2,48.0126343,-124.3920868,9/9/2015,9/23/2015,14,0,0,NA,NA,NA,NA,NA,NA,NA,NA,NA,NA,NA,NA,NA,NA,NA,NA,0,NA,0,0,0,NA,0,0,NA,NA,44.96119537,-1.244211141,-4.679511457,-3.058600599
506_671,506,NA,NA,2,1,1,2015,2,423491,5318742,2,1,48.01738736,-124.0260021,5/31/2015,6/14/2015,14,14,14,NA,NA,NA,NA,NA,NA,NA,NA,NA,NA,NA,NA,NA,NA,NA,NA,0,NA,0,0,0,NA,0,0,NA,NA,247.4552676,0.169606039,0.076906634,0.398321749
506_671,506,NA,NA,2,1,2,2015,2,423491,5318742,2,2,48.01738736,-124.0260021,6/14/2015,6/28/2015,14,14,14,NA,NA,NA,NA,NA,NA,NA,NA,NA,NA,NA,NA,NA,NA,NA,NA,0,NA,0,0,0,NA,0,0,NA,NA,67.44471115,-1.087230837,0.076906634,0.398321749
506_671,506,NA,NA,2,1,3,2015,2,423491,5318742,2,3,48.01738736,-124.0260021,6/28/2015,7/13/2015,15,15,15,NA,NA,NA,NA,NA,NA,NA,NA,NA,NA,NA,NA,NA,NA,NA,NA,0,NA,0,0,0,NA,0,0,NA,NA,273.8619316,0.353977833,0.416650783,0.645244774
506_560,506,NA,NA,2,1,1,2015,2,422221,5317594,3,1,48.00690697,-124.042822,5/30/2015,6/14/2015,15,15,15,NA,NA,NA,NA,NA,NA,NA,NA,NA,NA,NA,NA,NA,NA,NA,NA,0,NA,0,0,0,NA,0,0,NA,NA,256.7015348,0.23416364,0.416650783,0.645244774
506_560,506,NA,NA,2,1,2,2015,2,422221,5317594,3,2,48.00690697,-124.042822,6/14/2015,6/28/2015,14,14,14,NA,NA,NA,NA,NA,NA,NA,NA,NA,NA,NA,NA,NA,NA,NA,NA,0,NA,0,0,0,NA,0,0,NA,NA,67.45847214,-1.087134758,0.076906634,0.398321749
506_560,506,NA,NA,2,1,3,2015,2,422221,5317594,3,3,48.00690697,-124.042822,6/28/2015,7/13/2015,15,15,3,NA,NA,NA,NA,NA,NA,NA,NA,NA,NA,NA,NA,NA,NA,NA,NA,0,NA,0,0,0,NA,0,0,NA,NA,273.9085376,0.354303237,0.416650783,-2.317831524
509_662,509,NA,NA,2,1,1,2015,2,450831,5314931,1,1,47.98579069,-123.6589622,5/31/2015,6/14/2015,14,14,14,NA,NA,NA,NA,NA,NA,NA,NA,NA,NA,NA,NA,NA,NA,NA,NA,0,NA,0,0,0,NA,0,0,NA,NA,247.6001737,0.170617776,0.076906634,0.398321749
509_662,509,NA,NA,2,1,2,2015,2,450831,5314931,1,2,47.98579069,-123.6589622,6/14/2015,6/28/2015,14,14,14,NA,NA,NA,NA,NA,NA,NA,NA,NA,NA,NA,NA,NA,NA,NA,NA,0,NA,0,0,0,NA,0,0,NA,NA,67.49090485,-1.086908312,0.076906634,0.398321749
509_662,509,NA,NA,2,1,3,2015,2,450831,5314931,1,3,47.98579069,-123.6589622,6/28/2015,7/12/2015,14,14,14,NA,NA,NA,NA,NA,NA,NA,NA,NA,NA,NA,NA,NA,NA,NA,NA,0,NA,0,0,0,NA,0,0,NA,NA,292.2818544,0.482586058,0.076906634,0.398321749
509_667,509,NA,NA,2,1,1,2015,2,451507,5317140,3,1,48.00571582,-123.6501527,5/31/2015,6/14/2015,14,14,14,NA,NA,NA,NA,NA,NA,NA,NA,NA,NA,NA,NA,NA,NA,NA,NA,0,NA,0,0,0,NA,0,0,NA,NA,247.5106392,0.169992645,0.076906634,0.398321749
509_667,509,NA,NA,2,1,2,2015,2,451507,5317140,3,2,48.00571582,-123.6501527,6/14/2015,6/28/2015,14,14,14,NA,NA,NA,NA,NA,NA,NA,NA,NA,NA,NA,NA,NA,NA,NA,NA,0,NA,0,0,0,NA,0,0,NA,NA,67.46502074,-1.087089035,0.076906634,0.398321749
509_667,509,NA,NA,2,1,3,2015,2,451507,5317140,3,3,48.00571582,-123.6501527,6/28/2015,7/12/2015,14,14,14,NA,NA,NA,NA,NA,NA,NA,NA,NA,NA,NA,NA,NA,NA,NA,NA,0,NA,0,0,0,NA,0,0,NA,NA,292.1873278,0.481926072,0.076906634,0.398321749
511_672,511,NA,NA,2,1,1,2015,2,467286,5319084,2,1,48.02420827,-123.4387577,5/24/2015,6/7/2015,14,14,14,NA,NA,NA,NA,NA,NA,NA,NA,NA,NA,NA,NA,NA,NA,NA,NA,0,NA,0,0,0,NA,0,0,NA,NA,318.2310103,0.663763522,0.076906634,0.398321749
511_672,511,NA,NA,2,1,2,2015,2,467286,5319084,2,2,48.02420827,-123.4387577,6/7/2015,6/20/2015,13,13,13,NA,NA,NA,NA,NA,NA,NA,NA,NA,NA,NA,NA,NA,NA,NA,NA,1,NA,0,0,0,NA,0,0,NA,NA,50.43134712,-1.206018445,-0.262837516,0.151398724
511_672,511,NA,NA,2,1,3,2015,2,467286,5319084,2,3,48.02420827,-123.4387577,6/20/2015,7/5/2015,15,15,15,NA,NA,NA,NA,NA,NA,NA,NA,NA,NA,NA,NA,NA,NA,NA,NA,0,NA,0,0,0,NA,0,0,NA,NA,254.973442,0.222098066,0.416650783,0.645244774
511_661,511,NA,NA,2,1,1,2015,2,468413,5314801,3,1,47.98573114,-123.4233274,5/24/2015,6/7/2015,14,14,8,NA,NA,NA,NA,NA,NA,NA,NA,NA,NA,NA,NA,NA,NA,NA,NA,1,NA,0,0,0,NA,0,0,NA,NA,318.4251462,0.665118982,0.076906634,-1.0832164
553_676,553,NA,NA,2,1,1,2015,2,390728,5323001,1,1,48.05093045,-124.466321,9/21/2015,10/4/2015,13,13,5,NA,NA,NA,NA,NA,NA,NA,NA,NA,NA,NA,NA,NA,NA,NA,NA,0,NA,0,1,0,NA,0,1,NA,NA,483.8050245,1.819804206,-0.262837516,-1.823985474
553_676,553,NA,NA,2,1,2,2015,2,390728,5323001,1,2,48.05093045,-124.466321,10/4/2015,10/18/2015,14,14,3,NA,NA,NA,NA,NA,NA,NA,NA,NA,NA,NA,NA,NA,NA,NA,NA,0,NA,0,1,0,NA,0,1,NA,NA,55.40665186,-1.171280779,0.076906634,-2.317831524
553_684,553,NA,NA,2,1,1,2015,2,392450,5324846,2,1,48.06781735,-124.4436852,9/21/2015,10/4/2015,13,13,9,NA,NA,NA,NA,NA,NA,NA,NA,NA,NA,NA,NA,NA,NA,NA,NA,0,NA,0,1,0,NA,0,1,NA,NA,483.8132985,1.819861976,-0.262837516,-0.836293375
553_684,553,NA,NA,2,1,2,2015,2,392450,5324846,2,2,48.06781735,-124.4436852,10/4/2015,10/18/2015,14,14,9,NA,NA,NA,NA,NA,NA,NA,NA,NA,NA,NA,NA,NA,NA,NA,NA,0,NA,0,1,0,NA,0,1,NA,NA,55.41579777,-1.171216923,0.076906634,-0.836293375
553_684,553,NA,NA,2,1,3,2015,2,392450,5324846,2,3,48.06781735,-124.4436852,10/18/2015,11/1/2015,14,14,4,NA,NA,NA,NA,NA,NA,NA,NA,NA,NA,NA,NA,NA,NA,NA,NA,0,NA,0,1,0,NA,0,1,NA,NA,483.447451,1.817307622,0.076906634,-2.070908499
560_678,560,NA,NA,2,1,1,2015,2,452800,5324043,1,1,48.067916,-123.6335793,7/8/2015,7/22/2015,14,14,14,NA,NA,NA,NA,NA,NA,NA,NA,NA,NA,NA,NA,NA,NA,NA,NA,0,NA,0,0,0,NA,0,0,NA,NA,34.17044998,-1.319552315,0.076906634,0.398321749
560_678,560,NA,NA,2,1,2,2015,2,452800,5324043,1,2,48.067916,-123.6335793,7/22/2015,8/5/2015,14,14,14,NA,NA,NA,NA,NA,NA,NA,NA,NA,NA,NA,NA,NA,NA,NA,NA,0,NA,0,0,0,NA,0,0,NA,NA,323.7351997,0.702193869,0.076906634,0.398321749
560_678,560,NA,NA,2,1,3,2015,2,452800,5324043,1,3,48.067916,-123.6335793,8/5/2015,8/19/2015,14,14,14,NA,NA,NA,NA,NA,NA,NA,NA,NA,NA,NA,NA,NA,NA,NA,NA,0,NA,0,0,0,NA,0,0,NA,NA,65.11065446,-1.103527262,0.076906634,0.398321749
560_689,560,NA,NA,2,1,1,2015,2,457128,5325739,2,1,48.0834799,-123.5756567,7/8/2015,7/22/2015,14,14,14,NA,NA,NA,NA,NA,NA,NA,NA,NA,NA,NA,NA,NA,NA,NA,NA,0,NA,0,0,0,NA,0,0,NA,NA,34.16261481,-1.31960702,0.076906634,0.398321749
560_689,560,NA,NA,2,1,2,2015,2,457128,5325739,2,2,48.0834799,-123.5756567,7/22/2015,8/5/2015,14,14,14,NA,NA,NA,NA,NA,NA,NA,NA,NA,NA,NA,NA,NA,NA,NA,NA,0,NA,0,0,0,NA,0,0,NA,NA,323.6748398,0.701772435,0.076906634,0.398321749
560_689,560,NA,NA,2,1,3,2015,2,457128,5325739,2,3,48.0834799,-123.5756567,8/5/2015,8/19/2015,14,14,14,NA,NA,NA,NA,NA,NA,NA,NA,NA,NA,NA,NA,NA,NA,NA,NA,0,NA,0,0,0,NA,0,0,NA,NA,65.1114749,-1.103521534,0.076906634,0.398321749
560_691,560,NA,NA,2,1,1,2015,2,454406,5326310,3,1,48.08842803,-123.6122647,7/8/2015,7/22/2015,14,14,14,NA,NA,NA,NA,NA,NA,NA,NA,NA,NA,NA,NA,NA,NA,NA,NA,0,NA,0,0,0,NA,0,0,NA,NA,34.16042334,-1.319622321,0.076906634,0.398321749
560_691,560,NA,NA,2,1,2,2015,2,454406,5326310,3,2,48.08842803,-123.6122647,7/22/2015,8/5/2015,14,14,14,NA,NA,NA,NA,NA,NA,NA,NA,NA,NA,NA,NA,NA,NA,NA,NA,0,NA,0,0,0,NA,0,0,NA,NA,323.6532417,0.701621637,0.076906634,0.398321749
560_691,560,NA,NA,2,1,3,2015,2,454406,5326310,3,3,48.08842803,-123.6122647,8/5/2015,8/19/2015,14,14,14,NA,NA,NA,NA,NA,NA,NA,NA,NA,NA,NA,NA,NA,NA,NA,NA,0,NA,0,1,0,NA,0,1,NA,NA,65.10923217,-1.103537193,0.076906634,0.398321749
562_686,562,NA,NA,2,1,1,2015,2,471953,5325327,1,1,48.08059798,-123.376575,9/14/2015,9/30/2015,16,16,16,NA,NA,NA,NA,NA,NA,NA,NA,NA,NA,NA,NA,NA,NA,NA,NA,0,NA,1,1,0,NA,0,1,NA,NA,286.3511856,0.441178024,0.756394932,0.892167799
562_686,562,NA,NA,2,1,2,2015,2,471953,5325327,1,2,48.08059798,-123.376575,9/30/2015,10/12/2015,12,12,12,NA,NA,NA,NA,NA,NA,NA,NA,NA,NA,NA,NA,NA,NA,NA,NA,0,NA,0,1,0,NA,0,1,NA,NA,221.3589933,-0.012598608,-0.602581665,-0.0955243
562_686,562,NA,NA,2,1,3,2015,2,471953,5325327,1,3,48.08059798,-123.376575,10/12/2015,10/26/2015,14,14,14,NA,NA,NA,NA,NA,NA,NA,NA,NA,NA,NA,NA,NA,NA,NA,NA,0,NA,1,1,0,NA,0,1,NA,NA,189.0310877,-0.238312614,0.076906634,0.398321749
562_692,562,NA,NA,2,1,1,2015,2,473383,5327396,3,1,48.09927382,-123.3575044,9/14/2015,9/30/2015,16,16,16,NA,NA,NA,NA,NA,NA,NA,NA,NA,NA,NA,NA,NA,NA,NA,NA,0,NA,1,0,0,NA,0,0,NA,NA,286.3409381,0.441106476,0.756394932,0.892167799
562_692,562,NA,NA,2,1,2,2015,2,473383,5327396,3,2,48.09927382,-123.3575044,9/30/2015,10/12/2015,12,12,12,NA,NA,NA,NA,NA,NA,NA,NA,NA,NA,NA,NA,NA,NA,NA,NA,0,NA,1,0,0,NA,0,0,NA,NA,221.3916372,-0.012370687,-0.602581665,-0.0955243
562_692,562,NA,NA,2,1,3,2015,2,473383,5327396,3,3,48.09927382,-123.3575044,10/12/2015,10/26/2015,14,14,14,NA,NA,NA,NA,NA,NA,NA,NA,NA,NA,NA,NA,NA,NA,NA,NA,0,NA,1,0,0,NA,0,0,NA,NA,189.0340624,-0.238291845,0.076906634,0.398321749
563_683,563,NA,NA,2,1,1,2015,2,480156,5324837,1,1,48.07649761,-123.2664156,7/2/2015,7/16/2015,14,14,14,NA,NA,NA,NA,NA,NA,NA,NA,NA,NA,NA,NA,NA,NA,NA,NA,0,NA,0,0,0,NA,0,0,NA,NA,178.0427926,-0.315033084,0.076906634,0.398321749
563_683,563,NA,NA,2,1,2,2015,2,480156,5324837,1,2,48.07649761,-123.2664156,7/16/2015,7/30/2015,14,14,14,NA,NA,NA,NA,NA,NA,NA,NA,NA,NA,NA,NA,NA,NA,NA,NA,0,NA,0,0,0,NA,0,0,NA,NA,129.0798644,-0.656893111,0.076906634,0.398321749
563_683,563,NA,NA,2,1,3,2015,2,480156,5324837,1,3,48.07649761,-123.2664156,7/30/2015,8/13/2015,14,14,14,NA,NA,NA,NA,NA,NA,NA,NA,NA,NA,NA,NA,NA,NA,NA,NA,0,NA,0,0,0,NA,0,0,NA,NA,263.2907915,0.280169946,0.076906634,0.398321749
563_677,563,NA,NA,2,1,1,2015,2,481612,5323271,2,1,48.06245198,-123.2468009,7/2/2015,7/16/2015,14,14,14,NA,NA,NA,NA,NA,NA,NA,NA,NA,NA,NA,NA,NA,NA,NA,NA,0,NA,0,0,0,NA,0,0,NA,NA,178.0767796,-0.314795786,0.076906634,0.398321749
563_677,563,NA,NA,2,1,2,2015,2,481612,5323271,2,2,48.06245198,-123.2468009,7/16/2015,7/30/2015,14,14,14,NA,NA,NA,NA,NA,NA,NA,NA,NA,NA,NA,NA,NA,NA,NA,NA,1,NA,0,0,0,NA,0,0,NA,NA,129.113823,-0.656656012,0.076906634,0.398321749
563_677,563,NA,NA,2,1,3,2015,2,481612,5323271,2,3,48.06245198,-123.2468009,7/30/2015,8/13/2015,14,14,14,NA,NA,NA,NA,NA,NA,NA,NA,NA,NA,NA,NA,NA,NA,NA,NA,0,NA,0,0,0,NA,0,0,NA,NA,263.3157228,0.280344017,0.076906634,0.398321749
565_690,565,NA,NA,2,1,1,2015,2,501370,5325966,1,1,48.08696266,-122.9816033,7/23/2015,8/6/2015,14,14,14,NA,NA,NA,NA,NA,NA,NA,NA,NA,NA,NA,NA,NA,NA,NA,NA,0,NA,1,0,0,NA,0,0,NA,NA,340.297595,0.817832805,0.076906634,0.398321749
565_690,565,NA,NA,2,1,2,2015,2,501370,5325966,1,2,48.08696266,-122.9816033,8/6/2015,8/20/2015,14,14,14,NA,NA,NA,NA,NA,NA,NA,NA,NA,NA,NA,NA,NA,NA,NA,NA,0,NA,1,0,0,NA,0,0,NA,NA,46.15903796,-1.235847783,0.076906634,0.398321749
565_690,565,NA,NA,2,1,3,2015,2,501370,5325966,1,3,48.08696266,-122.9816033,8/20/2015,9/3/2015,14,14,14,NA,NA,NA,NA,NA,NA,NA,NA,NA,NA,NA,NA,NA,NA,NA,NA,0,NA,0,0,0,NA,0,0,NA,NA,361.8450652,0.968277622,0.076906634,0.398321749
565_688,565,NA,NA,2,1,1,2015,2,500500,5325614,2,1,48.08379697,-122.9932863,7/23/2015,8/6/2015,14,14,14,NA,NA,NA,NA,NA,NA,NA,NA,NA,NA,NA,NA,NA,NA,NA,NA,0,NA,1,0,0,NA,0,0,NA,NA,340.306216,0.817892997,0.076906634,0.398321749
565_688,565,NA,NA,2,1,2,2015,2,500500,5325614,2,2,48.08379697,-122.9932863,8/6/2015,8/20/2015,14,14,14,NA,NA,NA,NA,NA,NA,NA,NA,NA,NA,NA,NA,NA,NA,NA,NA,0,NA,0,0,0,NA,0,0,NA,NA,46.15925435,-1.235846272,0.076906634,0.398321749
565_688,565,NA,NA,2,1,3,2015,2,500500,5325614,2,3,48.08379697,-122.9932863,8/20/2015,9/3/2015,14,14,14,NA,NA,NA,NA,NA,NA,NA,NA,NA,NA,NA,NA,NA,NA,NA,NA,0,NA,0,0,0,NA,0,0,NA,NA,361.8493291,0.968307392,0.076906634,0.398321749
565_681,565,NA,NA,2,1,1,2015,2,500041,5324424,3,1,48.07309066,-122.9994496,7/23/2015,8/6/2015,14,14,14,NA,NA,NA,NA,NA,NA,NA,NA,NA,NA,NA,NA,NA,NA,NA,NA,0,NA,0,0,0,NA,0,0,NA,NA,340.3485602,0.818188645,0.076906634,0.398321749
565_681,565,NA,NA,2,1,2,2015,2,500041,5324424,3,2,48.07309066,-122.9994496,8/6/2015,8/20/2015,14,14,14,NA,NA,NA,NA,NA,NA,NA,NA,NA,NA,NA,NA,NA,NA,NA,NA,0,NA,0,0,0,NA,0,0,NA,NA,46.15987542,-1.235841936,0.076906634,0.398321749
565_681,565,NA,NA,2,1,3,2015,2,500041,5324424,3,3,48.07309066,-122.9994496,8/20/2015,9/3/2015,14,14,11,NA,NA,NA,NA,NA,NA,NA,NA,NA,NA,NA,NA,NA,NA,NA,NA,0,NA,1,0,0,NA,0,0,NA,NA,361.8770343,0.968500831,0.076906634,-0.342447325
600_703,600,NA,NA,2,1,1,2015,2,375671,5334805,1,1,48.15433051,-124.6717268,9/20/2015,10/3/2015,13,13,13,NA,NA,NA,NA,NA,NA,NA,NA,NA,NA,NA,NA,NA,NA,NA,NA,0,NA,0,0,0,NA,0,0,NA,NA,464.3412206,1.683907585,-0.262837516,0.151398724
600_703,600,NA,NA,2,1,2,2015,2,375671,5334805,1,2,48.15433051,-124.6717268,10/3/2015,10/17/2015,14,0,0,NA,NA,NA,NA,NA,NA,NA,NA,NA,NA,NA,NA,NA,NA,NA,NA,1,NA,0,0,0,NA,0,0,NA,NA,78.62495074,-1.009170208,-4.679511457,-3.058600599
600_703,600,NA,NA,2,1,3,2015,2,375671,5334805,1,3,48.15433051,-124.6717268,10/17/2015,10/31/2015,14,14,4,NA,NA,NA,NA,NA,NA,NA,NA,NA,NA,NA,NA,NA,NA,NA,NA,0,NA,0,1,0,NA,0,1,NA,NA,448.8407102,1.575682748,0.076906634,-2.070908499
600_702,600,NA,NA,2,1,1,2015,2,374791,5333791,2,1,48.14503887,-124.6832557,9/20/2015,10/3/2015,13,13,13,NA,NA,NA,NA,NA,NA,NA,NA,NA,NA,NA,NA,NA,NA,NA,NA,0,NA,1,0,0,NA,0,0,NA,NA,464.3403743,1.683901676,-0.262837516,0.151398724
600_702,600,NA,NA,2,1,2,2015,2,374791,5333791,2,2,48.14503887,-124.6832557,10/3/2015,10/17/2015,14,14,6,NA,NA,NA,NA,NA,NA,NA,NA,NA,NA,NA,NA,NA,NA,NA,NA,0,NA,0,0,1,NA,0,1,NA,NA,78.61795576,-1.009219047,0.076906634,-1.57706245
600_702,600,NA,NA,2,1,3,2015,2,374791,5333791,2,3,48.14503887,-124.6832557,10/17/2015,10/31/2015,14,14,5,NA,NA,NA,NA,NA,NA,NA,NA,NA,NA,NA,NA,NA,NA,NA,NA,0,NA,0,0,0,NA,0,0,NA,NA,448.8212651,1.575546982,0.076906634,-1.823985474
600_702,600,NA,NA,2,1,4,2015,2,374791,5333791,2,4,48.14503887,-124.6832557,10/31/2015,11/9/2015,9,9,4,NA,NA,NA,NA,NA,NA,NA,NA,NA,NA,NA,NA,NA,NA,NA,NA,0,NA,0,0,0,NA,0,0,NA,NA,212.6813787,-0.073185866,-1.621814113,-2.070908499
603_695,603,NA,NA,2,1,1,2015,2,405236,5330577,1,1,48.12139469,-124.273373,9/19/2015,10/2/2015,13,13,7,NA,NA,NA,NA,NA,NA,NA,NA,NA,NA,NA,NA,NA,NA,NA,NA,0,NA,0,1,0,NA,0,1,NA,NA,434.9304454,1.478561034,-0.262837516,-1.330139425
603_695,603,NA,NA,2,2,1,2015,2,405224,5330656,1,2,48.12210349,-124.2735517,10/2/2015,10/16/2015,14,14,5,NA,NA,NA,NA,NA,NA,NA,NA,NA,NA,NA,NA,NA,NA,NA,NA,0,NA,0,1,0,NA,1,1,NA,NA,109.3192647,-0.794861967,0.076906634,-1.823985474
603_695,603,NA,NA,2,2,2,2015,2,405224,5330656,1,3,48.12210349,-124.2735517,10/16/2015,10/30/2015,14,14,5,NA,NA,NA,NA,NA,NA,NA,NA,NA,NA,NA,NA,NA,NA,NA,NA,0,NA,0,1,0,NA,1,1,NA,NA,406.1026007,1.277284514,0.076906634,-1.823985474
603_699,603,NA,NA,2,1,1,2015,2,404278,5332331,2,1,48.13702809,-124.2866366,9/19/2015,10/2/2015,13,13,2,NA,NA,NA,NA,NA,NA,NA,NA,NA,NA,NA,NA,NA,NA,NA,NA,0,NA,0,1,0,NA,0,1,NA,NA,434.9249244,1.478522486,-0.262837516,-2.564754549
603_699,603,NA,NA,2,2,1,2015,2,404300,5332373,2,2,48.13740917,-124.2863504,10/2/2015,10/16/2015,14,14,1,NA,NA,NA,NA,NA,NA,NA,NA,NA,NA,NA,NA,NA,NA,NA,NA,0,NA,0,1,0,NA,1,1,NA,NA,109.3331602,-0.794764948,0.076906634,-2.811677574
603_701,603,NA,NA,2,1,1,2015,2,403275,5333515,3,1,48.14752605,-124.3003838,9/19/2015,10/2/2015,13,13,8,NA,NA,NA,NA,NA,NA,NA,NA,NA,NA,NA,NA,NA,NA,NA,NA,0,NA,0,1,0,NA,0,1,NA,NA,434.9284792,1.478547306,-0.262837516,-1.0832164
603_701,603,NA,NA,2,1,2,2015,2,403275,5333515,3,2,48.14752605,-124.3003838,10/2/2015,10/16/2015,14,14,2,NA,NA,NA,NA,NA,NA,NA,NA,NA,NA,NA,NA,NA,NA,NA,NA,1,NA,0,1,0,NA,0,1,NA,NA,109.3412765,-0.79470828,0.076906634,-2.564754549
603_701,603,NA,NA,2,1,3,2015,2,403275,5333515,3,3,48.14752605,-124.3003838,10/16/2015,10/30/2015,14,14,3,NA,NA,NA,NA,NA,NA,NA,NA,NA,NA,NA,NA,NA,NA,NA,NA,1,NA,0,1,0,NA,0,1,NA,NA,406.1451462,1.277581568,0.076906634,-2.317831524
607_698,607,NA,NA,2,1,1,2015,2,439163,5331573,2,1,48.13450164,-123.8176892,9/16/2015,9/30/2015,14,14,14,NA,NA,NA,NA,NA,NA,NA,NA,NA,NA,NA,NA,NA,NA,NA,NA,0,NA,0,0,0,NA,0,0,NA,NA,327.1058537,0.725727835,0.076906634,0.398321749
607_698,607,NA,NA,2,1,2,2015,2,439163,5331573,2,2,48.13450164,-123.8176892,9/30/2015,10/14/2015,14,14,14,NA,NA,NA,NA,NA,NA,NA,NA,NA,NA,NA,NA,NA,NA,NA,NA,0,NA,0,1,0,NA,0,1,NA,NA,189.7689698,-0.233160708,0.076906634,0.398321749
607_698,607,NA,NA,2,1,3,2015,2,439163,5331573,2,3,48.13450164,-123.8176892,10/14/2015,10/28/2015,14,14,14,NA,NA,NA,NA,NA,NA,NA,NA,NA,NA,NA,NA,NA,NA,NA,NA,0,NA,0,1,0,NA,0,1,NA,NA,303.0485013,0.557758977,0.076906634,0.398321749
607_561,607,NA,NA,2,1,1,2015,2,443207,5333024,3,1,48.14792891,-123.763534,9/16/2015,9/30/2015,14,14,14,NA,NA,NA,NA,NA,NA,NA,NA,NA,NA,NA,NA,NA,NA,NA,NA,0,NA,0,1,0,NA,0,1,NA,NA,327.0988448,0.725678899,0.076906634,0.398321749
607_561,607,NA,NA,2,1,2,2015,2,443207,5333024,3,2,48.14792891,-123.763534,9/30/2015,10/14/2015,14,14,11,NA,NA,NA,NA,NA,NA,NA,NA,NA,NA,NA,NA,NA,NA,NA,NA,0,NA,0,1,0,NA,0,1,NA,NA,189.7919625,-0.233000173,0.076906634,-0.342447325
607_561,607,NA,NA,2,1,3,2015,2,443207,5333024,3,3,48.14792891,-123.763534,10/14/2015,10/28/2015,14,14,6,NA,NA,NA,NA,NA,NA,NA,NA,NA,NA,NA,NA,NA,NA,NA,NA,0,NA,0,1,0,NA,0,1,NA,NA,303.0559399,0.557810913,0.076906634,-1.57706245
633_705,633,NA,NA,2,1,1,2015,2,407505,5339848,1,1,48.20511929,-124.2449078,7/29/2015,8/12/2015,14,14,14,NA,NA,NA,NA,NA,NA,NA,NA,NA,NA,NA,NA,NA,NA,NA,NA,0,NA,0,0,0,NA,0,0,NA,NA,294.9817039,0.501436455,0.076906634,0.398321749
633_705,633,NA,NA,2,1,2,2015,2,407505,5339848,1,2,48.20511929,-124.2449078,8/12/2015,8/26/2015,14,14,14,NA,NA,NA,NA,NA,NA,NA,NA,NA,NA,NA,NA,NA,NA,NA,NA,0,NA,0,0,0,NA,0,0,NA,NA,64.81432438,-1.105596244,0.076906634,0.398321749
633_705,633,NA,NA,2,1,3,2015,2,407505,5339848,1,3,48.20511929,-124.2449078,8/26/2015,9/16/2015,21,21,21,NA,NA,NA,NA,NA,NA,NA,NA,NA,NA,NA,NA,NA,NA,NA,NA,0,NA,0,1,0,NA,0,1,NA,NA,256.9098757,0.23561828,2.455115679,2.126782923
633_707,633,NA,NA,2,1,1,2015,2,411173,5341717,3,1,48.22245467,-124.1959423,7/29/2015,8/12/2015,14,14,14,NA,NA,NA,NA,NA,NA,NA,NA,NA,NA,NA,NA,NA,NA,NA,NA,0,NA,0,0,0,NA,0,0,NA,NA,294.9429682,0.501166002,0.076906634,0.398321749
633_707,633,NA,NA,2,1,2,2015,2,411173,5341717,3,2,48.22245467,-124.1959423,8/12/2015,8/26/2015,14,0,0,NA,NA,NA,NA,NA,NA,NA,NA,NA,NA,NA,NA,NA,NA,NA,NA,0,NA,0,0,0,NA,0,0,NA,NA,64.79268786,-1.105747311,-4.679511457,-3.058600599
633_707,633,NA,NA,2,1,3,2015,2,411173,5341717,3,3,48.22245467,-124.1959423,8/26/2015,9/9/2015,14,14,14,NA,NA,NA,NA,NA,NA,NA,NA,NA,NA,NA,NA,NA,NA,NA,NA,0,NA,0,0,1,NA,0,1,NA,NA,382.6887132,1.113808339,0.076906634,0.398321749
633_707,633,NA,NA,2,1,4,2015,2,411173,5341717,3,4,48.22245467,-124.1959423,9/9/2015,9/25/2015,16,16,16,NA,NA,NA,NA,NA,NA,NA,NA,NA,NA,NA,NA,NA,NA,NA,NA,0,NA,1,1,0,NA,0,1,NA,NA,85.04767061,-0.964326664,0.756394932,0.892167799
645_708,645,NA,NA,2,1,1,2015,2,377746,5348570,1,1,48.27852327,-124.647807,9/5/2015,9/20/2015,15,15,15,NA,NA,NA,NA,NA,NA,NA,NA,NA,NA,NA,NA,NA,NA,NA,NA,0,NA,0,1,0,NA,0,1,NA,NA,43.89702388,-1.251641205,0.416650783,0.645244774
645_708,645,NA,NA,2,1,2,2015,2,377746,5348570,1,2,48.27852327,-124.647807,9/20/2015,10/5/2015,15,15,15,NA,NA,NA,NA,NA,NA,NA,NA,NA,NA,NA,NA,NA,NA,NA,NA,0,NA,0,0,0,NA,0,0,NA,NA,443.7679307,1.540264512,0.416650783,0.645244774
645_708,645,NA,NA,2,1,3,2015,2,377746,5348570,1,3,48.27852327,-124.647807,10/5/2015,10/20/2015,15,15,15,NA,NA,NA,NA,NA,NA,NA,NA,NA,NA,NA,NA,NA,NA,NA,NA,0,NA,0,0,0,NA,0,0,NA,NA,44.14301496,-1.249923691,0.416650783,0.645244774
645_709,645,NA,NA,2,1,1,2015,2,377197,5349499,2,1,48.28677151,-124.6554735,9/5/2015,9/20/2015,15,15,15,NA,NA,NA,NA,NA,NA,NA,NA,NA,NA,NA,NA,NA,NA,NA,NA,0,NA,0,1,0,NA,0,1,NA,NA,43.89754504,-1.251637566,0.416650783,0.645244774
645_709,645,NA,NA,2,1,2,2015,2,377197,5349499,2,2,48.28677151,-124.6554735,9/20/2015,10/5/2015,15,15,1,NA,NA,NA,NA,NA,NA,NA,NA,NA,NA,NA,NA,NA,NA,NA,NA,0,NA,0,1,0,NA,0,1,NA,NA,443.7719191,1.540292359,0.416650783,-2.811677574
645_709,645,NA,NA,2,1,3,2015,2,377197,5349499,2,3,48.28677151,-124.6554735,10/5/2015,10/20/2015,15,15,12,NA,NA,NA,NA,NA,NA,NA,NA,NA,NA,NA,NA,NA,NA,NA,NA,0,NA,1,1,0,NA,0,1,NA,NA,44.14490214,-1.249910514,0.416650783,-0.0955243
645_710,645,NA,NA,2,1,1,2015,2,378609,5349788,3,1,48.28964288,-124.6365299,9/5/2015,9/20/2015,15,15,8,NA,NA,NA,NA,NA,NA,NA,NA,NA,NA,NA,NA,NA,NA,NA,NA,0,NA,0,1,0,NA,0,1,NA,NA,43.89986372,-1.251621377,0.416650783,-1.0832164
645_710,645,NA,NA,2,1,2,2015,2,378609,5349788,3,2,48.28964288,-124.6365299,9/20/2015,10/5/2015,15,15,15,NA,NA,NA,NA,NA,NA,NA,NA,NA,NA,NA,NA,NA,NA,NA,NA,0,NA,0,0,0,NA,0,0,NA,NA,443.7699519,1.540278624,0.416650783,0.645244774
645_710,645,NA,NA,2,1,3,2015,2,378609,5349788,3,3,48.28964288,-124.6365299,10/5/2015,10/20/2015,15,15,15,NA,NA,NA,NA,NA,NA,NA,NA,NA,NA,NA,NA,NA,NA,NA,NA,0,NA,0,1,0,NA,0,1,NA,NA,44.14559655,-1.249905666,0.416650783,0.645244774
656_712,656,NA,NA,2,1,1,2015,2,383752,5355598,1,1,48.34285964,-124.5688237,9/5/2015,9/20/2015,15,15,15,NA,NA,NA,NA,NA,NA,NA,NA,NA,NA,NA,NA,NA,NA,NA,NA,0,NA,0,1,0,NA,0,1,NA,NA,43.90742225,-1.251568603,0.416650783,0.645244774
656_712,656,NA,NA,2,1,2,2015,2,383752,5355598,1,2,48.34285964,-124.5688237,9/20/2015,10/5/2015,15,15,13,NA,NA,NA,NA,NA,NA,NA,NA,NA,NA,NA,NA,NA,NA,NA,NA,0,NA,0,1,0,NA,0,1,NA,NA,443.8064913,1.540533743,0.416650783,0.151398724
656_712,656,NA,NA,2,1,3,2015,2,383752,5355598,1,3,48.34285964,-124.5688237,10/5/2015,10/20/2015,15,15,12,NA,NA,NA,NA,NA,NA,NA,NA,NA,NA,NA,NA,NA,NA,NA,NA,0,NA,0,1,0,NA,0,1,NA,NA,44.15833203,-1.249816747,0.416650783,-0.0955243
656_711,656,NA,NA,2,1,1,2015,2,381241,5355502,2,1,48.34152923,-124.6026702,9/5/2015,9/20/2015,15,15,15,NA,NA,NA,NA,NA,NA,NA,NA,NA,NA,NA,NA,NA,NA,NA,NA,1,NA,1,0,0,NA,0,0,NA,NA,43.90619595,-1.251577165,0.416650783,0.645244774
656_711,656,NA,NA,2,1,2,2015,2,381241,5355502,2,2,48.34152923,-124.6026702,9/20/2015,10/5/2015,15,15,15,NA,NA,NA,NA,NA,NA,NA,NA,NA,NA,NA,NA,NA,NA,NA,NA,0,NA,1,0,0,NA,0,0,NA,NA,443.8084903,1.5405477,0.416650783,0.645244774
656_711,656,NA,NA,2,1,3,2015,2,381241,5355502,2,3,48.34152923,-124.6026702,10/5/2015,10/20/2015,15,15,15,NA,NA,NA,NA,NA,NA,NA,NA,NA,NA,NA,NA,NA,NA,NA,NA,0,NA,0,1,0,NA,0,1,NA,NA,44.1578352,-1.249820216,0.416650783,0.645244774
656_563,656,NA,NA,2,1,1,2015,2,381511,5354158,3,1,48.32949313,-124.59865,9/5/2015,9/20/2015,15,15,15,NA,NA,NA,NA,NA,NA,NA,NA,NA,NA,NA,NA,NA,NA,NA,NA,1,NA,0,0,0,NA,0,0,NA,NA,43.90479258,-1.251586964,0.416650783,0.645244774
656_563,656,NA,NA,2,1,2,2015,2,381511,5354158,3,2,48.32949313,-124.59865,9/20/2015,10/5/2015,15,15,15,NA,NA,NA,NA,NA,NA,NA,NA,NA,NA,NA,NA,NA,NA,NA,NA,0,NA,0,1,0,NA,0,1,NA,NA,443.798925,1.540480915,0.416650783,0.645244774
656_563,656,NA,NA,2,1,3,2015,2,381511,5354158,3,3,48.32949313,-124.59865,10/5/2015,10/20/2015,15,15,15,NA,NA,NA,NA,NA,NA,NA,NA,NA,NA,NA,NA,NA,NA,NA,NA,0,NA,0,1,0,NA,0,1,NA,NA,44.15451812,-1.249843376,0.416650783,0.645244774
135_169,135,NA,NA,2,1,1,2016,2,429507,5246544,1,1,47.36855314,-123.9336705,9/16/2016,9/30/2016,14,14,14,NA,NA,NA,NA,NA,NA,NA,NA,NA,NA,NA,NA,NA,NA,NA,NA,0,NA,1,1,0,NA,0,1,NA,NA,301.5598743,0.547365357,0.076906634,0.398321749
135_169,135,NA,NA,2,1,2,2016,2,429507,5246544,1,2,47.36855314,-123.9336705,9/30/2016,10/17/2016,17,17,9,NA,NA,NA,NA,NA,NA,NA,NA,NA,NA,NA,NA,NA,NA,NA,NA,0,NA,1,1,0,NA,0,1,NA,NA,254.7822852,0.220763405,1.096139082,-0.836293375
135_169,135,NA,NA,2,1,3,2016,2,429507,5246544,1,3,47.36855314,-123.9336705,10/17/2016,10/29/2016,12,12,12,NA,NA,NA,NA,NA,NA,NA,NA,NA,NA,NA,NA,NA,NA,NA,NA,0,NA,1,1,0,NA,0,1,NA,NA,286.8877978,0.44492466,-0.602581665,-0.0955243
135_165,135,NA,NA,2,1,1,2016,2,425734,5244843,3,1,47.35283157,-123.9833516,9/16/2016,9/30/2016,14,14,14,NA,NA,NA,NA,NA,NA,NA,NA,NA,NA,NA,NA,NA,NA,NA,NA,0,NA,0,1,0,NA,0,1,NA,NA,301.5428528,0.547246512,0.076906634,0.398321749
135_165,135,NA,NA,2,1,2,2016,2,425734,5244843,3,2,47.35283157,-123.9833516,9/30/2016,10/17/2016,17,17,2,NA,NA,NA,NA,NA,NA,NA,NA,NA,NA,NA,NA,NA,NA,NA,NA,0,NA,0,1,0,NA,0,1,NA,NA,254.7839948,0.220775342,1.096139082,-2.564754549
135_165,135,NA,NA,2,1,3,2016,2,425734,5244843,3,3,47.35283157,-123.9833516,10/17/2016,10/29/2016,12,12,7,NA,NA,NA,NA,NA,NA,NA,NA,NA,NA,NA,NA,NA,NA,NA,NA,0,NA,0,1,0,NA,0,1,NA,NA,286.8483098,0.444648954,-0.602581665,-1.330139425
137_162,137,NA,NA,2,1,1,2016,2,445262,5243813,1,1,47.34549073,-123.7246807,9/15/2016,9/29/2016,14,14,14,NA,NA,NA,NA,NA,NA,NA,NA,NA,NA,NA,NA,NA,NA,NA,NA,0,NA,0,0,0,NA,0,0,NA,NA,347.2571329,0.866424421,0.076906634,0.398321749
137_162,137,NA,NA,2,1,2,2016,2,445262,5243813,1,2,47.34549073,-123.7246807,9/29/2016,10/13/2016,14,14,14,NA,NA,NA,NA,NA,NA,NA,NA,NA,NA,NA,NA,NA,NA,NA,NA,1,NA,0,1,0,NA,0,1,NA,NA,111.0489149,-0.782785519,0.076906634,0.398321749
137_162,137,NA,NA,2,1,3,2016,2,445262,5243813,1,3,47.34549073,-123.7246807,10/13/2016,10/26/2016,13,13,13,NA,NA,NA,NA,NA,NA,NA,NA,NA,NA,NA,NA,NA,NA,NA,NA,0,NA,0,1,1,NA,0,1,NA,NA,473.9729368,1.751156397,-0.262837516,0.151398724
140_170,140,NA,NA,2,1,1,2016,2,475449,5246736,1,1,47.37362205,-123.3252049,9/17/2016,10/1/2016,14,14,14,NA,NA,NA,NA,NA,NA,NA,NA,NA,NA,NA,NA,NA,NA,NA,NA,0,NA,0,1,0,NA,0,1,NA,NA,253.3723999,0.210919561,0.076906634,0.398321749
140_170,140,NA,NA,2,1,2,2016,2,475449,5246736,1,2,47.37362205,-123.3252049,10/1/2016,10/18/2016,17,17,3,NA,NA,NA,NA,NA,NA,NA,NA,NA,NA,NA,NA,NA,NA,NA,NA,0,NA,0,1,0,NA,0,1,NA,NA,296.2789248,0.510493674,1.096139082,-2.317831524
140_170,140,NA,NA,2,1,3,2016,2,475449,5246736,1,3,47.37362205,-123.3252049,10/18/2016,10/28/2016,10,10,3,NA,NA,NA,NA,NA,NA,NA,NA,NA,NA,NA,NA,NA,NA,NA,NA,0,NA,0,1,0,NA,0,1,NA,NA,273.3091836,0.350118536,-1.282069964,-2.317831524
140_163,140,NA,NA,2,1,1,2016,2,473945,5244057,2,1,47.34945808,-123.3449695,9/17/2016,10/1/2016,14,14,14,NA,NA,NA,NA,NA,NA,NA,NA,NA,NA,NA,NA,NA,NA,NA,NA,0,NA,0,0,0,NA,0,0,NA,NA,253.3452298,0.210729859,0.076906634,0.398321749
140_163,140,NA,NA,2,1,2,2016,2,473945,5244057,2,2,47.34945808,-123.3449695,10/1/2016,10/18/2016,17,17,17,NA,NA,NA,NA,NA,NA,NA,NA,NA,NA,NA,NA,NA,NA,NA,NA,0,NA,0,0,0,NA,0,0,NA,NA,296.2705158,0.510434962,1.096139082,1.139090824
140_163,140,NA,NA,2,1,3,2016,2,473945,5244057,2,3,47.34945808,-123.3449695,10/18/2016,10/28/2016,10,10,10,NA,NA,NA,NA,NA,NA,NA,NA,NA,NA,NA,NA,NA,NA,NA,NA,0,NA,0,0,0,NA,0,0,NA,NA,273.2471201,0.349685208,-1.282069964,-0.58937035
140_121,140,NA,NA,2,1,1,2016,2,471777,5246655,3,1,47.37274491,-123.3738384,9/17/2016,10/1/2016,14,14,14,NA,NA,NA,NA,NA,NA,NA,NA,NA,NA,NA,NA,NA,NA,NA,NA,0,NA,0,1,0,NA,0,1,NA,NA,253.3646751,0.210865627,0.076906634,0.398321749
140_121,140,NA,NA,2,1,2,2016,2,471777,5246655,3,2,47.37274491,-123.3738384,10/1/2016,10/18/2016,17,17,2,NA,NA,NA,NA,NA,NA,NA,NA,NA,NA,NA,NA,NA,NA,NA,NA,0,NA,0,1,0,NA,0,1,NA,NA,296.280956,0.510507856,1.096139082,-2.564754549
140_121,140,NA,NA,2,1,3,2016,2,471777,5246655,3,3,47.37274491,-123.3738384,10/18/2016,10/28/2016,10,10,10,NA,NA,NA,NA,NA,NA,NA,NA,NA,NA,NA,NA,NA,NA,NA,NA,1,NA,0,0,0,NA,0,0,NA,NA,273.2961904,0.350027818,-1.282069964,-0.58937035
141_122,141,NA,NA,2,1,1,2016,2,480858,5247533,1,1,47.38097439,-123.253592,9/18/2016,10/2/2016,14,14,14,NA,NA,NA,NA,NA,NA,NA,NA,NA,NA,NA,NA,NA,NA,NA,NA,0,NA,0,0,0,NA,0,0,NA,NA,206.7145039,-0.114846691,0.076906634,0.398321749
141_122,141,NA,NA,2,1,2,2016,2,480858,5247533,1,2,47.38097439,-123.253592,10/2/2016,10/18/2016,16,16,16,NA,NA,NA,NA,NA,NA,NA,NA,NA,NA,NA,NA,NA,NA,NA,NA,0,NA,0,0,0,NA,0,0,NA,NA,314.7956496,0.639777773,0.756394932,0.892167799
141_122,141,NA,NA,2,1,3,2016,2,480858,5247533,1,3,47.38097439,-123.253592,10/18/2016,10/28/2016,10,10,10,NA,NA,NA,NA,NA,NA,NA,NA,NA,NA,NA,NA,NA,NA,NA,NA,0,NA,0,0,0,NA,0,0,NA,NA,273.3360645,0.350306219,-1.282069964,-0.58937035
141_164,141,NA,NA,2,1,1,2016,2,480584,5244276,2,1,47.35165951,-123.2570794,9/18/2016,10/2/2016,14,14,14,NA,NA,NA,NA,NA,NA,NA,NA,NA,NA,NA,NA,NA,NA,NA,NA,0,NA,0,0,0,NA,0,0,NA,NA,206.6863227,-0.115043452,0.076906634,0.398321749
141_164,141,NA,NA,2,1,2,2016,2,480584,5244276,2,2,47.35165951,-123.2570794,10/2/2016,10/18/2016,16,16,16,NA,NA,NA,NA,NA,NA,NA,NA,NA,NA,NA,NA,NA,NA,NA,NA,0,NA,0,1,0,NA,0,1,NA,NA,314.7841569,0.639697531,0.756394932,0.892167799
141_164,141,NA,NA,2,1,3,2016,2,480584,5244276,2,3,47.35165951,-123.2570794,10/18/2016,10/28/2016,10,10,10,NA,NA,NA,NA,NA,NA,NA,NA,NA,NA,NA,NA,NA,NA,NA,NA,0,NA,0,1,0,NA,0,1,NA,NA,273.2634578,0.349799278,-1.282069964,-0.58937035
141_167,141,NA,NA,2,1,1,2016,2,479328,5245856,3,1,47.365838,-123.273783,9/18/2016,10/2/2016,14,14,14,NA,NA,NA,NA,NA,NA,NA,NA,NA,NA,NA,NA,NA,NA,NA,NA,0,NA,0,0,0,NA,0,0,NA,NA,206.6978914,-0.114962679,0.076906634,0.398321749
141_167,141,NA,NA,2,1,2,2016,2,479328,5245856,3,2,47.365838,-123.273783,10/2/2016,10/18/2016,16,16,13,NA,NA,NA,NA,NA,NA,NA,NA,NA,NA,NA,NA,NA,NA,NA,NA,0,NA,0,0,0,NA,0,0,NA,NA,314.790692,0.639743159,0.756394932,0.151398724
141_167,141,NA,NA,2,1,3,2016,2,479328,5245856,3,3,47.365838,-123.273783,10/18/2016,10/29/2016,11,11,11,NA,NA,NA,NA,NA,NA,NA,NA,NA,NA,NA,NA,NA,NA,NA,NA,0,NA,0,0,0,NA,0,0,NA,NA,248.8785818,0.179543644,-0.942325815,-0.342447325
167_179,167,NA,NA,2,1,1,2016,2,433767,5253470,1,1,47.43131255,-123.8782894,9/17/2016,9/30/2016,13,13,13,NA,NA,NA,NA,NA,NA,NA,NA,NA,NA,NA,NA,NA,NA,NA,NA,0,NA,0,1,0,NA,0,1,NA,NA,272.8662711,0.347026114,-0.262837516,0.151398724
167_179,167,NA,NA,2,1,2,2016,2,433767,5253470,1,2,47.43131255,-123.8782894,9/30/2016,10/17/2016,17,17,3,NA,NA,NA,NA,NA,NA,NA,NA,NA,NA,NA,NA,NA,NA,NA,NA,0,NA,0,1,0,NA,0,1,NA,NA,254.7879282,0.220802805,1.096139082,-2.317831524
167_179,167,NA,NA,2,1,3,2016,2,433767,5253470,1,3,47.43131255,-123.8782894,10/17/2016,10/29/2016,12,12,8,NA,NA,NA,NA,NA,NA,NA,NA,NA,NA,NA,NA,NA,NA,NA,NA,1,NA,0,1,0,NA,0,1,NA,NA,287.0382759,0.445975301,-0.602581665,-1.0832164
167_177,167,NA,NA,2,1,1,2016,2,433060,5252772,2,1,47.42496044,-123.887558,9/17/2016,9/30/2016,13,13,13,NA,NA,NA,NA,NA,NA,NA,NA,NA,NA,NA,NA,NA,NA,NA,NA,0,NA,0,1,0,NA,0,1,NA,NA,272.8588683,0.346974427,-0.262837516,0.151398724
167_177,167,NA,NA,2,1,2,2016,2,433060,5252772,2,2,47.42496044,-123.887558,9/30/2016,10/17/2016,17,17,10,NA,NA,NA,NA,NA,NA,NA,NA,NA,NA,NA,NA,NA,NA,NA,NA,0,NA,1,1,0,NA,0,1,NA,NA,254.7905906,0.220821394,1.096139082,-0.58937035
167_177,167,NA,NA,2,1,3,2016,2,433060,5252772,2,3,47.42496044,-123.887558,10/17/2016,10/29/2016,12,12,12,NA,NA,NA,NA,NA,NA,NA,NA,NA,NA,NA,NA,NA,NA,NA,NA,0,NA,1,1,0,NA,0,1,NA,NA,287.0232024,0.445870057,-0.602581665,-0.0955243
167_181,167,NA,NA,2,1,1,2016,2,434047,5255273,3,1,47.44756256,-123.8748458,9/17/2016,9/30/2016,13,13,9,NA,NA,NA,NA,NA,NA,NA,NA,NA,NA,NA,NA,NA,NA,NA,NA,0,NA,0,1,0,NA,0,1,NA,NA,272.8855667,0.347160836,-0.262837516,-0.836293375
167_181,167,NA,NA,2,1,2,2016,2,434047,5255273,3,2,47.44756256,-123.8748458,9/30/2016,10/17/2016,17,3,1,NA,NA,NA,NA,NA,NA,NA,NA,NA,NA,NA,NA,NA,NA,NA,NA,0,NA,0,1,0,NA,0,1,NA,NA,254.7899913,0.220817209,-3.660279009,-2.811677574
167_181,167,NA,NA,2,1,3,2016,2,434047,5255273,3,3,47.44756256,-123.8748458,10/17/2016,10/29/2016,12,12,6,NA,NA,NA,NA,NA,NA,NA,NA,NA,NA,NA,NA,NA,NA,NA,NA,0,NA,0,1,0,NA,0,1,NA,NA,287.0762997,0.446240784,-0.602581665,-1.57706245
168_174,168,NA,NA,2,1,1,2016,2,441515,5251527,1,1,47.41457186,-123.7752999,9/16/2016,9/29/2016,13,13,13,NA,NA,NA,NA,NA,NA,NA,NA,NA,NA,NA,NA,NA,NA,NA,NA,0,NA,0,0,0,NA,0,0,NA,NA,324.7585232,0.709338732,-0.262837516,0.151398724
168_174,168,NA,NA,2,1,2,2016,2,441515,5251527,1,2,47.41457186,-123.7752999,9/29/2016,10/17/2016,18,18,8,NA,NA,NA,NA,NA,NA,NA,NA,NA,NA,NA,NA,NA,NA,NA,NA,0,NA,0,1,0,NA,0,1,NA,NA,240.6695723,0.122228195,1.435883231,-1.0832164
168_174,168,NA,NA,2,1,3,2016,2,441515,5251527,1,3,47.41457186,-123.7752999,10/17/2016,10/29/2016,12,12,5,NA,NA,NA,NA,NA,NA,NA,NA,NA,NA,NA,NA,NA,NA,NA,NA,0,NA,0,1,0,NA,0,1,NA,NA,287.0133855,0.445801516,-0.602581665,-1.823985474
168_176,168,NA,NA,2,1,1,2016,2,442304,5252609,2,1,47.42437719,-123.7649826,9/15/2016,9/29/2016,14,14,14,NA,NA,NA,NA,NA,NA,NA,NA,NA,NA,NA,NA,NA,NA,NA,NA,0,NA,0,1,0,NA,0,1,NA,NA,347.32034,0.866865734,0.076906634,0.398321749
168_176,168,NA,NA,2,1,2,2016,2,442304,5252609,2,2,47.42437719,-123.7649826,9/29/2016,10/17/2016,18,18,8,NA,NA,NA,NA,NA,NA,NA,NA,NA,NA,NA,NA,NA,NA,NA,NA,0,NA,0,1,0,NA,0,1,NA,NA,240.6681639,0.122218362,1.435883231,-1.0832164
168_176,168,NA,NA,2,1,3,2016,2,442304,5252609,2,3,47.42437719,-123.7649826,10/17/2016,10/29/2016,12,12,5,NA,NA,NA,NA,NA,NA,NA,NA,NA,NA,NA,NA,NA,NA,NA,NA,0,NA,0,1,0,NA,0,1,NA,NA,287.0350413,0.445952717,-0.602581665,-1.823985474
168_180,168,NA,NA,2,1,1,2016,2,443080,5254572,3,1,47.44210708,-123.7549472,9/15/2016,9/29/2016,14,14,14,NA,NA,NA,NA,NA,NA,NA,NA,NA,NA,NA,NA,NA,NA,NA,NA,0,NA,0,0,0,NA,0,0,NA,NA,347.3370761,0.866982586,0.076906634,0.398321749
168_180,168,NA,NA,2,1,2,2016,2,443080,5254572,3,2,47.44210708,-123.7549472,9/29/2016,10/17/2016,18,18,18,NA,NA,NA,NA,NA,NA,NA,NA,NA,NA,NA,NA,NA,NA,NA,NA,0,NA,0,1,0,NA,0,1,NA,NA,240.67233,0.12224745,1.435883231,1.386013849
168_180,168,NA,NA,2,1,3,2016,2,443080,5254572,3,3,47.44210708,-123.7549472,10/17/2016,10/29/2016,12,12,10,NA,NA,NA,NA,NA,NA,NA,NA,NA,NA,NA,NA,NA,NA,NA,NA,0,NA,0,1,0,NA,0,1,NA,NA,287.0765109,0.446242258,-0.602581665,-0.58937035
170_175,170,NA,NA,2,1,1,2016,2,461100,5252589,1,1,47.42558922,-123.5157804,9/16/2016,9/30/2016,14,14,14,NA,NA,NA,NA,NA,NA,NA,NA,NA,NA,NA,NA,NA,NA,NA,NA,1,NA,0,0,0,NA,0,0,NA,NA,301.650636,0.547999056,0.076906634,0.398321749
170_175,170,NA,NA,2,1,2,2016,2,461100,5252589,1,2,47.42558922,-123.5157804,9/30/2016,10/17/2016,17,17,9,NA,NA,NA,NA,NA,NA,NA,NA,NA,NA,NA,NA,NA,NA,NA,NA,1,NA,0,0,0,NA,0,0,NA,NA,254.7710841,0.220685199,1.096139082,-0.836293375
170_175,170,NA,NA,2,1,3,2016,2,461100,5252589,1,3,47.42558922,-123.5157804,10/17/2016,10/27/2016,10,10,2,NA,NA,NA,NA,NA,NA,NA,NA,NA,NA,NA,NA,NA,NA,NA,NA,1,NA,0,0,0,NA,0,0,NA,NA,342.4202925,0.832653516,-1.282069964,-2.564754549
170_178,170,NA,NA,2,1,1,2016,2,457773,5252800,2,1,47.42728079,-123.5599116,9/16/2016,9/30/2016,14,14,14,NA,NA,NA,NA,NA,NA,NA,NA,NA,NA,NA,NA,NA,NA,NA,NA,0,NA,0,1,0,NA,0,1,NA,NA,301.6484647,0.547983896,0.076906634,0.398321749
170_178,170,NA,NA,2,1,2,2016,2,457773,5252800,2,2,47.42728079,-123.5599116,9/30/2016,10/17/2016,17,17,17,NA,NA,NA,NA,NA,NA,NA,NA,NA,NA,NA,NA,NA,NA,NA,NA,1,NA,0,1,0,NA,0,1,NA,NA,254.776181,0.220720786,1.096139082,1.139090824
170_178,170,NA,NA,2,1,3,2016,2,457773,5252800,2,3,47.42728079,-123.5599116,10/17/2016,10/27/2016,10,10,8,NA,NA,NA,NA,NA,NA,NA,NA,NA,NA,NA,NA,NA,NA,NA,NA,0,NA,0,1,0,NA,0,1,NA,NA,342.4162833,0.832625524,-1.282069964,-1.0832164
170_182,170,NA,NA,2,1,1,2016,2,458098,5255828,3,1,47.45454662,-123.5558894,9/16/2016,9/30/2016,14,14,14,NA,NA,NA,NA,NA,NA,NA,NA,NA,NA,NA,NA,NA,NA,NA,NA,0,NA,0,1,0,NA,0,1,NA,NA,301.6739887,0.548162105,0.076906634,0.398321749
170_182,170,NA,NA,2,1,2,2016,2,458098,5255828,3,2,47.45454662,-123.5558894,9/30/2016,10/17/2016,17,17,7,NA,NA,NA,NA,NA,NA,NA,NA,NA,NA,NA,NA,NA,NA,NA,NA,1,NA,0,0,0,NA,0,0,NA,NA,254.7783463,0.220735904,1.096139082,-1.330139425
170_182,170,NA,NA,2,1,3,2016,2,458098,5255828,3,3,47.45454662,-123.5558894,10/17/2016,10/27/2016,10,10,10,NA,NA,NA,NA,NA,NA,NA,NA,NA,NA,NA,NA,NA,NA,NA,NA,0,NA,0,0,0,NA,0,0,NA,NA,342.4976708,0.833193773,-1.282069964,-0.58937035
199_183,199,NA,NA,2,1,1,2016,2,427648,5259316,1,1,47.48325746,-123.9603772,9/18/2016,10/1/2016,13,13,2,NA,NA,NA,NA,NA,NA,NA,NA,NA,NA,NA,NA,NA,NA,NA,NA,0,NA,0,1,0,NA,0,1,NA,NA,222.6729288,-0.003424687,-0.262837516,-2.564754549
199_183,199,NA,NA,2,1,2,2016,2,427648,5259316,1,2,47.48325746,-123.9603772,10/1/2016,10/14/2016,13,13,4,NA,NA,NA,NA,NA,NA,NA,NA,NA,NA,NA,NA,NA,NA,NA,NA,0,NA,0,0,0,NA,0,0,NA,NA,163.7239977,-0.415007162,-0.262837516,-2.070908499
199_183,199,NA,NA,2,1,3,2016,2,427648,5259316,1,3,47.48325746,-123.9603772,10/14/2016,10/28/2016,14,14,14,NA,NA,NA,NA,NA,NA,NA,NA,NA,NA,NA,NA,NA,NA,NA,NA,0,NA,0,0,0,NA,0,0,NA,NA,403.1551703,1.256705503,0.076906634,0.398321749
199_197,199,NA,NA,2,1,1,2016,2,429713,5262764,2,1,47.51450464,-123.9335206,9/18/2016,10/1/2016,13,13,13,NA,NA,NA,NA,NA,NA,NA,NA,NA,NA,NA,NA,NA,NA,NA,NA,0,NA,0,0,0,NA,0,0,NA,NA,222.7055372,-0.003197014,-0.262837516,0.151398724
199_197,199,NA,NA,2,1,2,2016,2,429713,5262764,2,2,47.51450464,-123.9335206,10/1/2016,10/14/2016,13,13,11,NA,NA,NA,NA,NA,NA,NA,NA,NA,NA,NA,NA,NA,NA,NA,NA,0,NA,0,1,0,NA,0,1,NA,NA,163.7113288,-0.415095617,-0.262837516,-0.342447325
199_197,199,NA,NA,2,1,3,2016,2,429713,5262764,2,3,47.51450464,-123.9335206,10/14/2016,10/28/2016,14,0,0,NA,NA,NA,NA,NA,NA,NA,NA,NA,NA,NA,NA,NA,NA,NA,NA,0,NA,0,0,1,NA,0,1,NA,NA,403.2353146,1.257265072,-4.679511457,-3.058600599
199_199,199,NA,NA,2,1,1,2016,2,428362,5263589,3,1,47.52177946,-123.9515956,9/18/2016,10/1/2016,13,13,13,NA,NA,NA,NA,NA,NA,NA,NA,NA,NA,NA,NA,NA,NA,NA,NA,0,NA,0,0,0,NA,0,0,NA,NA,222.7136105,-0.003140646,-0.262837516,0.151398724
199_199,199,NA,NA,2,1,2,2016,2,428362,5263589,3,2,47.52177946,-123.9515956,10/1/2016,10/14/2016,13,13,13,NA,NA,NA,NA,NA,NA,NA,NA,NA,NA,NA,NA,NA,NA,NA,NA,1,NA,0,0,0,NA,0,0,NA,NA,163.7112235,-0.415096352,-0.262837516,0.151398724
199_199,199,NA,NA,2,1,3,2016,2,428362,5263589,3,3,47.52177946,-123.9515956,10/14/2016,10/28/2016,14,14,12,NA,NA,NA,NA,NA,NA,NA,NA,NA,NA,NA,NA,NA,NA,NA,NA,0,NA,0,1,0,NA,0,1,NA,NA,403.2536745,1.257393261,0.076906634,-0.0955243
200_196,200,NA,NA,2,1,1,2016,2,439319,5261869,1,1,47.50741981,-123.8058287,9/17/2016,10/1/2016,14,14,14,NA,NA,NA,NA,NA,NA,NA,NA,NA,NA,NA,NA,NA,NA,NA,NA,0,NA,0,0,0,NA,0,0,NA,NA,253.4651275,0.211566987,0.076906634,0.398321749
200_196,200,NA,NA,2,1,2,2016,2,439319,5261869,1,2,47.50741981,-123.8058287,10/1/2016,10/14/2016,13,13,13,NA,NA,NA,NA,NA,NA,NA,NA,NA,NA,NA,NA,NA,NA,NA,NA,0,NA,0,0,0,NA,0,0,NA,NA,163.7058902,-0.415133589,-0.262837516,0.151398724
200_196,200,NA,NA,2,1,3,2016,2,439319,5261869,1,3,47.50741981,-123.8058287,10/14/2016,10/28/2016,14,14,8,NA,NA,NA,NA,NA,NA,NA,NA,NA,NA,NA,NA,NA,NA,NA,NA,0,NA,0,0,0,NA,0,0,NA,NA,403.2278549,1.257212989,0.076906634,-1.0832164
200_193,200,NA,NA,2,1,1,2016,2,436343,5261244,2,1,47.50151219,-123.8452546,9/17/2016,10/1/2016,14,14,14,NA,NA,NA,NA,NA,NA,NA,NA,NA,NA,NA,NA,NA,NA,NA,NA,0,NA,0,1,0,NA,0,1,NA,NA,253.4550408,0.211496562,0.076906634,0.398321749
200_193,200,NA,NA,2,1,2,2016,2,436343,5261244,2,2,47.50151219,-123.8452546,10/1/2016,10/14/2016,13,13,13,NA,NA,NA,NA,NA,NA,NA,NA,NA,NA,NA,NA,NA,NA,NA,NA,0,NA,0,0,0,NA,0,0,NA,NA,163.7110988,-0.415097223,-0.262837516,0.151398724
200_193,200,NA,NA,2,1,3,2016,2,436343,5261244,2,3,47.50151219,-123.8452546,10/14/2016,10/28/2016,14,14,14,NA,NA,NA,NA,NA,NA,NA,NA,NA,NA,NA,NA,NA,NA,NA,NA,0,NA,0,0,0,NA,0,0,NA,NA,403.2119734,1.257102104,0.076906634,0.398321749
200_188,200,NA,NA,2,1,1,2016,2,434904,5260361,3,1,47.49342546,-123.8642295,9/17/2016,10/1/2016,14,14,14,NA,NA,NA,NA,NA,NA,NA,NA,NA,NA,NA,NA,NA,NA,NA,NA,0,NA,0,0,0,NA,0,0,NA,NA,253.4459473,0.211433071,0.076906634,0.398321749
200_188,200,NA,NA,2,1,2,2016,2,434904,5260361,3,2,47.49342546,-123.8642295,10/1/2016,10/14/2016,13,13,9,NA,NA,NA,NA,NA,NA,NA,NA,NA,NA,NA,NA,NA,NA,NA,NA,0,NA,0,1,0,NA,0,1,NA,NA,163.7163432,-0.415060606,-0.262837516,-0.836293375
200_188,200,NA,NA,2,1,3,2016,2,434904,5260361,3,3,47.49342546,-123.8642295,10/14/2016,10/28/2016,14,0,0,NA,NA,NA,NA,NA,NA,NA,NA,NA,NA,NA,NA,NA,NA,NA,NA,0,NA,0,1,1,NA,0,1,NA,NA,403.1894349,1.256944739,-4.679511457,-3.058600599
202_185,202,NA,NA,2,1,1,2016,2,456550,5260001,1,1,47.49199204,-123.5768355,6/10/2016,6/24/2016,14,14,14,NA,NA,NA,NA,NA,NA,NA,NA,NA,NA,NA,NA,NA,NA,NA,NA,0,NA,0,0,0,NA,0,0,NA,NA,302.3029787,0.552553725,0.076906634,0.398321749
202_185,202,NA,NA,2,1,2,2016,2,456550,5260001,1,2,47.49199204,-123.5768355,6/24/2016,7/8/2016,14,14,2,NA,NA,NA,NA,NA,NA,NA,NA,NA,NA,NA,NA,NA,NA,NA,NA,0,NA,0,0,0,NA,0,0,NA,NA,72.69241241,-1.050591295,0.076906634,-2.564754549
202_185,202,NA,NA,2,1,3,2016,2,456550,5260001,1,3,47.49199204,-123.5768355,7/8/2016,7/26/2016,18,18,9,NA,NA,NA,NA,NA,NA,NA,NA,NA,NA,NA,NA,NA,NA,NA,NA,0,NA,0,0,0,NA,0,0,NA,NA,278.6714833,0.387558207,1.435883231,-0.836293375
202_190,202,NA,NA,2,1,1,2016,2,456230,5260982,2,1,47.50079716,-123.5811809,6/10/2016,6/24/2016,14,14,14,NA,NA,NA,NA,NA,NA,NA,NA,NA,NA,NA,NA,NA,NA,NA,NA,0,NA,0,0,0,NA,0,0,NA,NA,302.2536604,0.552209383,0.076906634,0.398321749
202_190,202,NA,NA,2,1,2,2016,2,456230,5260982,2,2,47.50079716,-123.5811809,6/24/2016,7/8/2016,14,14,2,NA,NA,NA,NA,NA,NA,NA,NA,NA,NA,NA,NA,NA,NA,NA,NA,0,NA,0,0,0,NA,0,0,NA,NA,72.68043936,-1.050674891,0.076906634,-2.564754549
202_190,202,NA,NA,2,1,3,2016,2,456230,5260982,2,3,47.50079716,-123.5811809,7/8/2016,7/26/2016,18,0,18,NA,NA,NA,NA,NA,NA,NA,NA,NA,NA,NA,NA,NA,NA,NA,NA,0,NA,0,0,0,NA,0,0,NA,NA,278.6372036,0.387318866,-4.679511457,1.386013849
202_187,202,NA,NA,2,1,1,2016,2,455322,5260333,3,1,47.49489605,-123.593171,6/10/2016,6/24/2016,14,14,14,NA,NA,NA,NA,NA,NA,NA,NA,NA,NA,NA,NA,NA,NA,NA,NA,0,NA,0,0,0,NA,0,0,NA,NA,302.2872968,0.552444233,0.076906634,0.398321749
202_187,202,NA,NA,2,1,2,2016,2,455322,5260333,3,2,47.49489605,-123.593171,6/24/2016,7/8/2016,14,14,14,NA,NA,NA,NA,NA,NA,NA,NA,NA,NA,NA,NA,NA,NA,NA,NA,0,NA,0,0,0,NA,0,0,NA,NA,72.68773736,-1.050623936,0.076906634,0.398321749
202_187,202,NA,NA,2,1,3,2016,2,455322,5260333,3,3,47.49489605,-123.593171,7/8/2016,7/26/2016,18,18,18,NA,NA,NA,NA,NA,NA,NA,NA,NA,NA,NA,NA,NA,NA,NA,NA,0,NA,0,0,0,NA,0,0,NA,NA,278.6609638,0.38748476,1.435883231,1.386013849
203_184,203,NA,NA,2,1,1,2016,2,465238,5259530,1,1,47.48827631,-123.4614621,5/27/2016,6/11/2016,15,15,15,NA,NA,NA,NA,NA,NA,NA,NA,NA,NA,NA,NA,NA,NA,NA,NA,0,NA,0,0,0,NA,0,0,NA,NA,43.56955077,-1.253927628,0.416650783,0.645244774
203_184,203,NA,NA,2,1,2,2016,2,465238,5259530,1,2,47.48827631,-123.4614621,6/11/2016,6/25/2016,14,14,14,NA,NA,NA,NA,NA,NA,NA,NA,NA,NA,NA,NA,NA,NA,NA,NA,0,NA,0,0,0,NA,0,0,NA,NA,317.7509284,0.660411582,0.076906634,0.398321749
203_184,203,NA,NA,2,1,3,2016,2,465238,5259530,1,3,47.48827631,-123.4614621,6/25/2016,7/9/2016,14,14,3,NA,NA,NA,NA,NA,NA,NA,NA,NA,NA,NA,NA,NA,NA,NA,NA,0,NA,0,0,0,NA,0,0,NA,NA,54.18340232,-1.179821529,0.076906634,-2.317831524
203_189,203,NA,NA,2,1,1,2016,2,465160,5260464,2,1,47.49667598,-123.4625713,5/27/2016,6/11/2016,15,15,15,NA,NA,NA,NA,NA,NA,NA,NA,NA,NA,NA,NA,NA,NA,NA,NA,0,NA,0,0,0,NA,0,0,NA,NA,43.5601472,-1.253993284,0.416650783,0.645244774
203_189,203,NA,NA,2,1,2,2016,2,465160,5260464,2,2,47.49667598,-123.4625713,6/11/2016,6/25/2016,14,14,14,NA,NA,NA,NA,NA,NA,NA,NA,NA,NA,NA,NA,NA,NA,NA,NA,0,NA,0,0,0,NA,0,0,NA,NA,317.7050051,0.660090944,0.076906634,0.398321749
203_189,203,NA,NA,2,1,3,2016,2,465160,5260464,2,3,47.49667598,-123.4625713,6/25/2016,7/9/2016,14,14,4,NA,NA,NA,NA,NA,NA,NA,NA,NA,NA,NA,NA,NA,NA,NA,NA,0,NA,0,0,0,NA,0,0,NA,NA,54.17504319,-1.179879893,0.076906634,-2.070908499
203_191,203,NA,NA,2,1,1,2016,2,464555,5261141,3,1,47.50273473,-123.4706581,5/27/2016,6/11/2016,15,15,7,NA,NA,NA,NA,NA,NA,NA,NA,NA,NA,NA,NA,NA,NA,NA,NA,0,NA,0,0,0,NA,0,0,NA,NA,43.55432853,-1.25403391,0.416650783,-1.330139425
204_195,204,NA,NA,2,1,1,2016,2,473169,5261340,1,1,47.50493769,-123.3562914,5/28/2016,6/12/2016,15,15,15,NA,NA,NA,NA,NA,NA,NA,NA,NA,NA,NA,NA,NA,NA,NA,NA,0,NA,0,0,0,NA,0,0,NA,NA,37.99867086,-1.29282361,0.416650783,0.645244774
204_195,204,NA,NA,2,1,2,2016,2,473169,5261340,1,2,47.50493769,-123.3562914,6/12/2016,6/26/2016,14,14,5,NA,NA,NA,NA,NA,NA,NA,NA,NA,NA,NA,NA,NA,NA,NA,NA,1,NA,0,0,0,NA,0,0,NA,NA,327.0032589,0.725011516,0.076906634,-1.823985474
204_195,204,NA,NA,2,1,3,2016,2,473169,5261340,1,3,47.50493769,-123.3562914,6/26/2016,7/10/2016,14,14,1,NA,NA,NA,NA,NA,NA,NA,NA,NA,NA,NA,NA,NA,NA,NA,NA,0,NA,0,0,0,NA,0,0,NA,NA,40.68030866,-1.274100367,0.076906634,-2.811677574
204_198,204,NA,NA,2,1,1,2016,2,474183,5263385,3,1,47.52337921,-123.3429466,5/28/2016,6/12/2016,15,15,14,NA,NA,NA,NA,NA,NA,NA,NA,NA,NA,NA,NA,NA,NA,NA,NA,0,NA,0,0,0,NA,0,0,NA,NA,37.9822312,-1.292938392,0.416650783,0.398321749
204_198,204,NA,NA,2,1,2,2016,2,474183,5263385,3,2,47.52337921,-123.3429466,6/12/2016,6/26/2016,14,14,4,NA,NA,NA,NA,NA,NA,NA,NA,NA,NA,NA,NA,NA,NA,NA,NA,0,NA,0,0,0,NA,0,0,NA,NA,326.9011183,0.724298369,0.076906634,-2.070908499
204_198,204,NA,NA,2,1,3,2016,2,474183,5263385,3,3,47.52337921,-123.3429466,6/26/2016,7/10/2016,14,14,1,NA,NA,NA,NA,NA,NA,NA,NA,NA,NA,NA,NA,NA,NA,NA,NA,0,NA,0,0,0,NA,0,0,NA,NA,40.6659171,-1.274200849,0.076906634,-2.811677574
205_123,205,NA,NA,2,1,1,2016,2,483892,5260807,1,1,47.50049579,-123.2138816,5/24/2016,6/8/2016,15,15,15,NA,NA,NA,NA,NA,NA,NA,NA,NA,NA,NA,NA,NA,NA,NA,NA,0,NA,0,0,0,NA,0,0,NA,NA,93.89034887,-0.902586929,0.416650783,0.645244774
205_123,205,NA,NA,2,1,2,2016,2,483892,5260807,1,2,47.50049579,-123.2138816,6/8/2016,6/22/2016,14,14,10,NA,NA,NA,NA,NA,NA,NA,NA,NA,NA,NA,NA,NA,NA,NA,NA,0,NA,0,0,0,NA,0,0,NA,NA,255.13172,0.223203165,0.076906634,-0.58937035
205_123,205,NA,NA,2,1,3,2016,2,483892,5260807,1,3,47.50049579,-123.2138816,6/22/2016,7/6/2016,14,14,5,NA,NA,NA,NA,NA,NA,NA,NA,NA,NA,NA,NA,NA,NA,NA,NA,0,NA,0,0,0,NA,0,0,NA,NA,123.051509,-0.698983195,0.076906634,-1.823985474
205_192,205,NA,NA,2,1,1,2016,2,482430,5261162,2,1,47.5036522,-123.233308,5/24/2016,6/8/2016,15,15,15,NA,NA,NA,NA,NA,NA,NA,NA,NA,NA,NA,NA,NA,NA,NA,NA,0,NA,0,0,0,NA,0,0,NA,NA,93.88074915,-0.902653954,0.416650783,0.645244774
205_192,205,NA,NA,2,1,2,2016,2,482430,5261162,2,2,47.5036522,-123.233308,6/8/2016,6/22/2016,14,14,14,NA,NA,NA,NA,NA,NA,NA,NA,NA,NA,NA,NA,NA,NA,NA,NA,0,NA,0,0,0,NA,0,0,NA,NA,255.1201562,0.223122427,0.076906634,0.398321749
205_192,205,NA,NA,2,1,3,2016,2,482430,5261162,2,3,47.5036522,-123.233308,6/22/2016,7/6/2016,14,14,14,NA,NA,NA,NA,NA,NA,NA,NA,NA,NA,NA,NA,NA,NA,NA,NA,0,NA,0,0,0,NA,0,0,NA,NA,123.0443412,-0.699033241,0.076906634,0.398321749
232_201,232,NA,NA,2,1,1,2016,2,404529,5267952,1,1,47.55796428,-124.2690556,7/20/2016,8/3/2016,14,14,14,NA,NA,NA,NA,NA,NA,NA,NA,NA,NA,NA,NA,NA,NA,NA,NA,0,NA,0,0,0,NA,0,0,NA,NA,197.3421419,-0.180284687,0.076906634,0.398321749
232_201,232,NA,NA,2,1,2,2016,2,404529,5267952,1,2,47.55796428,-124.2690556,8/3/2016,8/17/2016,14,14,14,NA,NA,NA,NA,NA,NA,NA,NA,NA,NA,NA,NA,NA,NA,NA,NA,0,NA,0,0,0,NA,0,0,NA,NA,148.0442119,-0.524483703,0.076906634,0.398321749
232_201,232,NA,NA,2,1,3,2016,2,404529,5267952,1,3,47.55796428,-124.2690556,8/17/2016,9/1/2016,15,15,15,NA,NA,NA,NA,NA,NA,NA,NA,NA,NA,NA,NA,NA,NA,NA,NA,0,NA,0,1,0,NA,0,1,NA,NA,271.1249005,0.334867833,0.416650783,0.645244774
236_205,236,NA,NA,2,1,1,2016,2,438148,5269722,1,1,47.57796277,-123.8224821,7/26/2016,8/8/2016,13,13,13,NA,NA,NA,NA,NA,NA,NA,NA,NA,NA,NA,NA,NA,NA,NA,NA,0,NA,0,0,0,NA,0,0,NA,NA,40.33661863,-1.276500017,-0.262837516,0.151398724
236_205,236,NA,NA,2,1,2,2016,2,438148,5269722,1,2,47.57796277,-123.8224821,8/8/2016,8/22/2016,14,14,14,NA,NA,NA,NA,NA,NA,NA,NA,NA,NA,NA,NA,NA,NA,NA,NA,0,NA,0,0,0,NA,0,0,NA,NA,336.6465097,0.792340863,0.076906634,0.398321749
236_205,236,NA,NA,2,1,3,2016,2,438148,5269722,1,3,47.57796277,-123.8224821,8/22/2016,9/2/2016,11,11,11,NA,NA,NA,NA,NA,NA,NA,NA,NA,NA,NA,NA,NA,NA,NA,NA,0,NA,0,0,0,NA,0,0,NA,NA,125.720881,-0.680345593,-0.942325815,-0.342447325
236_211,236,NA,NA,2,1,1,2016,2,438800,5270612,2,1,47.58603188,-123.8139371,7/26/2016,8/8/2016,13,13,13,NA,NA,NA,NA,NA,NA,NA,NA,NA,NA,NA,NA,NA,NA,NA,NA,0,NA,0,0,0,NA,0,0,NA,NA,40.33512784,-1.276510426,-0.262837516,0.151398724
236_211,236,NA,NA,2,1,2,2016,2,438800,5270612,2,2,47.58603188,-123.8139371,8/8/2016,8/22/2016,14,14,14,NA,NA,NA,NA,NA,NA,NA,NA,NA,NA,NA,NA,NA,NA,NA,NA,0,NA,0,0,0,NA,0,0,NA,NA,336.624718,0.792188713,0.076906634,0.398321749
236_211,236,NA,NA,2,1,3,2016,2,438800,5270612,2,3,47.58603188,-123.8139371,8/22/2016,9/2/2016,11,11,11,NA,NA,NA,NA,NA,NA,NA,NA,NA,NA,NA,NA,NA,NA,NA,NA,0,NA,0,0,0,NA,0,0,NA,NA,125.7233111,-0.680328626,-0.942325815,-0.342447325
237_206,237,NA,NA,2,1,1,2016,2,451355,5270055,1,1,47.58208368,-123.6469109,7/25/2016,8/6/2016,12,12,12,NA,NA,NA,NA,NA,NA,NA,NA,NA,NA,NA,NA,NA,NA,NA,NA,0,NA,0,1,0,NA,0,1,NA,NA,61.16305894,-1.131089444,-0.602581665,-0.0955243
237_206,237,NA,NA,2,1,2,2016,2,451355,5270055,1,2,47.58208368,-123.6469109,8/6/2016,8/20/2016,14,14,14,NA,NA,NA,NA,NA,NA,NA,NA,NA,NA,NA,NA,NA,NA,NA,NA,0,NA,0,1,0,NA,0,1,NA,NA,270.0979479,0.327697632,0.076906634,0.398321749
237_206,237,NA,NA,2,1,3,2016,2,451355,5270055,1,3,47.58208368,-123.6469109,8/20/2016,9/4/2016,15,15,15,NA,NA,NA,NA,NA,NA,NA,NA,NA,NA,NA,NA,NA,NA,NA,NA,0,NA,0,1,0,NA,0,1,NA,NA,156.9387362,-0.462381978,0.416650783,0.645244774
237_214,237,NA,NA,2,1,1,2016,2,451643,5270925,2,1,47.58993284,-123.6431771,7/25/2016,8/6/2016,12,12,12,NA,NA,NA,NA,NA,NA,NA,NA,NA,NA,NA,NA,NA,NA,NA,NA,0,NA,0,0,0,NA,0,0,NA,NA,61.16132348,-1.131101561,-0.602581665,-0.0955243
237_214,237,NA,NA,2,1,2,2016,2,451643,5270925,2,2,47.58993284,-123.6431771,8/6/2016,8/20/2016,14,14,14,NA,NA,NA,NA,NA,NA,NA,NA,NA,NA,NA,NA,NA,NA,NA,NA,0,NA,0,0,0,NA,0,0,NA,NA,270.0730497,0.327523793,0.076906634,0.398321749
237_214,237,NA,NA,2,1,3,2016,2,451643,5270925,2,3,47.58993284,-123.6431771,8/20/2016,9/4/2016,15,15,15,NA,NA,NA,NA,NA,NA,NA,NA,NA,NA,NA,NA,NA,NA,NA,NA,0,NA,0,0,0,NA,0,0,NA,NA,156.9386684,-0.462382451,0.416650783,0.645244774
237_202,237,NA,NA,2,1,1,2016,2,449490,5268556,3,1,47.56845427,-123.6715387,7/25/2016,8/6/2016,12,12,12,NA,NA,NA,NA,NA,NA,NA,NA,NA,NA,NA,NA,NA,NA,NA,NA,0,NA,0,1,0,NA,0,1,NA,NA,61.16677486,-1.131063499,-0.602581665,-0.0955243
237_202,237,NA,NA,2,1,2,2016,2,449490,5268556,3,2,47.56845427,-123.6715387,8/6/2016,8/20/2016,14,14,14,NA,NA,NA,NA,NA,NA,NA,NA,NA,NA,NA,NA,NA,NA,NA,NA,0,NA,0,0,0,NA,0,0,NA,NA,270.1386593,0.32798188,0.076906634,0.398321749
237_202,237,NA,NA,2,1,3,2016,2,449490,5268556,3,3,47.56845427,-123.6715387,8/20/2016,9/4/2016,15,15,15,NA,NA,NA,NA,NA,NA,NA,NA,NA,NA,NA,NA,NA,NA,NA,NA,0,NA,0,1,0,NA,0,1,NA,NA,156.9370366,-0.462393844,0.416650783,0.645244774
238_204,238,NA,NA,2,1,1,2016,2,457415,5269422,1,1,47.57681451,-123.5662643,7/20/2016,8/3/2016,14,14,4,NA,NA,NA,NA,NA,NA,NA,NA,NA,NA,NA,NA,NA,NA,NA,NA,0,NA,0,0,0,NA,0,0,NA,NA,197.3631686,-0.180137878,0.076906634,-2.070908499
241_210,241,NA,NA,2,1,1,2016,2,489113,5270518,1,1,47.58798251,-123.144798,9/14/2016,9/28/2016,14,14,14,NA,NA,NA,NA,NA,NA,NA,NA,NA,NA,NA,NA,NA,NA,NA,NA,0,NA,0,0,0,NA,0,0,NA,NA,385.2878225,1.131955366,0.076906634,0.398321749
241_210,241,NA,NA,2,1,2,2016,2,489113,5270518,1,2,47.58798251,-123.144798,9/28/2016,10/19/2016,21,21,21,NA,NA,NA,NA,NA,NA,NA,NA,NA,NA,NA,NA,NA,NA,NA,NA,0,NA,0,0,0,NA,0,0,NA,NA,270.86397,0.333046012,2.455115679,2.126782923
241_210,241,NA,NA,2,1,3,2016,2,489113,5270518,1,3,47.58798251,-123.144798,10/19/2016,10/29/2016,10,10,10,NA,NA,NA,NA,NA,NA,NA,NA,NA,NA,NA,NA,NA,NA,NA,NA,0,NA,0,0,0,NA,0,0,NA,NA,210.064801,-0.091454857,-1.282069964,-0.58937035
241_215,241,NA,NA,2,1,1,2016,2,486336,5271221,2,1,47.59425539,-123.181754,9/14/2016,9/28/2016,14,14,14,NA,NA,NA,NA,NA,NA,NA,NA,NA,NA,NA,NA,NA,NA,NA,NA,0,NA,0,0,0,NA,0,0,NA,NA,385.2873561,1.13195211,0.076906634,0.398321749
241_215,241,NA,NA,2,1,2,2016,2,486336,5271221,2,2,47.59425539,-123.181754,9/28/2016,10/19/2016,21,21,21,NA,NA,NA,NA,NA,NA,NA,NA,NA,NA,NA,NA,NA,NA,NA,NA,0,NA,0,0,0,NA,0,0,NA,NA,270.8683348,0.333076487,2.455115679,2.126782923
241_215,241,NA,NA,2,1,3,2016,2,486336,5271221,2,3,47.59425539,-123.181754,10/19/2016,10/29/2016,10,10,10,NA,NA,NA,NA,NA,NA,NA,NA,NA,NA,NA,NA,NA,NA,NA,NA,1,NA,0,0,0,NA,0,0,NA,NA,210.0732894,-0.091395591,-1.282069964,-0.58937035
268_228,268,NA,NA,2,1,1,2016,2,399685,5278233,1,1,47.64971524,-124.33578,8/5/2016,8/19/2016,14,14,14,NA,NA,NA,NA,NA,NA,NA,NA,NA,NA,NA,NA,NA,NA,NA,NA,0,NA,0,1,0,NA,0,1,NA,NA,230.6533383,0.052294673,0.076906634,0.398321749
268_228,268,NA,NA,2,1,2,2016,2,399685,5278233,1,2,47.64971524,-124.33578,8/19/2016,9/2/2016,14,14,14,NA,NA,NA,NA,NA,NA,NA,NA,NA,NA,NA,NA,NA,NA,NA,NA,0,NA,0,1,0,NA,0,1,NA,NA,207.5384319,-0.109094011,0.076906634,0.398321749
268_228,268,NA,NA,2,1,3,2016,2,399685,5278233,1,3,47.64971524,-124.33578,9/2/2016,9/16/2016,14,14,1,NA,NA,NA,NA,NA,NA,NA,NA,NA,NA,NA,NA,NA,NA,NA,NA,0,NA,0,1,0,NA,0,1,NA,NA,193.9773268,-0.203777886,0.076906634,-2.811677574
268_222,268,NA,NA,2,1,1,2016,2,400933,5276422,3,1,47.63361689,-124.3187563,8/5/2016,8/19/2016,14,14,14,NA,NA,NA,NA,NA,NA,NA,NA,NA,NA,NA,NA,NA,NA,NA,NA,0,NA,0,0,0,NA,0,0,NA,NA,230.69828,0.052608457,0.076906634,0.398321749
268_222,268,NA,NA,2,1,2,2016,2,400933,5276422,3,2,47.63361689,-124.3187563,8/19/2016,9/2/2016,14,14,14,NA,NA,NA,NA,NA,NA,NA,NA,NA,NA,NA,NA,NA,NA,NA,NA,0,NA,0,0,0,NA,0,0,NA,NA,207.5416029,-0.109071871,0.076906634,0.398321749
268_222,268,NA,NA,2,1,3,2016,2,400933,5276422,3,3,47.63361689,-124.3187563,9/2/2016,9/16/2016,14,14,14,NA,NA,NA,NA,NA,NA,NA,NA,NA,NA,NA,NA,NA,NA,NA,NA,0,NA,0,1,0,NA,0,1,NA,NA,193.9958538,-0.20364853,0.076906634,0.398321749
270_232,270,NA,NA,2,1,1,2016,2,418605,5279561,2,1,47.66431854,-124.0841432,9/14/2016,9/28/2016,14,14,14,NA,NA,NA,NA,NA,NA,NA,NA,NA,NA,NA,NA,NA,NA,NA,NA,0,NA,0,0,0,NA,0,0,NA,NA,385.2911964,1.131978923,0.076906634,0.398321749
270_232,270,NA,NA,2,1,2,2016,2,418605,5279561,2,2,47.66431854,-124.0841432,9/28/2016,10/12/2016,14,14,14,NA,NA,NA,NA,NA,NA,NA,NA,NA,NA,NA,NA,NA,NA,NA,NA,0,NA,0,0,0,NA,0,0,NA,NA,78.49864728,-1.010052061,0.076906634,0.398321749
270_232,270,NA,NA,2,1,3,2016,2,418605,5279561,2,3,47.66431854,-124.0841432,10/12/2016,10/26/2016,14,14,14,NA,NA,NA,NA,NA,NA,NA,NA,NA,NA,NA,NA,NA,NA,NA,NA,0,NA,0,0,0,NA,0,0,NA,NA,473.8056143,1.749988148,0.076906634,0.398321749
270_227,270,NA,NA,2,1,1,2016,2,416812,5277855,3,1,47.64874317,-124.1076959,9/14/2016,9/28/2016,14,14,4,NA,NA,NA,NA,NA,NA,NA,NA,NA,NA,NA,NA,NA,NA,NA,NA,0,NA,0,0,0,NA,0,0,NA,NA,385.2785892,1.131890899,0.076906634,-2.070908499
271_220,271,NA,NA,2,1,1,2016,2,425614,5276006,1,1,47.63318046,-123.990197,7/21/2016,8/4/2016,14,14,14,NA,NA,NA,NA,NA,NA,NA,NA,NA,NA,NA,NA,NA,NA,NA,NA,0,NA,0,0,0,NA,0,0,NA,NA,161.6745096,-0.429316724,0.076906634,0.398321749
271_220,271,NA,NA,2,1,2,2016,2,425614,5276006,1,2,47.63318046,-123.990197,8/4/2016,8/18/2016,14,14,14,NA,NA,NA,NA,NA,NA,NA,NA,NA,NA,NA,NA,NA,NA,NA,NA,0,NA,0,0,0,NA,0,0,NA,NA,189.0316271,-0.238308848,0.076906634,0.398321749
271_220,271,NA,NA,2,1,3,2016,2,425614,5276006,1,3,47.63318046,-123.990197,8/18/2016,9/3/2016,16,16,16,NA,NA,NA,NA,NA,NA,NA,NA,NA,NA,NA,NA,NA,NA,NA,NA,0,NA,0,0,0,NA,0,0,NA,NA,218.1371582,-0.035093517,0.756394932,0.892167799
271_221,271,NA,NA,2,1,1,2016,2,426688,5276334,2,1,47.63625379,-123.9759574,7/21/2016,8/4/2016,14,14,14,NA,NA,NA,NA,NA,NA,NA,NA,NA,NA,NA,NA,NA,NA,NA,NA,0,NA,0,0,0,NA,0,0,NA,NA,161.671083,-0.429340649,0.076906634,0.398321749
271_221,271,NA,NA,2,1,2,2016,2,426688,5276334,2,2,47.63625379,-123.9759574,8/4/2016,8/18/2016,14,14,14,NA,NA,NA,NA,NA,NA,NA,NA,NA,NA,NA,NA,NA,NA,NA,NA,0,NA,0,0,0,NA,0,0,NA,NA,189.0233961,-0.238366317,0.076906634,0.398321749
271_221,271,NA,NA,2,1,3,2016,2,426688,5276334,2,3,47.63625379,-123.9759574,8/18/2016,9/3/2016,16,16,16,NA,NA,NA,NA,NA,NA,NA,NA,NA,NA,NA,NA,NA,NA,NA,NA,0,NA,0,0,0,NA,0,0,NA,NA,218.1368007,-0.035096013,0.756394932,0.892167799
271_223,271,NA,NA,2,1,1,2016,2,428301,5276863,3,1,47.64119359,-123.9545743,7/21/2016,8/4/2016,14,14,14,NA,NA,NA,NA,NA,NA,NA,NA,NA,NA,NA,NA,NA,NA,NA,NA,0,NA,0,0,0,NA,0,0,NA,NA,161.6659901,-0.429376208,0.076906634,0.398321749
271_223,271,NA,NA,2,1,2,2016,2,428301,5276863,3,2,47.64119359,-123.9545743,8/4/2016,8/18/2016,14,14,14,NA,NA,NA,NA,NA,NA,NA,NA,NA,NA,NA,NA,NA,NA,NA,NA,1,NA,0,0,0,NA,0,0,NA,NA,189.0087597,-0.238468509,0.076906634,0.398321749
271_223,271,NA,NA,2,1,3,2016,2,428301,5276863,3,3,47.64119359,-123.9545743,8/18/2016,9/3/2016,16,13,16,NA,NA,NA,NA,NA,NA,NA,NA,NA,NA,NA,NA,NA,NA,NA,NA,0,NA,0,0,0,NA,0,0,NA,NA,218.13689,-0.03509539,-0.262837516,0.892167799
272_231,272,NA,NA,2,1,1,2016,2,434341,5278949,1,1,47.66060154,-123.8744833,7/22/2016,8/5/2016,14,14,14,NA,NA,NA,NA,NA,NA,NA,NA,NA,NA,NA,NA,NA,NA,NA,NA,0,NA,0,1,0,NA,0,1,NA,NA,128.9539945,-0.657771937,0.076906634,0.398321749
272_231,272,NA,NA,2,1,2,2016,2,434341,5278949,1,2,47.66060154,-123.8744833,8/5/2016,8/19/2016,14,14,14,NA,NA,NA,NA,NA,NA,NA,NA,NA,NA,NA,NA,NA,NA,NA,NA,0,NA,0,1,0,NA,0,1,NA,NA,230.6077221,0.05197618,0.076906634,0.398321749
272_231,272,NA,NA,2,1,3,2016,2,434341,5278949,1,3,47.66060154,-123.8744833,8/19/2016,9/5/2016,17,17,10,NA,NA,NA,NA,NA,NA,NA,NA,NA,NA,NA,NA,NA,NA,NA,NA,0,NA,0,1,0,NA,0,1,NA,NA,171.5004181,-0.360712058,1.096139082,-0.58937035
272_230,272,NA,NA,2,1,1,2016,2,434784,5278925,2,1,47.66043044,-123.8685803,7/22/2016,8/5/2016,14,14,14,NA,NA,NA,NA,NA,NA,NA,NA,NA,NA,NA,NA,NA,NA,NA,NA,0,NA,0,1,0,NA,0,1,NA,NA,128.9551066,-0.657764173,0.076906634,0.398321749
272_230,272,NA,NA,2,1,2,2016,2,434784,5278925,2,2,47.66043044,-123.8685803,8/5/2016,8/19/2016,14,14,14,NA,NA,NA,NA,NA,NA,NA,NA,NA,NA,NA,NA,NA,NA,NA,NA,0,NA,0,1,0,NA,0,1,NA,NA,230.6081705,0.051979311,0.076906634,0.398321749
272_230,272,NA,NA,2,1,3,2016,2,434784,5278925,2,3,47.66043044,-123.8685803,8/19/2016,9/5/2016,17,17,17,NA,NA,NA,NA,NA,NA,NA,NA,NA,NA,NA,NA,NA,NA,NA,NA,0,NA,0,1,0,NA,0,1,NA,NA,171.4994688,-0.360718686,1.096139082,1.139090824
278_226,278,NA,NA,2,1,1,2016,2,494180,5277768,1,1,47.65328167,-123.0775029,7/24/2016,8/7/2016,14,14,14,NA,NA,NA,NA,NA,NA,NA,NA,NA,NA,NA,NA,NA,NA,NA,NA,0,NA,0,0,0,NA,0,0,NA,NA,75.01834196,-1.034351614,0.076906634,0.398321749
278_226,278,NA,NA,2,1,2,2016,2,494180,5277768,1,2,47.65328167,-123.0775029,8/7/2016,8/21/2016,14,14,14,NA,NA,NA,NA,NA,NA,NA,NA,NA,NA,NA,NA,NA,NA,NA,NA,0,NA,0,0,0,NA,0,0,NA,NA,305.5014461,0.57488548,0.076906634,0.398321749
278_226,278,NA,NA,2,1,3,2016,2,494180,5277768,1,3,47.65328167,-123.0775029,8/21/2016,9/5/2016,15,15,15,NA,NA,NA,NA,NA,NA,NA,NA,NA,NA,NA,NA,NA,NA,NA,NA,0,NA,0,0,0,NA,0,0,NA,NA,123.3845188,-0.696658115,0.416650783,0.645244774
278_125,278,NA,NA,2,1,1,2016,2,492422,5276021,2,1,47.63754443,-123.1008833,7/24/2016,8/7/2016,14,14,14,NA,NA,NA,NA,NA,NA,NA,NA,NA,NA,NA,NA,NA,NA,NA,NA,0,NA,0,0,0,NA,0,0,NA,NA,75.02394192,-1.034312515,0.076906634,0.398321749
278_125,278,NA,NA,2,1,2,2016,2,492422,5276021,2,2,47.63754443,-123.1008833,8/7/2016,8/21/2016,14,14,14,NA,NA,NA,NA,NA,NA,NA,NA,NA,NA,NA,NA,NA,NA,NA,NA,0,NA,0,0,0,NA,0,0,NA,NA,305.5530218,0.575245583,0.076906634,0.398321749
278_125,278,NA,NA,2,1,3,2016,2,492422,5276021,2,3,47.63754443,-123.1008833,8/21/2016,9/5/2016,15,15,15,NA,NA,NA,NA,NA,NA,NA,NA,NA,NA,NA,NA,NA,NA,NA,NA,0,NA,0,0,0,NA,0,0,NA,NA,123.3829584,-0.69666901,0.416650783,0.645244774
278_224,278,NA,NA,2,1,1,2016,2,493112,5276933,3,1,47.64575807,-123.0917119,7/24/2016,8/7/2016,14,14,14,NA,NA,NA,NA,NA,NA,NA,NA,NA,NA,NA,NA,NA,NA,NA,NA,0,NA,0,0,0,NA,0,0,NA,NA,75.02085748,-1.03433405,0.076906634,0.398321749
278_224,278,NA,NA,2,1,2,2016,2,493112,5276933,3,2,47.64575807,-123.0917119,8/7/2016,8/21/2016,14,14,14,NA,NA,NA,NA,NA,NA,NA,NA,NA,NA,NA,NA,NA,NA,NA,NA,0,NA,0,0,0,NA,0,0,NA,NA,305.5284428,0.575073972,0.076906634,0.398321749
278_224,278,NA,NA,2,1,3,2016,2,493112,5276933,3,3,47.64575807,-123.0917119,8/21/2016,9/5/2016,15,15,15,NA,NA,NA,NA,NA,NA,NA,NA,NA,NA,NA,NA,NA,NA,NA,NA,0,NA,0,0,0,NA,0,0,NA,NA,123.3823537,-0.696673232,0.416650783,0.645244774
314_236,314,NA,NA,2,1,1,2016,2,441557,5283109,3,1,47.6987207,-123.7789433,7/24/2016,8/6/2016,13,13,13,NA,NA,NA,NA,NA,NA,NA,NA,NA,NA,NA,NA,NA,NA,NA,NA,0,NA,0,0,0,NA,0,0,NA,NA,79.80543675,-1.000928033,-0.262837516,0.151398724
314_236,314,NA,NA,2,1,2,2016,2,441557,5283109,3,2,47.6987207,-123.7789433,8/6/2016,8/20/2016,14,14,14,NA,NA,NA,NA,NA,NA,NA,NA,NA,NA,NA,NA,NA,NA,NA,NA,0,NA,0,0,0,NA,0,0,NA,NA,269.7603828,0.325340747,0.076906634,0.398321749
314_236,314,NA,NA,2,1,3,2016,2,441557,5283109,3,3,47.6987207,-123.7789433,8/20/2016,9/4/2016,15,15,15,NA,NA,NA,NA,NA,NA,NA,NA,NA,NA,NA,NA,NA,NA,NA,NA,0,NA,0,0,0,NA,0,0,NA,NA,156.9286147,-0.462452646,0.416650783,0.645244774
316_250,316,NA,NA,2,1,1,2016,2,461026,5287482,1,1,47.73953374,-123.5198605,5/27/2016,6/11/2016,15,15,15,NA,NA,NA,NA,NA,NA,NA,NA,NA,NA,NA,NA,NA,NA,NA,NA,0,NA,0,0,0,NA,0,0,NA,NA,43.30458011,-1.255777658,0.416650783,0.645244774
316_250,316,NA,NA,2,1,2,2016,2,461026,5287482,1,2,47.73953374,-123.5198605,6/11/2016,6/26/2016,15,15,11,NA,NA,NA,NA,NA,NA,NA,NA,NA,NA,NA,NA,NA,NA,NA,NA,0,NA,0,0,0,NA,0,0,NA,NA,310.3950691,0.609052842,0.416650783,-0.342447325
316_250,316,NA,NA,2,1,3,2016,2,461026,5287482,1,3,47.73953374,-123.5198605,6/26/2016,7/9/2016,13,13,5,NA,NA,NA,NA,NA,NA,NA,NA,NA,NA,NA,NA,NA,NA,NA,NA,0,NA,0,0,0,NA,0,0,NA,NA,40.63731858,-1.274400525,-0.262837516,-1.823985474
317_246,317,NA,NA,2,1,1,2016,2,466508,5287370,1,1,47.73883397,-123.4467319,5/26/2016,6/10/2016,15,15,15,NA,NA,NA,NA,NA,NA,NA,NA,NA,NA,NA,NA,NA,NA,NA,NA,0,NA,0,0,0,NA,0,0,NA,NA,54.47039585,-1.177817735,0.416650783,0.645244774
317_246,317,NA,NA,2,1,2,2016,2,466508,5287370,1,2,47.73883397,-123.4467319,6/10/2016,6/27/2016,17,17,4,NA,NA,NA,NA,NA,NA,NA,NA,NA,NA,NA,NA,NA,NA,NA,NA,0,NA,0,0,0,NA,0,0,NA,NA,288.13337,0.453621267,1.096139082,-2.070908499
317_246,317,NA,NA,2,2,1,2016,2,466530,5287327,1,3,47.73844822,-123.4464351,6/27/2016,7/8/2016,11,11,11,NA,NA,NA,NA,NA,NA,NA,NA,NA,NA,NA,NA,NA,NA,NA,NA,0,NA,0,0,0,NA,1,0,NA,NA,29.92312015,-1.349207247,-0.942325815,-0.342447325
317_243,317,NA,NA,2,1,1,2016,2,466734,5286404,2,1,47.73015423,-123.4436436,5/26/2016,6/10/2016,15,15,15,NA,NA,NA,NA,NA,NA,NA,NA,NA,NA,NA,NA,NA,NA,NA,NA,0,NA,0,0,0,NA,0,0,NA,NA,54.48393087,-1.177723234,0.416650783,0.645244774
317_243,317,NA,NA,2,1,2,2016,2,466734,5286404,2,2,47.73015423,-123.4436436,6/10/2016,6/27/2016,17,17,17,NA,NA,NA,NA,NA,NA,NA,NA,NA,NA,NA,NA,NA,NA,NA,NA,0,NA,0,0,0,NA,0,0,NA,NA,288.1780703,0.453933365,1.096139082,1.139090824
317_243,317,NA,NA,2,1,3,2016,2,466734,5286404,2,3,47.73015423,-123.4436436,6/27/2016,7/8/2016,11,11,11,NA,NA,NA,NA,NA,NA,NA,NA,NA,NA,NA,NA,NA,NA,NA,NA,0,NA,0,0,0,NA,0,0,NA,NA,29.92622917,-1.34918554,-0.942325815,-0.342447325
317_241,317,NA,NA,2,1,1,2016,2,466938,5285426,3,1,47.72136531,-123.4408489,5/26/2016,6/10/2016,15,15,15,NA,NA,NA,NA,NA,NA,NA,NA,NA,NA,NA,NA,NA,NA,NA,NA,0,NA,0,0,0,NA,0,0,NA,NA,54.4941005,-1.177652229,0.416650783,0.645244774
317_241,317,NA,NA,2,1,2,2016,2,466938,5285426,3,2,47.72136531,-123.4408489,6/10/2016,6/27/2016,17,17,17,NA,NA,NA,NA,NA,NA,NA,NA,NA,NA,NA,NA,NA,NA,NA,NA,0,NA,0,0,0,NA,0,0,NA,NA,288.2251087,0.454261788,1.096139082,1.139090824
317_241,317,NA,NA,2,1,3,2016,2,466938,5285426,3,3,47.72136531,-123.4408489,6/27/2016,7/8/2016,11,11,11,NA,NA,NA,NA,NA,NA,NA,NA,NA,NA,NA,NA,NA,NA,NA,NA,0,NA,0,0,0,NA,0,0,NA,NA,29.930746,-1.349154003,-0.942325815,-0.342447325
318_242,318,NA,NA,2,1,1,2016,2,480197,5285768,1,1,47.72498544,-123.2640714,7/21/2016,8/4/2016,14,14,14,NA,NA,NA,NA,NA,NA,NA,NA,NA,NA,NA,NA,NA,NA,NA,NA,0,NA,0,0,0,NA,0,0,NA,NA,161.5858433,-0.429935794,0.076906634,0.398321749
318_242,318,NA,NA,2,1,2,2016,2,480197,5285768,1,2,47.72498544,-123.2640714,8/4/2016,8/18/2016,14,14,14,NA,NA,NA,NA,NA,NA,NA,NA,NA,NA,NA,NA,NA,NA,NA,NA,0,NA,0,0,0,NA,0,0,NA,NA,188.7717869,-0.240123057,0.076906634,0.398321749
318_242,318,NA,NA,2,1,3,2016,2,480197,5285768,1,3,47.72498544,-123.2640714,8/18/2016,9/2/2016,15,15,15,NA,NA,NA,NA,NA,NA,NA,NA,NA,NA,NA,NA,NA,NA,NA,NA,0,NA,0,0,0,NA,0,0,NA,NA,232.6716219,0.066386365,0.416650783,0.645244774
319_245,319,NA,NA,2,1,1,2016,2,487525,5287316,1,1,47.73909693,-123.1663981,7/21/2016,8/3/2016,13,13,13,NA,NA,NA,NA,NA,NA,NA,NA,NA,NA,NA,NA,NA,NA,NA,NA,0,NA,0,0,0,NA,0,0,NA,NA,173.9956606,-0.343290231,-0.262837516,0.151398724
319_245,319,NA,NA,2,1,2,2016,2,487525,5287316,1,2,47.73909693,-123.1663981,8/3/2016,8/17/2016,14,14,14,NA,NA,NA,NA,NA,NA,NA,NA,NA,NA,NA,NA,NA,NA,NA,NA,0,NA,0,0,0,NA,0,0,NA,NA,147.6036787,-0.527559514,0.076906634,0.398321749
319_245,319,NA,NA,2,1,3,2016,2,487525,5287316,1,3,47.73909693,-123.1663981,8/17/2016,9/4/2016,18,18,18,NA,NA,NA,NA,NA,NA,NA,NA,NA,NA,NA,NA,NA,NA,NA,NA,1,NA,0,0,0,NA,0,0,NA,NA,226.0184933,0.019934104,1.435883231,1.386013849
319_249,319,NA,NA,2,1,1,2016,2,485026,5287546,3,1,47.74111319,-123.1997387,7/21/2016,8/3/2016,13,13,13,NA,NA,NA,NA,NA,NA,NA,NA,NA,NA,NA,NA,NA,NA,NA,NA,0,NA,0,0,0,NA,0,0,NA,NA,173.9907108,-0.343324791,-0.262837516,0.151398724
319_249,319,NA,NA,2,1,2,2016,2,485026,5287546,3,2,47.74111319,-123.1997387,8/3/2016,8/17/2016,14,14,14,NA,NA,NA,NA,NA,NA,NA,NA,NA,NA,NA,NA,NA,NA,NA,NA,0,NA,0,0,0,NA,0,0,NA,NA,147.6012371,-0.527576561,0.076906634,0.398321749
319_249,319,NA,NA,2,1,3,2016,2,485026,5287546,3,3,47.74111319,-123.1997387,8/17/2016,9/4/2016,18,18,18,NA,NA,NA,NA,NA,NA,NA,NA,NA,NA,NA,NA,NA,NA,NA,NA,0,NA,0,0,0,NA,0,0,NA,NA,226.0147624,0.019908054,1.435883231,1.386013849
321_237,321,NA,NA,2,1,1,2016,2,505777,5284314,1,1,47.71218086,-122.9229831,7/26/2016,8/8/2016,13,13,4,NA,NA,NA,NA,NA,NA,NA,NA,NA,NA,NA,NA,NA,NA,NA,NA,0,NA,0,0,0,NA,0,0,NA,NA,40.32588528,-1.276574957,-0.262837516,-2.070908499
321_237,321,NA,NA,2,1,2,2016,2,505777,5284314,1,2,47.71218086,-122.9229831,8/8/2016,8/23/2016,15,15,15,NA,NA,NA,NA,NA,NA,NA,NA,NA,NA,NA,NA,NA,NA,NA,NA,0,NA,0,0,0,NA,0,0,NA,NA,340.0366023,0.816010549,0.416650783,0.645244774
321_237,321,NA,NA,2,1,3,2016,2,505777,5284314,1,3,47.71218086,-122.9229831,8/23/2016,9/5/2016,13,13,7,NA,NA,NA,NA,NA,NA,NA,NA,NA,NA,NA,NA,NA,NA,NA,NA,0,NA,0,0,0,NA,0,0,NA,NA,76.93084873,-1.020998458,-0.262837516,-1.330139425
321_248,321,NA,NA,2,1,1,2016,2,504191,5287489,2,1,47.74076052,-122.9440965,7/26/2016,8/8/2016,13,13,13,NA,NA,NA,NA,NA,NA,NA,NA,NA,NA,NA,NA,NA,NA,NA,NA,0,NA,0,0,0,NA,0,0,NA,NA,40.31890068,-1.276623724,-0.262837516,0.151398724
321_248,321,NA,NA,2,1,2,2016,2,504191,5287489,2,2,47.74076052,-122.9440965,8/8/2016,8/23/2016,15,15,10,NA,NA,NA,NA,NA,NA,NA,NA,NA,NA,NA,NA,NA,NA,NA,NA,0,NA,0,0,0,NA,0,0,NA,NA,339.9523303,0.815422161,0.416650783,-0.58937035
321_248,321,NA,NA,2,1,3,2016,2,504191,5287489,2,3,47.74076052,-122.9440965,8/23/2016,9/5/2016,13,13,6,NA,NA,NA,NA,NA,NA,NA,NA,NA,NA,NA,NA,NA,NA,NA,NA,0,NA,0,0,0,NA,0,0,NA,NA,76.93631209,-1.020960312,-0.262837516,-1.57706245
321_240,321,NA,NA,2,1,1,2016,2,506150,5285442,3,1,47.72232673,-122.9179944,7/26/2016,8/8/2016,13,13,6,NA,NA,NA,NA,NA,NA,NA,NA,NA,NA,NA,NA,NA,NA,NA,NA,0,NA,0,1,0,NA,0,1,NA,NA,40.32322388,-1.276593539,-0.262837516,-1.57706245
353_266,353,NA,NA,2,1,1,2016,2,401006,5295289,1,1,47.80334124,-124.3220719,7/11/2016,7/25/2016,14,14,14,NA,NA,NA,NA,NA,NA,NA,NA,NA,NA,NA,NA,NA,NA,NA,NA,0,NA,1,0,0,NA,0,0,NA,NA,330.3817999,0.748600549,0.076906634,0.398321749
353_266,353,NA,NA,2,1,2,2016,2,401006,5295289,1,2,47.80334124,-124.3220719,7/25/2016,8/8/2016,14,14,14,NA,NA,NA,NA,NA,NA,NA,NA,NA,NA,NA,NA,NA,NA,NA,NA,0,NA,0,0,0,NA,0,0,NA,NA,54.98896659,-1.174197065,0.076906634,0.398321749
353_266,353,NA,NA,2,1,3,2016,2,401006,5295289,1,3,47.80334124,-124.3220719,8/8/2016,8/22/2016,14,1,14,NA,NA,NA,NA,NA,NA,NA,NA,NA,NA,NA,NA,NA,NA,NA,NA,0,NA,0,0,0,NA,0,0,NA,NA,335.9600196,0.787547777,-4.339767308,0.398321749
353_265,353,NA,NA,2,1,1,2016,2,401120,5294395,2,1,47.79531714,-124.3203461,7/11/2016,7/25/2016,14,14,14,NA,NA,NA,NA,NA,NA,NA,NA,NA,NA,NA,NA,NA,NA,NA,NA,0,NA,0,1,0,NA,0,1,NA,NA,330.4242584,0.748896995,0.076906634,0.398321749
353_265,353,NA,NA,2,1,2,2016,2,401120,5294395,2,2,47.79531714,-124.3203461,7/25/2016,8/8/2016,14,14,14,NA,NA,NA,NA,NA,NA,NA,NA,NA,NA,NA,NA,NA,NA,NA,NA,0,NA,0,1,0,NA,0,1,NA,NA,54.99082324,-1.174184102,0.076906634,0.398321749
353_265,353,NA,NA,2,1,3,2016,2,401120,5294395,2,3,47.79531714,-124.3203461,8/8/2016,8/22/2016,14,14,14,NA,NA,NA,NA,NA,NA,NA,NA,NA,NA,NA,NA,NA,NA,NA,NA,0,NA,0,1,0,NA,0,1,NA,NA,335.9834593,0.787711434,0.076906634,0.398321749
353_260,353,NA,NA,2,1,1,2016,2,398037,5293312,3,1,47.78509473,-124.3612471,7/11/2016,7/25/2016,14,14,14,NA,NA,NA,NA,NA,NA,NA,NA,NA,NA,NA,NA,NA,NA,NA,NA,0,NA,0,0,0,NA,0,0,NA,NA,330.4702269,0.749217948,0.076906634,0.398321749
353_260,353,NA,NA,2,1,2,2016,2,398037,5293312,3,2,47.78509473,-124.3612471,7/25/2016,8/8/2016,14,14,14,NA,NA,NA,NA,NA,NA,NA,NA,NA,NA,NA,NA,NA,NA,NA,NA,1,NA,0,0,0,NA,0,0,NA,NA,54.99333978,-1.174166532,0.076906634,0.398321749
353_260,353,NA,NA,2,1,3,2016,2,398037,5293312,3,3,47.78509473,-124.3612471,8/8/2016,8/22/2016,14,14,14,NA,NA,NA,NA,NA,NA,NA,NA,NA,NA,NA,NA,NA,NA,NA,NA,0,NA,0,1,0,NA,0,1,NA,NA,336.0145459,0.787928481,0.076906634,0.398321749
357_259,357,NA,NA,2,1,1,2016,2,433947,5293040,1,1,47.78733192,-123.8818674,5/24/2016,6/8/2016,15,15,15,NA,NA,NA,NA,NA,NA,NA,NA,NA,NA,NA,NA,NA,NA,NA,NA,0,NA,0,0,0,NA,0,0,NA,NA,93.21866643,-0.907276628,0.416650783,0.645244774
357_259,357,NA,NA,2,1,2,2016,2,433947,5293040,1,2,47.78733192,-123.8818674,6/8/2016,6/22/2016,14,14,14,NA,NA,NA,NA,NA,NA,NA,NA,NA,NA,NA,NA,NA,NA,NA,NA,0,NA,0,0,0,NA,0,0,NA,NA,253.8904587,0.214536657,0.076906634,0.398321749
357_259,357,NA,NA,2,1,3,2016,2,433947,5293040,1,3,47.78733192,-123.8818674,6/22/2016,7/6/2016,14,14,14,NA,NA,NA,NA,NA,NA,NA,NA,NA,NA,NA,NA,NA,NA,NA,NA,0,NA,0,0,0,NA,0,0,NA,NA,122.3714423,-0.703731433,0.076906634,0.398321749
365_128,365,NA,NA,2,1,1,2016,2,507329,5293178,2,1,47.79191952,-122.902143,9/19/2016,10/2/2016,13,13,4,NA,NA,NA,NA,NA,NA,NA,NA,NA,NA,NA,NA,NA,NA,NA,NA,0,NA,0,0,0,NA,0,0,NA,NA,176.0562655,-0.328903051,-0.262837516,-2.070908499
365_129,365,NA,NA,2,1,1,2016,2,506683,5293519,2,2,47.7949947,-122.9107631,10/2/2016,10/19/2016,17,17,17,NA,NA,NA,NA,NA,NA,NA,NA,NA,NA,NA,NA,NA,NA,NA,NA,0,NA,0,0,0,NA,1,0,NA,NA,334.2610832,0.775685773,1.096139082,1.139090824
365_129,365,NA,NA,2,1,2,2016,2,506683,5293519,2,3,47.7949947,-122.9107631,10/19/2016,10/30/2016,11,11,11,NA,NA,NA,NA,NA,NA,NA,NA,NA,NA,NA,NA,NA,NA,NA,NA,0,NA,1,0,0,NA,1,0,NA,NA,191.4124894,-0.221685625,-0.942325815,-0.342447325
365_253,365,NA,NA,2,1,1,2016,2,507707,5291851,3,1,47.77997541,-122.8971195,9/19/2016,10/2/2016,13,13,13,NA,NA,NA,NA,NA,NA,NA,NA,NA,NA,NA,NA,NA,NA,NA,NA,0,NA,0,0,0,NA,0,0,NA,NA,176.0448622,-0.328982669,-0.262837516,0.151398724
365_253,365,NA,NA,2,1,2,2016,2,507707,5291851,3,2,47.77997541,-122.8971195,10/2/2016,10/19/2016,17,17,17,NA,NA,NA,NA,NA,NA,NA,NA,NA,NA,NA,NA,NA,NA,NA,NA,0,NA,0,0,0,NA,0,0,NA,NA,334.2494939,0.775604857,1.096139082,1.139090824
365_253,365,NA,NA,2,1,3,2016,2,507707,5291851,3,3,47.77997541,-122.8971195,10/19/2016,10/30/2016,11,11,11,NA,NA,NA,NA,NA,NA,NA,NA,NA,NA,NA,NA,NA,NA,NA,NA,0,NA,0,0,0,NA,0,0,NA,NA,191.3875584,-0.221859694,-0.942325815,-0.342447325
403_272,403,NA,NA,2,1,1,2016,2,411894,5300541,1,1,47.85216839,-124.1777641,5/31/2016,6/17/2016,17,17,17,NA,NA,NA,NA,NA,NA,NA,NA,NA,NA,NA,NA,NA,NA,NA,NA,0,NA,0,1,0,NA,0,1,NA,NA,83.15216211,-0.977561138,1.096139082,1.139090824
403_272,403,NA,NA,2,1,2,2016,2,411894,5300541,1,2,47.85216839,-124.1777641,6/17/2016,6/27/2016,10,10,8,NA,NA,NA,NA,NA,NA,NA,NA,NA,NA,NA,NA,NA,NA,NA,NA,0,NA,0,1,0,NA,0,1,NA,NA,359.3280072,0.950703478,-1.282069964,-1.0832164
403_270,403,NA,NA,2,1,1,2016,2,414478,5299288,2,1,47.84124597,-124.1429818,5/31/2016,6/17/2016,17,17,17,NA,NA,NA,NA,NA,NA,NA,NA,NA,NA,NA,NA,NA,NA,NA,NA,0,NA,0,0,0,NA,0,0,NA,NA,83.16670655,-0.977459589,1.096139082,1.139090824
403_270,403,NA,NA,2,1,2,2016,2,414478,5299288,2,2,47.84124597,-124.1429818,6/17/2016,6/27/2016,10,10,10,NA,NA,NA,NA,NA,NA,NA,NA,NA,NA,NA,NA,NA,NA,NA,NA,0,NA,0,0,0,NA,0,0,NA,NA,359.4105529,0.951279814,-1.282069964,-0.58937035
403_270,403,NA,NA,2,1,3,2016,2,414478,5299288,2,3,47.84124597,-124.1429818,6/27/2016,7/12/2016,15,15,4,NA,NA,NA,NA,NA,NA,NA,NA,NA,NA,NA,NA,NA,NA,NA,NA,0,NA,1,1,0,NA,0,1,NA,NA,36.1225214,-1.305922918,0.416650783,-2.070908499
403_271,403,NA,NA,2,1,1,2016,2,415543,5299845,3,1,47.84639738,-124.1288599,5/31/2016,6/17/2016,17,17,17,NA,NA,NA,NA,NA,NA,NA,NA,NA,NA,NA,NA,NA,NA,NA,NA,0,NA,0,0,0,NA,0,0,NA,NA,83.15891619,-0.977513981,1.096139082,1.139090824
403_271,403,NA,NA,2,1,2,2016,2,415543,5299845,3,2,47.84639738,-124.1288599,6/17/2016,6/27/2016,10,10,10,NA,NA,NA,NA,NA,NA,NA,NA,NA,NA,NA,NA,NA,NA,NA,NA,0,NA,0,0,0,NA,0,0,NA,NA,359.3765681,0.951042531,-1.282069964,-0.58937035
403_271,403,NA,NA,2,1,3,2016,2,415543,5299845,3,3,47.84639738,-124.1288599,6/27/2016,7/12/2016,15,15,15,NA,NA,NA,NA,NA,NA,NA,NA,NA,NA,NA,NA,NA,NA,NA,NA,0,NA,0,0,0,NA,0,0,NA,NA,36.11940381,-1.305944685,0.416650783,0.645244774
405_277,405,NA,NA,2,1,1,2016,2,430300,5301800,1,1,47.86575487,-123.9319615,5/31/2016,6/14/2016,14,14,14,NA,NA,NA,NA,NA,NA,NA,NA,NA,NA,NA,NA,NA,NA,NA,NA,0,NA,0,0,0,NA,0,0,NA,NA,42.2108481,-1.263414114,0.076906634,0.398321749
405_277,405,NA,NA,2,1,2,2016,2,430300,5301800,1,2,47.86575487,-123.9319615,6/14/2016,6/28/2016,14,14,1,NA,NA,NA,NA,NA,NA,NA,NA,NA,NA,NA,NA,NA,NA,NA,NA,0,NA,0,0,0,NA,0,0,NA,NA,324.6813231,0.70879972,0.076906634,-2.811677574
405_277,405,NA,NA,2,1,3,2016,2,430300,5301800,1,3,47.86575487,-123.9319615,6/28/2016,7/12/2016,14,0,0,NA,NA,NA,NA,NA,NA,NA,NA,NA,NA,NA,NA,NA,NA,NA,NA,0,NA,0,0,0,NA,0,0,NA,NA,29.35220055,-1.353193418,-4.679511457,-3.058600599
413_280,413,NA,NA,2,1,1,2016,2,503926,5302501,1,1,47.87583244,-122.9474953,8/9/2016,8/22/2016,13,13,13,NA,NA,NA,NA,NA,NA,NA,NA,NA,NA,NA,NA,NA,NA,NA,NA,0,NA,0,0,0,NA,0,0,NA,NA,358.2696933,0.943314312,-0.262837516,0.151398724
413_280,413,NA,NA,2,1,2,2016,2,503926,5302501,1,2,47.87583244,-122.9474953,8/22/2016,9/6/2016,15,15,15,NA,NA,NA,NA,NA,NA,NA,NA,NA,NA,NA,NA,NA,NA,NA,NA,0,NA,0,0,0,NA,0,0,NA,NA,94.03792458,-0.901556553,0.416650783,0.645244774
413_280,413,NA,NA,2,1,3,2016,2,503926,5302501,1,3,47.87583244,-122.9474953,9/6/2016,9/19/2016,13,13,13,NA,NA,NA,NA,NA,NA,NA,NA,NA,NA,NA,NA,NA,NA,NA,NA,0,NA,0,0,0,NA,0,0,NA,NA,355.7516646,0.925733391,-0.262837516,0.151398724
413_276,413,NA,NA,2,1,1,2016,2,504507,5301574,2,1,47.86748805,-122.939735,8/9/2016,8/22/2016,13,13,13,NA,NA,NA,NA,NA,NA,NA,NA,NA,NA,NA,NA,NA,NA,NA,NA,0,NA,0,0,0,NA,0,0,NA,NA,358.2992649,0.943520782,-0.262837516,0.151398724
413_276,413,NA,NA,2,1,2,2016,2,504507,5301574,2,2,47.86748805,-122.939735,8/22/2016,9/6/2016,15,15,15,NA,NA,NA,NA,NA,NA,NA,NA,NA,NA,NA,NA,NA,NA,NA,NA,0,NA,0,0,0,NA,0,0,NA,NA,94.03716054,-0.901561887,0.416650783,0.645244774
413_276,413,NA,NA,2,1,3,2016,2,504507,5301574,2,3,47.86748805,-122.939735,9/6/2016,9/19/2016,13,13,13,NA,NA,NA,NA,NA,NA,NA,NA,NA,NA,NA,NA,NA,NA,NA,NA,0,NA,0,0,0,NA,0,0,NA,NA,355.7620349,0.925805797,-0.262837516,0.151398724
413_269,413,NA,NA,2,1,1,2016,2,504348,5299122,3,1,47.8454275,-122.9418857,8/9/2016,8/22/2016,13,13,4,NA,NA,NA,NA,NA,NA,NA,NA,NA,NA,NA,NA,NA,NA,NA,NA,0,NA,0,0,0,NA,0,0,NA,NA,358.3702997,0.944016748,-0.262837516,-2.070908499
413_269,413,NA,NA,2,1,2,2016,2,504348,5299122,3,2,47.8454275,-122.9418857,8/22/2016,9/6/2016,15,15,5,NA,NA,NA,NA,NA,NA,NA,NA,NA,NA,NA,NA,NA,NA,NA,NA,0,NA,0,0,0,NA,0,0,NA,NA,94.03277874,-0.901592481,0.416650783,-1.823985474
413_269,413,NA,NA,2,1,3,2016,2,504348,5299122,3,3,47.8454275,-122.9418857,9/6/2016,9/19/2016,13,13,2,NA,NA,NA,NA,NA,NA,NA,NA,NA,NA,NA,NA,NA,NA,NA,NA,0,NA,0,0,0,NA,0,0,NA,NA,355.7908946,0.926007296,-0.262837516,-2.564754549
451_287,451,NA,NA,2,1,1,2016,2,390366,5308382,3,1,47.91938144,-124.4674446,9/15/2016,9/29/2016,14,14,14,NA,NA,NA,NA,NA,NA,NA,NA,NA,NA,NA,NA,NA,NA,NA,NA,0,NA,0,1,0,NA,0,1,NA,NA,347.7121542,0.869601388,0.076906634,0.398321749
451_287,451,NA,NA,2,1,2,2016,2,390366,5308382,3,2,47.91938144,-124.4674446,9/29/2016,10/12/2016,13,13,12,NA,NA,NA,NA,NA,NA,NA,NA,NA,NA,NA,NA,NA,NA,NA,NA,0,NA,0,1,0,NA,0,1,NA,NA,83.91867739,-0.972209315,-0.262837516,-0.0955243
451_287,451,NA,NA,2,1,3,2016,2,390366,5308382,3,3,47.91938144,-124.4674446,10/12/2016,10/26/2016,14,14,1,NA,NA,NA,NA,NA,NA,NA,NA,NA,NA,NA,NA,NA,NA,NA,NA,0,NA,0,1,0,NA,0,1,NA,NA,474.4108013,1.754213574,0.076906634,-2.811677574
454_297,454,NA,NA,2,1,1,2016,2,416504,5311134,1,1,47.94807469,-124.1182024,5/29/2016,6/10/2016,12,12,12,NA,NA,NA,NA,NA,NA,NA,NA,NA,NA,NA,NA,NA,NA,NA,NA,0,NA,0,0,0,NA,0,0,NA,NA,22.55181878,-1.400673803,-0.602581665,-0.0955243
454_297,454,NA,NA,2,1,2,2016,2,416504,5311134,1,2,47.94807469,-124.1182024,6/10/2016,6/24/2016,14,14,11,NA,NA,NA,NA,NA,NA,NA,NA,NA,NA,NA,NA,NA,NA,NA,NA,1,NA,0,0,0,NA,0,0,NA,NA,299.8956011,0.535745372,0.076906634,-0.342447325
454_297,454,NA,NA,2,1,3,2016,2,416504,5311134,1,3,47.94807469,-124.1182024,6/24/2016,7/8/2016,14,14,2,NA,NA,NA,NA,NA,NA,NA,NA,NA,NA,NA,NA,NA,NA,NA,NA,0,NA,1,0,0,NA,0,0,NA,NA,72.06720016,-1.054956538,0.076906634,-2.564754549
454_299,454,NA,NA,2,1,1,2016,2,419559,5311559,3,1,47.95228887,-124.077376,5/29/2016,6/10/2016,12,12,12,NA,NA,NA,NA,NA,NA,NA,NA,NA,NA,NA,NA,NA,NA,NA,NA,0,NA,0,0,0,NA,0,0,NA,NA,22.55134475,-1.400677113,-0.602581665,-0.0955243
454_299,454,NA,NA,2,1,2,2016,2,419559,5311559,3,2,47.95228887,-124.077376,6/10/2016,6/24/2016,14,14,14,NA,NA,NA,NA,NA,NA,NA,NA,NA,NA,NA,NA,NA,NA,NA,NA,0,NA,0,0,0,NA,0,0,NA,NA,299.8754567,0.535604723,0.076906634,0.398321749
454_299,454,NA,NA,2,1,3,2016,2,419559,5311559,3,3,47.95228887,-124.077376,6/24/2016,7/8/2016,14,14,14,NA,NA,NA,NA,NA,NA,NA,NA,NA,NA,NA,NA,NA,NA,NA,NA,0,NA,0,0,0,NA,0,0,NA,NA,72.06314894,-1.054984823,0.076906634,0.398321749
456_300,456,NA,NA,2,1,1,2016,2,435675,5311607,1,1,47.95454253,-123.8615641,7/26/2016,8/9/2016,14,14,14,NA,NA,NA,NA,NA,NA,NA,NA,NA,NA,NA,NA,NA,NA,NA,NA,0,NA,0,0,0,NA,0,0,NA,NA,40.43386778,-1.275821022,0.076906634,0.398321749
456_300,456,NA,NA,2,1,2,2016,2,435675,5311607,1,2,47.95454253,-123.8615641,8/9/2016,8/23/2016,14,14,14,NA,NA,NA,NA,NA,NA,NA,NA,NA,NA,NA,NA,NA,NA,NA,NA,0,NA,0,0,0,NA,0,0,NA,NA,360.5082323,0.958943831,0.076906634,0.398321749
456_300,456,NA,NA,2,1,3,2016,2,435675,5311607,1,3,47.95454253,-123.8615641,8/23/2016,9/5/2016,13,13,13,NA,NA,NA,NA,NA,NA,NA,NA,NA,NA,NA,NA,NA,NA,NA,NA,1,NA,0,0,0,NA,0,0,NA,NA,76.96859185,-1.020734935,-0.262837516,0.151398724
456_295,456,NA,NA,2,1,1,2016,2,434930,5310605,2,1,47.94545303,-123.8713898,7/26/2016,8/9/2016,14,14,14,NA,NA,NA,NA,NA,NA,NA,NA,NA,NA,NA,NA,NA,NA,NA,NA,0,NA,0,0,0,NA,0,0,NA,NA,40.43623735,-1.275804477,0.076906634,0.398321749
456_295,456,NA,NA,2,1,2,2016,2,434930,5310605,2,2,47.94545303,-123.8713898,8/9/2016,8/23/2016,14,14,14,NA,NA,NA,NA,NA,NA,NA,NA,NA,NA,NA,NA,NA,NA,NA,NA,0,NA,0,0,0,NA,0,0,NA,NA,360.5370907,0.959145321,0.076906634,0.398321749
456_295,456,NA,NA,2,1,3,2016,2,434930,5310605,2,3,47.94545303,-123.8713898,8/23/2016,9/5/2016,13,13,13,NA,NA,NA,NA,NA,NA,NA,NA,NA,NA,NA,NA,NA,NA,NA,NA,0,NA,0,0,0,NA,0,0,NA,NA,76.96636554,-1.020750479,-0.262837516,0.151398724
462_301,462,NA,NA,2,1,1,2016,2,489870,5311614,1,1,47.95775686,-123.1356883,5/31/2016,6/14/2016,14,14,14,NA,NA,NA,NA,NA,NA,NA,NA,NA,NA,NA,NA,NA,NA,NA,NA,0,NA,0,1,0,NA,0,1,NA,NA,42.15305926,-1.263817597,0.076906634,0.398321749
462_301,462,NA,NA,2,1,2,2016,2,489870,5311614,1,2,47.95775686,-123.1356883,6/14/2016,6/28/2016,14,14,14,NA,NA,NA,NA,NA,NA,NA,NA,NA,NA,NA,NA,NA,NA,NA,NA,0,NA,0,0,0,NA,0,0,NA,NA,324.1798835,0.705298659,0.076906634,0.398321749
462_301,462,NA,NA,2,1,3,2016,2,489870,5311614,1,3,47.95775686,-123.1356883,6/28/2016,7/10/2016,12,12,5,NA,NA,NA,NA,NA,NA,NA,NA,NA,NA,NA,NA,NA,NA,NA,NA,0,NA,0,1,0,NA,0,1,NA,NA,21.44143711,-1.408426507,-0.602581665,-1.823985474
462_291,462,NA,NA,2,1,1,2016,2,492113,5309973,2,1,47.94302393,-123.105614,5/31/2016,6/14/2016,14,14,14,NA,NA,NA,NA,NA,NA,NA,NA,NA,NA,NA,NA,NA,NA,NA,NA,0,NA,0,0,0,NA,0,0,NA,NA,42.1628062,-1.263749543,0.076906634,0.398321749
462_291,462,NA,NA,2,1,2,2016,2,492113,5309973,2,2,47.94302393,-123.105614,6/14/2016,6/28/2016,14,14,14,NA,NA,NA,NA,NA,NA,NA,NA,NA,NA,NA,NA,NA,NA,NA,NA,0,NA,0,0,0,NA,0,0,NA,NA,324.264877,0.705892086,0.076906634,0.398321749
462_291,462,NA,NA,2,1,3,2016,2,492113,5309973,2,3,47.94302393,-123.105614,6/28/2016,7/10/2016,12,12,12,NA,NA,NA,NA,NA,NA,NA,NA,NA,NA,NA,NA,NA,NA,NA,NA,0,NA,0,0,0,NA,0,0,NA,NA,21.44819155,-1.408379348,-0.602581665,-0.0955243
462_289,462,NA,NA,2,1,1,2016,2,493035,5309298,3,1,47.93696147,-123.0932567,5/31/2016,6/14/2016,14,14,14,NA,NA,NA,NA,NA,NA,NA,NA,NA,NA,NA,NA,NA,NA,NA,NA,0,NA,0,0,0,NA,0,0,NA,NA,42.16718148,-1.263718995,0.076906634,0.398321749
462_289,462,NA,NA,2,1,2,2016,2,493035,5309298,3,2,47.93696147,-123.0932567,6/14/2016,6/28/2016,14,14,14,NA,NA,NA,NA,NA,NA,NA,NA,NA,NA,NA,NA,NA,NA,NA,NA,0,NA,0,0,0,NA,0,0,NA,NA,324.3005861,0.706141407,0.076906634,0.398321749
462_289,462,NA,NA,2,1,3,2016,2,493035,5309298,3,3,47.93696147,-123.0932567,6/28/2016,7/10/2016,12,12,12,NA,NA,NA,NA,NA,NA,NA,NA,NA,NA,NA,NA,NA,NA,NA,NA,0,NA,0,0,0,NA,0,0,NA,NA,21.45105404,-1.408359362,-0.602581665,-0.0955243
463_293,463,NA,NA,2,1,1,2016,2,501182,5310193,1,1,47.9450508,-122.9841713,7/23/2016,8/7/2016,15,15,15,NA,NA,NA,NA,NA,NA,NA,NA,NA,NA,NA,NA,NA,NA,NA,NA,0,NA,0,0,0,NA,0,0,NA,NA,93.88476127,-0.902625942,0.416650783,0.645244774
463_293,463,NA,NA,2,1,2,2016,2,501182,5310193,1,2,47.9450508,-122.9841713,8/7/2016,8/18/2016,11,11,11,NA,NA,NA,NA,NA,NA,NA,NA,NA,NA,NA,NA,NA,NA,NA,NA,0,NA,1,0,0,NA,0,0,NA,NA,237.9428557,0.103190212,-0.942325815,-0.342447325
463_293,463,NA,NA,2,1,3,2016,2,501182,5310193,1,3,47.9450508,-122.9841713,8/18/2016,9/2/2016,15,15,15,NA,NA,NA,NA,NA,NA,NA,NA,NA,NA,NA,NA,NA,NA,NA,NA,0,NA,1,0,0,NA,0,0,NA,NA,232.5900933,0.065817131,0.416650783,0.645244774
463_288,463,NA,NA,2,1,1,2016,2,502162,5308753,2,1,47.93209216,-122.971055,7/23/2016,8/7/2016,15,15,15,NA,NA,NA,NA,NA,NA,NA,NA,NA,NA,NA,NA,NA,NA,NA,NA,1,NA,0,0,0,NA,0,0,NA,NA,93.89518456,-0.902553166,0.416650783,0.645244774
463_288,463,NA,NA,2,1,2,2016,2,502162,5308753,2,2,47.93209216,-122.971055,8/7/2016,8/18/2016,11,11,11,NA,NA,NA,NA,NA,NA,NA,NA,NA,NA,NA,NA,NA,NA,NA,NA,0,NA,0,0,0,NA,0,0,NA,NA,237.9849271,0.103483955,-0.942325815,-0.342447325
463_288,463,NA,NA,2,1,3,2016,2,502162,5308753,2,3,47.93209216,-122.971055,8/18/2016,9/2/2016,15,15,15,NA,NA,NA,NA,NA,NA,NA,NA,NA,NA,NA,NA,NA,NA,NA,NA,0,NA,0,0,0,NA,0,0,NA,NA,232.6004128,0.065889181,0.416650783,0.645244774
463_285,463,NA,NA,2,1,1,2016,2,501232,5307659,3,1,47.92225157,-122.983509,7/23/2016,8/7/2016,15,15,15,NA,NA,NA,NA,NA,NA,NA,NA,NA,NA,NA,NA,NA,NA,NA,NA,0,NA,0,0,0,NA,0,0,NA,NA,93.90008734,-0.902518935,0.416650783,0.645244774
463_285,463,NA,NA,2,1,2,2016,2,501232,5307659,3,2,47.92225157,-122.983509,8/7/2016,8/18/2016,11,11,11,NA,NA,NA,NA,NA,NA,NA,NA,NA,NA,NA,NA,NA,NA,NA,NA,0,NA,0,0,0,NA,0,0,NA,NA,238.0145909,0.103691068,-0.942325815,-0.342447325
463_285,463,NA,NA,2,1,3,2016,2,501232,5307659,3,3,47.92225157,-122.983509,8/18/2016,9/2/2016,15,15,15,NA,NA,NA,NA,NA,NA,NA,NA,NA,NA,NA,NA,NA,NA,NA,NA,0,NA,0,0,0,NA,0,0,NA,NA,232.6024826,0.065903633,0.416650783,0.645244774
501_319,501,NA,NA,2,1,1,2016,2,379225,5317080,1,1,47.99560638,-124.6189502,8/4/2016,8/18/2016,14,14,14,NA,NA,NA,NA,NA,NA,NA,NA,NA,NA,NA,NA,NA,NA,NA,NA,0,NA,1,0,0,NA,0,0,NA,NA,188.1713309,-0.244315451,0.076906634,0.398321749
501_319,501,NA,NA,2,1,2,2016,2,379225,5317080,1,2,47.99560638,-124.6189502,8/18/2016,9/1/2016,14,14,14,NA,NA,NA,NA,NA,NA,NA,NA,NA,NA,NA,NA,NA,NA,NA,NA,1,NA,0,0,0,NA,0,0,NA,NA,249.0642273,0.180839824,0.076906634,0.398321749
501_319,501,NA,NA,2,1,3,2016,2,379225,5317080,1,3,47.99560638,-124.6189502,9/1/2016,9/15/2016,14,14,14,NA,NA,NA,NA,NA,NA,NA,NA,NA,NA,NA,NA,NA,NA,NA,NA,0,NA,0,1,0,NA,0,1,NA,NA,147.8235346,-0.526024476,0.076906634,0.398321749
501_309,501,NA,NA,2,1,1,2016,2,376509,5315484,2,1,47.98073405,-124.6548827,8/4/2016,8/18/2016,14,14,14,NA,NA,NA,NA,NA,NA,NA,NA,NA,NA,NA,NA,NA,NA,NA,NA,0,NA,0,0,0,NA,0,0,NA,NA,188.2103487,-0.244043028,0.076906634,0.398321749
501_309,501,NA,NA,2,1,2,2016,2,376509,5315484,2,2,47.98073405,-124.6548827,8/18/2016,9/1/2016,14,14,14,NA,NA,NA,NA,NA,NA,NA,NA,NA,NA,NA,NA,NA,NA,NA,NA,1,NA,1,1,0,NA,0,1,NA,NA,249.0674705,0.180862468,0.076906634,0.398321749
501_309,501,NA,NA,2,1,3,2016,2,376509,5315484,2,3,47.98073405,-124.6548827,9/1/2016,9/15/2016,14,14,9,NA,NA,NA,NA,NA,NA,NA,NA,NA,NA,NA,NA,NA,NA,NA,NA,0,NA,0,1,0,NA,0,1,NA,NA,147.8407432,-0.525904325,0.076906634,-0.836293375
504_332,504,NA,NA,2,1,1,2016,2,405865,5319016,1,1,48.01749813,-124.2623769,5/30/2016,6/14/2016,15,15,15,NA,NA,NA,NA,NA,NA,NA,NA,NA,NA,NA,NA,NA,NA,NA,NA,0,NA,0,0,0,NA,0,0,NA,NA,43.26273806,-1.2560698,0.416650783,0.645244774
504_332,504,NA,NA,2,1,2,2016,2,405865,5319016,1,2,48.01749813,-124.2623769,6/14/2016,6/30/2016,16,16,16,NA,NA,NA,NA,NA,NA,NA,NA,NA,NA,NA,NA,NA,NA,NA,NA,0,NA,0,0,0,NA,0,0,NA,NA,292.3250297,0.482887509,0.756394932,0.892167799
504_332,504,NA,NA,2,1,3,2016,2,405865,5319016,1,3,48.01749813,-124.2623769,6/30/2016,7/12/2016,12,12,12,NA,NA,NA,NA,NA,NA,NA,NA,NA,NA,NA,NA,NA,NA,NA,NA,1,NA,0,0,0,NA,0,0,NA,NA,22.11245487,-1.403741449,-0.602581665,-0.0955243
504_328,504,NA,NA,2,1,1,2016,2,404690,5318468,2,1,48.01239471,-124.2780081,5/30/2016,6/14/2016,15,3,15,NA,NA,NA,NA,NA,NA,NA,NA,NA,NA,NA,NA,NA,NA,NA,NA,0,NA,0,0,0,NA,0,0,NA,NA,43.26628688,-1.256045022,-3.660279009,0.645244774
504_328,504,NA,NA,2,1,2,2016,2,404690,5318468,2,2,48.01239471,-124.2780081,6/14/2016,6/30/2016,16,16,9,NA,NA,NA,NA,NA,NA,NA,NA,NA,NA,NA,NA,NA,NA,NA,NA,1,NA,0,0,0,NA,0,0,NA,NA,292.3508213,0.483067586,0.756394932,-0.836293375
504_328,504,NA,NA,2,1,3,2016,2,404690,5318468,2,3,48.01239471,-124.2780081,6/30/2016,7/12/2016,12,12,5,NA,NA,NA,NA,NA,NA,NA,NA,NA,NA,NA,NA,NA,NA,NA,NA,1,NA,0,0,0,NA,0,0,NA,NA,22.11437646,-1.403728033,-0.602581665,-1.823985474
505_317,505,NA,NA,2,1,1,2016,2,412942,5316644,2,1,47.99716484,-124.167012,5/31/2016,6/14/2016,14,0,14,NA,NA,NA,NA,NA,NA,NA,NA,NA,NA,NA,NA,NA,NA,NA,NA,0,NA,0,0,0,NA,0,0,NA,NA,42.11517987,-1.264082071,-4.679511457,0.398321749
505_317,505,NA,NA,2,1,2,2016,2,412942,5316644,2,2,47.99716484,-124.167012,6/14/2016,6/30/2016,16,16,0,NA,NA,NA,NA,NA,NA,NA,NA,NA,NA,NA,NA,NA,NA,NA,NA,0,NA,0,0,0,NA,0,0,NA,NA,292.4342061,0.48364978,0.756394932,-3.058600599
505_317,505,NA,NA,2,2,1,2016,2,412914,5316588,2,3,47.99665729,-124.1673759,6/30/2016,7/12/2016,12,12,12,NA,NA,NA,NA,NA,NA,NA,NA,NA,NA,NA,NA,NA,NA,NA,NA,0,NA,0,0,0,NA,1,0,NA,NA,22.12317056,-1.403666632,-0.602581665,-0.0955243
505_333,505,NA,NA,2,1,1,2016,2,412506,5319294,3,1,48.02094283,-124.173396,5/31/2016,6/14/2016,14,14,14,NA,NA,NA,NA,NA,NA,NA,NA,NA,NA,NA,NA,NA,NA,NA,NA,0,NA,0,0,0,NA,0,0,NA,NA,42.09834534,-1.26419961,0.076906634,0.398321749
505_333,505,NA,NA,2,1,2,2016,2,412506,5319294,3,2,48.02094283,-124.173396,6/14/2016,6/30/2016,16,16,16,NA,NA,NA,NA,NA,NA,NA,NA,NA,NA,NA,NA,NA,NA,NA,NA,0,NA,0,0,0,NA,0,0,NA,NA,292.3093435,0.482777988,0.756394932,0.892167799
505_333,505,NA,NA,2,1,3,2016,2,412506,5319294,3,3,48.02094283,-124.173396,6/30/2016,7/12/2016,12,12,12,NA,NA,NA,NA,NA,NA,NA,NA,NA,NA,NA,NA,NA,NA,NA,NA,0,NA,0,0,0,NA,0,0,NA,NA,22.1106181,-1.403754274,-0.602581665,-0.0955243
507_318,507,NA,NA,2,1,1,2016,2,429945,5316598,1,1,47.99884034,-123.939115,5/27/2016,6/11/2016,15,15,4,NA,NA,NA,NA,NA,NA,NA,NA,NA,NA,NA,NA,NA,NA,NA,NA,0,NA,0,0,0,NA,0,0,NA,NA,43.01178103,-1.257821986,0.416650783,-2.070908499
507_318,507,NA,NA,2,1,2,2016,2,429945,5316598,1,2,47.99884034,-123.939115,6/11/2016,6/26/2016,15,15,15,NA,NA,NA,NA,NA,NA,NA,NA,NA,NA,NA,NA,NA,NA,NA,NA,0,NA,0,0,0,NA,0,0,NA,NA,308.9460578,0.59893582,0.416650783,0.645244774
507_318,507,NA,NA,2,1,3,2016,2,429945,5316598,1,3,47.99884034,-123.939115,6/26/2016,7/9/2016,13,13,4,NA,NA,NA,NA,NA,NA,NA,NA,NA,NA,NA,NA,NA,NA,NA,NA,0,NA,0,0,0,NA,0,0,NA,NA,40.43827734,-1.275790234,-0.262837516,-2.070908499
507_322,507,NA,NA,2,1,1,2016,2,432850,5317397,2,1,48.00633994,-123.9003025,5/27/2016,6/11/2016,15,15,15,NA,NA,NA,NA,NA,NA,NA,NA,NA,NA,NA,NA,NA,NA,NA,NA,0,NA,0,0,0,NA,0,0,NA,NA,43.0054081,-1.257866482,0.416650783,0.645244774
507_322,507,NA,NA,2,1,2,2016,2,432850,5317397,2,2,48.00633994,-123.9003025,6/11/2016,6/26/2016,15,15,15,NA,NA,NA,NA,NA,NA,NA,NA,NA,NA,NA,NA,NA,NA,NA,NA,0,NA,0,0,0,NA,0,0,NA,NA,308.90613,0.598657043,0.416650783,0.645244774
507_322,507,NA,NA,2,1,3,2016,2,432850,5317397,2,3,48.00633994,-123.9003025,6/26/2016,7/9/2016,13,13,13,NA,NA,NA,NA,NA,NA,NA,NA,NA,NA,NA,NA,NA,NA,NA,NA,0,NA,0,0,0,NA,0,0,NA,NA,40.43430261,-1.275817986,-0.262837516,0.151398724
507_334,507,NA,NA,2,1,1,2016,2,431212,5319276,3,1,48.02306922,-123.9225623,5/27/2016,6/11/2016,15,15,15,NA,NA,NA,NA,NA,NA,NA,NA,NA,NA,NA,NA,NA,NA,NA,NA,0,NA,0,0,0,NA,0,0,NA,NA,42.98562899,-1.25800458,0.416650783,0.645244774
507_334,507,NA,NA,2,1,2,2016,2,431212,5319276,3,2,48.02306922,-123.9225623,6/11/2016,6/26/2016,15,15,15,NA,NA,NA,NA,NA,NA,NA,NA,NA,NA,NA,NA,NA,NA,NA,NA,0,NA,0,1,0,NA,0,1,NA,NA,308.8132617,0.598008635,0.416650783,0.645244774
507_334,507,NA,NA,2,1,3,2016,2,431212,5319276,3,3,48.02306922,-123.9225623,6/26/2016,7/9/2016,13,13,13,NA,NA,NA,NA,NA,NA,NA,NA,NA,NA,NA,NA,NA,NA,NA,NA,0,NA,0,1,0,NA,0,1,NA,NA,40.42075432,-1.27591258,-0.262837516,0.151398724
508_324,508,NA,NA,2,1,1,2016,2,438313,5317536,1,1,48.00814107,-123.8270864,5/28/2016,6/13/2016,16,16,16,NA,NA,NA,NA,NA,NA,NA,NA,NA,NA,NA,NA,NA,NA,NA,NA,0,NA,0,0,0,NA,0,0,NA,NA,43.6048371,-1.253681258,0.756394932,0.892167799
508_324,508,NA,NA,2,1,2,2016,2,438313,5317536,1,2,48.00814107,-123.8270864,6/13/2016,6/27/2016,14,14,14,NA,NA,NA,NA,NA,NA,NA,NA,NA,NA,NA,NA,NA,NA,NA,NA,0,NA,0,0,0,NA,0,0,NA,NA,327.123945,0.725854149,0.076906634,0.398321749
508_324,508,NA,NA,2,1,3,2016,2,438313,5317536,1,3,48.00814107,-123.8270864,6/27/2016,7/11/2016,14,0,0,NA,NA,NA,NA,NA,NA,NA,NA,NA,NA,NA,NA,NA,NA,NA,NA,0,NA,0,0,0,NA,0,0,NA,NA,32.06572099,-1.33424757,-4.679511457,-3.058600599
508_326,508,NA,NA,2,1,1,2016,2,440088,5318094,3,1,48.01332986,-123.803368,5/28/2016,6/13/2016,16,16,16,NA,NA,NA,NA,NA,NA,NA,NA,NA,NA,NA,NA,NA,NA,NA,NA,1,NA,0,0,0,NA,0,0,NA,NA,43.60154881,-1.253704217,0.756394932,0.892167799
508_326,508,NA,NA,2,1,2,2016,2,440088,5318094,3,2,48.01332986,-123.803368,6/13/2016,6/27/2016,14,14,14,NA,NA,NA,NA,NA,NA,NA,NA,NA,NA,NA,NA,NA,NA,NA,NA,0,NA,0,0,0,NA,0,0,NA,NA,327.0912288,0.725625724,0.076906634,0.398321749
508_326,508,NA,NA,2,1,3,2016,2,440088,5318094,3,3,48.01332986,-123.803368,6/27/2016,7/11/2016,14,14,14,NA,NA,NA,NA,NA,NA,NA,NA,NA,NA,NA,NA,NA,NA,NA,NA,0,NA,0,0,0,NA,0,0,NA,NA,32.06334339,-1.334264171,0.076906634,0.398321749
510_313,510,NA,NA,2,1,1,2016,2,458745,5316293,1,1,47.99860377,-123.5530354,7/24/2016,8/6/2016,13,13,13,NA,NA,NA,NA,NA,NA,NA,NA,NA,NA,NA,NA,NA,NA,NA,NA,0,NA,0,0,0,NA,0,0,NA,NA,79.67022793,-1.001872064,-0.262837516,0.151398724
510_313,510,NA,NA,2,1,2,2016,2,458745,5316293,1,2,47.99860377,-123.5530354,8/6/2016,8/21/2016,15,15,15,NA,NA,NA,NA,NA,NA,NA,NA,NA,NA,NA,NA,NA,NA,NA,NA,0,NA,0,0,0,NA,0,0,NA,NA,284.9679197,0.431520037,0.416650783,0.645244774
510_313,510,NA,NA,2,1,3,2016,2,458745,5316293,1,3,47.99860377,-123.5530354,8/21/2016,9/4/2016,14,14,14,NA,NA,NA,NA,NA,NA,NA,NA,NA,NA,NA,NA,NA,NA,NA,NA,0,NA,0,0,0,NA,0,0,NA,NA,131.698742,-0.638608062,0.076906634,0.398321749
510_315,510,NA,NA,2,1,1,2016,2,457257,5316356,2,1,47.9990728,-123.5729877,7/24/2016,8/6/2016,13,13,13,NA,NA,NA,NA,NA,NA,NA,NA,NA,NA,NA,NA,NA,NA,NA,NA,1,NA,0,0,0,NA,0,0,NA,NA,79.66797282,-1.001887809,-0.262837516,0.151398724
510_315,510,NA,NA,2,1,2,2016,2,457257,5316356,2,2,47.9990728,-123.5729877,8/6/2016,8/21/2016,15,15,12,NA,NA,NA,NA,NA,NA,NA,NA,NA,NA,NA,NA,NA,NA,NA,NA,0,NA,0,0,0,NA,0,0,NA,NA,284.9666452,0.431511139,0.416650783,-0.0955243
510_315,510,NA,NA,2,1,3,2016,2,457257,5316356,2,3,47.9990728,-123.5729877,8/21/2016,9/4/2016,14,14,10,NA,NA,NA,NA,NA,NA,NA,NA,NA,NA,NA,NA,NA,NA,NA,NA,0,NA,0,0,0,NA,0,0,NA,NA,131.6992108,-0.638604789,0.076906634,-0.58937035
510_320,510,NA,NA,2,1,1,2016,2,456520,5317124,3,1,48.00593258,-123.5829448,7/24/2016,8/6/2016,13,13,13,NA,NA,NA,NA,NA,NA,NA,NA,NA,NA,NA,NA,NA,NA,NA,NA,0,NA,0,1,0,NA,0,1,NA,NA,79.66476699,-1.001910192,-0.262837516,0.151398724
510_320,510,NA,NA,2,1,2,2016,2,456520,5317124,3,2,48.00593258,-123.5829448,8/6/2016,8/21/2016,15,15,15,NA,NA,NA,NA,NA,NA,NA,NA,NA,NA,NA,NA,NA,NA,NA,NA,0,NA,0,0,0,NA,0,0,NA,NA,284.94652,0.431370624,0.416650783,0.645244774
510_320,510,NA,NA,2,1,3,2016,2,456520,5317124,3,3,48.00593258,-123.5829448,8/21/2016,9/4/2016,14,14,14,NA,NA,NA,NA,NA,NA,NA,NA,NA,NA,NA,NA,NA,NA,NA,NA,0,NA,0,0,0,NA,0,0,NA,NA,131.698472,-0.638609947,0.076906634,0.398321749
512_314,512,NA,NA,2,1,1,2016,2,478843,5316317,1,1,47.99980081,-123.283622,5/30/2016,6/12/2016,13,13,13,NA,NA,NA,NA,NA,NA,NA,NA,NA,NA,NA,NA,NA,NA,NA,NA,0,NA,0,0,0,NA,0,0,NA,NA,26.05960468,-1.37618238,-0.262837516,0.151398724
512_314,512,NA,NA,2,1,2,2016,2,478843,5316317,1,2,47.99980081,-123.283622,6/12/2016,6/28/2016,16,16,14,NA,NA,NA,NA,NA,NA,NA,NA,NA,NA,NA,NA,NA,NA,NA,NA,0,NA,0,0,0,NA,0,0,NA,NA,302.8477637,0.556357423,0.756394932,0.398321749
512_314,512,NA,NA,2,1,3,2016,2,478843,5316317,1,3,47.99980081,-123.283622,6/28/2016,7/10/2016,12,4,4,NA,NA,NA,NA,NA,NA,NA,NA,NA,NA,NA,NA,NA,NA,NA,NA,0,NA,0,0,0,NA,0,0,NA,NA,21.42099174,-1.408569257,-3.32053486,-2.070908499
512_311,512,NA,NA,2,1,1,2016,2,477482,5316081,2,1,47.99763101,-123.3018544,5/30/2016,6/12/2016,13,13,13,NA,NA,NA,NA,NA,NA,NA,NA,NA,NA,NA,NA,NA,NA,NA,NA,0,NA,0,0,0,NA,0,0,NA,NA,26.06080397,-1.376174007,-0.262837516,0.151398724
512_311,512,NA,NA,2,1,2,2016,2,477482,5316081,2,2,47.99763101,-123.3018544,6/12/2016,6/28/2016,16,16,16,NA,NA,NA,NA,NA,NA,NA,NA,NA,NA,NA,NA,NA,NA,NA,NA,0,NA,0,1,0,NA,0,1,NA,NA,302.8591123,0.556436659,0.756394932,0.892167799
512_311,512,NA,NA,2,1,3,2016,2,477482,5316081,2,3,47.99763101,-123.3018544,6/28/2016,7/10/2016,12,12,12,NA,NA,NA,NA,NA,NA,NA,NA,NA,NA,NA,NA,NA,NA,NA,NA,0,NA,0,0,0,NA,0,0,NA,NA,21.42162145,-1.408564861,-0.602581665,-0.0955243
512_310,512,NA,NA,2,1,1,2016,2,475558,5315742,3,1,47.99451034,-123.3276259,5/30/2016,6/12/2016,13,13,13,NA,NA,NA,NA,NA,NA,NA,NA,NA,NA,NA,NA,NA,NA,NA,NA,0,NA,0,0,0,NA,0,0,NA,NA,26.06206631,-1.376165193,-0.262837516,0.151398724
513_303,513,NA,NA,2,1,1,2016,2,487574,5314719,1,1,47.9856527,-123.1665323,8/17/2016,8/31/2016,14,14,14,NA,NA,NA,NA,NA,NA,NA,NA,NA,NA,NA,NA,NA,NA,NA,NA,0,NA,0,1,1,NA,0,1,NA,NA,290.2244081,0.468220932,0.076906634,0.398321749
513_303,513,NA,NA,2,1,2,2016,2,487574,5314719,1,2,47.9856527,-123.1665323,8/31/2016,9/14/2016,14,7,14,NA,NA,NA,NA,NA,NA,NA,NA,NA,NA,NA,NA,NA,NA,NA,NA,0,NA,0,0,0,NA,0,0,NA,NA,109.6074351,-0.792849956,-2.301302412,0.398321749
513_303,513,NA,NA,2,1,3,2016,2,487574,5314719,1,3,47.9856527,-123.1665323,9/14/2016,9/28/2016,14,14,14,NA,NA,NA,NA,NA,NA,NA,NA,NA,NA,NA,NA,NA,NA,NA,NA,0,NA,0,1,0,NA,0,1,NA,NA,385.5777829,1.133979875,0.076906634,0.398321749
513_303,513,NA,NA,2,1,4,2016,2,487574,5314719,1,4,47.9856527,-123.1665323,9/28/2016,10/13/2016,15,15,8,NA,NA,NA,NA,NA,NA,NA,NA,NA,NA,NA,NA,NA,NA,NA,NA,0,NA,0,1,1,NA,0,1,NA,NA,103.8707934,-0.832903289,0.416650783,-1.0832164
513_304,513,NA,NA,2,1,1,2016,2,485471,5315000,2,1,47.98813658,-123.1947259,8/17/2016,8/31/2016,14,14,14,NA,NA,NA,NA,NA,NA,NA,NA,NA,NA,NA,NA,NA,NA,NA,NA,0,NA,0,0,1,NA,0,1,NA,NA,290.2195374,0.468186925,0.076906634,0.398321749
513_304,513,NA,NA,2,1,2,2016,2,485471,5315000,2,2,47.98813658,-123.1947259,8/31/2016,9/14/2016,14,14,14,NA,NA,NA,NA,NA,NA,NA,NA,NA,NA,NA,NA,NA,NA,NA,NA,0,NA,0,1,1,NA,0,1,NA,NA,109.6051254,-0.792866082,0.076906634,0.398321749
513_304,513,NA,NA,2,1,3,2016,2,485471,5315000,2,3,47.98813658,-123.1947259,9/14/2016,9/28/2016,14,14,14,NA,NA,NA,NA,NA,NA,NA,NA,NA,NA,NA,NA,NA,NA,NA,NA,0,NA,0,1,0,NA,0,1,NA,NA,385.5767505,1.133972667,0.076906634,0.398321749
513_304,513,NA,NA,2,1,4,2016,2,485471,5315000,2,4,47.98813658,-123.1947259,9/28/2016,10/13/2016,15,15,5,NA,NA,NA,NA,NA,NA,NA,NA,NA,NA,NA,NA,NA,NA,NA,NA,0,NA,0,1,1,NA,0,1,NA,NA,103.8701218,-0.832907978,0.416650783,-1.823985474
513_325,513,NA,NA,2,1,1,2016,2,488979,5318047,3,1,48.01562099,-123.1477881,8/17/2016,8/31/2016,14,14,14,NA,NA,NA,NA,NA,NA,NA,NA,NA,NA,NA,NA,NA,NA,NA,NA,0,NA,0,0,0,NA,0,0,NA,NA,290.2002208,0.468052056,0.076906634,0.398321749
513_325,513,NA,NA,2,1,2,2016,2,488979,5318047,3,2,48.01562099,-123.1477881,8/31/2016,9/14/2016,14,14,14,NA,NA,NA,NA,NA,NA,NA,NA,NA,NA,NA,NA,NA,NA,NA,NA,0,NA,0,1,0,NA,0,1,NA,NA,109.5760196,-0.793069299,0.076906634,0.398321749
513_325,513,NA,NA,2,1,3,2016,2,488979,5318047,3,3,48.01562099,-123.1477881,9/14/2016,9/28/2016,14,14,14,NA,NA,NA,NA,NA,NA,NA,NA,NA,NA,NA,NA,NA,NA,NA,NA,0,NA,0,1,0,NA,0,1,NA,NA,385.6018165,1.134147678,0.076906634,0.398321749
513_325,513,NA,NA,2,1,4,2016,2,488979,5318047,3,4,48.01562099,-123.1477881,9/28/2016,10/13/2016,15,15,15,NA,NA,NA,NA,NA,NA,NA,NA,NA,NA,NA,NA,NA,NA,NA,NA,0,NA,0,1,1,NA,0,1,NA,NA,103.8596801,-0.832980883,0.416650783,0.645244774
514_312,514,NA,NA,2,1,1,2016,2,494371,5316351,1,1,48.00043205,-123.0754609,8/10/2016,8/24/2016,14,14,14,NA,NA,NA,NA,NA,NA,NA,NA,NA,NA,NA,NA,NA,NA,NA,NA,0,NA,0,0,0,NA,0,0,NA,NA,378.6548858,1.085644085,0.076906634,0.398321749
514_312,514,NA,NA,2,1,2,2016,2,494371,5316351,1,2,48.00043205,-123.0754609,8/24/2016,9/7/2016,14,14,14,NA,NA,NA,NA,NA,NA,NA,NA,NA,NA,NA,NA,NA,NA,NA,NA,0,NA,0,1,1,NA,0,1,NA,NA,51.87359718,-1.19594863,0.076906634,0.398321749
514_312,514,NA,NA,2,1,3,2016,2,494371,5316351,1,3,48.00043205,-123.0754609,9/7/2016,9/21/2016,14,14,14,NA,NA,NA,NA,NA,NA,NA,NA,NA,NA,NA,NA,NA,NA,NA,NA,1,NA,0,0,0,NA,0,0,NA,NA,401.7787299,1.247095172,0.076906634,0.398321749
514_312,514,NA,NA,2,1,4,2016,2,494371,5316351,1,4,48.00043205,-123.0754609,9/21/2016,10/6/2016,15,15,15,NA,NA,NA,NA,NA,NA,NA,NA,NA,NA,NA,NA,NA,NA,NA,NA,0,NA,0,1,0,NA,0,1,NA,NA,86.51375227,-0.954090456,0.416650783,0.645244774
514_305,514,NA,NA,2,1,1,2016,2,497348,5315017,2,1,47.98844908,-123.0355438,8/10/2016,8/24/2016,14,0,14,NA,NA,NA,NA,NA,NA,NA,NA,NA,NA,NA,NA,NA,NA,NA,NA,0,NA,0,0,0,NA,0,0,NA,NA,378.69134,1.085898609,-4.679511457,0.398321749
514_305,514,NA,NA,2,1,2,2016,2,497348,5315017,2,2,47.98844908,-123.0355438,8/24/2016,9/7/2016,14,0,14,NA,NA,NA,NA,NA,NA,NA,NA,NA,NA,NA,NA,NA,NA,NA,NA,0,NA,0,0,0,NA,0,0,NA,NA,51.87287054,-1.195953703,-4.679511457,0.398321749
514_305,514,NA,NA,2,1,3,2016,2,497348,5315017,2,3,47.98844908,-123.0355438,9/7/2016,9/21/2016,14,14,14,NA,NA,NA,NA,NA,NA,NA,NA,NA,NA,NA,NA,NA,NA,NA,NA,0,NA,0,0,0,NA,0,0,NA,NA,401.7904374,1.247176914,0.076906634,0.398321749
514_305,514,NA,NA,2,1,4,2016,2,497348,5315017,2,4,47.98844908,-123.0355438,9/21/2016,10/6/2016,15,0,15,NA,NA,NA,NA,NA,NA,NA,NA,NA,NA,NA,NA,NA,NA,NA,NA,0,NA,0,0,0,NA,0,0,NA,NA,86.50993358,-0.954117118,-4.679511457,0.645244774
514_308,514,NA,NA,2,1,1,2016,2,495063,5315352,3,1,47.99144958,-123.0661727,8/10/2016,8/24/2016,14,14,14,NA,NA,NA,NA,NA,NA,NA,NA,NA,NA,NA,NA,NA,NA,NA,NA,0,NA,0,0,0,NA,0,0,NA,NA,378.6812017,1.085827823,0.076906634,0.398321749
514_308,514,NA,NA,2,1,2,2016,2,495063,5315352,3,2,47.99144958,-123.0661727,8/24/2016,9/7/2016,14,14,14,NA,NA,NA,NA,NA,NA,NA,NA,NA,NA,NA,NA,NA,NA,NA,NA,0,NA,0,0,0,NA,0,0,NA,NA,51.87339171,-1.195950064,0.076906634,0.398321749
514_308,514,NA,NA,2,1,3,2016,2,495063,5315352,3,3,47.99144958,-123.0661727,9/7/2016,9/21/2016,14,0,14,NA,NA,NA,NA,NA,NA,NA,NA,NA,NA,NA,NA,NA,NA,NA,NA,0,NA,0,0,0,NA,0,0,NA,NA,401.7881303,1.247160806,-4.679511457,0.398321749
514_308,514,NA,NA,2,1,4,2016,2,495063,5315352,3,4,47.99144958,-123.0661727,9/21/2016,10/6/2016,15,0,15,NA,NA,NA,NA,NA,NA,NA,NA,NA,NA,NA,NA,NA,NA,NA,NA,0,NA,0,0,0,NA,0,0,NA,NA,86.51046057,-0.954113439,-4.679511457,0.645244774
515_323,515,NA,NA,2,1,1,2016,2,505407,5317435,1,1,48.0101869,-122.9275015,8/10/2016,8/24/2016,14,14,14,NA,NA,NA,NA,NA,NA,NA,NA,NA,NA,NA,NA,NA,NA,NA,NA,1,NA,0,1,0,NA,0,1,NA,NA,378.6299268,1.085469821,0.076906634,0.398321749
515_323,515,NA,NA,2,1,2,2016,2,505407,5317435,1,2,48.0101869,-122.9275015,8/24/2016,9/7/2016,14,14,14,NA,NA,NA,NA,NA,NA,NA,NA,NA,NA,NA,NA,NA,NA,NA,NA,0,NA,0,1,0,NA,0,1,NA,NA,51.87599025,-1.195931921,0.076906634,0.398321749
515_323,515,NA,NA,2,1,3,2016,2,505407,5317435,1,3,48.0101869,-122.9275015,9/7/2016,9/21/2016,14,14,14,NA,NA,NA,NA,NA,NA,NA,NA,NA,NA,NA,NA,NA,NA,NA,NA,0,NA,0,1,0,NA,0,1,NA,NA,401.7745169,1.247065757,0.076906634,0.398321749
515_316,515,NA,NA,2,1,1,2016,2,504728,5316442,2,1,48.0012581,-122.9366166,8/10/2016,8/24/2016,14,14,13,NA,NA,NA,NA,NA,NA,NA,NA,NA,NA,NA,NA,NA,NA,NA,NA,0,NA,0,0,0,NA,0,0,NA,NA,378.6545276,1.085641584,0.076906634,0.151398724
515_316,515,NA,NA,2,1,2,2016,2,504728,5316442,2,2,48.0012581,-122.9366166,8/24/2016,9/7/2016,14,14,14,NA,NA,NA,NA,NA,NA,NA,NA,NA,NA,NA,NA,NA,NA,NA,NA,0,NA,0,0,0,NA,0,0,NA,NA,51.87568104,-1.19593408,0.076906634,0.398321749
515_316,515,NA,NA,2,1,3,2016,2,504728,5316442,2,3,48.0012581,-122.9366166,9/7/2016,9/21/2016,14,14,14,NA,NA,NA,NA,NA,NA,NA,NA,NA,NA,NA,NA,NA,NA,NA,NA,0,NA,0,0,0,NA,0,0,NA,NA,401.7839843,1.247131859,0.076906634,0.398321749
515_306,515,NA,NA,2,1,1,2016,2,503806,5315220,3,1,47.99026968,-122.9489877,8/10/2016,8/24/2016,14,14,14,NA,NA,NA,NA,NA,NA,NA,NA,NA,NA,NA,NA,NA,NA,NA,NA,0,NA,0,0,0,NA,0,0,NA,NA,378.6886038,1.085879505,0.076906634,0.398321749
515_306,515,NA,NA,2,1,2,2016,2,503806,5315220,3,2,47.99026968,-122.9489877,8/24/2016,9/7/2016,14,14,12,NA,NA,NA,NA,NA,NA,NA,NA,NA,NA,NA,NA,NA,NA,NA,NA,1,NA,0,0,0,NA,0,0,NA,NA,51.8731603,-1.19595168,0.076906634,-0.0955243
515_306,515,NA,NA,2,1,3,2016,2,503806,5315220,3,3,47.99026968,-122.9489877,9/7/2016,9/21/2016,14,14,14,NA,NA,NA,NA,NA,NA,NA,NA,NA,NA,NA,NA,NA,NA,NA,NA,0,NA,0,0,0,NA,0,0,NA,NA,401.7917923,1.247186374,0.076906634,0.398321749
552_338,552,NA,NA,2,1,1,2016,2,382498,5323402,1,1,48.05307467,-124.5768277,8/4/2016,8/18/2016,14,14,14,NA,NA,NA,NA,NA,NA,NA,NA,NA,NA,NA,NA,NA,NA,NA,NA,0,NA,1,0,0,NA,0,0,NA,NA,188.0250694,-0.245336652,0.076906634,0.398321749
552_338,552,NA,NA,2,1,2,2016,2,382498,5323402,1,2,48.05307467,-124.5768277,8/18/2016,9/1/2016,14,14,14,NA,NA,NA,NA,NA,NA,NA,NA,NA,NA,NA,NA,NA,NA,NA,NA,0,NA,0,0,0,NA,0,0,NA,NA,249.0358797,0.180641901,0.076906634,0.398321749
552_338,552,NA,NA,2,1,3,2016,2,382498,5323402,1,3,48.05307467,-124.5768277,9/1/2016,9/15/2016,14,14,8,NA,NA,NA,NA,NA,NA,NA,NA,NA,NA,NA,NA,NA,NA,NA,NA,0,NA,0,1,0,NA,0,1,NA,NA,147.7517409,-0.526525741,0.076906634,-1.0832164
552_350,552,NA,NA,2,1,1,2016,2,382258,5325931,2,1,48.07577539,-124.5807436,8/4/2016,8/18/2016,14,14,10,NA,NA,NA,NA,NA,NA,NA,NA,NA,NA,NA,NA,NA,NA,NA,NA,0,NA,0,1,0,NA,0,1,NA,NA,187.9695423,-0.245724343,0.076906634,-0.58937035
552_350,552,NA,NA,2,1,2,2016,2,382258,5325931,2,2,48.07577539,-124.5807436,8/18/2016,9/1/2016,14,0,14,NA,NA,NA,NA,NA,NA,NA,NA,NA,NA,NA,NA,NA,NA,NA,NA,0,NA,0,0,0,NA,0,0,NA,NA,249.0260893,0.180573544,-4.679511457,0.398321749
552_350,552,NA,NA,2,1,3,2016,2,382258,5325931,2,3,48.07577539,-124.5807436,9/1/2016,9/15/2016,14,14,4,NA,NA,NA,NA,NA,NA,NA,NA,NA,NA,NA,NA,NA,NA,NA,NA,0,NA,0,1,0,NA,0,1,NA,NA,147.7237734,-0.52672101,0.076906634,-2.070908499
552_340,552,NA,NA,2,1,1,2016,2,380661,5324140,3,1,48.05937102,-124.6016755,8/4/2016,8/18/2016,14,14,11,NA,NA,NA,NA,NA,NA,NA,NA,NA,NA,NA,NA,NA,NA,NA,NA,0,NA,0,1,0,NA,0,1,NA,NA,188.0119936,-0.245427947,0.076906634,-0.342447325
552_340,552,NA,NA,2,1,2,2016,2,380661,5324140,3,2,48.05937102,-124.6016755,8/18/2016,9/1/2016,14,14,14,NA,NA,NA,NA,NA,NA,NA,NA,NA,NA,NA,NA,NA,NA,NA,NA,0,NA,0,0,0,NA,0,0,NA,NA,249.0338528,0.180627749,0.076906634,0.398321749
552_340,552,NA,NA,2,1,3,2016,2,380661,5324140,3,3,48.05937102,-124.6016755,9/1/2016,9/15/2016,14,14,2,NA,NA,NA,NA,NA,NA,NA,NA,NA,NA,NA,NA,NA,NA,NA,NA,1,NA,0,1,0,NA,0,1,NA,NA,147.7448635,-0.526573759,0.076906634,-2.564754549
554_348,554,NA,NA,2,1,1,2016,2,402289,5325215,2,1,48.07271974,-124.3117345,9/17/2016,10/1/2016,14,14,14,NA,NA,NA,NA,NA,NA,NA,NA,NA,NA,NA,NA,NA,NA,NA,NA,1,NA,1,1,0,NA,0,1,NA,NA,254.0007286,0.215306563,0.076906634,0.398321749
554_348,554,NA,NA,2,1,2,2016,2,402289,5325215,2,2,48.07271974,-124.3117345,10/1/2016,10/13/2016,12,12,9,NA,NA,NA,NA,NA,NA,NA,NA,NA,NA,NA,NA,NA,NA,NA,NA,0,NA,0,1,0,NA,0,1,NA,NA,129.198363,-0.656065752,-0.602581665,-0.836293375
554_348,554,NA,NA,2,1,3,2016,2,402289,5325215,2,3,48.07271974,-124.3117345,10/13/2016,10/29/2016,16,16,10,NA,NA,NA,NA,NA,NA,NA,NA,NA,NA,NA,NA,NA,NA,NA,NA,0,NA,1,1,0,NA,0,1,NA,NA,390.2796866,1.166808649,0.756394932,-0.58937035
554_351,554,NA,NA,2,1,1,2016,2,401444,5326316,3,2,48.08249282,-124.3233292,10/1/2016,10/13/2016,12,12,12,NA,NA,NA,NA,NA,NA,NA,NA,NA,NA,NA,NA,NA,NA,NA,NA,0,NA,0,1,0,NA,1,1,NA,NA,129.1952941,-0.656087179,-0.602581665,-0.0955243
554_351,554,NA,NA,2,1,2,2016,2,401444,5326316,3,3,48.08249282,-124.3233292,10/13/2016,10/29/2016,16,16,16,NA,NA,NA,NA,NA,NA,NA,NA,NA,NA,NA,NA,NA,NA,NA,NA,1,NA,0,1,0,NA,1,1,NA,NA,390.3030056,1.166971463,0.756394932,0.892167799
555_353,555,NA,NA,2,1,1,2016,2,407556,5326956,1,1,48.08916528,-124.2414214,9/17/2016,10/1/2016,14,14,14,NA,NA,NA,NA,NA,NA,NA,NA,NA,NA,NA,NA,NA,NA,NA,NA,0,NA,0,1,0,NA,0,1,NA,NA,254.0242438,0.215470747,0.076906634,0.398321749
555_353,555,NA,NA,2,1,2,2016,2,407556,5326956,1,2,48.08916528,-124.2414214,10/1/2016,10/13/2016,12,12,12,NA,NA,NA,NA,NA,NA,NA,NA,NA,NA,NA,NA,NA,NA,NA,NA,0,NA,0,1,0,NA,0,1,NA,NA,129.1883527,-0.656135644,-0.602581665,-0.0955243
555_353,555,NA,NA,2,1,3,2016,2,407556,5326956,1,3,48.08916528,-124.2414214,10/13/2016,10/29/2016,16,16,3,NA,NA,NA,NA,NA,NA,NA,NA,NA,NA,NA,NA,NA,NA,NA,NA,0,NA,0,1,0,NA,0,1,NA,NA,390.3228075,1.16710972,0.756394932,-2.317831524
558_342,558,NA,NA,2,1,1,2016,2,434631,5324240,1,1,48.06808472,-123.8774717,5/24/2016,6/7/2016,14,14,14,NA,NA,NA,NA,NA,NA,NA,NA,NA,NA,NA,NA,NA,NA,NA,NA,0,NA,0,1,0,NA,0,1,NA,NA,98.72011089,-0.868865445,0.076906634,0.398321749
558_342,558,NA,NA,2,1,2,2016,2,434631,5324240,1,2,48.06808472,-123.8774717,6/7/2016,6/21/2016,14,14,14,NA,NA,NA,NA,NA,NA,NA,NA,NA,NA,NA,NA,NA,NA,NA,NA,0,NA,0,0,0,NA,0,0,NA,NA,222.2715111,-0.006227392,0.076906634,0.398321749
558_342,558,NA,NA,2,1,3,2016,2,434631,5324240,1,3,48.06808472,-123.8774717,6/21/2016,7/5/2016,14,14,12,NA,NA,NA,NA,NA,NA,NA,NA,NA,NA,NA,NA,NA,NA,NA,NA,0,NA,0,0,0,NA,0,0,NA,NA,152.5907227,-0.492739885,0.076906634,-0.0955243
558_341,558,NA,NA,2,1,1,2016,2,435904,5324196,2,1,48.06781811,-123.8603791,5/24/2016,6/7/2016,14,14,14,NA,NA,NA,NA,NA,NA,NA,NA,NA,NA,NA,NA,NA,NA,NA,NA,0,NA,0,1,0,NA,0,1,NA,NA,98.72009146,-0.868865581,0.076906634,0.398321749
558_341,558,NA,NA,2,1,2,2016,2,435904,5324196,2,2,48.06781811,-123.8603791,6/7/2016,6/21/2016,14,14,4,NA,NA,NA,NA,NA,NA,NA,NA,NA,NA,NA,NA,NA,NA,NA,NA,0,NA,0,1,0,NA,0,1,NA,NA,222.2714642,-0.00622772,0.076906634,-2.070908499
558_341,558,NA,NA,2,1,3,2016,2,435904,5324196,2,3,48.06781811,-123.8603791,6/21/2016,7/5/2016,14,14,5,NA,NA,NA,NA,NA,NA,NA,NA,NA,NA,NA,NA,NA,NA,NA,NA,0,NA,0,1,0,NA,0,1,NA,NA,152.5944345,-0.492713969,0.076906634,-1.823985474
559_346,559,NA,NA,2,1,1,2016,2,447396,5324450,1,1,48.07115468,-123.7061634,5/26/2016,6/11/2016,16,16,16,NA,NA,NA,NA,NA,NA,NA,NA,NA,NA,NA,NA,NA,NA,NA,NA,0,NA,0,0,0,NA,0,0,NA,NA,54.63592307,-1.176662021,0.756394932,0.892167799
559_346,559,NA,NA,2,1,2,2016,2,447396,5324450,1,2,48.07115468,-123.7061634,6/11/2016,6/26/2016,15,15,15,NA,NA,NA,NA,NA,NA,NA,NA,NA,NA,NA,NA,NA,NA,NA,NA,1,NA,0,0,0,NA,0,0,NA,NA,308.5487438,0.596161767,0.416650783,0.645244774
559_346,559,NA,NA,2,1,3,2016,2,447396,5324450,1,3,48.07115468,-123.7061634,6/26/2016,7/9/2016,13,13,13,NA,NA,NA,NA,NA,NA,NA,NA,NA,NA,NA,NA,NA,NA,NA,NA,0,NA,0,0,0,NA,0,0,NA,NA,40.39326977,-1.276104478,-0.262837516,0.151398724
559_349,559,NA,NA,2,1,1,2016,2,445291,5325285,2,1,48.07848949,-123.7345258,5/26/2016,6/11/2016,16,16,16,NA,NA,NA,NA,NA,NA,NA,NA,NA,NA,NA,NA,NA,NA,NA,NA,0,NA,0,0,0,NA,0,0,NA,NA,54.62613015,-1.176730396,0.756394932,0.892167799
559_349,559,NA,NA,2,1,2,2016,2,445291,5325285,2,2,48.07848949,-123.7345258,6/11/2016,6/26/2016,15,15,7,NA,NA,NA,NA,NA,NA,NA,NA,NA,NA,NA,NA,NA,NA,NA,NA,0,NA,0,0,0,NA,0,0,NA,NA,308.5088509,0.595883234,0.416650783,-1.330139425
559_349,559,NA,NA,2,1,3,2016,2,445291,5325285,2,3,48.07848949,-123.7345258,6/26/2016,7/9/2016,13,13,13,NA,NA,NA,NA,NA,NA,NA,NA,NA,NA,NA,NA,NA,NA,NA,NA,0,NA,0,0,0,NA,0,0,NA,NA,40.38886294,-1.276135246,-0.262837516,0.151398724
559_352,559,NA,NA,2,1,1,2016,2,443641,5326668,3,1,48.09078759,-123.7568593,5/26/2016,6/11/2016,16,16,16,NA,NA,NA,NA,NA,NA,NA,NA,NA,NA,NA,NA,NA,NA,NA,NA,0,NA,0,0,0,NA,0,0,NA,NA,54.61024564,-1.176841302,0.756394932,0.892167799
559_352,559,NA,NA,2,1,2,2016,2,443641,5326668,3,2,48.09078759,-123.7568593,6/11/2016,6/26/2016,15,15,8,NA,NA,NA,NA,NA,NA,NA,NA,NA,NA,NA,NA,NA,NA,NA,NA,1,NA,0,1,0,NA,0,1,NA,NA,308.4384706,0.595391837,0.416650783,-1.0832164
559_352,559,NA,NA,2,1,3,2016,2,443641,5326668,3,3,48.09078759,-123.7568593,6/26/2016,7/9/2016,13,13,13,NA,NA,NA,NA,NA,NA,NA,NA,NA,NA,NA,NA,NA,NA,NA,NA,0,NA,0,0,0,NA,0,0,NA,NA,40.37895618,-1.276204415,-0.262837516,0.151398724
561_343,561,NA,NA,2,1,1,2016,2,465504,5324220,1,1,48.07032217,-123.4630709,7/6/2016,7/20/2016,14,14,14,NA,NA,NA,NA,NA,NA,NA,NA,NA,NA,NA,NA,NA,NA,NA,NA,0,NA,0,0,0,NA,0,0,NA,NA,194.0657482,-0.203160526,0.076906634,0.398321749
561_343,561,NA,NA,2,1,2,2016,2,465504,5324220,1,2,48.07032217,-123.4630709,7/20/2016,8/4/2016,15,15,15,NA,NA,NA,NA,NA,NA,NA,NA,NA,NA,NA,NA,NA,NA,NA,NA,0,NA,0,0,0,NA,0,0,NA,NA,183.3548774,-0.277944014,0.416650783,0.645244774
561_343,561,NA,NA,2,1,3,2016,2,465504,5324220,1,3,48.07032217,-123.4630709,8/4/2016,8/18/2016,14,14,14,NA,NA,NA,NA,NA,NA,NA,NA,NA,NA,NA,NA,NA,NA,NA,NA,0,NA,0,0,0,NA,0,0,NA,NA,187.9300684,-0.24599995,0.076906634,0.398321749
561_336,561,NA,NA,2,1,1,2016,2,464101,5322800,2,1,48.05746932,-123.4817848,7/6/2016,7/20/2016,14,14,14,NA,NA,NA,NA,NA,NA,NA,NA,NA,NA,NA,NA,NA,NA,NA,NA,0,NA,0,1,0,NA,0,1,NA,NA,194.1110214,-0.202844427,0.076906634,0.398321749
561_336,561,NA,NA,2,1,2,2016,2,464101,5322800,2,2,48.05746932,-123.4817848,7/20/2016,8/4/2016,15,15,15,NA,NA,NA,NA,NA,NA,NA,NA,NA,NA,NA,NA,NA,NA,NA,NA,0,NA,0,1,0,NA,0,1,NA,NA,183.3741063,-0.277809758,0.416650783,0.645244774
561_336,561,NA,NA,2,1,3,2016,2,464101,5322800,2,3,48.05746932,-123.4817848,8/4/2016,8/18/2016,14,14,14,NA,NA,NA,NA,NA,NA,NA,NA,NA,NA,NA,NA,NA,NA,NA,NA,0,NA,0,1,0,NA,0,1,NA,NA,187.9611609,-0.245782862,0.076906634,0.398321749
601_361,601,NA,NA,2,1,1,2016,2,385048,5332776,1,1,48.13784669,-124.5451453,8/14/2016,8/28/2016,14,14,4,NA,NA,NA,NA,NA,NA,NA,NA,NA,NA,NA,NA,NA,NA,NA,NA,0,NA,0,1,0,NA,0,1,NA,NA,373.9565825,1.052840449,0.076906634,-2.070908499
601_361,601,NA,NA,2,1,2,2016,2,385048,5332776,1,2,48.13784669,-124.5451453,8/28/2016,9/11/2016,14,14,3,NA,NA,NA,NA,NA,NA,NA,NA,NA,NA,NA,NA,NA,NA,NA,NA,0,NA,0,1,0,NA,0,1,NA,NA,39.91958508,-1.279411753,0.076906634,-2.317831524
601_361,601,NA,NA,2,2,1,2016,2,385017,5332690,1,3,48.13706764,-124.5455386,9/11/2016,9/25/2016,14,14,2,NA,NA,NA,NA,NA,NA,NA,NA,NA,NA,NA,NA,NA,NA,NA,NA,0,NA,0,1,0,NA,1,1,NA,NA,446.8391613,1.561707898,0.076906634,-2.564754549
606_363,606,NA,NA,2,1,1,2016,2,433957,5333145,1,1,48.1481241,-123.8878968,7/13/2016,7/27/2016,14,14,14,NA,NA,NA,NA,NA,NA,NA,NA,NA,NA,NA,NA,NA,NA,NA,NA,0,NA,0,1,0,NA,0,1,NA,NA,344.1565222,0.844775903,0.076906634,0.398321749
606_363,606,NA,NA,2,1,2,2016,2,433957,5333145,1,2,48.1481241,-123.8878968,7/27/2016,8/10/2016,14,14,14,NA,NA,NA,NA,NA,NA,NA,NA,NA,NA,NA,NA,NA,NA,NA,NA,0,NA,0,1,0,NA,0,1,NA,NA,31.80983902,-1.336034142,0.076906634,0.398321749
606_363,606,NA,NA,2,1,3,2016,2,433957,5333145,1,3,48.1481241,-123.8878968,8/10/2016,8/25/2016,15,15,15,NA,NA,NA,NA,NA,NA,NA,NA,NA,NA,NA,NA,NA,NA,NA,NA,0,NA,0,1,1,NA,0,1,NA,NA,369.7278242,1.023315184,0.416650783,0.645244774
606_362,606,NA,NA,2,1,1,2016,2,432693,5333018,2,1,48.14684911,-123.904868,7/13/2016,7/27/2016,14,14,4,NA,NA,NA,NA,NA,NA,NA,NA,NA,NA,NA,NA,NA,NA,NA,NA,0,NA,0,1,0,NA,0,1,NA,NA,344.1605558,0.844804065,0.076906634,-2.070908499
606_362,606,NA,NA,2,1,2,2016,2,432693,5333018,2,2,48.14684911,-123.904868,7/27/2016,8/10/2016,14,14,13,NA,NA,NA,NA,NA,NA,NA,NA,NA,NA,NA,NA,NA,NA,NA,NA,1,NA,0,0,0,NA,0,0,NA,NA,31.80990405,-1.336033688,0.076906634,0.151398724
606_362,606,NA,NA,2,1,3,2016,2,432693,5333018,2,3,48.14684911,-123.904868,8/10/2016,8/25/2016,15,15,6,NA,NA,NA,NA,NA,NA,NA,NA,NA,NA,NA,NA,NA,NA,NA,NA,0,NA,0,1,0,NA,0,1,NA,NA,369.7328636,1.023350369,0.416650783,-1.57706245
608_364,608,NA,NA,2,1,1,2016,2,449041,5334005,1,1,48.15724852,-123.6852244,8/25/2016,9/8/2016,14,14,14,NA,NA,NA,NA,NA,NA,NA,NA,NA,NA,NA,NA,NA,NA,NA,NA,0,NA,0,0,0,NA,0,0,NA,NA,37.85542818,-1.293823732,0.076906634,0.398321749
608_364,608,NA,NA,2,1,2,2016,2,449041,5334005,1,2,48.15724852,-123.6852244,9/8/2016,9/22/2016,14,14,14,NA,NA,NA,NA,NA,NA,NA,NA,NA,NA,NA,NA,NA,NA,NA,NA,0,NA,0,0,0,NA,0,0,NA,NA,426.0949342,1.416871339,0.076906634,0.398321749
608_364,608,NA,NA,2,1,3,2016,2,449041,5334005,1,3,48.15724852,-123.6852244,9/22/2016,10/13/2016,21,21,21,NA,NA,NA,NA,NA,NA,NA,NA,NA,NA,NA,NA,NA,NA,NA,NA,0,NA,0,0,0,NA,0,0,NA,NA,114.7833758,-0.756711447,2.455115679,2.126782923
609_354,609,NA,NA,2,1,1,2016,2,458875,5330853,2,1,48.12960364,-123.5526933,8/31/2016,9/15/2016,15,15,15,NA,NA,NA,NA,NA,NA,NA,NA,NA,NA,NA,NA,NA,NA,NA,NA,1,NA,0,0,0,NA,0,0,NA,NA,137.8036665,-0.595983371,0.416650783,0.645244774
609_354,609,NA,NA,2,1,2,2016,2,458875,5330853,2,2,48.12960364,-123.5526933,9/15/2016,9/29/2016,14,14,14,NA,NA,NA,NA,NA,NA,NA,NA,NA,NA,NA,NA,NA,NA,NA,NA,0,NA,0,0,0,NA,0,0,NA,NA,347.9543332,0.871292286,0.076906634,0.398321749
609_354,609,NA,NA,2,1,3,2016,2,458875,5330853,2,3,48.12960364,-123.5526933,9/29/2016,10/13/2016,14,14,14,NA,NA,NA,NA,NA,NA,NA,NA,NA,NA,NA,NA,NA,NA,NA,NA,0,NA,1,0,0,NA,0,0,NA,NA,110.7571842,-0.784822387,0.076906634,0.398321749
609_357,609,NA,NA,2,1,1,2016,2,458741,5331908,3,1,48.13908633,-123.5545963,8/31/2016,9/15/2016,15,15,15,NA,NA,NA,NA,NA,NA,NA,NA,NA,NA,NA,NA,NA,NA,NA,NA,0,NA,0,0,0,NA,0,0,NA,NA,137.7933713,-0.596055253,0.416650783,0.645244774
609_357,609,NA,NA,2,1,2,2016,2,458741,5331908,3,2,48.13908633,-123.5545963,9/15/2016,9/29/2016,14,14,14,NA,NA,NA,NA,NA,NA,NA,NA,NA,NA,NA,NA,NA,NA,NA,NA,0,NA,0,0,0,NA,0,0,NA,NA,347.9616179,0.871343148,0.076906634,0.398321749
609_357,609,NA,NA,2,1,3,2016,2,458741,5331908,3,3,48.13908633,-123.5545963,9/29/2016,10/13/2016,14,14,14,NA,NA,NA,NA,NA,NA,NA,NA,NA,NA,NA,NA,NA,NA,NA,NA,0,NA,1,0,0,NA,0,0,NA,NA,110.753553,-0.784847741,0.076906634,0.398321749
632_371,632,NA,NA,2,1,1,2016,2,400494,5342819,1,1,48.23078121,-124.3399416,6/11/2016,6/25/2016,14,14,14,NA,NA,NA,NA,NA,NA,NA,NA,NA,NA,NA,NA,NA,NA,NA,NA,0,NA,0,0,0,NA,0,0,NA,NA,313.5661954,0.631193702,0.076906634,0.398321749
632_371,632,NA,NA,2,1,2,2016,2,400494,5342819,1,2,48.23078121,-124.3399416,6/25/2016,7/8/2016,13,13,13,NA,NA,NA,NA,NA,NA,NA,NA,NA,NA,NA,NA,NA,NA,NA,NA,0,NA,0,1,0,NA,0,1,NA,NA,55.92620967,-1.167653218,-0.262837516,0.151398724
632_371,632,NA,NA,2,1,3,2016,2,400494,5342819,1,3,48.23078121,-124.3399416,7/8/2016,7/23/2016,15,15,15,NA,NA,NA,NA,NA,NA,NA,NA,NA,NA,NA,NA,NA,NA,NA,NA,0,NA,0,0,0,NA,0,0,NA,NA,270.3806673,0.329671584,0.416650783,0.645244774
632_367,632,NA,NA,2,1,1,2016,2,399824,5339317,3,1,48.1991775,-124.3481339,6/11/2016,6/25/2016,14,14,14,NA,NA,NA,NA,NA,NA,NA,NA,NA,NA,NA,NA,NA,NA,NA,NA,0,NA,0,0,0,NA,0,0,NA,NA,313.7467088,0.63245405,0.076906634,0.398321749
632_367,632,NA,NA,2,1,2,2016,2,399824,5339317,3,2,48.1991775,-124.3481339,6/25/2016,7/8/2016,13,13,2,NA,NA,NA,NA,NA,NA,NA,NA,NA,NA,NA,NA,NA,NA,NA,NA,0,NA,0,0,0,NA,0,0,NA,NA,55.95635918,-1.167442713,-0.262837516,-2.564754549
632_367,632,NA,NA,2,1,3,2016,2,399824,5339317,3,3,48.1991775,-124.3481339,7/8/2016,7/23/2016,15,15,15,NA,NA,NA,NA,NA,NA,NA,NA,NA,NA,NA,NA,NA,NA,NA,NA,0,NA,0,0,0,NA,0,0,NA,NA,270.5199671,0.330644178,0.416650783,0.645244774
647_374,647,NA,NA,2,1,1,2016,2,397038,5347548,1,1,48.27276286,-124.3876164,6/11/2016,6/25/2016,14,14,14,NA,NA,NA,NA,NA,NA,NA,NA,NA,NA,NA,NA,NA,NA,NA,NA,0,NA,0,0,0,NA,0,0,NA,NA,313.3269804,0.629523499,0.076906634,0.398321749
647_374,647,NA,NA,2,1,2,2016,2,397038,5347548,1,2,48.27276286,-124.3876164,6/25/2016,7/8/2016,13,13,13,NA,NA,NA,NA,NA,NA,NA,NA,NA,NA,NA,NA,NA,NA,NA,NA,0,NA,0,0,0,NA,0,0,NA,NA,55.88086272,-1.167969831,-0.262837516,0.151398724
647_374,647,NA,NA,2,1,3,2016,2,397038,5347548,1,3,48.27276286,-124.3876164,7/8/2016,7/23/2016,15,15,15,NA,NA,NA,NA,NA,NA,NA,NA,NA,NA,NA,NA,NA,NA,NA,NA,0,NA,0,1,0,NA,0,1,NA,NA,270.1939404,0.328367854,0.416650783,0.645244774
647_372,647,NA,NA,2,1,1,2016,2,396284,5346433,2,1,48.2626114,-124.3975014,6/11/2016,6/25/2016,14,14,14,NA,NA,NA,NA,NA,NA,NA,NA,NA,NA,NA,NA,NA,NA,NA,NA,0,NA,0,0,0,NA,0,0,NA,NA,313.3848366,0.629927452,0.076906634,0.398321749
647_372,647,NA,NA,2,1,2,2016,2,396284,5346433,2,2,48.2626114,-124.3975014,6/25/2016,7/8/2016,13,13,11,NA,NA,NA,NA,NA,NA,NA,NA,NA,NA,NA,NA,NA,NA,NA,NA,0,NA,0,1,0,NA,0,1,NA,NA,55.88960677,-1.16790878,-0.262837516,-0.342447325
647_372,647,NA,NA,2,1,3,2016,2,396284,5346433,2,3,48.2626114,-124.3975014,7/8/2016,7/23/2016,15,15,15,NA,NA,NA,NA,NA,NA,NA,NA,NA,NA,NA,NA,NA,NA,NA,NA,0,NA,0,0,0,NA,0,0,NA,NA,270.2404184,0.328692364,0.416650783,0.645244774
647_373,647,NA,NA,2,1,1,2016,2,394893,5347003,3,1,48.26750872,-124.41638,6/11/2016,6/25/2016,14,14,4,NA,NA,NA,NA,NA,NA,NA,NA,NA,NA,NA,NA,NA,NA,NA,NA,0,NA,0,1,0,NA,0,1,NA,NA,313.3582139,0.629741572,0.076906634,-2.070908499
647_373,647,NA,NA,2,1,2,2016,2,394893,5347003,3,2,48.26750872,-124.41638,6/25/2016,7/8/2016,13,13,6,NA,NA,NA,NA,NA,NA,NA,NA,NA,NA,NA,NA,NA,NA,NA,NA,0,NA,0,1,0,NA,0,1,NA,NA,55.88490309,-1.167941621,-0.262837516,-1.57706245
647_373,647,NA,NA,2,2,1,2016,2,394895,5347047,3,3,48.26790479,-124.416364,7/8/2016,7/23/2016,15,15,5,NA,NA,NA,NA,NA,NA,NA,NA,NA,NA,NA,NA,NA,NA,NA,NA,0,NA,0,1,0,NA,1,1,NA,NA,270.2144527,0.328511071,0.416650783,-1.823985474
