site_ID,Edge_Length_m
553_687,0.004968003
562_692,0.020675673
645_709,0.004491193
409_476,0.002808287
362_460,0.003121798
656_713,0.022230456
607_700,0.002115204
88_29,0.004386132
318_242,0.0099269
409_476,0.002546211
456_295,7470.708222191780806
136_567,27774.817761957041512
269_602,2681.635659207589924
269_427,5185.255720113468669
317_241,6268.169046933762729
633_705,92926.991327584197279
465_500,15693.889369719585375
603_695,12320.255004375312637
515_316,1375.038031323812902
310_443,10104.800748616456985
170_175,66029.870996080018813
362_460,6683.089801934827847
554_110,61.510724984158550
512_311,4709.354863523516542
609_112,18646.331836987294082
242_595,39017.079580598845496
412_635,6302.970227365382016
505_317,6625.937461323246680
645_710,1120.594494116539636
747_21,28031.416370426424692
505_307,3847.264451726339757
39_380,64696.574870190728689
606_363,16391.607481000024563
235_415,8946.198646126314998
65_142,104171.056071131577482
141_122,9069.153384149074554
646_539,16472.280977841466665
607_698,3598.908409784066862
556_521,1970.792281023234409
414_88,8703.131434698356315
362_456,26374.510741968715593
355_469,51274.213752398281940
270_7,5730.098900213837624
511_512,4959.417025753296912
413_269,41076.508010143421416
353_266,45421.770274538932426
458_97,295.656687031116633
353_260,25738.090266256553150
456_290,1007.108418111751121
363_466,26274.335649556043791
656_713,50087.226258216054703
364_470,1413.399703951557512
458_294,314.052104801870883
451_296,99970.281913471466396
106_40,24101.124899268983427
320_455,39683.152127731591463
85_31,24962.320817240513861
505_101,846.868365744128823
278_226,15211.647547890432179
279_600,4619.605021399362158
553_687,33979.310606742670643
461_651,23437.791554144583642
138_566,20411.114673719741404
237_206,2668.682831073183934
168_174,8548.591520222835243
400_637,6.706799020059407
608_114,16058.063430896914724
734_137,94128.971092763356864
318_238,5228.172009662794153
455_508,9506.426269982010126
408_87,3928.450784392101923
645_562,10855.404609210838316
321_240,184.102311307733601
554_348,48816.621919413781143
352_264,5355.403414892964065
171_582,36692.132718747634499
275_5,353.085481855096873
241_210,90501.940632096753689
560_689,57331.594903591765615
362_467,71546.875845849572215
563_516,73082.251394412480295
21_18,57125.725914964459662
451_94,1559.218944431282580
608_364,14.986591607332230
272_229,359.999999996274710
204_198,39832.502232062630355
510_313,29097.737325290236186
459_493,37.789490813389421
234_596,8088.747253634966910
82_33,16358.675076660709237
275_58,32.222325592590551
631_537,2830.407489058561623
605_693,449.625275428573048
205_50,22918.782161499289941
561_107,27483.804138738720212
85_35,7122.910871868953109
400_638,21951.779490965422156
275_59,81.914089205217977
460_653,16687.468542725837324
199_199,15665.638061537407339
355_458,3134.834601331502199
561_337,1262.048197290459484
512_314,17786.723662707958283
408_275,90.164740624917386
459_548,3766.661058433653579
107_401,34329.077252493247215
112_157,58985.217791807059257
403_272,2096.397977918393281
563_677,10394.564262361265719
321_237,49477.841671523878176
403_270,1484.172221498021599
765_148,108813.000941610051086
756_389,114309.708258303959155
633_706,659.999999983236194
646_538,56105.745574512518942
607_700,1727.629336109758015
509_664,4756.601431618495553
775_160,50641.511388997139875
233_416,13856.265372439991552
414_93,11972.902537653861145
235_421,9361.169226604513824
203_191,79.728635184483153
140_166,5060.492620707489550
356_472,7230.700182707108979
555_353,18611.425123713044741
233_424,13369.506147325038910
316_9,1997.850312834622855
756_387,34480.357322482399468
317_246,3198.233287771232426
512_12,3171.499871149659157
402_281,12779.061776898854077
746_382,54029.355895390748628
553_684,38697.673273081891239
460_495,146395.114172050845809
506_510,31122.130169585347176
452_652,36399.036108536660322
269_437,5647.845575542198276
316_250,13717.936813359279768
318_239,171.950818412005901
136_569,2308.229075239049052
402_267,7284.907896707614782
602_532,75875.512898632354336
401_545,1159.591530651785433
504_103,1072.849724170907848
239_590,61771.630403277486039
270_217,16036.643421415239573
270_232,6805.390042999759316
64_388,87104.758313437137986
321_8,40023.206344484635338
409_478,141.712349745188817
605_697,1216.853006262347208
202_185,16928.804907537996769
452_654,10250.873418137580302
656_563,3243.914283844642341
602_526,38636.574653663294157
410_636,6416.433561632031342
273_425,13306.858185247518122
458_99,3535.835413924436580
200_196,102541.425168339250376
169_578,20169.687670295166754
560_678,37458.016316053457558
511_661,1502.256324770976789
601_113,6139.622560477928346
506_560,2121.438943896442652
450_502,18483.607385217212141
168_180,32907.335291298106313
141_164,72570.017581241205335
312_441,24353.240202081389725
172_580,51814.684841940179467
565_690,4821.892685038674244
356_617,56.385137514390109
462_301,16045.054792049340904
406_639,22221.151384554192191
167_181,20080.935862520578667
606_111,206.644417885693713
311_440,12351.463570502890434
138_564,47625.485186798578070
363_464,44361.976851087129035
407_479,4488.258051914400312
135_169,26700.643148883245885
505_333,31513.772014648653567
170_182,62645.101318956352770
561_336,2485.967241352524070
465_496,33087.265739872214908
107_404,67703.558294598013163
552_350,17340.956086043835967
109_1,10782.352365046061095
408_91,2466.253988732735706
313_608,335.553516747429967
141_172,2626.417585170827806
406_634,9409.359104149234554
453_505,2579.999999981373549
559_352,1825.663078077951241
87_394,108181.250201605434995
450_647,14116.861150445018211
360_78,4269.428442318000634
606_355,359.800734321311154
461_643,8437.271820236961503
39_383,58844.171487743966281
277_438,36983.946156677855470
364_616,119.999999998137355
365_127,2703.746659360876038
510_320,382.829415664360511
309_607,112.445354029536247
564_675,85612.456032398156822
631_535,6707.367673737374389
135_165,119914.772994378334261
406_489,135.936928660680934
414_131,14756.055243748693101
140_163,45990.565737241879106
268_233,4481.784827674746339
460_659,1500.000000007450581
135_48,1750.802197038287659
41_541,2815.269524908751464
603_530,0.335386968
272_231,826.122975112870336
559_346,37340.706710938000469
312_614,14923.287114357986866
318_67,532.120656504619660
454_302,789.498653141661407
630_119,38852.911605617031455
562_692,97773.534486638469389
405_89,12472.278784144673409
745_23,18291.177906176308170
203_2,5554.657757327898253
562_682,46390.998406850492756
137_162,15847.422757240234205
274_435,7009.703510066513445
319_245,46499.339341071376111
271_220,19326.975399852730334
173_583,56988.061908070769277
765_147,83116.016053405590355
111_41,82066.087356017931597
135_171,1110.334215656854212
84_154,28126.557255190491560
140_170,53193.741510735053453
463_285,5834.688090903699049
647_374,44572.951981388010608
557_517,21164.452937487636518
633_707,42268.745931094643311
268_228,3400.054066211065219
452_646,254.209719070233575
513_325,72391.635122743435204
411_481,77725.000798009859864
171_408,25805.965709344585775
402_84,120.000000005587935
311_454,9078.310526166123964
173_584,92436.475125918062986
275_219,433.045540511540821
201_410,25382.387653648929700
366_10,11681.697871642101745
507_318,42148.930079422993003
632_118,19049.917130428537348
400_480,12212.709313050751007
199_197,8536.242617784999311
404_484,119.999999988824129
140_121,65460.154649845324457
407_486,125.869478665298686
365_263,892.698686213264978
411_487,25070.827576402753039
506_671,13827.214018931612372
562_686,1310.541860761183898
109_42,53444.055360783000651
319_249,4481.151959956624523
82_32,9447.636827439073386
734_135,61746.650866280353512
232_212,5632.834354208376681
88_29,129971.164541803693282
354_473,55296.677687917836010
735_16,19589.891785993331723
757_28,13394.792550587117148
278_225,4255.472063211724162
410_475,90750.273424733983120
361_474,41809.701401759048167
557_519,24610.284257571212947
169_574,30251.983282459910697
406_631,1216.878345337621568
451_287,61508.964693405301659
84_153,12933.179602270018222
240_589,5665.572729378938675
645_709,14375.375245801820711
405_277,7520.407626836563395
508_326,2159.999999990686774
107_399,97614.387698699210887
504_328,3402.017276454722378
514_312,7645.635372259654105
139_572,7767.607714661502541
501_104,1915.988303518854082
65_141,81447.318602899249527
507_334,8501.686186684295535
271_223,12296.748619546184273
235_417,1528.127319243736565
408_284,469.690938996151090
318_242,28578.131279394823650
400_491,1368.471961532724663
232_56,544.539269614033401
41_384,20503.780789676122367
563_683,48860.926011998395552
274_439,32981.352892489172518
553_552,1584.702553146518994
88_37,148711.832679163897410
65_145,183379.371588143520057
169_573,19116.032604799685942
275_60,8378.459112309879856
83_395,98850.823330444487510
310_453,43333.466716366820037
501_13,2131.380101442437990
453_549,240.000000007450581
453_498,1320.000000005587935
232_54,2209.328653365374521
656_712,55977.676285833127622
409_483,24154.522784409844462
607_696,24790.770075067950529
409_476,25643.119122030828294
453_507,119.999999998137355
312_451,3296.646207160316408
271_221,565.350367209874094
454_297,5776.108805901370943
141_167,17780.441526404651086
233_419,32055.058849956851191
63_146,10621.074816882706727
745_22,35750.710984990000725
745_25,61061.060633554508968
404_621,4107.466081499122083
316_126,32.224544963816811
137_47,352.507854285649955
84_151,11431.462946266938161
603_699,1493.313593909154179
87_398,52816.419699410100293
242_599,27540.850385471818299
605_522,2787.985101974632926
236_205,15563.605804398857799
647_373,41071.871400116127916
41_385,2313.818950619566749
309_606,6003.691143666399512
269_558,1302.159525794910223
232_201,120464.679746738693211
461_645,1766.787541048601270
554_351,3647.984754911748496
205_186,11893.991759396187263
272_63,479.999999992549419
201_412,37707.465073824641877
201_413,38930.262890216523374
513_304,20403.931161035790865
112_156,169677.620649076096015
277_436,5537.292321830477704
236_203,1861.304401984771857
403_130,486.208018117603785
242_420,41801.073638316680444
633_536,12953.845354620016224
167_179,157.150358106135201
319_251,1876.072731009684503
205_200,82651.004419447926921
401_632,3414.474869955331087
316_68,27024.195425587786303
109_44,17959.329074475379457
506_660,40734.904908537246229
202_187,11286.424102681226941
508_321,527.829375087283552
410_641,53583.536359503515996
109_38,52238.685200315841939
402_92,17119.592665974982083
604_528,83.176599583753827
552_338,8275.832636721464951
361_471,16400.758430873975158
514_305,15626.950274727327269
238_204,6240.055800781368816
238_4,1256.040723372251477
555_347,75557.963096149207558
279_559,7755.194164793039818
315_449,4423.880858478137270
270_6,118.348116697743535
501_309,34257.997795217714156
41_386,8098.873137681757726
604_527,13754.676364548506172
314_236,10222.315758999508034
734_136,21527.892997685015871
112_159,95191.213343844763585
357_72,3359.939000239414781
406_488,704.140408955560019
106_39,51906.300133327167714
456_96,3284.892904321673541
366_76,2888.189819936572803
602_525,91677.950021364056738
459_547,5856.825813756324351
555_109,19041.995497727944894
312_610,533.930240065790713
603_701,14850.883655529469252
402_273,9073.228996094483591
360_73,577.990842203721286
86_155,61623.383204787009163
410_628,54577.198209737529396
451_95,18082.939325827177527
205_123,33948.704968433841714
313_442,468.699901111423969
173_579,66481.115783168002963
39_381,16332.906623859909814
240_588,7822.997232021782111
457_650,8858.777405988648752
465_509,125301.922179282788420
402_83,399.686684931964066
40_139,10219.693708677961695
412_477,52389.449393411254277
82_30,13140.451824147254229
40_140,45519.626344155294646
560_691,37680.284070204666932
608_360,27439.151006307976786
605_523,33.444725813508541
354_468,89242.639575801003957
632_368,7311.233312057184776
315_446,3271.530380054377019
556_514,47071.260553176871326
360_80,4218.399759846739471
401_627,1259.261860471218824
199_183,96858.860380306970910
514_308,624.981173735111952
451_286,55.734405532479286
605_556,1290.951090947726698
509_662,4603.946636032313108
171_581,15026.628768551199755
279_426,15475.396626815429045
556_520,15298.250117425812277
108_402,454.595163444059722
278_224,4723.015485662142055
352_79,86.998909682036185
736_377,88364.612520535476506
242_423,762.629857693798840
237_202,32891.225222792498244
204_51,3181.643144851550460
601_365,40668.448708434618311
363_463,225.800024069925428
240_418,67115.894761724397540
239_592,7352.974267213607163
136_568,5185.395405778796885
736_375,45649.066535117752210
320_448,32898.326406143052736
268_62,14844.378379956917342
414_283,1890.438316304122509
361_462,50651.412241098267259
278_125,37131.299634864568361
237_214,8262.446447269066994
604_555,9770.550942025449331
111_43,61221.911589113995433
463_288,1130.298100839733024
139_407,5725.829717766493559
647_372,9897.507968629710376
556_553,327.752559852855825
411_485,24742.814685282304708
86_149,95932.745039868241292
554_345,2355.942165346816182
450_649,101030.410659000292071
269_542,25.698722944494151
83_397,26628.787512538023293
407_633,2860.140566652640700
564_680,39477.658920738846064
508_324,7792.706328510306776
234_422,800.665510870777894
86_150,86674.631650335475570
503_669,4199.237494840286672
460_506,233.689681343748077
365_258,1363.326841160675258
515_323,13521.947515593848948
462_289,9903.673056459989311
312_613,100.078282075049856
355_457,8896.174531962722540
509_511,9072.597624783404171
456_300,16732.265757903467602
450_642,36482.162276289032889
366_77,9817.993968383092579
279_603,33345.966465533987503
277_434,26765.882305224429729
241_207,69546.920364262376097
139_406,35309.469204112901934
309_611,13526.529884506053349
273_432,5427.677423386030569
63_144,24532.540673668503587
604_533,53103.118814679168281
206_411,15466.437317803607584
21_15,32553.502318338247278
632_371,38510.596374632790685
204_195,24197.540900410152972
554_106,3992.828836769616828
64_391,54307.590963111266319
273_429,2734.819901449221106
364_615,42209.022409959696233
88_34,102443.545160007633967
509_667,143.562419936208840
137_173,1292.737757425797781
203_189,4501.576829678380818
609_354,40607.674474266474135
64_392,87466.535491276881658
512_310,20086.129928527487209
274_433,5274.313763127696802
87_393,159805.477807377494173
408_85,14144.861354805529118
360_252,38344.832726305990946
310_452,28671.127274397760630
357_259,4319.479464911863033
515_306,22838.929002170534659
167_177,28291.650173401729262
606_362,8658.001815555797293
320_450,28296.646292149391229
502_663,30595.886210850439966
503_670,102780.205311297337175
241_215,29382.742892617417965
139_570,11066.536286459950134
321_248,52893.623444659635425
645_708,3268.220734182006709
765_152,151767.302919076115359
268_222,16175.172442690505704
457_497,2345.617609990814344
364_619,7074.045851606068936
736_376,96568.169905970906257
510_133,5697.288827283893625
605_557,26031.756344552693918
656_711,240.000000016763806
168_176,864.277495691859031
631_534,90130.804831218963955
561_343,38667.253311423584819
459_501,11292.789064710030289
232_209,43.538964862004306
239_591,377.003936355933547
234_594,8643.984871444292367
275_218,4264.231816758447167
600_703,0.663707158
555_339,6269.721515708603874
504_134,479.999999986961484
504_332,39005.610999630895094
600_702,4778.069656734181081
240_593,17716.673534602858126
747_24,107662.602882981998846
85_36,79620.103414721903391
401_622,8848.480974419042468
364_459,1934.055963560938835
757_27,42876.320630436952342
407_624,1945.112006444548115
206_586,32184.739026537183236
354_461,44528.334350058583368
507_322,5235.360011268408016
172_576,58698.415821281370881
511_550,6789.490191303268148
241_52,80645.083668297171243
559_349,2193.162668296135962
501_331,5088.978996494784951
735_19,22138.102078170686582
403_271,929.631139257922769
315_444,30683.569838191964664
503_666,62376.765888484216703
171_575,47157.121044330451696
407_490,1383.532940708131264
172_577,36802.711842429904209
137_168,420.986390795251282
553_676,4299.727262039668858
238_213,1886.424668407912122
412_544,16664.349381314819766
352_71,2015.374396006105144
601_116,61768.352445821510628
353_265,19549.599366466591164
557_513,51730.216064172796905
412_630,1572.603909174956470
632_367,20553.023628229275346
607_561,4742.032412173891316
412_626,305.337750368177865
454_299,738.407540222629905
21_14,72406.796868237826857
365_253,1586.285302369144802
314_234,210.087251378223328
501_319,9737.374137903563678
356_465,4104.825417805464895
513_303,7964.989953886719377
462_291,2999.856836490294427
746_379,87601.298540008254349
40_138,39286.122515868424671
313_612,14491.903815108822528
454_100,137.465552685783962
746_378,32645.033003243872372
455_658,5964.778130651468018
608_356,56795.159784882329404
600_704,22929.743042697198689
137_49,604.191867660731077
562_515,85240.908861930860439
646_540,48952.672634798116633
311_447,4047.093167669147988
757_26,1009.474234833397873
313_445,11928.965630239807069
202_190,8995.671876806794899
461_492,4067.330084175804132
607_531,29877.223657856811769
203_184,18767.206726881759096
238_57,832.103513623044023
463_293,20103.426888411169784
236_211,2612.851419374346733
108_400,7419.399499304145138
234_598,2718.163461815981009
206_585,35398.174759642228310
139_565,38421.135178234741034
563_679,3461.879600180293437
276_431,50680.599657463033509
459_504,1758.031688822847627
238_208,551.772535328429740
108_403,36404.511783264184487
309_543,629.249976869805209
601_361,8542.348710400079653
735_17,719.768913647434601
63_143,26305.411392810085090
630_369,194.653544171718579
630_120,4307.758484514485644
630_366,31060.410537784919143
630_370,4154.721831505054979
630_117,5344.044591699726880
600_529,79841.788167180231540
552_340,22110.543704697891371
502_674,35674.491628927178681
502_551,927.808329524968826
502_665,225.022903756238691
558_341,359.999999981373549
558_108,3818.354931229272552
558_342,7609.514864655338897
609_358,4457.693585265336878
511_673,239.999999979510903
511_672,10453.481619701720774
457_648,1392.180058021463083
457_644,51461.888421402210952
565_681,31036.955009195418825
516_329,6741.306378322449746
516_327,20127.419745775980118
516_335,31484.102323495044402
464_499,1684.401090741157532
464_503,17724.408730333670974
464_494,45816.163340607672581
414_268,90037.943851350282785
414_274,289.684164836071432
413_280,7498.752480879482391
413_276,7057.014872585423291
365_82,68346.840413809841266
318_66,58820.008460934339382
276_430,7484.074604057105716
276_428,48432.611720329805394
200_193,17017.435133763487102
200_188,7947.188702913416819
170_178,37409.162912214320386
206_409,27850.276324564852985
206_587,15385.634036096649652
138_405,16903.973326435312629
138_571,22783.250102140082163
775_161,16059.399611126895252
775_158,75887.060513360993355
111_46,49514.190185144550924
106_45,115217.249775215575937
83_396,29620.526145852418267
756_390,135115.832203131751157
747_20,35960.166887655737810
204_194,49775.830325980074122
456_295,1892.887269255705178
456_290,1892.887269255705178
456_295,6937.490590269677341
456_300,6937.490590269677341
136_567,7993.323251927271485
136_569,7993.323251927271485
269_602,1560.931565795093775
269_558,1560.931565795093775
269_602,58.685937263071537
269_601,58.685937263071537
269_427,12537.868973590433598
269_542,12537.868973590433598
269_427,115.837157587520778
269_601,115.837157587520778
317_241,16219.115884780883789
317_243,16219.115884780883789
633_705,11539.317980502732098
633_706,11539.317980502732098
465_500,113368.055256266146898
465_496,113368.055256266146898
465_500,5887.440910764969885
465_509,5887.440910764969885
458_298,2655.920067052356899
458_99,2655.920067052356899
603_695,878.046780718490481
555_353,878.046780718490481
603_695,2027.719646342098713
603_699,2027.719646342098713
515_316,25485.283931729383767
515_323,25485.283931729383767
515_316,21425.872916607186198
515_306,21425.872916607186198
310_443,2262.590032742358744
310_453,2262.590032742358744
310_443,17732.514257554896176
310_452,17732.514257554896176
170_175,18510.026946683414280
170_178,18510.026946683414280
362_460,16340.894182666204870
362_456,16340.894182666204870
362_460,42080.316102399490774
362_467,42080.316102399490774
554_110,5619.570061135114884
554_348,5619.570061135114884
554_110,33219.840919249691069
554_351,33219.840919249691069
512_311,16975.814211091026664
512_314,16975.814211091026664
512_311,239.999999985098839
512_12,239.999999985098839
512_311,7920.246961691416800
512_310,7920.246961691416800
609_112,641.345409938141756
609_357,641.345409938141756
609_112,14292.423986074514687
609_354,14292.423986074514687
242_595,13580.273623491637409
242_599,13580.273623491637409
242_595,1215.304080778732896
242_420,1215.304080778732896
242_595,3683.644029421731830
242_597,3683.644029421731830
412_635,120.830905264243484
412_477,120.830905264243484
412_635,6208.545184505172074
412_630,6208.545184505172074
412_635,102.761883990839124
412_626,102.761883990839124
238_55,624.070792198181152
238_57,624.070792198181152
238_55,1224.868670312687755
238_208,1224.868670312687755
505_317,2060.827593727968633
505_101,2060.827593727968633
505_317,24757.806750636547804
505_333,24757.806750636547804
645_710,3047.773282541893423
645_562,3047.773282541893423
645_710,15018.403159034438431
645_709,15018.403159034438431
747_21,4086.105802318081260
747_24,4086.105802318081260
747_21,67204.505607753992081
747_20,67204.505607753992081
505_307,11181.099040617235005
505_101,11181.099040617235005
39_380,2665.008258405141532
39_383,2665.008258405141532
39_380,50055.753132651560009
39_381,50055.753132651560009
553_518,1689.719906659796834
553_687,1689.719906659796834
553_518,7393.179372030310333
553_684,7393.179372030310333
606_363,428.988857916556299
606_355,428.988857916556299
606_363,12743.994796182041682
606_362,12743.994796182041682
606_363,1999.410150607116520
607_531,1999.410150607116520
235_415,6112.065543482080102
235_417,6112.065543482080102
65_142,34514.079176002182066
65_141,34514.079176002182066
65_142,3592.271574322134256
65_145,3592.271574322134256
141_122,55576.821559922987944
141_172,55576.821559922987944
141_122,1807.539063186384737
141_167,1807.539063186384737
646_539,40903.064130205661058
646_538,40903.064130205661058
646_539,11768.269392288289964
646_540,11768.269392288289964
607_698,30011.483592065051198
607_696,30011.483592065051198
607_698,1973.132058002054691
607_561,1973.132058002054691
607_698,24190.594822159968317
607_531,24190.594822159968317
556_521,29.769228276796639
556_520,29.769228276796639
556_521,18351.646880140528083
556_553,18351.646880140528083
414_88,16.588735049590468
414_90,16.588735049590468
414_88,242.867188655771315
414_283,242.867188655771315
414_88,3858.915688976645470
414_274,3858.915688976645470
355_469,14815.891582505777478
355_458,14815.891582505777478
355_469,383.394518871791661
355_457,383.394518871791661
270_7,959.059131708927453
270_217,959.059131708927453
270_7,4259.484812201932073
270_227,4259.484812201932073
511_512,405.500744224525988
511_661,405.500744224525988
511_512,6951.041591158136725
511_673,6951.041591158136725
413_269,14743.492849392816424
413_276,14743.492849392816424
353_266,48484.173073151148856
353_265,48484.173073151148856
458_97,19.238413592800498
458_294,19.238413592800498
458_97,6239.803129022799112
458_292,6239.803129022799112
458_97,379.446788218803704
459_501,379.446788218803704
353_260,10955.840436717495322
353_265,10955.840436717495322
456_290,2616.083170223981142
456_96,2616.083170223981142
456_290,156.759574584662914
456_300,156.759574584662914
404_623,3413.776490819640458
404_621,3413.776490819640458
316_244,26684.135864913463593
316_68,26684.135864913463593
363_466,17870.049498524273076
363_463,17870.049498524273076
656_713,488.552633300423622
656_712,488.552633300423622
656_713,21137.770720390602946
656_711,21137.770720390602946
364_470,19170.627883453853428
364_619,19170.627883453853428
458_294,192.802314638160169
458_98,192.802314638160169
451_296,29392.537482190877199
451_287,29392.537482190877199
451_296,4012.701025380752981
451_95,4012.701025380752981
106_40,69361.205652724951506
106_39,69361.205652724951506
106_40,29907.129970254376531
106_45,29907.129970254376531
320_455,6557.933444966562092
320_448,6557.933444966562092
320_455,9072.808973184786737
320_450,9072.808973184786737
85_31,27837.859768941998482
85_35,27837.859768941998482
278_226,19329.855453977361321
278_225,19329.855453977361321
278_226,455.905818856321275
278_224,455.905818856321275
279_600,27549.483575568534434
279_426,27549.483575568534434
279_600,16200.724410835653543
279_603,16200.724410835653543
461_651,33366.815388725139201
461_645,33366.815388725139201
138_566,204.876415411941707
138_564,204.876415411941707
138_566,31425.361217604950070
138_571,31425.361217604950070
605_554,547.901490818709135
605_693,547.901490818709135
237_206,11290.272544851526618
237_202,11290.272544851526618
237_206,21958.304975366219878
237_214,21958.304975366219878
168_174,11070.163489548489451
168_176,11070.163489548489451
400_637,2312.075947753153741
400_638,2312.075947753153741
400_637,546.067389075644314
400_480,546.067389075644314
400_637,310.016661125235260
400_640,310.016661125235260
608_114,13445.716603838851370
608_364,13445.716603838851370
608_114,1743.570875749923289
607_700,1743.570875749923289
608_114,24637.043642798438668
608_356,24637.043642798438668
734_137,21238.355674788355827
734_136,21238.355674788355827
318_238,9.137860484421253
318_239,9.137860484421253
318_238,3041.782025407069341
318_67,3041.782025407069341
318_238,27671.514786752872169
318_66,27671.514786752872169
455_508,5122.081673101522028
455_655,5122.081673101522028
408_87,319.601270317099988
408_91,319.601270317099988
408_87,5.593316532671452
409_483,5.593316532671452
408_87,5174.986949184909463
408_11,5174.986949184909463
455_655,351.496176212094724
455_657,351.496176212094724
645_562,9419.444192591123283
645_708,9419.444192591123283
321_240,50226.031414942815900
321_237,50226.031414942815900
321_240,6226.564389697276056
321_8,6226.564389697276056
321_240,3582.192692157812417
321_248,3582.192692157812417
554_348,189.134755317121744
554_106,189.134755317121744
352_264,539.999999994412065
352_262,539.999999994412065
352_264,3069.947245302610099
352_79,3069.947245302610099
171_582,4855.352015540935099
171_408,4855.352015540935099
171_582,2033.914224489592016
171_581,2033.914224489592016
171_582,23563.733205531723797
171_575,23563.733205531723797
275_5,1426.762632019817829
275_58,1426.762632019817829
275_5,73.119219359941781
275_219,73.119219359941781
241_210,17435.876382480375469
241_215,17435.876382480375469
241_210,1852.732263841666281
241_52,1852.732263841666281
560_689,11590.323454601690173
560_691,11590.323454601690173
563_516,6098.139985473826528
563_677,6098.139985473826528
563_516,7390.181484698317945
563_679,7390.181484698317945
21_18,51478.802135558798909
21_15,51478.802135558798909
451_94,2706.734150887466967
451_287,2706.734150887466967
451_94,92.748273244127631
451_286,92.748273244127631
608_364,1076.171383892204858
608_115,1076.171383892204858
412_482,192.032673207111657
412_477,192.032673207111657
412_482,14399.582549977116287
412_544,14399.582549977116287
365_129,4218.272224044427276
365_263,4218.272224044427276
204_198,12406.368119306862354
204_51,12406.368119306862354
204_198,6.131087310612202
204_195,6.131087310612202
204_198,9078.482880560681224
204_194,9078.482880560681224
510_313,8658.192768462933600
510_315,8658.192768462933600
510_313,837.303262927569449
510_133,837.303262927569449
459_493,22223.029121672734618
459_547,22223.029121672734618
459_493,879.474053450860083
459_501,879.474053450860083
317_243,3478.929316536523402
317_246,3478.929316536523402
234_596,4559.999999977648258
234_594,4559.999999977648258
234_596,5400.871790723875165
234_598,5400.871790723875165
82_33,9959.837839624924527
82_32,9959.837839624924527
82_33,5963.579267033375800
82_30,5963.579267033375800
631_537,12138.778231318108737
631_535,12138.778231318108737
605_693,40.811513199470937
605_523,40.811513199470937
205_50,34350.617586908861995
205_200,34350.617586908861995
205_50,581.965704067610204
205_192,581.965704067610204
561_107,4949.051730755716562
561_336,4949.051730755716562
561_107,6371.931867665611207
561_343,6371.931867665611207
85_35,51898.959684522822499
85_36,51898.959684522822499
275_59,6479.295779498293996
275_218,6479.295779498293996
460_653,5526.268326314166188
460_495,5526.268326314166188
460_653,15776.853066843003035
460_506,15776.853066843003035
199_199,30354.112327201291919
199_197,30354.112327201291919
199_199,157.545689975842834
199_183,157.545689975842834
355_458,11692.158951275050640
355_457,11692.158951275050640
561_337,16883.359445999376476
561_336,16883.359445999376476
561_337,10570.677817664109170
561_343,10570.677817664109170
408_275,23488.531279843300581
408_85,23488.531279843300581
459_548,8966.048547884449363
459_504,8966.048547884449363
107_401,10324.111394074745476
107_404,10324.111394074745476
107_401,49347.239929117553402
107_399,49347.239929117553402
112_157,22960.456212274730206
112_156,22960.456212274730206
112_157,99095.402127631939948
112_159,99095.402127631939948
403_272,1856.037213225848973
403_130,1856.037213225848973
563_677,594.017168347723782
563_683,594.017168347723782
563_677,6007.995944354683161
563_679,6007.995944354683161
321_237,603.578975758515298
321_248,603.578975758515298
403_270,4223.012501144781709
403_130,4223.012501144781709
403_270,1281.638423197902739
403_271,1281.638423197902739
765_148,10794.996958856470883
765_147,10794.996958856470883
765_148,48900.820232879370451
765_152,48900.820232879370451
756_389,71169.634657190181315
756_387,71169.634657190181315
633_706,3005.791532195173204
633_707,3005.791532195173204
633_706,11612.165323960594833
633_536,11612.165323960594833
646_538,565.661558167077601
646_540,565.661558167077601
646_538,4400.271394862793386
630_370,4400.271394862793386
607_700,79184.863782829634147
607_561,79184.863782829634147
509_664,564.239419059827924
510_320,564.239419059827924
509_664,2176.053363954648376
509_662,2176.053363954648376
509_664,15499.181488414295018
509_667,15499.181488414295018
352_257,120.000000005587935
352_262,120.000000005587935
352_257,1246.011059999469580
352_71,1246.011059999469580
775_160,50806.253530063870130
775_161,50806.253530063870130
775_160,234.060513675212860
775_158,234.060513675212860
233_416,6916.899322896264493
233_424,6916.899322896264493
233_416,7622.792225152254105
233_419,7622.792225152254105
414_93,367.311143884435296
414_131,367.311143884435296
414_93,16722.563481421209872
414_283,16722.563481421209872
235_421,8491.108131051063538
235_417,8491.108131051063538
203_191,11109.825372369028628
203_2,11109.825372369028628
203_191,829.176961219869554
203_189,829.176961219869554
140_166,25787.407257087528706
140_163,25787.407257087528706
140_166,1032.530048262327909
140_170,1032.530048262327909
140_166,40116.811870799399912
140_121,40116.811870799399912
356_472,9398.296054436825216
356_620,9398.296054436825216
555_353,43531.313130002468824
555_347,43531.313130002468824
555_353,10551.880595789290965
555_109,10551.880595789290965
233_424,7745.626439781859517
233_419,7745.626439781859517
316_9,1391.316956443712115
316_70,1391.316956443712115
316_9,62.432321782223880
316_126,62.432321782223880
756_387,53843.595892743207514
756_390,53843.595892743207514
458_292,16.334240567870438
459_501,16.334240567870438
512_12,4982.274014998227358
512_310,4982.274014998227358
402_281,4941.863917925395072
402_84,4941.863917925395072
402_281,21054.296323518268764
402_92,21054.296323518268764
746_382,6312.977341763675213
746_378,6312.977341763675213
553_684,1908.604166368022561
553_676,1908.604166368022561
506_510,474.628029279410839
506_671,474.628029279410839
506_510,6483.302046423777938
506_668,6483.302046423777938
506_510,10163.241694168187678
506_660,10163.241694168187678
452_652,19688.289682243019342
452_654,19688.289682243019342
269_437,66.797813815064728
269_558,66.797813815064728
269_437,325.244884293526411
269_604,325.244884293526411
269_437,3042.268803280778229
269_601,3042.268803280778229
316_250,1165.425301320850849
316_126,1165.425301320850849
316_250,214.377361681312323
316_247,214.377361681312323
318_239,302.359211008995771
318_67,302.359211008995771
318_239,4352.657322552986443
318_242,4352.657322552986443
136_569,10270.830239810049534
136_568,10270.830239810049534
402_267,14682.312087489292026
402_83,14682.312087489292026
602_532,113822.765238680876791
602_526,113822.765238680876791
401_545,359.999999994412065
401_632,359.999999994412065
401_545,492.653955360263978
401_627,492.653955360263978
504_103,1916.772038961760700
504_330,1916.772038961760700
504_103,306.536671572364867
504_134,306.536671572364867
239_590,17716.698325260542333
239_591,17716.698325260542333
270_217,414.711970947682858
270_227,414.711970947682858
270_217,99.876554911956191
270_61,99.876554911956191
270_232,1330.340492228977382
270_227,1330.340492228977382
270_232,1165.241204669699073
270_6,1165.241204669699073
64_388,28117.677457920275629
64_391,28117.677457920275629
64_388,1163.612795833498240
64_392,1163.612795833498240
321_8,4575.027279700152576
321_248,4575.027279700152576
406_546,2473.242662788492453
406_488,2473.242662788492453
409_478,20256.993331351317465
409_483,20256.993331351317465
409_478,7891.479189958423376
409_476,7891.479189958423376
605_697,715.668322562240064
605_524,715.668322562240064
605_697,405.408812171779573
605_557,405.408812171779573
202_185,262.196588537655771
170_182,262.196588537655771
202_185,5871.292654078453779
202_187,5871.292654078453779
202_185,9902.045671206898987
202_190,9902.045671206898987
452_654,2359.524774382822216
452_646,2359.524774382822216
656_563,2538.253079430200160
656_712,2538.253079430200160
656_563,2277.437570323236287
656_711,2277.437570323236287
602_526,7352.231725648976862
602_525,7352.231725648976862
410_636,2916.861529612913728
410_475,2916.861529612913728
410_636,43403.880735608756368
410_641,43403.880735608756368
410_636,52788.984143807552755
410_628,52788.984143807552755
273_425,4673.909825218841434
273_429,4673.909825218841434
200_196,35217.640018037520349
200_193,35217.640018037520349
169_578,28338.758625889196992
169_574,28338.758625889196992
169_578,2021.514382170513272
169_573,2021.514382170513272
560_678,30896.671399151080550
560_691,30896.671399151080550
511_661,95678.027715657837689
511_550,95678.027715657837689
601_113,1575.312888588756323
601_365,1575.312888588756323
601_113,239.157254440709949
601_361,239.157254440709949
601_113,47195.769655481024529
601_359,47195.769655481024529
506_560,957.642885045148432
506_671,957.642885045148432
506_560,1532.420517895370722
506_668,1532.420517895370722
506_560,4400.046475533396006
506_660,4400.046475533396006
450_502,13258.709175135008991
450_647,13258.709175135008991
450_502,105.267903971485794
450_649,105.267903971485794
450_502,8751.281995469711546
450_642,8751.281995469711546
168_180,12085.839644552208483
168_176,12085.839644552208483
141_164,1377.172558041289449
141_172,1377.172558041289449
141_164,21550.842714848949981
141_167,21550.842714848949981
608_115,13736.660423639252258
608_360,13736.660423639252258
360_255,740.648308169096708
360_73,740.648308169096708
312_441,3477.189984871074557
312_614,3477.189984871074557
312_441,166.394082617945969
312_610,166.394082617945969
312_441,479.999999979510903
312_613,479.999999979510903
172_580,15270.290432797744870
172_576,15270.290432797744870
172_580,37467.989000877365470
172_577,37467.989000877365470
565_690,4272.200311286396754
565_688,4272.200311286396754
565_690,253.984102708288532
565_681,253.984102708288532
279_605,14653.925829992629588
279_559,14653.925829992629588
279_605,11591.588490992962761
279_603,11591.588490992962761
356_617,1954.418991068378091
356_618,1954.418991068378091
356_617,7785.169561191461980
356_465,7785.169561191461980
462_301,539.999999981373549
513_303,539.999999981373549
462_301,2102.514707705937326
462_291,2102.514707705937326
406_639,27851.158443745225668
406_634,27851.158443745225668
167_181,6595.791411613114178
167_179,6595.791411613114178
606_111,17658.272453793324530
606_355,17658.272453793324530
311_440,16843.894174553453922
311_447,16843.894174553453922
138_564,17391.295351062901318
138_405,17391.295351062901318
363_464,50250.409907380118966
363_463,50250.409907380118966
407_479,12812.419481475837529
407_624,12812.419481475837529
135_169,3112.844647240824997
135_48,3112.844647240824997
135_169,1469.979414723813534
135_171,1469.979414723813534
314_65,5550.309112065471709
314_234,5550.309112065471709
170_182,13768.859331833198667
170_178,13768.859331833198667
465_496,1474.023705964908004
465_509,1474.023705964908004
107_404,11960.741210654377937
107_399,11960.741210654377937
552_350,2573.838702871464193
552_338,2573.838702871464193
552_350,3503.336770229972899
552_340,3503.336770229972899
405_278,1508.129039071500301
405_89,1508.129039071500301
109_1,32064.268566893413663
109_44,32064.268566893413663
109_1,4701.902502688579261
109_38,4701.902502688579261
408_91,2947.831646749749780
408_284,2947.831646749749780
408_91,538.741590403951705
459_547,538.741590403951705
313_608,12000.930961360991205
313_445,12000.930961360991205
141_172,145.956211090087891
141_167,145.956211090087891
406_634,9556.520703425630927
406_631,9556.520703425630927
453_505,1439.999999983236194
453_507,1439.999999983236194
559_352,10387.631598563008083
559_349,10387.631598563008083
87_394,32503.023520444519818
87_398,32503.023520444519818
87_394,7276.885103181004524
87_393,7276.885103181004524
450_647,45866.237398754805326
450_649,45866.237398754805326
450_647,30383.541820387355983
450_642,30383.541820387355983
360_78,1358.987079725600779
360_252,1358.987079725600779
360_78,3295.353183762170374
360_261,3295.353183762170374
606_355,522.034020428545773
606_362,522.034020428545773
461_643,0.257460054
461_645,0.257460054
461_643,4626.158530320040882
461_492,4626.158530320040882
39_383,33906.451359040103853
39_381,33906.451359040103853
277_438,35509.200879773125052
277_436,35509.200879773125052
364_616,7663.574939049780369
364_459,7663.574939049780369
365_127,17012.588972039520741
365_253,17012.588972039520741
510_320,262.258703673258424
510_315,262.258703673258424
510_320,10890.719292992725968
510_133,10890.719292992725968
309_607,16002.137277672083655
309_606,16002.137277672083655
309_607,1523.641206002794206
309_543,1523.641206002794206
564_675,98696.699323083274066
564_680,98696.699323083274066
631_535,13074.945791273377836
631_534,13074.945791273377836
135_165,7957.544734945520759
135_48,7957.544734945520759
406_489,1356.061588124372065
406_631,1356.061588124372065
406_489,153.640366141684353
406_488,153.640366141684353
414_131,3073.483551923185587
414_90,3073.483551923185587
414_131,3247.366616568528116
414_274,3247.366616568528116
366_81,35636.739049291274569
366_10,35636.739049291274569
366_81,26.147645204328001
366_77,26.147645204328001
140_163,3256.440300316549838
140_170,3256.440300316549838
268_233,2711.686820395290852
268_228,2711.686820395290852
135_48,2557.768762755207717
135_171,2557.768762755207717
41_541,35450.083206873387098
41_384,35450.083206873387098
41_541,979.487247293815017
41_385,979.487247293815017
41_541,450.588683255016804
41_386,450.588683255016804
603_530,3655.708068686537445
603_699,3655.708068686537445
603_530,7970.809551442041993
603_701,7970.809551442041993
508_102,673.699901408515871
508_321,673.699901408515871
559_346,18179.936543706884549
559_349,18179.936543706884549
312_614,11282.019798508845270
312_613,11282.019798508845270
318_67,354.199408522807062
318_242,354.199408522807062
454_302,849.231373072601855
454_297,849.231373072601855
454_302,6834.449394138529897
454_100,6834.449394138529897
630_119,20696.497137388214469
630_369,20696.497137388214469
562_692,22513.292845378629863
562_686,22513.292845378629863
562_692,5563.288757920265198
562_515,5563.288757920265198
745_23,67442.525113907657214
745_22,67442.525113907657214
745_23,8586.618346690200269
745_25,8586.618346690200269
562_682,80653.361478326871293
562_686,80653.361478326871293
562_682,1172.193521318025887
562_515,1172.193521318025887
137_162,2703.387731232680380
137_168,2703.387731232680380
274_435,34319.566450182348490
274_439,34319.566450182348490
274_435,4509.529719859361649
274_433,4509.529719859361649
319_245,4186.885593537241220
319_69,4186.885593537241220
271_220,41818.033008879981935
271_221,41818.033008879981935
173_583,34100.424600805155933
173_584,34100.424600805155933
173_583,5869.923958390019834
173_579,5869.923958390019834
765_147,39472.924259343184531
765_152,39472.924259343184531
111_41,17255.792920916341245
111_43,17255.792920916341245
111_41,3533.616515890695155
111_46,3533.616515890695155
84_154,19980.036134925532679
84_153,19980.036134925532679
84_154,6692.552278673276305
84_151,6692.552278673276305
140_170,4066.283096372149885
140_121,4066.283096372149885
140_170,12174.533358779735863
141_167,12174.533358779735863
463_285,680.317989264614880
463_288,680.317989264614880
463_285,479.141158142127097
463_293,479.141158142127097
647_374,6895.823361289687455
647_373,6895.823361289687455
647_374,24630.947198500856757
647_372,24630.947198500856757
557_517,9140.428127423860133
557_519,9140.428127423860133
557_517,119.999999990686774
557_513,119.999999990686774
633_707,24081.644106828607619
633_536,24081.644106828607619
268_228,13775.262515711598098
268_62,13775.262515711598098
268_228,1297.339284432120621
268_222,1297.339284432120621
513_325,1546.992543429136276
513_303,1546.992543429136276
411_481,113558.573885767720640
411_485,113558.573885767720640
171_408,33683.763694585300982
171_581,33683.763694585300982
402_84,13150.500593395903707
402_273,13150.500593395903707
311_454,2579.446741236373782
311_447,2579.446741236373782
173_584,10080.907659145072103
173_579,10080.907659145072103
275_219,4870.246832349337637
275_60,4870.246832349337637
201_410,10130.883617922663689
201_412,10130.883617922663689
201_410,633.223573504947126
201_413,633.223573504947126
507_318,3159.736668160185218
507_334,3159.736668160185218
507_318,2432.101263549178839
507_322,2432.101263549178839
632_118,191.163584004156291
632_368,191.163584004156291
632_118,3436.324520264752209
632_371,3436.324520264752209
632_118,680.026629162952304
632_367,680.026629162952304
400_480,120.000000001862645
400_491,120.000000001862645
405_279,4071.948194229044020
405_277,4071.948194229044020
199_197,791.580551508814096
199_183,791.580551508814096
404_484,120.000000000000000
404_625,120.000000000000000
407_486,203.498032568953931
407_624,203.498032568953931
407_486,340.796580249443650
407_490,340.796580249443650
365_263,6342.532038985751569
365_82,6342.532038985751569
411_487,660.000000027939677
411_485,660.000000027939677
506_671,3582.016507637687027
506_668,3582.016507637687027
562_686,18340.756398458033800
562_515,18340.756398458033800
313_609,1691.300098907202482
313_442,1691.300098907202482
109_42,8659.238181171916949
109_44,8659.238181171916949
109_42,11988.941503679379821
109_38,11988.941503679379821
319_249,295.604966482147574
319_251,295.604966482147574
314_64,704.805104844272137
314_236,704.805104844272137
82_32,11125.868822201155126
82_30,11125.868822201155126
734_135,68325.961660800501704
734_136,68325.961660800501704
232_212,6100.184068012051284
232_56,6100.184068012051284
232_212,120.000000009313226
232_209,120.000000009313226
238_124,9610.790167645551264
238_4,9610.790167645551264
238_124,189.556495198979974
238_57,189.556495198979974
88_29,80574.151842945255339
88_34,80574.151842945255339
354_473,44033.353643139824271
354_468,44033.353643139824271
354_473,21200.663449964486063
354_461,21200.663449964486063
735_16,30437.038477308116853
735_17,30437.038477308116853
757_28,176.821741555817425
757_27,176.821741555817425
757_28,39246.226805736310780
757_26,39246.226805736310780
278_225,1345.783849290572107
278_224,1345.783849290572107
278_225,134.366744047030807
278_125,134.366744047030807
410_475,777.080841484479606
410_641,777.080841484479606
410_475,10558.858551168814301
410_628,10558.858551168814301
361_474,37447.057856890372932
361_471,37447.057856890372932
361_474,10440.268755733966827
361_462,10440.268755733966827
504_330,300.000000007450581
504_328,300.000000007450581
557_519,24170.502180063165724
557_513,24170.502180063165724
314_235,119.999999998137355
314_236,119.999999998137355
169_574,19846.778540222905576
169_573,19846.778540222905576
238_3,655.217117355205119
238_213,655.217117355205119
84_153,10015.243568967096508
84_151,10015.243568967096508
240_589,7365.980740425176919
240_418,7365.980740425176919
240_589,9637.752029280178249
240_414,9637.752029280178249
645_709,2394.307617009617388
645_708,2394.307617009617388
504_328,12815.178030231967568
504_332,12815.178030231967568
514_312,43910.098586307838559
514_308,43910.098586307838559
139_572,33507.011538731865585
139_407,33507.011538731865585
139_572,3725.893094817176461
139_570,3725.893094817176461
139_572,3229.131078881211579
171_575,3229.131078881211579
501_104,8981.030341070145369
501_13,8981.030341070145369
501_104,748.439198330976069
501_309,748.439198330976069
65_141,620.871450870297849
745_25,620.871450870297849
507_334,4306.855462182313204
507_322,4306.855462182313204
271_223,12270.732258517295122
271_221,12270.732258517295122
400_491,4187.544662145897746
400_640,4187.544662145897746
232_56,99.584857866168022
232_54,99.584857866168022
232_56,45.096053439192474
232_209,45.096053439192474
563_683,18602.444222975522280
563_679,18602.444222975522280
553_552,14705.757786327973008
553_676,14705.757786327973008
88_37,63208.390273720957339
88_34,63208.390273720957339
275_60,5946.460226211696863
275_218,5946.460226211696863
609_357,5426.318985642865300
609_354,5426.318985642865300
83_395,43612.759993606348871
83_396,43612.759993606348871
310_453,3360.188955992460251
310_452,3360.188955992460251
501_13,6624.169138281606138
501_331,6624.169138281606138
453_549,3621.096780790947378
453_507,3621.096780790947378
232_54,3786.816631599329412
232_201,3786.816631599329412
232_54,1345.923272398300469
232_209,1345.923272398300469
656_712,1273.589325391687453
656_711,1273.589325391687453
607_696,213.543320790864527
607_561,213.543320790864527
312_451,11089.624336694367230
312_610,11089.624336694367230
312_451,861.154348458163440
312_613,861.154348458163440
63_146,19574.350049800239503
63_144,19574.350049800239503
63_146,70523.264846528880298
63_143,70523.264846528880298
137_47,2495.481315946206450
137_168,2495.481315946206450
137_47,234.149522130377591
137_49,234.149522130377591
87_398,28466.058610918000340
87_393,28466.058610918000340
242_599,3520.162871382199228
242_423,3520.162871382199228
605_522,120.000000024214387
605_523,120.000000024214387
605_522,237.270082858391106
605_556,237.270082858391106
236_205,1140.332253593951464
236_203,1140.332253593951464
236_205,3926.665890698321164
236_211,3926.665890698321164
236_205,22.944615590386093
236_53,22.944615590386093
647_373,4514.605368561111391
647_372,4514.605368561111391
41_385,12383.467479356564581
41_386,12383.467479356564581
269_558,3693.706682414747775
269_604,3693.706682414747775
554_351,42.151756960898638
554_106,42.151756960898638
205_186,13698.870321664027870
205_123,13698.870321664027870
205_186,7324.305690893002065
205_192,7324.305690893002065
201_412,12849.580577153712511
201_413,12849.580577153712511
513_304,9639.380627205595374
513_303,9639.380627205595374
112_156,255.148888099007308
112_159,255.148888099007308
277_436,15519.257440677843988
277_434,15519.257440677843988
236_203,4181.619227187708020
236_53,4181.619227187708020
403_130,192.261620847508311
403_271,192.261620847508311
242_420,123.634433469735086
242_423,123.634433469735086
242_420,1674.872218508273363
242_597,1674.872218508273363
167_179,24485.518184441141784
167_177,24485.518184441141784
319_251,3598.785833342000842
319_69,3598.785833342000842
205_200,2750.881604488939047
205_123,2750.881604488939047
401_632,2960.259661696851254
401_627,2960.259661696851254
506_660,2816.879482809454203
454_299,2816.879482809454203
202_187,1668.470346014946699
202_190,1668.470346014946699
402_92,80.176201345399022
402_273,80.176201345399022
604_528,914.390051874332130
604_527,914.390051874332130
604_528,48160.690849465318024
604_555,48160.690849465318024
552_338,4231.716310181654990
552_340,4231.716310181654990
361_471,38320.806707678362727
361_462,38320.806707678362727
455_657,15200.466162164695561
455_658,15200.466162164695561
514_305,2726.995995773933828
514_308,2726.995995773933828
238_204,5816.950284415856004
238_208,5816.950284415856004
357_256,2514.843518268316984
357_259,2514.843518268316984
555_347,5957.982146633788943
555_105,5957.982146633788943
315_449,3053.810357540845871
315_446,3053.810357540845871
270_6,4509.451138046570122
270_61,4509.451138046570122
501_309,17956.120599674060941
501_319,17956.120599674060941
604_527,25208.315060959197581
604_533,25208.315060959197581
357_72,10405.305696864612401
357_254,10405.305696864612401
366_76,13718.213712626606139
366_77,13718.213712626606139
555_109,3187.491076507605612
555_339,3187.491076507605612
555_109,800.800906345248222
555_105,800.800906345248222
402_273,13.625843476504087
402_83,13.625843476504087
360_73,3630.957860805094242
360_252,3630.957860805094242
86_155,13628.132096691988409
86_149,13628.132096691988409
86_155,23833.607735145837069
86_150,23833.607735145837069
451_95,743.866175180301070
451_286,743.866175180301070
451_95,4966.353347506374121
451_132,4966.353347506374121
205_123,2441.623691735789180
205_192,2441.623691735789180
240_588,4062.453752242028713
240_414,4062.453752242028713
240_588,11134.348001872189343
240_593,11134.348001872189343
457_650,16.134086244739592
457_497,16.134086244739592
457_650,7119.710403792561010
457_648,7119.710403792561010
40_139,3830.361395255662501
40_140,3830.361395255662501
40_139,2774.260233622044325
40_138,2774.260233622044325
412_477,5255.660472459159791
412_544,5255.660472459159791
40_140,26174.031301646493375
40_138,26174.031301646493375
608_360,3879.970545969903469
608_356,3879.970545969903469
354_468,247.146784151904285
354_461,247.146784151904285
632_368,8390.761509754694998
632_371,8390.761509754694998
632_368,1062.023627661168575
632_367,1062.023627661168575
315_446,35597.606215607374907
315_444,35597.606215607374907
556_514,9225.928021499887109
556_520,9225.928021499887109
556_514,1638.410494965501130
556_553,1638.410494965501130
360_80,808.898667622357607
360_261,808.898667622357607
401_627,448.157039335928857
401_622,448.157039335928857
605_556,33970.401226113550365
605_557,33970.401226113550365
509_662,479.999999994412065
509_511,479.999999994412065
171_581,2717.886605569161475
171_575,2717.886605569161475
556_520,861.875591889023781
556_553,861.875591889023781
108_402,12245.620036107487977
108_400,12245.620036107487977
108_402,4348.239807777106762
108_403,4348.239807777106762
278_224,24755.584551717154682
278_125,24755.584551717154682
736_377,501.282228926196694
736_375,501.282228926196694
242_423,2985.011699670925736
242_597,2985.011699670925736
204_51,10990.901511413045228
204_195,10990.901511413045228
601_365,1954.022985272109509
601_116,1954.022985272109509
601_365,1735.746066169813275
601_359,1735.746066169813275
240_418,1271.361458271741867
241_207,1271.361458271741867
240_418,31284.452784522585716
240_593,31284.452784522585716
239_592,12366.263544006273150
239_591,12366.263544006273150
736_375,33727.955331983044744
736_376,33727.955331983044744
111_43,29791.507119995541871
111_46,29791.507119995541871
463_288,6235.530723551288247
463_293,6235.530723551288247
139_407,8750.909066711552441
139_406,8750.909066711552441
139_407,40.169605717994273
139_570,40.169605717994273
86_149,962.396508117206395
86_150,962.396508117206395
554_345,90561.127948345616460
554_106,90561.127948345616460
83_397,104541.208062861129292
83_396,104541.208062861129292
407_633,10805.470907495357096
407_490,10805.470907495357096
234_422,240.000000013038516
234_594,240.000000013038516
234_422,4286.581452584825456
234_598,4286.581452584825456
503_669,74636.315623237751424
503_670,74636.315623237751424
503_669,23621.294392302632332
503_666,23621.294392302632332
365_258,623.213170781733652
365_253,623.213170781733652
365_258,3726.305072045909583
365_82,3726.305072045909583
462_289,20108.743879069574177
462_291,20108.743879069574177
509_511,7675.091505664400756
509_667,7675.091505664400756
241_207,26286.040740286931396
241_215,26286.040740286931396
241_207,10742.298127369023860
241_52,10742.298127369023860
139_406,119.999999998137355
139_570,119.999999998137355
139_406,19104.125184978358448
139_565,19104.125184978358448
309_611,62656.203152968548238
309_543,62656.203152968548238
273_432,3262.960918680764735
273_429,3262.960918680764735
63_144,1320.847301155328751
63_143,1320.847301155328751
206_411,6985.385856144130230
206_586,6985.385856144130230
206_411,49710.232293810695410
206_587,49710.232293810695410
21_15,27909.201763110235333
21_14,27909.201763110235333
204_195,13273.907391786575317
204_194,13273.907391786575317
64_391,44523.552523724734783
64_392,44523.552523724734783
364_615,426.780848146416247
364_619,426.780848146416247
364_615,4446.183247441425920
364_459,4446.183247441425920
137_173,1673.135967143811285
137_49,1673.135967143811285
203_189,13066.202161791734397
203_184,13066.202161791734397
609_354,6185.521192018873990
609_358,6185.521192018873990
502_663,352.873134000226855
502_551,352.873134000226855
502_663,2044.636764951050282
502_665,2044.636764951050282
241_215,541.575974175706506
241_52,541.575974175706506
139_570,25352.236380463466048
139_565,25352.236380463466048
457_497,1342.715373932383955
457_648,1342.715373932383955
457_497,7759.471208473674778
457_644,7759.471208473674778
565_688,23735.161754480661330
565_681,23735.161754480661330
459_501,458.692997296340764
459_504,458.692997296340764
600_703,539.999971359987853
600_702,539.999971359987853
600_703,40939.172528149560094
600_704,40939.172528149560094
600_703,6784.246182818910711
600_529,6784.246182818910711
555_339,34323.280285476706922
555_105,34323.280285476706922
600_702,29.734189562499523
600_704,29.734189562499523
747_24,10512.530380094423890
747_20,10512.530380094423890
757_27,239.999999988824129
757_26,239.999999988824129
206_586,26062.436839622445405
206_409,26062.436839622445405
172_576,2196.274595815688372
172_577,2196.274595815688372
501_331,5816.961505079641938
501_319,5816.961505079641938
735_19,16213.676538102328777
735_17,16213.676538102328777
238_213,12.609027025289834
238_57,12.609027025289834
601_116,41822.254156363196671
601_361,41822.254156363196671
412_630,2973.375610118731856
412_626,2973.375610118731856
454_299,947.469850760884583
454_100,947.469850760884583
746_379,45239.975079952739179
746_378,45239.975079952739179
313_612,13081.279063533991575
313_445,13081.279063533991575
236_211,267.148580623790622
236_53,267.148580623790622
206_585,23232.861276450566947
206_409,23232.861276450566947
206_585,9609.427246221341193
206_587,9609.427246221341193
276_431,40117.464323549531400
276_430,40117.464323549531400
601_361,84.293696412816644
601_359,84.293696412816644
630_369,1003.725873227231205
630_370,1003.725873227231205
630_120,24654.575108648277819
630_370,24654.575108648277819
630_366,21961.316926947794855
630_117,21961.316926947794855
502_674,2424.463277906179428
502_551,2424.463277906179428
502_551,13245.371819752268493
502_665,13245.371819752268493
558_341,1365.750617231242359
558_344,1365.750617231242359
558_341,14485.384796581278351
558_342,14485.384796581278351
558_108,17912.146325615252863
558_344,17912.146325615252863
511_673,10428.328566286743808
511_672,10428.328566286743808
457_648,119.772337872534990
457_644,119.772337872534990
516_329,9382.475878493751225
516_327,9382.475878493751225
516_329,36297.371694769710302
516_335,36297.371694769710302
516_327,7647.953115952201188
516_335,7647.953115952201188
464_499,45854.633361926302314
464_503,45854.633361926302314
464_499,18170.414154758676887
464_494,18170.414154758676887
414_268,7704.927526807418872
414_274,7704.927526807418872
413_280,19276.060669533952023
413_276,19276.060669533952023
276_430,68257.394732276487048
276_428,68257.394732276487048
200_193,22645.519143600056850
200_188,22645.519143600056850
138_405,15861.384640171227147
138_571,15861.384640171227147
775_161,32622.707480416633189
775_158,32622.707480416633189
313_608,0.010293789
313_445,0.010293789
313_612,0.010293789
456_295,5811.306699410080910
456_290,5811.306699410080910
456_96,5811.306699410080910
456_295,4234.277010063640773
456_290,4234.277010063640773
456_300,4234.277010063640773
272_230,295.602138190530241
272_229,295.602138190530241
272_63,295.602138190530241
272_230,126.805522889830172
272_231,126.805522889830172
272_63,126.805522889830172
136_567,4755.545346665196121
136_569,4755.545346665196121
136_568,4755.545346665196121
269_602,8201.373851247131824
269_558,8201.373851247131824
269_604,8201.373851247131824
269_602,64.237108197994530
269_542,64.237108197994530
269_601,64.237108197994530
269_427,38964.044092799536884
269_542,38964.044092799536884
269_601,38964.044092799536884
317_241,35983.361968693323433
317_243,35983.361968693323433
317_246,35983.361968693323433
633_705,3706.278645331040025
633_706,3706.278645331040025
633_536,3706.278645331040025
465_500,14075.977139785885811
465_496,14075.977139785885811
465_509,14075.977139785885811
458_298,1356.956733343191445
458_98,1356.956733343191445
458_99,1356.956733343191445
603_695,4036.937512553296983
603_530,4036.937512553296983
603_699,4036.937512553296983
515_316,10421.394183941185474
515_323,10421.394183941185474
515_306,10421.394183941185474
310_443,4363.562592439353466
310_453,4363.562592439353466
310_452,4363.562592439353466
362_460,14428.950274466536939
362_456,14428.950274466536939
362_467,14428.950274466536939
554_110,24478.901111901799595
554_348,24478.901111901799595
554_351,24478.901111901799595
554_110,9.245633977465332
554_348,9.245633977465332
554_106,9.245633977465332
554_110,1925.765693662688136
554_351,1925.765693662688136
554_106,1925.765693662688136
512_311,239.999999990686774
512_314,239.999999990686774
512_12,239.999999990686774
512_311,842.510875811800361
512_314,842.510875811800361
512_310,842.510875811800361
512_311,6394.598341355100274
512_12,6394.598341355100274
512_310,6394.598341355100274
609_112,36112.532642330974340
609_357,36112.532642330974340
609_354,36112.532642330974340
609_112,111.208692851476371
609_357,111.208692851476371
609_358,111.208692851476371
357_74,15338.626485274173319
357_256,15338.626485274173319
357_259,15338.626485274173319
357_74,1057.909510761499405
357_72,1057.909510761499405
357_254,1057.909510761499405
242_595,181.100272911600769
242_599,181.100272911600769
242_423,181.100272911600769
242_595,187.798390345647931
242_599,187.798390345647931
242_597,187.798390345647931
242_595,857.848589358851314
242_420,857.848589358851314
242_597,857.848589358851314
242_595,6099.888366854749620
242_423,6099.888366854749620
242_597,6099.888366854749620
412_635,61.208829290233552
412_477,61.208829290233552
412_626,61.208829290233552
412_635,3105.119540263898671
412_630,3105.119540263898671
412_626,3105.119540263898671
238_55,828.221974886953831
238_3,828.221974886953831
238_208,828.221974886953831
238_55,465.758389935828745
238_204,465.758389935828745
238_208,465.758389935828745
238_55,714.630636234767735
238_213,714.630636234767735
238_57,714.630636234767735
505_317,20137.172446815297008
505_307,20137.172446815297008
505_101,20137.172446815297008
505_317,5060.892079543322325
505_101,5060.892079543322325
505_333,5060.892079543322325
645_710,4367.027251888997853
645_562,4367.027251888997853
645_709,4367.027251888997853
645_710,10404.679065551608801
645_562,10404.679065551608801
645_708,10404.679065551608801
645_710,3090.982567663304508
645_709,3090.982567663304508
645_708,3090.982567663304508
747_21,26548.073580593802035
747_24,26548.073580593802035
747_20,26548.073580593802035
39_380,81357.213239023461938
39_383,81357.213239023461938
39_381,81357.213239023461938
553_518,1883.156929139047861
553_687,1883.156929139047861
553_684,1883.156929139047861
553_518,199.836926917545497
553_684,199.836926917545497
553_676,199.836926917545497
553_518,2275.085421475581825
553_552,2275.085421475581825
553_676,2275.085421475581825
606_363,2204.754617922008038
606_111,2204.754617922008038
606_355,2204.754617922008038
606_363,7118.911887480877340
606_355,7118.911887480877340
606_362,7118.911887480877340
235_415,2127.456927201710641
235_421,2127.456927201710641
235_417,2127.456927201710641
141_122,1051.390809313394129
141_164,1051.390809313394129
141_172,1051.390809313394129
141_122,39816.803458968650375
141_172,39816.803458968650375
141_167,39816.803458968650375
646_539,17057.224793893285096
646_538,17057.224793893285096
646_540,17057.224793893285096
607_698,509.273974233306944
607_700,509.273974233306944
607_561,509.273974233306944
607_698,961.025656951591372
607_696,961.025656951591372
607_561,961.025656951591372
607_698,24127.225610307417810
607_696,24127.225610307417810
607_531,24127.225610307417810
556_521,39.799936372786760
556_514,39.799936372786760
556_553,39.799936372786760
556_521,12841.290852387435734
556_520,12841.290852387435734
556_553,12841.290852387435734
414_88,240.000000005587935
414_131,240.000000005587935
414_274,240.000000005587935
414_88,3452.109756846912205
414_90,3452.109756846912205
414_283,3452.109756846912205
414_88,200.329073428176343
414_90,200.329073428176343
414_274,200.329073428176343
414_88,7181.725993691943586
414_268,7181.725993691943586
414_274,7181.725993691943586
355_469,5465.582312401384115
355_458,5465.582312401384115
355_457,5465.582312401384115
270_7,2986.224590964615345
270_217,2986.224590964615345
270_227,2986.224590964615345
270_7,4130.772069749422371
270_232,4130.772069749422371
270_227,4130.772069749422371
511_512,575.052124775014818
511_661,575.052124775014818
511_550,575.052124775014818
511_512,28.066887944936752
511_661,28.066887944936752
511_673,28.066887944936752
511_512,2337.710236034356058
511_673,2337.710236034356058
511_672,2337.710236034356058
413_269,4971.772340673953295
413_280,4971.772340673953295
413_276,4971.772340673953295
353_266,2805.793602790683508
353_260,2805.793602790683508
353_265,2805.793602790683508
458_97,735.512876862660050
458_294,735.512876862660050
458_292,735.512876862660050
458_97,250.807436211965978
458_294,250.807436211965978
458_98,250.807436211965978
458_97,112.556516318581998
458_292,112.556516318581998
458_98,112.556516318581998
458_97,2202.122269056737423
458_292,2202.122269056737423
459_501,2202.122269056737423
404_623,599.999999988824129
404_484,599.999999988824129
404_625,599.999999988824129
404_623,2083.706761823035777
404_621,2083.706761823035777
404_625,2083.706761823035777
316_244,35.015323135070503
316_9,35.015323135070503
316_70,35.015323135070503
316_244,879.469285423867404
316_9,879.469285423867404
316_68,879.469285423867404
316_244,1260.000000026077032
316_250,1260.000000026077032
316_68,1260.000000026077032
316_244,14.028693621978164
316_70,14.028693621978164
316_68,14.028693621978164
363_466,95504.516887902282178
363_464,95504.516887902282178
363_463,95504.516887902282178
656_713,3468.022207863628864
656_563,3468.022207863628864
656_711,3468.022207863628864
656_713,7324.206594560295343
656_712,7324.206594560295343
656_711,7324.206594560295343
364_470,5519.558633815497160
364_616,5519.558633815497160
364_619,5519.558633815497160
364_470,2054.985724276863039
364_616,2054.985724276863039
364_459,2054.985724276863039
364_470,77.049301476217806
364_615,77.049301476217806
364_619,77.049301476217806
451_296,693.940852429717779
451_287,693.940852429717779
451_95,693.940852429717779
451_296,1436.685521074570715
451_287,1436.685521074570715
451_132,1436.685521074570715
451_296,3515.173209479078650
451_95,3515.173209479078650
451_132,3515.173209479078650
106_40,2384.132916881702840
106_39,2384.132916881702840
106_45,2384.132916881702840
85_31,14629.785399341024458
85_35,14629.785399341024458
85_36,14629.785399341024458
278_226,29069.661104353144765
278_225,29069.661104353144765
278_224,29069.661104353144765
279_600,2345.291799454018474
279_605,2345.291799454018474
279_559,2345.291799454018474
279_600,896.068469041027129
279_605,896.068469041027129
279_426,896.068469041027129
279_600,8650.990573649376529
279_605,8650.990573649376529
279_603,8650.990573649376529
279_600,14884.755944870412350
279_426,14884.755944870412350
279_603,14884.755944870412350
553_687,96.053466075100005
553_552,96.053466075100005
553_676,96.053466075100005
461_651,3507.136264294385910
461_643,3507.136264294385910
461_645,3507.136264294385910
138_566,215.123584601096809
138_564,215.123584601096809
138_405,215.123584601096809
138_566,5386.738294328562915
138_405,5386.738294328562915
138_571,5386.738294328562915
605_554,397.570939146913588
605_693,397.570939146913588
605_523,397.570939146913588
605_554,1124.145940016023815
605_697,1124.145940016023815
605_524,1124.145940016023815
237_206,12552.959564975462854
237_202,12552.959564975462854
237_214,12552.959564975462854
168_174,4683.691012443043292
168_180,4683.691012443043292
168_176,4683.691012443043292
400_637,39.328865292482078
400_638,39.328865292482078
400_480,39.328865292482078
400_637,8736.997402446344495
400_638,8736.997402446344495
400_640,8736.997402446344495
400_637,1036.136148081161082
400_480,1036.136148081161082
400_640,1036.136148081161082
400_637,7413.973283311352134
400_491,7413.973283311352134
400_640,7413.973283311352134
608_114,3219.626657494343817
608_364,3219.626657494343817
608_115,3219.626657494343817
608_114,4147.613158293068409
608_364,4147.613158293068409
608_356,4147.613158293068409
608_114,4038.316233769990504
607_700,4038.316233769990504
607_561,4038.316233769990504
734_137,4182.873811924830079
734_135,4182.873811924830079
734_136,4182.873811924830079
318_238,11211.534771855922372
318_239,11211.534771855922372
318_67,11211.534771855922372
318_238,12961.756890446878970
318_67,12961.756890446878970
318_66,12961.756890446878970
455_508,5458.710261446423829
455_655,5458.710261446423829
455_657,5458.710261446423829
455_508,6.786481566727161
455_657,6.786481566727161
455_658,6.786481566727161
408_87,793.945898991078138
408_275,793.945898991078138
408_11,793.945898991078138
408_87,96.392818477004766
408_275,96.392818477004766
408_85,96.392818477004766
408_87,204.859337480738759
408_91,204.859337480738759
408_11,204.859337480738759
455_655,9426.583259154111147
455_657,9426.583259154111147
455_658,9426.583259154111147
645_562,1339.374986805021763
645_709,1339.374986805021763
645_708,1339.374986805021763
321_240,6625.932989484630525
321_237,6625.932989484630525
321_8,6625.932989484630525
321_240,2077.811798723414540
321_237,2077.811798723414540
321_248,2077.811798723414540
321_240,782.627772753126919
321_8,782.627772753126919
321_248,782.627772753126919
352_264,2199.873542142100632
352_257,2199.873542142100632
352_262,2199.873542142100632
352_264,1965.045824866741896
352_262,1965.045824866741896
352_79,1965.045824866741896
352_264,744.908264422789216
352_79,744.908264422789216
352_75,744.908264422789216
171_582,32381.664047811180353
171_408,32381.664047811180353
171_581,32381.664047811180353
171_582,15805.693378654308617
171_581,15805.693378654308617
171_575,15805.693378654308617
275_5,1011.731902658008039
275_58,1011.731902658008039
275_219,1011.731902658008039
275_5,614.501359425485134
275_58,614.501359425485134
275_216,614.501359425485134
275_5,1818.491583715192974
275_219,1818.491583715192974
275_60,1818.491583715192974
241_210,107.596990923397243
241_215,107.596990923397243
241_52,107.596990923397243
563_516,32539.779066265560687
563_677,32539.779066265560687
563_679,32539.779066265560687
563_516,52.906385655514896
563_683,52.906385655514896
563_679,52.906385655514896
21_18,13750.429496486671269
21_15,13750.429496486671269
21_14,13750.429496486671269
451_94,1238.224913604557514
451_287,1238.224913604557514
451_286,1238.224913604557514
451_94,238.012829495593905
451_95,238.012829495593905
451_286,238.012829495593905
451_94,359.999999986961484
451_286,359.999999986961484
451_132,359.999999986961484
608_364,6253.944900699913887
608_115,6253.944900699913887
608_360,6253.944900699913887
412_482,7403.806595832109451
412_477,7403.806595832109451
412_544,7403.806595832109451
412_482,271.940245319157839
412_477,271.940245319157839
412_626,271.940245319157839
412_482,24064.790755147114396
412_544,24064.790755147114396
412_626,24064.790755147114396
412_482,861.750430537387729
412_630,861.750430537387729
412_626,861.750430537387729
365_129,159.362880713306367
365_127,159.362880713306367
365_253,159.362880713306367
365_129,5922.978524161502719
365_263,5922.978524161502719
365_128,5922.978524161502719
365_129,4433.998286852613091
365_263,4433.998286852613091
365_82,4433.998286852613091
204_198,11215.375794894061983
204_51,11215.375794894061983
204_195,11215.375794894061983
204_198,11212.487375699914992
204_195,11212.487375699914992
204_194,11212.487375699914992
510_313,622.474845659919083
510_320,622.474845659919083
510_315,622.474845659919083
510_313,33.235991665162146
510_320,33.235991665162146
510_133,33.235991665162146
510_313,132.790905904956162
510_315,132.790905904956162
510_133,132.790905904956162
459_493,5640.907862742431462
459_547,5640.907862742431462
459_501,5640.907862742431462
234_596,2228.204715371131897
234_422,2228.204715371131897
234_598,2228.204715371131897
234_596,1515.328258329071105
234_594,1515.328258329071105
234_598,1515.328258329071105
82_33,62609.207755874151189
82_32,62609.207755874151189
82_30,62609.207755874151189
631_537,6453.872321208007634
631_535,6453.872321208007634
631_534,6453.872321208007634
205_50,9848.230268347133460
205_186,9848.230268347133460
205_192,9848.230268347133460
205_50,18747.430764082819223
205_200,18747.430764082819223
205_192,18747.430764082819223
561_107,584.795463310554624
561_337,584.795463310554624
561_336,584.795463310554624
561_107,68.774143045768142
561_337,68.774143045768142
561_343,68.774143045768142
561_107,3096.652045583352447
561_336,3096.652045583352447
561_343,3096.652045583352447
275_59,8428.559183406643569
275_60,8428.559183406643569
275_218,8428.559183406643569
275_59,383.779712977819145
275_216,383.779712977819145
275_218,383.779712977819145
460_653,873.225340614095330
460_495,873.225340614095330
460_506,873.225340614095330
460_653,8275.277955495752394
460_656,8275.277955495752394
460_506,8275.277955495752394
199_199,810.338684501126409
199_197,810.338684501126409
199_183,810.338684501126409
561_337,30578.619854579679668
561_336,30578.619854579679668
561_343,30578.619854579679668
408_275,1816.042346511967480
408_11,1816.042346511967480
408_85,1816.042346511967480
459_548,3000.000000009313226
459_501,3000.000000009313226
459_504,3000.000000009313226
107_401,21712.041133522056043
107_404,21712.041133522056043
107_399,21712.041133522056043
112_157,15049.592381360009313
112_156,15049.592381360009313
112_159,15049.592381360009313
403_272,5532.118892553262413
403_270,5532.118892553262413
403_130,5532.118892553262413
563_677,40013.762975220568478
563_683,40013.762975220568478
563_679,40013.762975220568478
403_270,1727.738379152491689
403_130,1727.738379152491689
403_271,1727.738379152491689
765_148,15105.863647507503629
765_147,15105.863647507503629
765_152,15105.863647507503629
756_389,3600.828131014481187
756_387,3600.828131014481187
756_390,3600.828131014481187
633_706,85970.377516238950193
633_707,85970.377516238950193
633_536,85970.377516238950193
646_538,387.778886861167848
630_120,387.778886861167848
630_370,387.778886861167848
509_664,13.985679011791945
510_320,13.985679011791945
510_133,13.985679011791945
509_664,240.000000018626451
509_662,240.000000018626451
509_667,240.000000018626451
509_664,3702.696099922060966
509_511,3702.696099922060966
509_667,3702.696099922060966
352_257,1541.332591154623969
352_75,1541.332591154623969
352_71,1541.332591154623969
775_160,35709.931173961624154
775_161,35709.931173961624154
775_158,35709.931173961624154
233_416,22175.559735687449574
233_424,22175.559735687449574
233_419,22175.559735687449574
414_93,515.856742547824979
414_131,515.856742547824979
414_90,515.856742547824979
414_93,23039.008550986647606
414_90,23039.008550986647606
414_283,23039.008550986647606
203_191,15199.721052057109773
203_2,15199.721052057109773
203_189,15199.721052057109773
203_191,3811.003465537913144
203_189,3811.003465537913144
203_184,3811.003465537913144
140_166,9658.321143245324492
140_163,9658.321143245324492
140_170,9658.321143245324492
140_166,10965.630442486144602
140_163,10965.630442486144602
140_121,10965.630442486144602
140_166,7619.039223544299603
140_170,7619.039223544299603
140_121,7619.039223544299603
356_472,19163.183529754169285
356_620,19163.183529754169285
356_618,19163.183529754169285
555_353,217.144309850409627
555_347,217.144309850409627
555_109,217.144309850409627
555_353,4283.015149228274822
555_347,4283.015149228274822
555_105,4283.015149228274822
555_353,960.324194620363414
555_109,960.324194620363414
555_105,960.324194620363414
316_9,14.698010635562241
316_250,14.698010635562241
316_126,14.698010635562241
316_9,1773.569111110642552
316_70,1773.569111110642552
316_126,1773.569111110642552
316_9,14.315439398400486
316_70,14.315439398400486
316_68,14.315439398400486
402_281,137.947203666903079
402_84,137.947203666903079
402_92,137.947203666903079
402_281,22300.571494167670608
402_84,22300.571494167670608
402_273,22300.571494167670608
402_281,2957.696954174898565
402_92,2957.696954174898565
402_273,2957.696954174898565
746_382,1036.079082411713898
746_379,1036.079082411713898
746_378,1036.079082411713898
553_684,5853.143098132684827
553_552,5853.143098132684827
553_676,5853.143098132684827
506_510,2339.392889710143209
506_560,2339.392889710143209
506_668,2339.392889710143209
506_510,1580.226597578264773
506_560,1580.226597578264773
506_660,1580.226597578264773
506_510,4095.336278935894370
506_671,4095.336278935894370
506_668,4095.336278935894370
506_510,1825.512576564215124
506_668,1825.512576564215124
506_660,1825.512576564215124
452_652,405.919194013811648
452_654,405.919194013811648
452_646,405.919194013811648
269_437,3383.599195306189358
269_558,3383.599195306189358
269_604,3383.599195306189358
269_437,120.000000007450581
269_604,120.000000007450581
269_601,120.000000007450581
316_250,1868.913843252696097
316_126,1868.913843252696097
316_247,1868.913843252696097
318_239,10009.817125447094440
318_67,10009.817125447094440
318_242,10009.817125447094440
402_267,371.418519868515432
402_84,371.418519868515432
402_83,371.418519868515432
402_267,1222.383983434177935
402_273,1222.383983434177935
402_83,1222.383983434177935
401_545,6344.330955491401255
401_632,6344.330955491401255
401_627,6344.330955491401255
401_545,3764.379605580576026
401_627,3764.379605580576026
401_622,3764.379605580576026
504_103,124.850421112030745
504_330,124.850421112030745
504_328,124.850421112030745
504_103,10700.148473837412894
504_330,10700.148473837412894
504_134,10700.148473837412894
239_590,17737.525921035557985
239_592,17737.525921035557985
239_591,17737.525921035557985
270_217,330.964835929684341
270_6,330.964835929684341
270_61,330.964835929684341
270_232,334.758795354515314
270_227,334.758795354515314
270_6,334.758795354515314
270_232,1552.200745259411633
270_6,1552.200745259411633
270_61,1552.200745259411633
64_388,17871.496457099914551
64_391,17871.496457099914551
64_392,17871.496457099914551
406_546,87.439850565977395
406_489,87.439850565977395
406_631,87.439850565977395
406_546,5138.888916991734732
406_489,5138.888916991734732
406_488,5138.888916991734732
409_478,3121.685121733695269
409_483,3121.685121733695269
409_476,3121.685121733695269
605_697,354.123112212866545
605_524,354.123112212866545
605_557,354.123112212866545
605_697,196.655447700060904
605_556,196.655447700060904
605_557,196.655447700060904
202_185,41195.262523833662271
202_187,41195.262523833662271
202_190,41195.262523833662271
656_563,18982.120256523601711
656_712,18982.120256523601711
656_711,18982.120256523601711
410_636,939.970877792686224
410_475,939.970877792686224
410_641,939.970877792686224
410_636,9251.220953077077866
410_475,9251.220953077077866
410_628,9251.220953077077866
410_636,36219.977492460981011
410_641,36219.977492460981011
410_628,36219.977492460981011
273_425,7842.012799303047359
273_432,7842.012799303047359
273_429,7842.012799303047359
169_578,28422.321708074770868
169_574,28422.321708074770868
169_573,28422.321708074770868
511_661,324.938842673785985
511_550,324.938842673785985
511_673,324.938842673785985
601_113,54347.476111921481788
601_365,54347.476111921481788
601_359,54347.476111921481788
601_113,24277.015394611284137
601_361,24277.015394611284137
601_359,24277.015394611284137
506_560,7997.287992781959474
506_671,7997.287992781959474
506_668,7997.287992781959474
506_560,1723.432764226570725
506_668,1723.432764226570725
506_660,1723.432764226570725
450_502,14660.628639131784439
450_647,14660.628639131784439
450_649,14660.628639131784439
450_502,21373.944835925474763
450_647,21373.944835925474763
450_642,21373.944835925474763
141_164,7287.875407222658396
141_172,7287.875407222658396
141_167,7287.875407222658396
608_115,5402.931684932671487
608_360,5402.931684932671487
608_356,5402.931684932671487
360_255,394.860917838290334
360_78,394.860917838290334
360_261,394.860917838290334
360_255,6480.195916409604251
360_73,6480.195916409604251
360_252,6480.195916409604251
360_255,75.367192908190191
360_80,75.367192908190191
360_261,75.367192908190191
312_441,4296.227443353272974
312_614,4296.227443353272974
312_613,4296.227443353272974
312_441,710.228181522339582
312_451,710.228181522339582
312_610,710.228181522339582
172_580,8753.724473225884140
172_576,8753.724473225884140
172_577,8753.724473225884140
565_690,43064.038267348907539
565_688,43064.038267348907539
565_681,43064.038267348907539
279_605,18828.956649167463183
279_559,18828.956649167463183
279_603,18828.956649167463183
356_617,1613.557923131622374
356_620,1613.557923131622374
356_618,1613.557923131622374
356_617,7257.012160122394562
356_618,7257.012160122394562
356_465,7257.012160122394562
462_301,240.000000003725290
462_289,240.000000003725290
462_291,240.000000003725290
406_639,9680.491553214378655
406_634,9680.491553214378655
406_631,9680.491553214378655
167_181,10907.841762764379382
167_179,10907.841762764379382
167_177,10907.841762764379382
606_111,4912.163554372265935
606_355,4912.163554372265935
606_362,4912.163554372265935
311_440,7608.713059704750776
311_454,7608.713059704750776
311_447,7608.713059704750776
138_564,239.999999988824129
138_405,239.999999988824129
138_571,239.999999988824129
407_479,9216.215951137244701
407_486,9216.215951137244701
407_624,9216.215951137244701
135_169,64060.051874178461730
135_48,64060.051874178461730
135_171,64060.051874178461730
314_65,411.410233421251178
314_235,411.410233421251178
314_234,411.410233421251178
552_350,3211.819774881936610
552_338,3211.819774881936610
552_340,3211.819774881936610
405_278,8540.720740432851017
405_89,8540.720740432851017
405_86,8540.720740432851017
109_1,15420.505009083284676
109_42,15420.505009083284676
109_44,15420.505009083284676
109_1,7150.446214439347386
109_42,7150.446214439347386
109_38,7150.446214439347386
109_1,5964.381082042120397
109_44,5964.381082042120397
109_38,5964.381082042120397
408_91,884.515766617842019
408_284,884.515766617842019
459_547,884.515766617842019
408_91,3916.346122873947024
408_284,3916.346122873947024
408_282,3916.346122873947024
313_608,8877.616186269558966
313_609,8877.616186269558966
313_442,8877.616186269558966
313_608,2403.829012416303158
313_609,2403.829012416303158
313_445,2403.829012416303158
313_608,10636.246973040513694
313_612,10636.246973040513694
313_445,10636.246973040513694
406_634,3281.186416082084179
406_489,3281.186416082084179
406_631,3281.186416082084179
453_505,4718.903219236992300
453_549,4718.903219236992300
453_507,4718.903219236992300
559_352,1394.147014214657247
559_346,1394.147014214657247
559_349,1394.147014214657247
87_394,4473.538865360431373
87_398,4473.538865360431373
87_393,4473.538865360431373
450_647,3447.896472337655723
450_649,3447.896472337655723
450_642,3447.896472337655723
360_78,677.694135646335781
360_73,677.694135646335781
360_252,677.694135646335781
360_78,4767.000094415619969
360_80,4767.000094415619969
360_261,4767.000094415619969
461_643,6027.157322647050023
461_645,6027.157322647050023
461_492,6027.157322647050023
277_438,16171.916701807640493
277_436,16171.916701807640493
277_434,16171.916701807640493
364_616,80.423086997121572
364_615,80.423086997121572
364_619,80.423086997121572
364_616,12574.975126259960234
364_615,12574.975126259960234
364_459,12574.975126259960234
365_127,5731.680375731550157
365_258,5731.680375731550157
365_253,5731.680375731550157
510_320,9518.391290006227791
510_315,9518.391290006227791
510_133,9518.391290006227791
309_607,2336.261081765405834
309_606,2336.261081765405834
309_543,2336.261081765405834
309_607,8242.850549682974815
309_611,8242.850549682974815
309_543,8242.850549682974815
135_165,24654.842952811159194
135_48,24654.842952811159194
135_171,24654.842952811159194
414_131,2222.140315232798457
414_90,2222.140315232798457
414_274,2222.140315232798457
414_131,1175.004186488687992
414_268,1175.004186488687992
414_274,1175.004186488687992
366_81,2739.792025647144783
366_10,2739.792025647144783
366_76,2739.792025647144783
366_81,7462.748023598492182
366_10,7462.748023598492182
366_77,7462.748023598492182
366_81,5802.323189727051613
366_76,5802.323189727051613
366_77,5802.323189727051613
460_659,297.936214223504066
460_656,297.936214223504066
460_506,297.936214223504066
41_541,18192.438277942128479
41_384,18192.438277942128479
41_385,18192.438277942128479
41_541,21105.938991990871727
41_385,21105.938991990871727
41_386,21105.938991990871727
603_530,8944.783190018497407
603_699,8944.783190018497407
603_701,8944.783190018497407
508_102,652.649968824349344
508_326,652.649968824349344
508_321,652.649968824349344
508_102,290.469477297738194
508_321,290.469477297738194
508_324,290.469477297738194
312_614,2089.816106385551393
312_451,2089.816106385551393
312_613,2089.816106385551393
454_302,6286.922646988183260
454_297,6286.922646988183260
454_100,6286.922646988183260
454_302,5826.565951650030911
454_299,5826.565951650030911
454_100,5826.565951650030911
630_119,3091.805264110676944
630_369,3091.805264110676944
630_366,3091.805264110676944
630_119,1467.903063980862498
630_369,1467.903063980862498
630_370,1467.903063980862498
562_692,18405.067502197809517
562_682,18405.067502197809517
562_686,18405.067502197809517
562_692,14561.682719972915947
562_686,14561.682719972915947
562_515,14561.682719972915947
562_682,33712.407241095788777
562_686,33712.407241095788777
562_515,33712.407241095788777
137_162,7733.653907027095556
137_47,7733.653907027095556
137_168,7733.653907027095556
274_435,9202.477998655289412
274_439,9202.477998655289412
274_433,9202.477998655289412
319_245,11458.818040497601032
319_251,11458.818040497601032
319_69,11458.818040497601032
271_220,22185.989561469294131
271_223,22185.989561469294131
271_221,22185.989561469294131
173_583,18650.307977975346148
173_584,18650.307977975346148
173_579,18650.307977975346148
111_41,12007.767604551278055
111_43,12007.767604551278055
111_46,12007.767604551278055
84_154,48876.002797590568662
84_153,48876.002797590568662
84_151,48876.002797590568662
463_285,6225.010128999128938
463_288,6225.010128999128938
463_293,6225.010128999128938
647_374,42712.946026613935828
647_373,42712.946026613935828
647_372,42712.946026613935828
407_629,101.905591068789363
407_486,101.905591068789363
407_490,101.905591068789363
407_629,4381.202387092635036
407_633,4381.202387092635036
407_490,4381.202387092635036
557_517,1624.894827496260405
557_519,1624.894827496260405
557_513,1624.894827496260405
268_228,576.710948360152543
268_62,576.710948360152543
268_222,576.710948360152543
411_481,780.000000007450581
411_487,780.000000007450581
411_485,780.000000007450581
402_84,1226.804297297261655
402_92,1226.804297297261655
402_273,1226.804297297261655
402_84,2648.722525737248361
402_273,2648.722525737248361
402_83,2648.722525737248361
275_219,5710.053706318140030
275_60,5710.053706318140030
275_218,5710.053706318140030
201_410,4919.002951174043119
201_412,4919.002951174043119
201_413,4919.002951174043119
507_318,1158.896357513964176
507_334,1158.896357513964176
507_322,1158.896357513964176
632_118,7999.988256852142513
632_368,7999.988256852142513
632_371,7999.988256852142513
632_118,11429.207063515670598
632_368,11429.207063515670598
632_367,11429.207063515670598
400_480,479.999999973922968
400_491,479.999999973922968
400_640,479.999999973922968
405_279,2719.946689042262733
405_277,2719.946689042262733
405_86,2719.946689042262733
365_263,1537.851303890347481
365_128,1537.851303890347481
365_82,1537.851303890347481
109_42,0.031276624
109_44,0.031276624
109_38,0.031276624
319_249,2923.486497441306710
319_251,2923.486497441306710
319_69,2923.486497441306710
314_64,7889.373594798147678
314_235,7889.373594798147678
314_236,7889.373594798147678
232_212,9993.725176763720810
232_56,9993.725176763720810
232_209,9993.725176763720810
238_124,6112.893195387907326
238_4,6112.893195387907326
238_57,6112.893195387907326
354_473,24091.119086393155158
354_468,24091.119086393155158
354_461,24091.119086393155158
735_16,35295.085279622115195
735_19,35295.085279622115195
735_17,35295.085279622115195
757_28,27549.778213695622981
757_27,27549.778213695622981
757_26,27549.778213695622981
278_225,22670.545859831385314
278_224,22670.545859831385314
278_125,22670.545859831385314
361_474,56774.607959691435099
361_471,56774.607959691435099
361_462,56774.607959691435099
504_330,212.874856290407479
504_328,212.874856290407479
504_332,212.874856290407479
238_3,210.681253403425217
238_213,210.681253403425217
238_57,210.681253403425217
238_3,263.460722155869007
238_213,263.460722155869007
238_208,263.460722155869007
240_589,8136.398651858791709
240_588,8136.398651858791709
240_414,8136.398651858791709
240_589,5298.677820375189185
240_418,5298.677820375189185
240_414,5298.677820375189185
240_589,5060.015902312860817
240_418,5060.015902312860817
240_593,5060.015902312860817
504_328,399.193676770664752
504_134,399.193676770664752
504_332,399.193676770664752
514_312,13983.502783182077110
514_305,13983.502783182077110
514_308,13983.502783182077110
139_572,3040.895290894433856
139_407,3040.895290894433856
139_406,3040.895290894433856
139_572,36648.154638485983014
139_407,36648.154638485983014
139_570,36648.154638485983014
139_572,5437.394047643058002
139_407,5437.394047643058002
171_575,5437.394047643058002
501_104,350.014534055255353
501_13,350.014534055255353
501_309,350.014534055255353
501_104,20677.941254809498787
501_13,20677.941254809498787
501_331,20677.941254809498787
501_104,237.929234153591096
501_309,237.929234153591096
501_319,237.929234153591096
365_128,17.500212955288589
365_258,17.500212955288589
365_253,17.500212955288589
365_128,2360.789532870054245
365_258,2360.789532870054245
365_82,2360.789532870054245
232_56,2703.547594015486538
232_54,2703.547594015486538
232_209,2703.547594015486538
609_357,40766.427058174274862
609_354,40766.427058174274862
609_358,40766.427058174274862
83_395,14950.515021433122456
83_397,14950.515021433122456
83_396,14950.515021433122456
501_13,47.034819845110178
501_309,47.034819845110178
501_319,47.034819845110178
501_13,1616.915957945398986
501_331,1616.915957945398986
501_319,1616.915957945398986
232_54,6856.425754388794303
232_201,6856.425754388794303
232_209,6856.425754388794303
312_451,4880.288898084312677
312_610,4880.288898084312677
312_613,4880.288898084312677
63_146,34090.341183261014521
63_144,34090.341183261014521
63_143,34090.341183261014521
137_47,1087.196775010786951
137_173,1087.196775010786951
137_49,1087.196775010786951
137_47,727.616239793598652
137_168,727.616239793598652
137_49,727.616239793598652
242_599,29845.041899448260665
242_423,29845.041899448260665
242_597,29845.041899448260665
605_522,1440.367530779913068
605_694,1440.367530779913068
605_523,1440.367530779913068
605_522,1015.062659226357937
605_694,1015.062659226357937
605_556,1015.062659226357937
605_522,167.191766961477697
605_556,167.191766961477697
605_557,167.191766961477697
236_205,3154.076135787181556
236_203,3154.076135787181556
236_53,3154.076135787181556
236_205,4258.705007719448986
236_211,4258.705007719448986
236_53,4258.705007719448986
554_351,832.230267832055688
554_345,832.230267832055688
554_106,832.230267832055688
205_186,28240.346870696172118
205_123,28240.346870696172118
205_192,28240.346870696172118
236_203,359.999999968335032
236_211,359.999999968335032
236_53,359.999999968335032
242_420,10189.051850248128176
242_423,10189.051850248128176
242_597,10189.051850248128176
205_200,5940.198411026038229
205_123,5940.198411026038229
205_192,5940.198411026038229
506_660,10.408146406523883
454_299,10.408146406523883
454_100,10.408146406523883
605_694,270.324909120798111
605_556,270.324909120798111
605_557,270.324909120798111
604_528,7442.027652241289616
604_527,7442.027652241289616
604_555,7442.027652241289616
604_528,3471.689181937836111
604_527,3471.689181937836111
604_533,3471.689181937836111
604_528,8438.587255309335887
604_555,8438.587255309335887
604_533,8438.587255309335887
555_347,28208.951823071576655
555_339,28208.951823071576655
555_105,28208.951823071576655
315_449,13359.420792093500495
315_446,13359.420792093500495
315_444,13359.420792093500495
501_309,119.999999998137355
501_331,119.999999998137355
501_319,119.999999998137355
555_109,51520.093388126231730
555_339,51520.093388126231730
555_105,51520.093388126231730
86_155,901.061735070310533
86_149,901.061735070310533
86_150,901.061735070310533
451_95,44436.827310283668339
451_286,44436.827310283668339
451_132,44436.827310283668339
240_588,197.708806430920959
240_418,197.708806430920959
240_593,197.708806430920959
240_588,8526.258467229083180
240_414,8526.258467229083180
240_593,8526.258467229083180
457_650,18796.626656818207266
457_497,18796.626656818207266
457_648,18796.626656818207266
40_139,25797.324070954695344
40_140,25797.324070954695344
40_138,25797.324070954695344
556_514,970.873255625367165
556_520,970.873255625367165
556_553,970.873255625367165
509_662,6529.364825994707644
509_511,6529.364825994707644
509_667,6529.364825994707644
108_402,16326.159286732785404
108_400,16326.159286732785404
108_403,16326.159286732785404
352_79,392.798465343192220
352_75,392.798465343192220
352_71,392.798465343192220
204_51,2057.949650533497334
204_195,2057.949650533497334
204_194,2057.949650533497334
601_365,476.325826198793948
601_116,476.325826198793948
601_359,476.325826198793948
139_407,1753.870930444449186
139_406,1753.870930444449186
139_570,1753.870930444449186
139_407,701.929971107281744
139_570,701.929971107281744
139_565,701.929971107281744
234_422,120.000000009313226
234_594,120.000000009313226
234_598,120.000000009313226
503_669,18338.279544744640589
503_670,18338.279544744640589
503_666,18338.279544744640589
241_207,300.000000000000000
241_215,300.000000000000000
241_52,300.000000000000000
139_406,9490.988035888411105
139_570,9490.988035888411105
139_565,9490.988035888411105
206_411,117.685272208414972
206_586,117.685272208414972
206_409,117.685272208414972
206_411,28133.427472899667919
206_586,28133.427472899667919
206_587,28133.427472899667919
206_411,2660.812740753404796
206_585,2660.812740753404796
206_587,2660.812740753404796
502_663,31343.347429956309497
502_551,31343.347429956309497
502_665,31343.347429956309497
457_497,25676.958129277452826
457_648,25676.958129277452826
457_644,25676.958129277452826
600_703,15135.605934352639451
600_702,15135.605934352639451
600_704,15135.605934352639451
600_703,126.646970051342961
600_702,126.646970051342961
600_529,126.646970051342961
600_703,6154.914145649410784
600_704,6154.914145649410784
600_529,6154.914145649410784
206_586,34873.984962781891227
206_585,34873.984962781891227
206_409,34873.984962781891227
206_586,3756.619294643402100
206_585,3756.619294643402100
206_587,3756.619294643402100
511_550,56.813207929022610
511_673,56.813207929022610
511_672,56.813207929022610
601_116,1556.595700280740857
601_361,1556.595700280740857
601_359,1556.595700280740857
276_431,38425.310593256726861
276_430,38425.310593256726861
276_428,38425.310593256726861
630_369,7191.828752084635198
630_120,7191.828752084635198
630_370,7191.828752084635198
630_369,4047.033047067007828
630_366,4047.033047067007828
630_117,4047.033047067007828
502_674,15678.193344996368978
502_551,15678.193344996368978
502_665,15678.193344996368978
558_341,12369.391610715550996
558_108,12369.391610715550996
558_344,12369.391610715550996
558_341,2439.742454231737156
558_344,2439.742454231737156
558_342,2439.742454231737156
516_329,62863.392537863051984
516_327,62863.392537863051984
516_335,62863.392537863051984
464_499,30893.464635501622979
464_503,30893.464635501622979
464_494,30893.464635501622979
456_295,13281.788272776644590
456_290,13281.788272776644590
456_96,13281.788272776644590
456_300,13281.788272776644590
272_230,4017.592338856309652
272_229,4017.592338856309652
272_231,4017.592338856309652
272_63,4017.592338856309652
269_602,2291.035699395462871
269_427,2291.035699395462871
269_542,2291.035699395462871
269_601,2291.035699395462871
269_602,7743.865890678018332
269_437,7743.865890678018332
269_558,7743.865890678018332
269_604,7743.865890678018332
269_427,5171.113379951566458
269_437,5171.113379951566458
269_542,5171.113379951566458
269_601,5171.113379951566458
633_705,5448.175758857280016
633_706,5448.175758857280016
633_707,5448.175758857280016
633_536,5448.175758857280016
458_298,1466.944032962433994
458_294,1466.944032962433994
458_98,1466.944032962433994
458_99,1466.944032962433994
603_695,1439.439848543144763
603_530,1439.439848543144763
603_699,1439.439848543144763
603_701,1439.439848543144763
554_110,209.975226433016360
554_348,209.975226433016360
554_351,209.975226433016360
554_106,209.975226433016360
554_110,1902.725061618722975
554_351,1902.725061618722975
554_345,1902.725061618722975
554_106,1902.725061618722975
512_311,1290.600492522120476
512_314,1290.600492522120476
512_12,1290.600492522120476
512_310,1290.600492522120476
609_112,39233.099098172970116
609_357,39233.099098172970116
609_354,39233.099098172970116
609_358,39233.099098172970116
357_74,3127.885570015758276
357_256,3127.885570015758276
357_72,3127.885570015758276
357_254,3127.885570015758276
357_74,1551.038579888641834
357_256,1551.038579888641834
357_254,1551.038579888641834
357_259,1551.038579888641834
242_595,17406.202830453403294
242_599,17406.202830453403294
242_423,17406.202830453403294
242_597,17406.202830453403294
242_595,4287.302062162198126
242_420,4287.302062162198126
242_423,4287.302062162198126
242_597,4287.302062162198126
412_635,119.279656260274351
412_482,119.279656260274351
412_477,119.279656260274351
412_626,119.279656260274351
412_635,2670.431344689801335
412_482,2670.431344689801335
412_630,2670.431344689801335
412_626,2670.431344689801335
238_55,3337.629281939938664
238_3,3337.629281939938664
238_204,3337.629281939938664
238_208,3337.629281939938664
238_55,1061.298571548424661
238_3,1061.298571548424661
238_213,1061.298571548424661
238_57,1061.298571548424661
238_55,148.573048333637416
238_3,148.573048333637416
238_213,148.573048333637416
238_208,148.573048333637416
505_317,2820.202072774991393
505_307,2820.202072774991393
505_101,2820.202072774991393
505_333,2820.202072774991393
645_710,47493.786806324496865
645_562,47493.786806324496865
645_709,47493.786806324496865
645_708,47493.786806324496865
553_518,104.112523490563035
553_687,104.112523490563035
553_684,104.112523490563035
553_552,104.112523490563035
553_518,15.642237538471818
553_687,15.642237538471818
553_684,15.642237538471818
553_676,15.642237538471818
553_518,1980.000000016763806
553_687,1980.000000016763806
553_552,1980.000000016763806
553_676,1980.000000016763806
553_518,18764.190899371191335
553_684,18764.190899371191335
553_552,18764.190899371191335
553_676,18764.190899371191335
606_363,20853.452295658178627
606_111,20853.452295658178627
606_355,20853.452295658178627
606_362,20853.452295658178627
141_122,27517.980290133506060
141_164,27517.980290133506060
141_172,27517.980290133506060
141_167,27517.980290133506060
556_521,599.907264343462884
556_514,599.907264343462884
556_520,599.907264343462884
556_553,599.907264343462884
414_88,3710.390789353288710
414_93,3710.390789353288710
414_90,3710.390789353288710
414_283,3710.390789353288710
414_88,6380.639216459356248
414_131,6380.639216459356248
414_90,6380.639216459356248
414_274,6380.639216459356248
414_88,7610.054019869340664
414_131,7610.054019869340664
414_268,7610.054019869340664
414_274,7610.054019869340664
414_88,1452.673676232807338
414_90,1452.673676232807338
414_283,1452.673676232807338
414_274,1452.673676232807338
270_7,144.254111194983125
270_232,144.254111194983125
270_227,144.254111194983125
270_6,144.254111194983125
511_512,145.108802818693221
511_661,145.108802818693221
511_550,145.108802818693221
511_673,145.108802818693221
458_97,5057.941160412505269
458_294,5057.941160412505269
458_292,5057.941160412505269
458_98,5057.941160412505269
404_623,120.000000000000000
404_484,120.000000000000000
404_621,120.000000000000000
404_625,120.000000000000000
316_244,164.540296742692590
316_9,164.540296742692590
316_70,164.540296742692590
316_126,164.540296742692590
316_244,3998.500208571553230
316_9,3998.500208571553230
316_70,3998.500208571553230
316_68,3998.500208571553230
316_244,299.999999996274710
316_250,299.999999996274710
316_68,299.999999996274710
316_247,299.999999996274710
656_713,2491.356777001172304
656_563,2491.356777001172304
656_712,2491.356777001172304
656_711,2491.356777001172304
364_470,1331.710215532220900
364_616,1331.710215532220900
364_615,1331.710215532220900
364_619,1331.710215532220900
364_470,13661.286677639000118
364_616,13661.286677639000118
364_619,13661.286677639000118
364_459,13661.286677639000118
451_296,3484.257124889642000
451_287,3484.257124889642000
451_95,3484.257124889642000
451_132,3484.257124889642000
451_296,524.727999804541469
451_287,524.727999804541469
451_286,524.727999804541469
451_132,524.727999804541469
451_296,15235.554176513105631
451_95,15235.554176513105631
451_286,15235.554176513105631
451_132,15235.554176513105631
278_226,51517.208368963561952
278_225,51517.208368963561952
278_224,51517.208368963561952
278_125,51517.208368963561952
279_600,834.185014380142093
279_605,834.185014380142093
279_559,834.185014380142093
279_426,834.185014380142093
279_600,4678.179588211700320
279_605,4678.179588211700320
279_559,4678.179588211700320
279_603,4678.179588211700320
279_600,2070.712012735195458
279_605,2070.712012735195458
279_426,2070.712012735195458
279_603,2070.712012735195458
461_651,1139.999999986961484
461_643,1139.999999986961484
461_645,1139.999999986961484
461_492,1139.999999986961484
605_554,3502.757872045040131
605_693,3502.757872045040131
605_697,3502.757872045040131
605_524,3502.757872045040131
605_554,54.233810018748045
605_693,54.233810018748045
605_694,54.233810018748045
605_523,54.233810018748045
605_554,562.650290777906775
605_693,562.650290777906775
605_524,562.650290777906775
605_523,562.650290777906775
605_554,642.758064628578722
605_697,642.758064628578722
605_524,642.758064628578722
605_557,642.758064628578722
400_637,2897.082957794889808
400_638,2897.082957794889808
400_480,2897.082957794889808
400_640,2897.082957794889808
400_637,21588.396242969669402
400_638,21588.396242969669402
400_491,21588.396242969669402
400_640,21588.396242969669402
400_637,4112.100121807307005
400_480,4112.100121807307005
400_491,4112.100121807307005
400_640,4112.100121807307005
608_114,869.416764638386667
608_364,869.416764638386667
608_115,869.416764638386667
608_360,869.416764638386667
608_114,7383.958901341073215
608_364,7383.958901341073215
608_115,7383.958901341073215
608_356,7383.958901341073215
608_114,46.512044345028698
608_115,46.512044345028698
608_360,46.512044345028698
608_356,46.512044345028698
318_238,34591.235953965224326
318_239,34591.235953965224326
318_67,34591.235953965224326
318_242,34591.235953965224326
318_238,18121.386744686402380
318_239,18121.386744686402380
318_67,18121.386744686402380
318_66,18121.386744686402380
455_508,17057.833538292907178
455_655,17057.833538292907178
455_657,17057.833538292907178
455_658,17057.833538292907178
408_87,1091.333359194919467
408_275,1091.333359194919467
408_11,1091.333359194919467
408_282,1091.333359194919467
408_87,17277.982170593924820
408_275,17277.982170593924820
408_11,17277.982170593924820
408_85,17277.982170593924820
408_87,937.183501378633082
408_91,937.183501378633082
408_11,937.183501378633082
408_282,937.183501378633082
352_264,294.107156133279204
352_257,294.107156133279204
352_262,294.107156133279204
352_79,294.107156133279204
352_264,218.968546999618411
352_257,218.968546999618411
352_262,218.968546999618411
352_71,218.968546999618411
352_264,2971.883165933197688
352_262,2971.883165933197688
352_79,2971.883165933197688
352_75,2971.883165933197688
171_582,3654.399880923330784
171_408,3654.399880923330784
171_581,3654.399880923330784
171_575,3654.399880923330784
275_5,291.568466005846858
275_58,291.568466005846858
275_219,291.568466005846858
275_60,291.568466005846858
275_5,3457.509152814745903
275_58,3457.509152814745903
275_219,3457.509152814745903
275_216,3457.509152814745903
275_5,1113.550988748669624
275_219,1113.550988748669624
275_60,1113.550988748669624
275_218,1113.550988748669624
563_516,7813.791368541307747
563_677,7813.791368541307747
563_683,7813.791368541307747
563_679,7813.791368541307747
451_94,4325.784942035563290
451_287,4325.784942035563290
451_286,4325.784942035563290
451_132,4325.784942035563290
451_94,9552.774475106969476
451_95,9552.774475106969476
451_286,9552.774475106969476
451_132,9552.774475106969476
608_364,9438.564385063014925
608_115,9438.564385063014925
608_360,9438.564385063014925
608_356,9438.564385063014925
412_482,25849.352867449633777
412_477,25849.352867449633777
412_544,25849.352867449633777
412_626,25849.352867449633777
412_482,12843.573089928366244
412_544,12843.573089928366244
412_630,12843.573089928366244
412_626,12843.573089928366244
365_129,397.018272153101861
365_127,397.018272153101861
365_263,397.018272153101861
365_128,397.018272153101861
365_129,548.466189619153738
365_127,548.466189619153738
365_128,548.466189619153738
365_253,548.466189619153738
365_129,2516.961288337595761
365_263,2516.961288337595761
365_128,2516.961288337595761
365_258,2516.961288337595761
365_129,13176.805261107161641
365_263,13176.805261107161641
365_128,13176.805261107161641
365_82,13176.805261107161641
204_198,6245.760391788557172
204_51,6245.760391788557172
204_195,6245.760391788557172
204_194,6245.760391788557172
510_313,8019.181188992224634
510_320,8019.181188992224634
510_315,8019.181188992224634
510_133,8019.181188992224634
459_493,720.000000026077032
459_548,720.000000026077032
459_501,720.000000026077032
459_504,720.000000026077032
459_493,796.254695306532085
459_547,796.254695306532085
459_501,796.254695306532085
459_504,796.254695306532085
234_596,1064.671741661615670
234_422,1064.671741661615670
234_594,1064.671741661615670
234_598,1064.671741661615670
605_693,606.166619926691055
605_522,606.166619926691055
605_694,606.166619926691055
605_523,606.166619926691055
205_50,9248.038086620159447
205_186,9248.038086620159447
205_200,9248.038086620159447
205_192,9248.038086620159447
205_50,4319.625213124789298
205_186,4319.625213124789298
205_123,4319.625213124789298
205_192,4319.625213124789298
205_50,3982.943909307010472
205_200,3982.943909307010472
205_123,3982.943909307010472
205_192,3982.943909307010472
561_107,5968.270695554092526
561_337,5968.270695554092526
561_336,5968.270695554092526
561_343,5968.270695554092526
275_59,11011.739145274274051
275_219,11011.739145274274051
275_60,11011.739145274274051
275_218,11011.739145274274051
275_59,352.243371383287013
275_60,352.243371383287013
275_216,352.243371383287013
275_218,352.243371383287013
460_653,43.717624369077384
460_495,43.717624369077384
460_659,43.717624369077384
460_506,43.717624369077384
460_653,6.494545218534768
460_495,6.494545218534768
460_656,6.494545218534768
460_506,6.494545218534768
460_653,1862.063785783946514
460_659,1862.063785783946514
460_656,1862.063785783946514
460_506,1862.063785783946514
408_275,250.146656687371433
408_284,250.146656687371433
408_282,250.146656687371433
408_85,250.146656687371433
403_272,1259.999999985098839
403_270,1259.999999985098839
403_130,1259.999999985098839
403_271,1259.999999985098839
509_664,6973.749064126983285
509_662,6973.749064126983285
509_511,6973.749064126983285
509_667,6973.749064126983285
352_257,3726.699725797421706
352_262,3726.699725797421706
352_75,3726.699725797421706
352_71,3726.699725797421706
352_257,2485.782484843433849
352_79,2485.782484843433849
352_75,2485.782484843433849
352_71,2485.782484843433849
414_93,8576.630962942726910
414_131,8576.630962942726910
414_90,8576.630962942726910
414_283,8576.630962942726910
203_191,34909.502743341960013
203_2,34909.502743341960013
203_189,34909.502743341960013
203_184,34909.502743341960013
140_166,3170.778714720159769
140_163,3170.778714720159769
140_170,3170.778714720159769
140_121,3170.778714720159769
356_472,5024.540704916231334
356_617,5024.540704916231334
356_620,5024.540704916231334
356_618,5024.540704916231334
555_353,702.865650895051658
555_347,702.865650895051658
555_109,702.865650895051658
555_105,702.865650895051658
555_353,15681.907127299346030
555_347,15681.907127299346030
555_339,15681.907127299346030
555_105,15681.907127299346030
555_353,3708.662376659922302
555_109,3708.662376659922302
555_339,3708.662376659922302
555_105,3708.662376659922302
316_9,4.390869920141995
316_250,4.390869920141995
316_70,4.390869920141995
316_126,4.390869920141995
316_9,8.010200424119830
316_250,8.010200424119830
316_126,8.010200424119830
316_247,8.010200424119830
316_9,3705.127191714011133
316_70,3705.127191714011133
316_126,3705.127191714011133
316_247,3705.127191714011133
402_281,28275.660570335574448
402_84,28275.660570335574448
402_92,28275.660570335574448
402_273,28275.660570335574448
402_281,6454.644203632138669
402_84,6454.644203632138669
402_273,6454.644203632138669
402_83,6454.644203632138669
506_510,25958.045374521054327
506_560,25958.045374521054327
506_671,25958.045374521054327
506_668,25958.045374521054327
506_510,24394.422690574079752
506_560,24394.422690574079752
506_668,24394.422690574079752
506_660,24394.422690574079752
269_437,998.757951988838613
269_558,998.757951988838613
269_604,998.757951988838613
269_601,998.757951988838613
316_250,1567.381431870162487
316_70,1567.381431870162487
316_126,1567.381431870162487
316_247,1567.381431870162487
402_267,26483.399781021289527
402_84,26483.399781021289527
402_273,26483.399781021289527
402_83,26483.399781021289527
401_545,2103.778697462752461
401_632,2103.778697462752461
401_627,2103.778697462752461
401_622,2103.778697462752461
504_103,1819.667105350643396
504_330,1819.667105350643396
504_328,1819.667105350643396
504_134,1819.667105350643396
270_217,141.040709341876209
270_227,141.040709341876209
270_6,141.040709341876209
270_61,141.040709341876209
406_546,688.410024656914175
406_634,688.410024656914175
406_489,688.410024656914175
406_631,688.410024656914175
406_546,11686.210449790582061
406_489,11686.210449790582061
406_631,11686.210449790582061
406_488,11686.210449790582061
605_697,343.344552292488515
605_524,343.344552292488515
605_556,343.344552292488515
605_557,343.344552292488515
410_636,2838.167244006879628
410_475,2838.167244006879628
410_641,2838.167244006879628
410_628,2838.167244006879628
601_113,1411.938755150884390
601_365,1411.938755150884390
601_116,1411.938755150884390
601_359,1411.938755150884390
601_113,6742.079655419103801
601_365,6742.079655419103801
601_361,6742.079655419103801
601_359,6742.079655419103801
601_113,15299.949637882411480
601_116,15299.949637882411480
601_361,15299.949637882411480
601_359,15299.949637882411480
450_502,2381.472440815530717
450_647,2381.472440815530717
450_649,2381.472440815530717
450_642,2381.472440815530717
360_255,9725.140592451207340
360_78,9725.140592451207340
360_73,9725.140592451207340
360_252,9725.140592451207340
360_255,2660.635076924227178
360_78,2660.635076924227178
360_73,2660.635076924227178
360_261,2660.635076924227178
360_255,1976.159827945753932
360_78,1976.159827945753932
360_80,1976.159827945753932
360_261,1976.159827945753932
360_255,44.632807080633938
360_73,44.632807080633938
360_80,44.632807080633938
360_261,44.632807080633938
312_441,610.397923871874809
312_614,610.397923871874809
312_610,610.397923871874809
312_613,610.397923871874809
312_441,903.002326531335711
312_451,903.002326531335711
312_610,903.002326531335711
312_613,903.002326531335711
356_617,3348.691797179169953
356_620,3348.691797179169953
356_618,3348.691797179169953
356_465,3348.691797179169953
406_639,2633.532143250107765
406_634,2633.532143250107765
406_489,2633.532143250107765
406_631,2633.532143250107765
407_479,10723.320897451601923
407_629,10723.320897451601923
407_486,10723.320897451601923
407_624,10723.320897451601923
135_169,6393.335745071060956
135_165,6393.335745071060956
135_48,6393.335745071060956
135_171,6393.335745071060956
314_65,3787.529726702719927
314_64,3787.529726702719927
314_235,3787.529726702719927
314_234,3787.529726702719927
405_278,5812.400280445814133
405_89,5812.400280445814133
405_279,5812.400280445814133
405_86,5812.400280445814133
405_278,6895.466697493568063
405_279,6895.466697493568063
405_277,6895.466697493568063
405_86,6895.466697493568063
109_1,25848.948367990553379
109_42,25848.948367990553379
109_44,25848.948367990553379
109_38,25848.948367990553379
408_91,117.513492380268872
408_284,117.513492380268872
408_11,117.513492380268872
408_282,117.513492380268872
313_608,1139.999999996274710
313_609,1139.999999996274710
313_442,1139.999999996274710
313_612,1139.999999996274710
313_608,10104.819087388925254
313_609,10104.819087388925254
313_442,10104.819087388925254
313_445,10104.819087388925254
313_608,2256.446411217562854
313_609,2256.446411217562854
313_612,2256.446411217562854
313_445,2256.446411217562854
364_616,651.477708639577031
364_615,651.477708639577031
364_619,651.477708639577031
364_459,651.477708639577031
365_127,7746.989968470297754
365_128,7746.989968470297754
365_258,7746.989968470297754
365_253,7746.989968470297754
309_607,660.000000013038516
309_606,660.000000013038516
309_611,660.000000013038516
309_543,660.000000013038516
414_131,120.000000000000000
414_90,120.000000000000000
414_283,120.000000000000000
414_274,120.000000000000000
366_81,55262.209571869250794
366_10,55262.209571869250794
366_76,55262.209571869250794
366_77,55262.209571869250794
41_541,7593.624173020943999
41_384,7593.624173020943999
41_385,7593.624173020943999
41_386,7593.624173020943999
508_102,3412.608410072512925
508_326,3412.608410072512925
508_321,3412.608410072512925
508_324,3412.608410072512925
312_614,5894.872139585204422
312_451,5894.872139585204422
312_610,5894.872139585204422
312_613,5894.872139585204422
454_302,1542.498252208344638
454_297,1542.498252208344638
454_299,1542.498252208344638
454_100,1542.498252208344638
630_119,3436.504528149962425
630_369,3436.504528149962425
630_120,3436.504528149962425
630_370,3436.504528149962425
630_119,450.143625562079251
630_369,450.143625562079251
630_366,450.143625562079251
630_117,450.143625562079251
562_692,6247.136137368157506
562_682,6247.136137368157506
562_686,6247.136137368157506
562_515,6247.136137368157506
137_162,1129.691561412997544
137_47,1129.691561412997544
137_168,1129.691561412997544
137_49,1129.691561412997544
319_245,2987.227513413876295
319_249,2987.227513413876295
319_251,2987.227513413876295
319_69,2987.227513413876295
407_629,8286.122418072074652
407_486,8286.122418072074652
407_633,8286.122418072074652
407_490,8286.122418072074652
632_118,7081.848688613623381
632_368,7081.848688613623381
632_371,7081.848688613623381
632_367,7081.848688613623381
365_263,600.000000005587935
365_128,600.000000005587935
365_258,600.000000005587935
365_82,600.000000005587935
314_64,409.657902671955526
314_235,409.657902671955526
314_236,409.657902671955526
314_234,409.657902671955526
232_212,10369.346284978091717
232_56,10369.346284978091717
232_54,10369.346284978091717
232_209,10369.346284978091717
238_124,557.632398009300232
238_4,557.632398009300232
238_213,557.632398009300232
238_57,557.632398009300232
504_330,880.881816526874900
504_328,880.881816526874900
504_134,880.881816526874900
504_332,880.881816526874900
451_287,177.184936682693660
451_95,177.184936682693660
451_286,177.184936682693660
451_132,177.184936682693660
240_589,93.109645208343863
240_588,93.109645208343863
240_418,93.109645208343863
240_414,93.109645208343863
240_589,77.020494590513408
240_588,77.020494590513408
240_418,77.020494590513408
240_593,77.020494590513408
240_589,22864.122410140014836
240_588,22864.122410140014836
240_414,22864.122410140014836
240_593,22864.122410140014836
240_589,6237.375073602423072
240_418,6237.375073602423072
240_414,6237.375073602423072
240_593,6237.375073602423072
139_572,7238.578045506961644
139_407,7238.578045506961644
139_406,7238.578045506961644
139_570,7238.578045506961644
139_572,694.175085442140698
139_407,694.175085442140698
139_570,694.175085442140698
139_565,694.175085442140698
501_104,841.232411834411323
501_13,841.232411834411323
501_309,841.232411834411323
501_319,841.232411834411323
501_104,8682.576038900762796
501_13,8682.576038900762796
501_331,8682.576038900762796
501_319,8682.576038900762796
365_128,1326.550448630005121
365_258,1326.550448630005121
365_253,1326.550448630005121
365_82,1326.550448630005121
232_56,1842.597530435770750
232_54,1842.597530435770750
232_201,1842.597530435770750
232_209,1842.597530435770750
501_13,98.296890051104128
501_309,98.296890051104128
501_331,98.296890051104128
501_319,98.296890051104128
137_47,10471.796500544063747
137_173,10471.796500544063747
137_168,10471.796500544063747
137_49,10471.796500544063747
242_599,419.999999981373549
242_420,419.999999981373549
242_423,419.999999981373549
242_597,419.999999981373549
605_522,1821.565934441052377
605_694,1821.565934441052377
605_523,1821.565934441052377
605_556,1821.565934441052377
605_522,1205.730996496044099
605_694,1205.730996496044099
605_556,1205.730996496044099
605_557,1205.730996496044099
236_205,9848.281797208745047
236_203,9848.281797208745047
236_211,9848.281797208745047
236_53,9848.281797208745047
205_186,1956.581987549550831
205_200,1956.581987549550831
205_123,1956.581987549550831
205_192,1956.581987549550831
605_694,120.000000000000000
605_523,120.000000000000000
605_556,120.000000000000000
605_557,120.000000000000000
604_528,23335.337870088405907
604_527,23335.337870088405907
604_555,23335.337870088405907
604_533,23335.337870088405907
555_347,2726.769834607839584
555_109,2726.769834607839584
555_339,2726.769834607839584
555_105,2726.769834607839584
240_588,130.346808102913201
240_418,130.346808102913201
240_414,130.346808102913201
240_593,130.346808102913201
457_650,16322.455732502974570
457_497,16322.455732502974570
457_648,16322.455732502974570
457_644,16322.455732502974570
139_407,2842.787138059735298
139_406,2842.787138059735298
139_570,2842.787138059735298
139_565,2842.787138059735298
206_411,10293.641250158660114
206_586,10293.641250158660114
206_585,10293.641250158660114
206_587,10293.641250158660114
206_411,1020.013674110174179
206_586,1020.013674110174179
206_409,1020.013674110174179
206_587,1020.013674110174179
502_663,265.620938719250262
502_674,265.620938719250262
502_551,265.620938719250262
502_665,265.620938719250262
600_703,1852.421166200203288
600_702,1852.421166200203288
600_704,1852.421166200203288
600_529,1852.421166200203288
206_586,2294.066017974168062
206_585,2294.066017974168062
206_409,2294.066017974168062
206_587,2294.066017974168062
630_369,1166.535090656027251
630_120,1166.535090656027251
630_366,1166.535090656027251
630_117,1166.535090656027251
630_369,1565.649914540350437
630_120,1565.649914540350437
630_370,1565.649914540350437
630_117,1565.649914540350437
269_602,923.496785147115588
269_427,923.496785147115588
269_437,923.496785147115588
269_542,923.496785147115588
269_601,923.496785147115588
269_602,120.000000000000000
269_427,120.000000000000000
269_542,120.000000000000000
269_604,120.000000000000000
269_601,120.000000000000000
269_602,10703.442271071486175
269_437,10703.442271071486175
269_558,10703.442271071486175
269_604,10703.442271071486175
269_601,10703.442271071486175
269_427,671.078873862512410
269_437,671.078873862512410
269_542,671.078873862512410
269_604,671.078873862512410
269_601,671.078873862512410
458_298,4055.374231267720461
458_97,4055.374231267720461
458_294,4055.374231267720461
458_292,4055.374231267720461
458_98,4055.374231267720461
458_298,73.401644294150174
458_294,73.401644294150174
458_292,73.401644294150174
458_98,73.401644294150174
458_99,73.401644294150174
357_74,14232.841596068814397
357_256,14232.841596068814397
357_72,14232.841596068814397
357_254,14232.841596068814397
357_259,14232.841596068814397
242_595,2471.094244609586895
242_599,2471.094244609586895
242_420,2471.094244609586895
242_423,2471.094244609586895
242_597,2471.094244609586895
412_635,60.720343721099198
412_482,60.720343721099198
412_477,60.720343721099198
412_630,60.720343721099198
412_626,60.720343721099198
412_635,17949.249129585921764
412_482,17949.249129585921764
412_544,17949.249129585921764
412_630,17949.249129585921764
412_626,17949.249129585921764
238_55,2586.796881792135537
238_3,2586.796881792135537
238_204,2586.796881792135537
238_213,2586.796881792135537
238_208,2586.796881792135537
238_55,3234.282231017015874
238_3,3234.282231017015874
238_213,3234.282231017015874
238_57,3234.282231017015874
238_208,3234.282231017015874
553_518,4587.124551984481514
553_687,4587.124551984481514
553_684,4587.124551984481514
553_552,4587.124551984481514
553_676,4587.124551984481514
414_88,10657.708465121686459
414_93,10657.708465121686459
414_131,10657.708465121686459
414_90,10657.708465121686459
414_283,10657.708465121686459
414_88,145.056081267073750
414_93,145.056081267073750
414_90,145.056081267073750
414_283,145.056081267073750
414_274,145.056081267073750
414_88,5442.126288468949497
414_131,5442.126288468949497
414_90,5442.126288468949497
414_283,5442.126288468949497
414_274,5442.126288468949497
414_88,1083.230781883001328
414_131,1083.230781883001328
414_90,1083.230781883001328
414_268,1083.230781883001328
414_274,1083.230781883001328
316_244,1048.272110858932137
316_9,1048.272110858932137
316_70,1048.272110858932137
316_126,1048.272110858932137
316_68,1048.272110858932137
316_244,626.632316611707211
316_9,626.632316611707211
316_70,626.632316611707211
316_126,626.632316611707211
316_247,626.632316611707211
364_470,3309.413774759508669
364_616,3309.413774759508669
364_615,3309.413774759508669
364_619,3309.413774759508669
364_459,3309.413774759508669
451_296,24872.574980979785323
451_287,24872.574980979785323
451_95,24872.574980979785323
451_286,24872.574980979785323
451_132,24872.574980979785323
279_600,344.609555196017027
279_605,344.609555196017027
279_559,344.609555196017027
279_426,344.609555196017027
279_603,344.609555196017027
605_554,680.546688592992723
605_693,680.546688592992723
605_697,680.546688592992723
605_524,680.546688592992723
605_523,680.546688592992723
605_554,120.000000005587935
605_693,120.000000005587935
605_697,120.000000005587935
605_524,120.000000005587935
605_557,120.000000005587935
605_554,1129.989043404348195
605_693,1129.989043404348195
605_522,1129.989043404348195
605_694,1129.989043404348195
605_523,1129.989043404348195
605_554,312.602749805897474
605_693,312.602749805897474
605_694,312.602749805897474
605_524,312.602749805897474
605_523,312.602749805897474
605_554,360.000000031664968
605_697,360.000000031664968
605_524,360.000000031664968
605_556,360.000000031664968
605_557,360.000000031664968
400_637,7293.573519165627658
400_638,7293.573519165627658
400_480,7293.573519165627658
400_491,7293.573519165627658
400_640,7293.573519165627658
608_114,10206.654667503200471
608_364,10206.654667503200471
608_115,10206.654667503200471
608_360,10206.654667503200471
608_356,10206.654667503200471
318_238,1997.595660298131406
318_239,1997.595660298131406
318_67,1997.595660298131406
318_242,1997.595660298131406
318_66,1997.595660298131406
408_87,630.019742961972952
408_275,630.019742961972952
408_91,630.019742961972952
408_11,630.019742961972952
408_282,630.019742961972952
408_87,10967.326540395617485
408_275,10967.326540395617485
408_11,10967.326540395617485
408_282,10967.326540395617485
408_85,10967.326540395617485
408_87,4380.996096688322723
408_91,4380.996096688322723
408_284,4380.996096688322723
408_11,4380.996096688322723
408_282,4380.996096688322723
352_264,741.322509534657001
352_257,741.322509534657001
352_262,741.322509534657001
352_79,741.322509534657001
352_75,741.322509534657001
352_264,1382.898375445976853
352_257,1382.898375445976853
352_262,1382.898375445976853
352_75,1382.898375445976853
352_71,1382.898375445976853
275_5,9.442056847736239
275_58,9.442056847736239
275_59,9.442056847736239
275_219,9.442056847736239
275_216,9.442056847736239
275_5,1360.697932549752295
275_58,1360.697932549752295
275_219,1360.697932549752295
275_60,1360.697932549752295
275_216,1360.697932549752295
275_5,54.385890264995396
275_58,54.385890264995396
275_219,54.385890264995396
275_60,54.385890264995396
275_218,54.385890264995396
275_5,975.195214317180216
275_59,975.195214317180216
275_219,975.195214317180216
275_60,975.195214317180216
275_218,975.195214317180216
451_94,12767.809575282037258
451_287,12767.809575282037258
451_95,12767.809575282037258
451_286,12767.809575282037258
451_132,12767.809575282037258
412_482,17232.672705119475722
412_477,17232.672705119475722
412_544,17232.672705119475722
412_630,17232.672705119475722
412_626,17232.672705119475722
365_129,119.999999990686774
365_127,119.999999990686774
365_263,119.999999990686774
365_128,119.999999990686774
365_258,119.999999990686774
365_129,917.086462245322764
365_127,917.086462245322764
365_263,917.086462245322764
365_128,917.086462245322764
365_253,917.086462245322764
365_129,1115.224389360286295
365_127,1115.224389360286295
365_128,1115.224389360286295
365_258,1115.224389360286295
365_253,1115.224389360286295
365_129,3993.339075186289847
365_263,3993.339075186289847
365_128,3993.339075186289847
365_258,3993.339075186289847
365_82,3993.339075186289847
459_493,300.000000009313226
459_548,300.000000009313226
459_547,300.000000009313226
459_501,300.000000009313226
459_504,300.000000009313226
605_693,204.685414610430598
605_522,204.685414610430598
605_694,204.685414610430598
605_523,204.685414610430598
605_556,204.685414610430598
205_50,5768.681299081072211
205_186,5768.681299081072211
205_200,5768.681299081072211
205_123,5768.681299081072211
205_192,5768.681299081072211
275_59,1249.719484108500183
275_219,1249.719484108500183
275_60,1249.719484108500183
275_216,1249.719484108500183
275_218,1249.719484108500183
460_653,844.444623433984816
460_495,844.444623433984816
460_659,844.444623433984816
460_656,844.444623433984816
460_506,844.444623433984816
408_275,288.776518779806793
408_284,288.776518779806793
408_11,288.776518779806793
408_282,288.776518779806793
408_85,288.776518779806793
352_257,3387.037211431190372
352_262,3387.037211431190372
352_79,3387.037211431190372
352_75,3387.037211431190372
352_71,3387.037211431190372
356_472,6777.204716718755662
356_617,6777.204716718755662
356_620,6777.204716718755662
356_618,6777.204716718755662
356_465,6777.204716718755662
555_353,3619.497211061418056
555_347,3619.497211061418056
555_109,3619.497211061418056
555_339,3619.497211061418056
555_105,3619.497211061418056
316_9,12322.667374735698104
316_250,12322.667374735698104
316_70,12322.667374735698104
316_126,12322.667374735698104
316_247,12322.667374735698104
402_281,5313.001244168728590
402_267,5313.001244168728590
402_84,5313.001244168728590
402_273,5313.001244168728590
402_83,5313.001244168728590
506_510,633.695823609828949
506_560,633.695823609828949
506_671,633.695823609828949
506_668,633.695823609828949
506_660,633.695823609828949
504_103,1567.049650374799967
504_330,1567.049650374799967
504_328,1567.049650374799967
504_134,1567.049650374799967
504_332,1567.049650374799967
406_546,2079.196938810870051
406_639,2079.196938810870051
406_634,2079.196938810870051
406_489,2079.196938810870051
406_631,2079.196938810870051
406_546,12858.189894874580204
406_634,12858.189894874580204
406_489,12858.189894874580204
406_631,12858.189894874580204
406_488,12858.189894874580204
601_113,5858.099540620110929
601_365,5858.099540620110929
601_116,5858.099540620110929
601_361,5858.099540620110929
601_359,5858.099540620110929
360_255,16183.876078840345144
360_78,16183.876078840345144
360_73,16183.876078840345144
360_80,16183.876078840345144
360_261,16183.876078840345144
360_255,15249.038230780512094
360_78,15249.038230780512094
360_73,15249.038230780512094
360_252,15249.038230780512094
360_261,15249.038230780512094
312_441,5465.561293452978134
312_614,5465.561293452978134
312_451,5465.561293452978134
312_610,5465.561293452978134
312_613,5465.561293452978134
407_479,397.957414195872843
407_629,397.957414195872843
407_486,397.957414195872843
407_633,397.957414195872843
407_490,397.957414195872843
407_479,462.208867779001594
407_629,462.208867779001594
407_486,462.208867779001594
407_624,462.208867779001594
407_490,462.208867779001594
314_65,11524.810537593439221
314_64,11524.810537593439221
314_235,11524.810537593439221
314_236,11524.810537593439221
314_234,11524.810537593439221
405_278,7273.440181251615286
405_89,7273.440181251615286
405_279,7273.440181251615286
405_277,7273.440181251615286
405_86,7273.440181251615286
313_608,5935.432280404493213
313_609,5935.432280404493213
313_442,5935.432280404493213
313_612,5935.432280404493213
313_445,5935.432280404493213
365_127,2596.337950449436903
365_128,2596.337950449436903
365_258,2596.337950449436903
365_253,2596.337950449436903
365_82,2596.337950449436903
137_162,3495.312078755348921
137_47,3495.312078755348921
137_173,3495.312078755348921
137_168,3495.312078755348921
137_49,3495.312078755348921
407_629,315.331354907713830
407_486,315.331354907713830
407_633,315.331354907713830
407_624,315.331354907713830
407_490,315.331354907713830
365_263,497.639034138061106
365_128,497.639034138061106
365_258,497.639034138061106
365_253,497.639034138061106
365_82,497.639034138061106
232_212,4405.524098611436784
232_56,4405.524098611436784
232_54,4405.524098611436784
232_201,4405.524098611436784
232_209,4405.524098611436784
238_124,105.900406762957573
238_3,105.900406762957573
238_4,105.900406762957573
238_213,105.900406762957573
238_57,105.900406762957573
240_589,28616.870208735577762
240_588,28616.870208735577762
240_418,28616.870208735577762
240_414,28616.870208735577762
240_593,28616.870208735577762
139_572,2106.010413950309157
139_407,2106.010413950309157
139_406,2106.010413950309157
139_570,2106.010413950309157
139_565,2106.010413950309157
501_104,874.751122572459280
501_13,874.751122572459280
501_309,874.751122572459280
501_331,874.751122572459280
501_319,874.751122572459280
605_522,740.324123478494585
605_694,740.324123478494585
605_523,740.324123478494585
605_556,740.324123478494585
605_557,740.324123478494585
206_411,476.014558044262230
206_586,476.014558044262230
206_585,476.014558044262230
206_409,476.014558044262230
206_587,476.014558044262230
630_369,1248.880636943504214
630_120,1248.880636943504214
630_366,1248.880636943504214
630_370,1248.880636943504214
630_117,1248.880636943504214
269_602,2672.949423003941774
269_427,2672.949423003941774
269_437,2672.949423003941774
269_542,2672.949423003941774
269_604,2672.949423003941774
269_601,2672.949423003941774
269_602,3199.505146953277290
269_437,3199.505146953277290
269_558,3199.505146953277290
269_542,3199.505146953277290
269_604,3199.505146953277290
269_601,3199.505146953277290
269_427,74.600263725034893
269_437,74.600263725034893
269_558,74.600263725034893
269_542,74.600263725034893
269_604,74.600263725034893
269_601,74.600263725034893
458_298,14564.522932477295399
458_97,14564.522932477295399
458_294,14564.522932477295399
458_292,14564.522932477295399
458_98,14564.522932477295399
458_99,14564.522932477295399
412_635,10311.909723071381450
412_482,10311.909723071381450
412_477,10311.909723071381450
412_544,10311.909723071381450
412_630,10311.909723071381450
412_626,10311.909723071381450
238_55,7263.499572753906250
238_124,7263.499572753906250
238_3,7263.499572753906250
238_4,7263.499572753906250
238_213,7263.499572753906250
238_57,7263.499572753906250
238_55,1237.509937412105501
238_124,1237.509937412105501
238_3,1237.509937412105501
238_213,1237.509937412105501
238_57,1237.509937412105501
238_208,1237.509937412105501
238_55,4038.074589759111404
238_3,4038.074589759111404
238_204,4038.074589759111404
238_213,4038.074589759111404
238_57,4038.074589759111404
238_208,4038.074589759111404
414_88,43932.393551204353571
414_93,43932.393551204353571
414_131,43932.393551204353571
414_90,43932.393551204353571
414_283,43932.393551204353571
414_274,43932.393551204353571
316_244,5748.184842291288078
316_9,5748.184842291288078
316_250,5748.184842291288078
316_70,5748.184842291288078
316_126,5748.184842291288078
316_247,5748.184842291288078
316_244,8475.120052851736546
316_9,8475.120052851736546
316_70,8475.120052851736546
316_126,8475.120052851736546
316_68,8475.120052851736546
316_247,8475.120052851736546
316_244,59.846343186683953
316_250,59.846343186683953
316_70,59.846343186683953
316_126,59.846343186683953
316_68,59.846343186683953
316_247,59.846343186683953
451_296,1838.487216538749635
451_94,1838.487216538749635
451_287,1838.487216538749635
451_95,1838.487216538749635
451_286,1838.487216538749635
451_132,1838.487216538749635
605_554,2789.778010018169880
605_693,2789.778010018169880
605_697,2789.778010018169880
605_694,2789.778010018169880
605_524,2789.778010018169880
605_523,2789.778010018169880
605_554,1958.879132659174502
605_693,1958.879132659174502
605_522,1958.879132659174502
605_694,1958.879132659174502
605_524,1958.879132659174502
605_523,1958.879132659174502
605_554,155.314585406333208
605_693,155.314585406333208
605_522,155.314585406333208
605_694,155.314585406333208
605_523,155.314585406333208
605_556,155.314585406333208
408_87,5544.137726237997413
408_275,5544.137726237997413
408_91,5544.137726237997413
408_284,5544.137726237997413
408_11,5544.137726237997413
408_282,5544.137726237997413
408_87,3461.729899547062814
408_275,3461.729899547062814
408_91,3461.729899547062814
408_11,3461.729899547062814
408_282,3461.729899547062814
408_85,3461.729899547062814
408_87,600.822018686681986
408_275,600.822018686681986
408_284,600.822018686681986
408_11,600.822018686681986
408_282,600.822018686681986
408_85,600.822018686681986
352_264,6056.533596112396481
352_257,6056.533596112396481
352_262,6056.533596112396481
352_79,6056.533596112396481
352_75,6056.533596112396481
352_71,6056.533596112396481
275_5,525.209283650852740
275_58,525.209283650852740
275_59,525.209283650852740
275_219,525.209283650852740
275_60,525.209283650852740
275_216,525.209283650852740
275_5,306.507869685068727
275_58,306.507869685068727
275_219,306.507869685068727
275_60,306.507869685068727
275_216,306.507869685068727
275_218,306.507869685068727
275_5,2545.311228281818330
275_59,2545.311228281818330
275_219,2545.311228281818330
275_60,2545.311228281818330
275_216,2545.311228281818330
275_218,2545.311228281818330
365_129,3117.429075988009572
365_127,3117.429075988009572
365_263,3117.429075988009572
365_128,3117.429075988009572
365_258,3117.429075988009572
365_253,3117.429075988009572
365_129,557.544934333302081
365_263,557.544934333302081
365_128,557.544934333302081
365_258,557.544934333302081
365_253,557.544934333302081
365_82,557.544934333302081
605_693,119.999999988824129
605_522,119.999999988824129
605_694,119.999999988824129
605_523,119.999999988824129
605_556,119.999999988824129
605_557,119.999999988824129
408_275,358.786118851974607
408_91,358.786118851974607
408_284,358.786118851974607
408_11,358.786118851974607
408_282,358.786118851974607
408_85,358.786118851974607
406_546,2918.052616500295699
406_639,2918.052616500295699
406_634,2918.052616500295699
406_489,2918.052616500295699
406_631,2918.052616500295699
406_488,2918.052616500295699
360_255,16774.781636822968721
360_78,16774.781636822968721
360_73,16774.781636822968721
360_80,16774.781636822968721
360_252,16774.781636822968721
360_261,16774.781636822968721
407_479,4547.112399205565453
407_629,4547.112399205565453
407_486,4547.112399205565453
407_633,4547.112399205565453
407_624,4547.112399205565453
407_490,4547.112399205565453
365_127,1366.958745229057968
365_263,1366.958745229057968
365_128,1366.958745229057968
365_258,1366.958745229057968
365_253,1366.958745229057968
365_82,1366.958745229057968
269_602,12000.265712006017566
269_427,12000.265712006017566
269_437,12000.265712006017566
269_558,12000.265712006017566
269_542,12000.265712006017566
269_604,12000.265712006017566
269_601,12000.265712006017566
238_55,583.933686192147434
238_124,583.933686192147434
238_3,583.933686192147434
238_204,583.933686192147434
238_213,583.933686192147434
238_57,583.933686192147434
238_208,583.933686192147434
238_55,5265.744499069638550
238_124,5265.744499069638550
238_3,5265.744499069638550
238_4,5265.744499069638550
238_213,5265.744499069638550
238_57,5265.744499069638550
238_208,5265.744499069638550
316_244,4440.105352615006268
316_9,4440.105352615006268
316_250,4440.105352615006268
316_70,4440.105352615006268
316_126,4440.105352615006268
316_68,4440.105352615006268
316_247,4440.105352615006268
605_554,4673.422800553031266
605_693,4673.422800553031266
605_697,4673.422800553031266
605_522,4673.422800553031266
605_694,4673.422800553031266
605_524,4673.422800553031266
605_523,4673.422800553031266
605_554,119.999999992549419
605_693,119.999999992549419
605_697,119.999999992549419
605_694,119.999999992549419
605_524,119.999999992549419
605_556,119.999999992549419
605_557,119.999999992549419
605_554,185.986402293667197
605_693,185.986402293667197
605_694,185.986402293667197
605_524,185.986402293667197
605_523,185.986402293667197
605_556,185.986402293667197
605_557,185.986402293667197
408_87,39944.500910837203264
408_275,39944.500910837203264
408_91,39944.500910837203264
408_284,39944.500910837203264
408_11,39944.500910837203264
408_282,39944.500910837203264
408_85,39944.500910837203264
275_5,55011.173565574921668
275_58,55011.173565574921668
275_59,55011.173565574921668
275_219,55011.173565574921668
275_60,55011.173565574921668
275_216,55011.173565574921668
275_218,55011.173565574921668
365_129,8613.491435549263770
365_127,8613.491435549263770
365_263,8613.491435549263770
365_128,8613.491435549263770
365_258,8613.491435549263770
365_253,8613.491435549263770
365_82,8613.491435549263770
238_55,1484.764752277173102
238_124,1484.764752277173102
238_3,1484.764752277173102
238_204,1484.764752277173102
238_4,1484.764752277173102
238_213,1484.764752277173102
238_57,1484.764752277173102
238_208,1484.764752277173102
605_554,165.620260501280427
605_693,165.620260501280427
605_697,165.620260501280427
605_522,165.620260501280427
605_694,165.620260501280427
605_524,165.620260501280427
605_523,165.620260501280427
605_556,165.620260501280427
605_554,174.013597693294287
605_693,174.013597693294287
605_697,174.013597693294287
605_694,174.013597693294287
605_524,174.013597693294287
605_523,174.013597693294287
605_556,174.013597693294287
605_557,174.013597693294287
605_554,360.000000000000000
605_693,360.000000000000000
605_522,360.000000000000000
605_694,360.000000000000000
605_524,360.000000000000000
605_523,360.000000000000000
605_556,360.000000000000000
605_557,360.000000000000000
605_554,719.999999966472387
605_693,719.999999966472387
605_697,719.999999966472387
605_522,719.999999966472387
605_694,719.999999966472387
605_524,719.999999966472387
605_523,719.999999966472387
605_556,719.999999966472387
605_557,719.999999966472387
